fixIdx,time,lat,lng,tickLead,tickRace,zoneIdx,legIdx,distance,area
45,2017-12-30T03:36:06Z,-33.35578333,147.93378333,-1439.923337528187,-9353.22701964057,1,0,143.142,
46,2017-12-30T03:36:07Z,-33.35578333,147.93376667,-1438.923337528187,-9352.22701964057,2,0,143.142,
47,2017-12-30T03:36:08Z,-33.35580000,147.93375000,-1437.923337528187,-9351.22701964057,3,0,143.144,
48,2017-12-30T03:36:09Z,-33.35581667,147.93370000,-1436.923337528187,-9350.22701964057,4,0,143.146,
49,2017-12-30T03:36:10Z,-33.35583333,147.93363333,-1435.923337528187,-9349.22701964057,5,0,143.148,
50,2017-12-30T03:36:11Z,-33.35586667,147.93355000,-1434.923337528187,-9348.22701964057,6,0,143.152,
51,2017-12-30T03:36:12Z,-33.35591667,147.93345000,-1433.923337528187,-9347.22701964057,7,0,143.158,
52,2017-12-30T03:36:13Z,-33.35596667,147.93333333,-1432.923337528187,-9346.22701964057,8,0,143.164,
53,2017-12-30T03:36:14Z,-33.35601667,147.93321667,-1431.923337528187,-9345.22701964057,9,0,143.17,
54,2017-12-30T03:36:15Z,-33.35606667,147.93310000,-1430.923337528187,-9344.22701964057,10,0,143.176,
55,2017-12-30T03:36:16Z,-33.35613333,147.93296667,-1429.923337528187,-9343.22701964057,11,0,143.184,
56,2017-12-30T03:36:17Z,-33.35618333,147.93286667,-1428.923337528187,-9342.22701964057,12,0,143.19,
57,2017-12-30T03:36:18Z,-33.35625000,147.93275000,-1427.923337528187,-9341.22701964057,13,0,143.198,
58,2017-12-30T03:36:19Z,-33.35631667,147.93263333,-1426.923337528187,-9340.22701964057,14,0,143.205,
59,2017-12-30T03:36:20Z,-33.35636667,147.93253333,-1425.923337528187,-9339.22701964057,15,0,143.211,
60,2017-12-30T03:36:21Z,-33.35643333,147.93243333,-1424.923337528187,-9338.22701964057,16,0,143.219,
61,2017-12-30T03:36:22Z,-33.35650000,147.93231667,-1423.923337528187,-9337.22701964057,17,0,143.227,
62,2017-12-30T03:36:23Z,-33.35656667,147.93221667,-1422.923337528187,-9336.22701964057,18,0,143.235,
63,2017-12-30T03:36:24Z,-33.35661667,147.93211667,-1421.923337528187,-9335.22701964057,19,0,143.241,
64,2017-12-30T03:36:25Z,-33.35668333,147.93200000,-1420.923337528187,-9334.22701964057,20,0,143.249,
65,2017-12-30T03:36:26Z,-33.35675000,147.93190000,-1419.923337528187,-9333.22701964057,21,0,143.257,
66,2017-12-30T03:36:27Z,-33.35680000,147.93178333,-1418.923337528187,-9332.22701964057,22,0,143.263,
67,2017-12-30T03:36:28Z,-33.35683333,147.93168333,-1417.923337528187,-9331.22701964057,23,0,143.267,
68,2017-12-30T03:36:29Z,-33.35688333,147.93156667,-1416.923337528187,-9330.22701964057,24,0,143.273,
69,2017-12-30T03:36:30Z,-33.35691667,147.93146667,-1415.923337528187,-9329.22701964057,25,0,143.277,
70,2017-12-30T03:36:31Z,-33.35696667,147.93135000,-1414.923337528187,-9328.22701964057,26,0,143.283,
71,2017-12-30T03:36:32Z,-33.35701667,147.93125000,-1413.923337528187,-9327.22701964057,27,0,143.289,
72,2017-12-30T03:36:33Z,-33.35705000,147.93113333,-1412.923337528187,-9326.22701964057,28,0,143.293,
73,2017-12-30T03:36:34Z,-33.35710000,147.93101667,-1411.923337528187,-9325.22701964057,29,0,143.299,
74,2017-12-30T03:36:35Z,-33.35715000,147.93090000,-1410.923337528187,-9324.22701964057,30,0,143.305,
75,2017-12-30T03:36:36Z,-33.35720000,147.93078333,-1409.923337528187,-9323.22701964057,31,0,143.311,
76,2017-12-30T03:36:37Z,-33.35725000,147.93066667,-1408.923337528187,-9322.22701964057,32,0,143.317,
77,2017-12-30T03:36:38Z,-33.35730000,147.93055000,-1407.923337528187,-9321.22701964057,33,0,143.323,
78,2017-12-30T03:36:39Z,-33.35735000,147.93043333,-1406.923337528187,-9320.22701964057,34,0,143.329,
79,2017-12-30T03:36:40Z,-33.35740000,147.93030000,-1405.923337528187,-9319.22701964057,35,0,143.335,
80,2017-12-30T03:36:41Z,-33.35743333,147.93018333,-1404.923337528187,-9318.22701964057,36,0,143.34,
81,2017-12-30T03:36:42Z,-33.35748333,147.93005000,-1403.923337528187,-9317.22701964057,37,0,143.346,
82,2017-12-30T03:36:43Z,-33.35755000,147.92993333,-1402.923337528187,-9316.22701964057,38,0,143.354,
83,2017-12-30T03:36:44Z,-33.35760000,147.92981667,-1401.923337528187,-9315.22701964057,39,0,143.36,
84,2017-12-30T03:36:45Z,-33.35761667,147.92968333,-1400.923337528187,-9314.22701964057,1,1,143.362,
85,2017-12-30T03:36:46Z,-33.35765000,147.92955000,-1399.923337528187,-9313.22701964057,2,1,143.366,
86,2017-12-30T03:36:47Z,-33.35770000,147.92943333,-1398.923337528187,-9312.22701964057,3,1,143.372,
87,2017-12-30T03:36:48Z,-33.35775000,147.92931667,-1397.923337528187,-9311.22701964057,4,1,143.378,
88,2017-12-30T03:36:49Z,-33.35780000,147.92921667,-1396.923337528187,-9310.22701964057,5,1,143.384,
89,2017-12-30T03:36:50Z,-33.35785000,147.92908333,-1395.923337528187,-9309.22701964057,6,1,143.391,
90,2017-12-30T03:36:51Z,-33.35791667,147.92898333,-1394.923337528187,-9308.22701964057,7,1,143.398,
91,2017-12-30T03:36:52Z,-33.35796667,147.92885000,-1393.923337528187,-9307.22701964057,8,1,143.405,
92,2017-12-30T03:36:53Z,-33.35803333,147.92873333,-1392.923337528187,-9306.22701964057,9,1,143.412,
93,2017-12-30T03:36:54Z,-33.35808333,147.92861667,-1391.923337528187,-9305.22701964057,10,1,143.419,
94,2017-12-30T03:36:55Z,-33.35815000,147.92850000,-1390.923337528187,-9304.22701964057,11,1,143.426,
95,2017-12-30T03:36:56Z,-33.35821667,147.92840000,-1389.923337528187,-9303.22701964057,12,1,143.434,
96,2017-12-30T03:36:57Z,-33.35828333,147.92828333,-1388.923337528187,-9302.22701964057,13,1,143.442,
97,2017-12-30T03:36:58Z,-33.35835000,147.92818333,-1387.923337528187,-9301.22701964057,14,1,143.45,
98,2017-12-30T03:36:59Z,-33.35841667,147.92806667,-1386.923337528187,-9300.22701964057,15,1,143.458,
99,2017-12-30T03:37:00Z,-33.35848333,147.92796667,-1385.923337528187,-9299.22701964057,16,1,143.466,
100,2017-12-30T03:37:01Z,-33.35855000,147.92786667,-1384.923337528187,-9298.22701964057,17,1,143.474,
101,2017-12-30T03:37:02Z,-33.35863333,147.92776667,-1383.923337528187,-9297.22701964057,18,1,143.483,
102,2017-12-30T03:37:03Z,-33.35868333,147.92768333,-1382.923337528187,-9296.22701964057,19,1,143.489,
103,2017-12-30T03:37:04Z,-33.35875000,147.92758333,-1381.923337528187,-9295.22701964057,20,1,143.497,
104,2017-12-30T03:37:05Z,-33.35881667,147.92748333,-1380.923337528187,-9294.22701964057,21,1,143.505,
105,2017-12-30T03:37:06Z,-33.35888333,147.92740000,-1379.923337528187,-9293.22701964057,22,1,143.513,
106,2017-12-30T03:37:07Z,-33.35895000,147.92730000,-1378.923337528187,-9292.22701964057,23,1,143.521,
107,2017-12-30T03:37:08Z,-33.35903333,147.92721667,-1377.923337528187,-9291.22701964057,24,1,143.53,
108,2017-12-30T03:37:09Z,-33.35910000,147.92713333,-1376.923337528187,-9290.22701964057,25,1,143.538,
109,2017-12-30T03:37:10Z,-33.35916667,147.92705000,-1375.923337528187,-9289.22701964057,26,1,143.546,
110,2017-12-30T03:37:11Z,-33.35923333,147.92696667,-1374.923337528187,-9288.22701964057,27,1,143.553,
111,2017-12-30T03:37:12Z,-33.35930000,147.92686667,-1373.923337528187,-9287.22701964057,28,1,143.561,
112,2017-12-30T03:37:13Z,-33.35938333,147.92678333,-1372.923337528187,-9286.22701964057,29,1,143.571,
113,2017-12-30T03:37:14Z,-33.35945000,147.92668333,-1371.923337528187,-9285.22701964057,30,1,143.579,
114,2017-12-30T03:37:15Z,-33.35950000,147.92658333,-1370.923337528187,-9284.22701964057,31,1,143.585,
115,2017-12-30T03:37:16Z,-33.35956667,147.92648333,-1369.923337528187,-9283.22701964057,32,1,143.593,
116,2017-12-30T03:37:17Z,-33.35963333,147.92638333,-1368.923337528187,-9282.22701964057,33,1,143.6,
117,2017-12-30T03:37:18Z,-33.35970000,147.92628333,-1367.923337528187,-9281.22701964057,34,1,143.608,
118,2017-12-30T03:37:19Z,-33.35976667,147.92620000,-1366.923337528187,-9280.22701964057,35,1,143.616,
119,2017-12-30T03:37:20Z,-33.35983333,147.92610000,-1365.923337528187,-9279.22701964057,36,1,143.624,
120,2017-12-30T03:37:21Z,-33.35988333,147.92601667,-1364.923337528187,-9278.22701964057,37,1,143.63,
121,2017-12-30T03:37:22Z,-33.35993333,147.92591667,-1363.923337528187,-9277.22701964057,38,1,143.636,
122,2017-12-30T03:37:23Z,-33.36001667,147.92581667,-1362.923337528187,-9276.22701964057,39,1,143.646,
123,2017-12-30T03:37:24Z,-33.36008333,147.92573333,-1361.923337528187,-9275.22701964057,40,1,143.653,
124,2017-12-30T03:37:25Z,-33.36015000,147.92565000,-1360.923337528187,-9274.22701964057,41,1,143.661,
125,2017-12-30T03:37:26Z,-33.36021667,147.92556667,-1359.923337528187,-9273.22701964057,42,1,143.669,
126,2017-12-30T03:37:27Z,-33.36030000,147.92548333,-1358.923337528187,-9272.22701964057,43,1,143.679,
127,2017-12-30T03:37:28Z,-33.36036667,147.92538333,-1357.923337528187,-9271.22701964057,44,1,143.686,
128,2017-12-30T03:37:29Z,-33.36041667,147.92528333,-1356.923337528187,-9270.22701964057,45,1,143.692,
129,2017-12-30T03:37:30Z,-33.36048333,147.92520000,-1355.923337528187,-9269.22701964057,46,1,143.7,
130,2017-12-30T03:37:31Z,-33.36055000,147.92513333,-1354.923337528187,-9268.22701964057,47,1,143.708,
131,2017-12-30T03:37:32Z,-33.36061667,147.92506667,-1353.923337528187,-9267.22701964057,48,1,143.716,
132,2017-12-30T03:37:33Z,-33.36068333,147.92498333,-1352.923337528187,-9266.22701964057,49,1,143.723,
133,2017-12-30T03:37:34Z,-33.36075000,147.92493333,-1351.923337528187,-9265.22701964057,50,1,143.731,
134,2017-12-30T03:37:35Z,-33.36080000,147.92486667,-1350.923337528187,-9264.22701964057,51,1,143.737,
135,2017-12-30T03:37:36Z,-33.36085000,147.92478333,-1349.923337528187,-9263.22701964057,52,1,143.743,
136,2017-12-30T03:37:37Z,-33.36090000,147.92471667,-1348.923337528187,-9262.22701964057,53,1,143.749,
137,2017-12-30T03:37:38Z,-33.36095000,147.92465000,-1347.923337528187,-9261.22701964057,54,1,143.754,
138,2017-12-30T03:37:39Z,-33.36100000,147.92458333,-1346.923337528187,-9260.22701964057,55,1,143.76,
139,2017-12-30T03:37:40Z,-33.36105000,147.92451667,-1345.923337528187,-9259.22701964057,56,1,143.766,
140,2017-12-30T03:37:41Z,-33.36111667,147.92445000,-1344.923337528187,-9258.22701964057,57,1,143.774,
141,2017-12-30T03:37:42Z,-33.36116667,147.92438333,-1343.923337528187,-9257.22701964057,58,1,143.78,
142,2017-12-30T03:37:43Z,-33.36123333,147.92431667,-1342.923337528187,-9256.22701964057,59,1,143.787,
143,2017-12-30T03:37:44Z,-33.36128333,147.92425000,-1341.923337528187,-9255.22701964057,60,1,143.793,
144,2017-12-30T03:37:45Z,-33.36135000,147.92418333,-1340.923337528187,-9254.22701964057,61,1,143.801,
145,2017-12-30T03:37:46Z,-33.36141667,147.92410000,-1339.923337528187,-9253.22701964057,62,1,143.809,
146,2017-12-30T03:37:47Z,-33.36146667,147.92403333,-1338.923337528187,-9252.22701964057,63,1,143.815,
147,2017-12-30T03:37:48Z,-33.36151667,147.92396667,-1337.923337528187,-9251.22701964057,64,1,143.821,
148,2017-12-30T03:37:49Z,-33.36158333,147.92388333,-1336.923337528187,-9250.22701964057,65,1,143.828,
149,2017-12-30T03:37:50Z,-33.36165000,147.92381667,-1335.923337528187,-9249.22701964057,66,1,143.836,
150,2017-12-30T03:37:51Z,-33.36170000,147.92373333,-1334.923337528187,-9248.22701964057,67,1,143.842,
151,2017-12-30T03:37:52Z,-33.36175000,147.92365000,-1333.923337528187,-9247.22701964057,68,1,143.848,
152,2017-12-30T03:37:53Z,-33.36180000,147.92356667,-1332.923337528187,-9246.22701964057,69,1,143.854,
153,2017-12-30T03:37:54Z,-33.36186667,147.92348333,-1331.923337528187,-9245.22701964057,70,1,143.862,
154,2017-12-30T03:37:55Z,-33.36191667,147.92341667,-1330.923337528187,-9244.22701964057,71,1,143.868,
155,2017-12-30T03:37:56Z,-33.36198333,147.92333333,-1329.923337528187,-9243.22701964057,72,1,143.875,
156,2017-12-30T03:37:57Z,-33.36203333,147.92326667,-1328.923337528187,-9242.22701964057,73,1,143.881,
157,2017-12-30T03:37:58Z,-33.36210000,147.92320000,-1327.923337528187,-9241.22701964057,74,1,143.889,
158,2017-12-30T03:37:59Z,-33.36216667,147.92313333,-1326.923337528187,-9240.22701964057,75,1,143.897,
159,2017-12-30T03:38:00Z,-33.36223333,147.92306667,-1325.923337528187,-9239.22701964057,76,1,143.904,
160,2017-12-30T03:38:01Z,-33.36230000,147.92300000,-1324.923337528187,-9238.22701964057,77,1,143.912,
161,2017-12-30T03:38:02Z,-33.36236667,147.92293333,-1323.923337528187,-9237.22701964057,78,1,143.92,
162,2017-12-30T03:38:03Z,-33.36243333,147.92286667,-1322.923337528187,-9236.22701964057,79,1,143.927,
163,2017-12-30T03:38:04Z,-33.36250000,147.92280000,-1321.923337528187,-9235.22701964057,80,1,143.935,
164,2017-12-30T03:38:05Z,-33.36256667,147.92273333,-1320.923337528187,-9234.22701964057,81,1,143.943,
165,2017-12-30T03:38:06Z,-33.36263333,147.92266667,-1319.923337528187,-9233.22701964057,82,1,143.951,
166,2017-12-30T03:38:07Z,-33.36270000,147.92260000,-1318.923337528187,-9232.22701964057,83,1,143.958,
167,2017-12-30T03:38:08Z,-33.36276667,147.92253333,-1317.923337528187,-9231.22701964057,84,1,143.966,
168,2017-12-30T03:38:09Z,-33.36281667,147.92246667,-1316.923337528187,-9230.22701964057,85,1,143.972,
169,2017-12-30T03:38:10Z,-33.36288333,147.92240000,-1315.923337528187,-9229.22701964057,86,1,143.98,
170,2017-12-30T03:38:11Z,-33.36295000,147.92233333,-1314.923337528187,-9228.22701964057,87,1,143.987,
171,2017-12-30T03:38:12Z,-33.36301667,147.92226667,-1313.923337528187,-9227.22701964057,88,1,143.995,
172,2017-12-30T03:38:13Z,-33.36310000,147.92220000,-1312.923337528187,-9226.22701964057,89,1,144.005,
173,2017-12-30T03:38:14Z,-33.36318333,147.92213333,-1311.923337528187,-9225.22701964057,90,1,144.014,
174,2017-12-30T03:38:15Z,-33.36326667,147.92208333,-1310.923337528187,-9224.22701964057,91,1,144.024,
175,2017-12-30T03:38:16Z,-33.36335000,147.92203333,-1309.923337528187,-9223.22701964057,92,1,144.033,
176,2017-12-30T03:38:17Z,-33.36345000,147.92198333,-1308.923337528187,-9222.22701964057,93,1,144.044,
177,2017-12-30T03:38:18Z,-33.36355000,147.92195000,-1307.923337528187,-9221.22701964057,94,1,144.056,
178,2017-12-30T03:38:19Z,-33.36363333,147.92193333,-1306.923337528187,-9220.22701964057,95,1,144.065,
179,2017-12-30T03:38:20Z,-33.36373333,147.92190000,-1305.923337528187,-9219.22701964057,96,1,144.076,
180,2017-12-30T03:38:21Z,-33.36385000,147.92188333,-1304.923337528187,-9218.22701964057,97,1,144.089,
181,2017-12-30T03:38:22Z,-33.36393333,147.92186667,-1303.923337528187,-9217.22701964057,98,1,144.099,
182,2017-12-30T03:38:23Z,-33.36405000,147.92183333,-1302.923337528187,-9216.22701964057,99,1,144.112,
183,2017-12-30T03:38:24Z,-33.36415000,147.92183333,-1301.923337528187,-9215.22701964057,100,1,144.123,
184,2017-12-30T03:38:25Z,-33.36425000,147.92181667,-1300.923337528187,-9214.22701964057,101,1,144.134,
185,2017-12-30T03:38:26Z,-33.36435000,147.92181667,-1299.923337528187,-9213.22701964057,102,1,144.145,
186,2017-12-30T03:38:27Z,-33.36446667,147.92183333,-1298.923337528187,-9212.22701964057,103,1,144.158,
187,2017-12-30T03:38:28Z,-33.36458333,147.92186667,-1297.923337528187,-9211.22701964057,104,1,144.171,
188,2017-12-30T03:38:29Z,-33.36470000,147.92190000,-1296.923337528187,-9210.22701964057,105,1,144.184,
189,2017-12-30T03:38:30Z,-33.36481667,147.92193333,-1295.923337528187,-9209.22701964057,106,1,144.196,
190,2017-12-30T03:38:31Z,-33.36495000,147.92196667,-1294.923337528187,-9208.22701964057,107,1,144.211,
191,2017-12-30T03:38:32Z,-33.36508333,147.92201667,-1293.923337528187,-9207.22701964057,108,1,144.226,
192,2017-12-30T03:38:33Z,-33.36521667,147.92208333,-1292.923337528187,-9206.22701964057,109,1,144.24,
193,2017-12-30T03:38:34Z,-33.36535000,147.92215000,-1291.923337528187,-9205.22701964057,110,1,144.255,
194,2017-12-30T03:38:35Z,-33.36550000,147.92223333,-1290.923337528187,-9204.22701964057,111,1,144.271,
195,2017-12-30T03:38:36Z,-33.36563333,147.92231667,-1289.923337528187,-9203.22701964057,112,1,144.285,
196,2017-12-30T03:38:37Z,-33.36576667,147.92240000,-1288.923337528187,-9202.22701964057,113,1,144.3,
197,2017-12-30T03:38:38Z,-33.36590000,147.92246667,-1287.923337528187,-9201.22701964057,114,1,144.314,
198,2017-12-30T03:38:39Z,-33.36605000,147.92255000,-1286.923337528187,-9200.22701964057,115,1,144.331,
199,2017-12-30T03:38:40Z,-33.36618333,147.92261667,-1285.923337528187,-9199.22701964057,116,1,144.345,
200,2017-12-30T03:38:41Z,-33.36631667,147.92268333,-1284.923337528187,-9198.22701964057,117,1,144.36,
201,2017-12-30T03:38:42Z,-33.36643333,147.92273333,-1283.923337528187,-9197.22701964057,118,1,144.372,
202,2017-12-30T03:38:43Z,-33.36656667,147.92278333,-1282.923337528187,-9196.22701964057,119,1,144.387,
203,2017-12-30T03:38:44Z,-33.36670000,147.92283333,-1281.923337528187,-9195.22701964057,120,1,144.401,
204,2017-12-30T03:38:45Z,-33.36683333,147.92285000,-1280.923337528187,-9194.22701964057,121,1,144.416,
205,2017-12-30T03:38:46Z,-33.36695000,147.92288333,-1279.923337528187,-9193.22701964057,122,1,144.429,
206,2017-12-30T03:38:47Z,-33.36708333,147.92290000,-1278.923337528187,-9192.22701964057,123,1,144.444,
207,2017-12-30T03:38:48Z,-33.36720000,147.92290000,-1277.923337528187,-9191.22701964057,124,1,144.457,
208,2017-12-30T03:38:49Z,-33.36731667,147.92290000,-1276.923337528187,-9190.22701964057,125,1,144.47,
209,2017-12-30T03:38:50Z,-33.36743333,147.92290000,-1275.923337528187,-9189.22701964057,126,1,144.483,
210,2017-12-30T03:38:51Z,-33.36755000,147.92288333,-1274.923337528187,-9188.22701964057,127,1,144.496,
211,2017-12-30T03:38:52Z,-33.36766667,147.92286667,-1273.923337528187,-9187.22701964057,128,1,144.509,
212,2017-12-30T03:38:53Z,-33.36780000,147.92286667,-1272.923337528187,-9186.22701964057,129,1,144.523,
213,2017-12-30T03:38:54Z,-33.36791667,147.92286667,-1271.923337528187,-9185.22701964057,130,1,144.536,
214,2017-12-30T03:38:55Z,-33.36801667,147.92283333,-1270.923337528187,-9184.22701964057,131,1,144.548,
215,2017-12-30T03:38:56Z,-33.36811667,147.92278333,-1269.923337528187,-9183.22701964057,132,1,144.559,
216,2017-12-30T03:38:57Z,-33.36821667,147.92273333,-1268.923337528187,-9182.22701964057,133,1,144.57,
217,2017-12-30T03:38:58Z,-33.36830000,147.92268333,-1267.923337528187,-9181.22701964057,134,1,144.58,
218,2017-12-30T03:38:59Z,-33.36838333,147.92261667,-1266.923337528187,-9180.22701964057,135,1,144.589,
219,2017-12-30T03:39:00Z,-33.36846667,147.92255000,-1265.923337528187,-9179.22701964057,136,1,144.599,
220,2017-12-30T03:39:01Z,-33.36855000,147.92250000,-1264.923337528187,-9178.22701964057,137,1,144.608,
221,2017-12-30T03:39:02Z,-33.36863333,147.92243333,-1263.923337528187,-9177.22701964057,138,1,144.618,
222,2017-12-30T03:39:03Z,-33.36871667,147.92238333,-1262.923337528187,-9176.22701964057,139,1,144.627,
223,2017-12-30T03:39:04Z,-33.36881667,147.92231667,-1261.923337528187,-9175.22701964057,140,1,144.639,
224,2017-12-30T03:39:05Z,-33.36890000,147.92226667,-1260.923337528187,-9174.22701964057,141,1,144.648,
225,2017-12-30T03:39:06Z,-33.36898333,147.92220000,-1259.923337528187,-9173.22701964057,142,1,144.658,
226,2017-12-30T03:39:07Z,-33.36906667,147.92213333,-1258.923337528187,-9172.22701964057,143,1,144.668,
227,2017-12-30T03:39:08Z,-33.36915000,147.92205000,-1257.923337528187,-9171.22701964057,144,1,144.677,
228,2017-12-30T03:39:09Z,-33.36921667,147.92198333,-1256.923337528187,-9170.22701964057,145,1,144.685,
229,2017-12-30T03:39:10Z,-33.36930000,147.92190000,-1255.923337528187,-9169.22701964057,146,1,144.695,
230,2017-12-30T03:39:11Z,-33.36936667,147.92181667,-1254.923337528187,-9168.22701964057,147,1,144.702,
231,2017-12-30T03:39:12Z,-33.36945000,147.92175000,-1253.923337528187,-9167.22701964057,148,1,144.712,
232,2017-12-30T03:39:13Z,-33.36955000,147.92166667,-1252.923337528187,-9166.22701964057,149,1,144.723,
233,2017-12-30T03:39:14Z,-33.36963333,147.92158333,-1251.923337528187,-9165.22701964057,150,1,144.733,
234,2017-12-30T03:39:15Z,-33.36971667,147.92150000,-1250.923337528187,-9164.22701964057,151,1,144.743,
235,2017-12-30T03:39:16Z,-33.36980000,147.92143333,-1249.923337528187,-9163.22701964057,152,1,144.752,
236,2017-12-30T03:39:17Z,-33.36988333,147.92135000,-1248.923337528187,-9162.22701964057,153,1,144.762,
237,2017-12-30T03:39:18Z,-33.36996667,147.92126667,-1247.923337528187,-9161.22701964057,154,1,144.772,
238,2017-12-30T03:39:19Z,-33.37005000,147.92120000,-1246.923337528187,-9160.22701964057,155,1,144.781,
239,2017-12-30T03:39:20Z,-33.37013333,147.92111667,-1245.923337528187,-9159.22701964057,156,1,144.791,
240,2017-12-30T03:39:21Z,-33.37020000,147.92105000,-1244.923337528187,-9158.22701964057,157,1,144.798,
241,2017-12-30T03:39:22Z,-33.37028333,147.92096667,-1243.923337528187,-9157.22701964057,158,1,144.808,
242,2017-12-30T03:39:23Z,-33.37035000,147.92086667,-1242.923337528187,-9156.22701964057,159,1,144.816,
243,2017-12-30T03:39:24Z,-33.37043333,147.92080000,-1241.923337528187,-9155.22701964057,160,1,144.826,
244,2017-12-30T03:39:25Z,-33.37050000,147.92071667,-1240.923337528187,-9154.22701964057,161,1,144.833,
245,2017-12-30T03:39:26Z,-33.37058333,147.92063333,-1239.923337528187,-9153.22701964057,162,1,144.843,
246,2017-12-30T03:39:27Z,-33.37065000,147.92055000,-1238.923337528187,-9152.22701964057,163,1,144.851,
247,2017-12-30T03:39:28Z,-33.37073333,147.92046667,-1237.923337528187,-9151.22701964057,164,1,144.86,
248,2017-12-30T03:39:29Z,-33.37081667,147.92040000,-1236.923337528187,-9150.22701964057,165,1,144.87,
249,2017-12-30T03:39:30Z,-33.37090000,147.92031667,-1235.923337528187,-9149.22701964057,166,1,144.88,
250,2017-12-30T03:39:31Z,-33.37100000,147.92023333,-1234.923337528187,-9148.22701964057,167,1,144.891,
251,2017-12-30T03:39:32Z,-33.37108333,147.92016667,-1233.923337528187,-9147.22701964057,168,1,144.901,
252,2017-12-30T03:39:33Z,-33.37118333,147.92008333,-1232.923337528187,-9146.22701964057,169,1,144.912,
253,2017-12-30T03:39:34Z,-33.37126667,147.92001667,-1231.923337528187,-9145.22701964057,170,1,144.922,
254,2017-12-30T03:39:35Z,-33.37135000,147.91993333,-1230.923337528187,-9144.22701964057,171,1,144.931,
255,2017-12-30T03:39:36Z,-33.37141667,147.91985000,-1229.923337528187,-9143.22701964057,172,1,144.939,
256,2017-12-30T03:39:37Z,-33.37150000,147.91975000,-1228.923337528187,-9142.22701964057,173,1,144.949,
257,2017-12-30T03:39:38Z,-33.37158333,147.91966667,-1227.923337528187,-9141.22701964057,174,1,144.959,
258,2017-12-30T03:39:39Z,-33.37166667,147.91958333,-1226.923337528187,-9140.22701964057,175,1,144.968,
259,2017-12-30T03:39:40Z,-33.37173333,147.91950000,-1225.923337528187,-9139.22701964057,176,1,144.976,
260,2017-12-30T03:39:41Z,-33.37181667,147.91941667,-1224.923337528187,-9138.22701964057,177,1,144.986,
261,2017-12-30T03:39:42Z,-33.37190000,147.91933333,-1223.923337528187,-9137.22701964057,178,1,144.995,
262,2017-12-30T03:39:43Z,-33.37198333,147.91925000,-1222.923337528187,-9136.22701964057,179,1,145.005,
263,2017-12-30T03:39:44Z,-33.37206667,147.91916667,-1221.923337528187,-9135.22701964057,180,1,145.015,
264,2017-12-30T03:39:45Z,-33.37215000,147.91908333,-1220.923337528187,-9134.22701964057,181,1,145.024,
265,2017-12-30T03:39:46Z,-33.37223333,147.91901667,-1219.923337528187,-9133.22701964057,182,1,145.034,
266,2017-12-30T03:39:47Z,-33.37231667,147.91893333,-1218.923337528187,-9132.22701964057,183,1,145.044,
267,2017-12-30T03:39:48Z,-33.37240000,147.91886667,-1217.923337528187,-9131.22701964057,184,1,145.053,
268,2017-12-30T03:39:49Z,-33.37248333,147.91880000,-1216.923337528187,-9130.22701964057,185,1,145.063,
269,2017-12-30T03:39:50Z,-33.37256667,147.91871667,-1215.923337528187,-9129.22701964057,186,1,145.072,
270,2017-12-30T03:39:51Z,-33.37265000,147.91865000,-1214.923337528187,-9128.22701964057,187,1,145.082,
271,2017-12-30T03:39:52Z,-33.37271667,147.91856667,-1213.923337528187,-9127.22701964057,188,1,145.09,
272,2017-12-30T03:39:53Z,-33.37278333,147.91846667,-1212.923337528187,-9126.22701964057,189,1,145.098,
273,2017-12-30T03:39:54Z,-33.37285000,147.91838333,-1211.923337528187,-9125.22701964057,190,1,145.106,
274,2017-12-30T03:39:55Z,-33.37291667,147.91828333,-1210.923337528187,-9124.22701964057,191,1,145.113,
275,2017-12-30T03:39:56Z,-33.37298333,147.91820000,-1209.923337528187,-9123.22701964057,192,1,145.121,
276,2017-12-30T03:39:57Z,-33.37305000,147.91810000,-1208.923337528187,-9122.22701964057,193,1,145.129,
277,2017-12-30T03:39:58Z,-33.37311667,147.91800000,-1207.923337528187,-9121.22701964057,194,1,145.137,
278,2017-12-30T03:39:59Z,-33.37316667,147.91790000,-1206.923337528187,-9120.22701964057,195,1,145.143,
279,2017-12-30T03:40:00Z,-33.37323333,147.91781667,-1205.923337528187,-9119.22701964057,196,1,145.151,
280,2017-12-30T03:40:01Z,-33.37330000,147.91771667,-1204.923337528187,-9118.22701964057,197,1,145.159,
281,2017-12-30T03:40:02Z,-33.37338333,147.91761667,-1203.923337528187,-9117.22701964057,198,1,145.169,
282,2017-12-30T03:40:03Z,-33.37345000,147.91751667,-1202.923337528187,-9116.22701964057,199,1,145.176,
283,2017-12-30T03:40:04Z,-33.37353333,147.91741667,-1201.923337528187,-9115.22701964057,200,1,145.186,
284,2017-12-30T03:40:05Z,-33.37360000,147.91733333,-1200.923337528187,-9114.22701964057,201,1,145.194,
285,2017-12-30T03:40:06Z,-33.37368333,147.91725000,-1199.923337528187,-9113.22701964057,202,1,145.204,
286,2017-12-30T03:40:07Z,-33.37376667,147.91716667,-1198.923337528187,-9112.22701964057,203,1,145.213,
287,2017-12-30T03:40:08Z,-33.37383333,147.91708333,-1197.923337528187,-9111.22701964057,204,1,145.221,
288,2017-12-30T03:40:09Z,-33.37390000,147.91700000,-1196.923337528187,-9110.22701964057,205,1,145.229,
289,2017-12-30T03:40:10Z,-33.37396667,147.91691667,-1195.923337528187,-9109.22701964057,206,1,145.237,
290,2017-12-30T03:40:11Z,-33.37403333,147.91685000,-1194.923337528187,-9108.22701964057,207,1,145.245,
291,2017-12-30T03:40:12Z,-33.37410000,147.91676667,-1193.923337528187,-9107.22701964057,208,1,145.252,
292,2017-12-30T03:40:13Z,-33.37416667,147.91668333,-1192.923337528187,-9106.22701964057,209,1,145.26,
293,2017-12-30T03:40:14Z,-33.37423333,147.91661667,-1191.923337528187,-9105.22701964057,210,1,145.268,
294,2017-12-30T03:40:15Z,-33.37430000,147.91655000,-1190.923337528187,-9104.22701964057,211,1,145.276,
295,2017-12-30T03:40:16Z,-33.37436667,147.91646667,-1189.923337528187,-9103.22701964057,212,1,145.283,
296,2017-12-30T03:40:17Z,-33.37445000,147.91641667,-1188.923337528187,-9102.22701964057,213,1,145.293,
297,2017-12-30T03:40:18Z,-33.37453333,147.91635000,-1187.923337528187,-9101.22701964057,214,1,145.303,
298,2017-12-30T03:40:19Z,-33.37461667,147.91630000,-1186.923337528187,-9100.22701964057,215,1,145.312,
299,2017-12-30T03:40:20Z,-33.37470000,147.91623333,-1185.923337528187,-9099.22701964057,216,1,145.322,
300,2017-12-30T03:40:21Z,-33.37480000,147.91616667,-1184.923337528187,-9098.22701964057,217,1,145.333,
301,2017-12-30T03:40:22Z,-33.37488333,147.91610000,-1183.923337528187,-9097.22701964057,218,1,145.343,
302,2017-12-30T03:40:23Z,-33.37498333,147.91605000,-1182.923337528187,-9096.22701964057,219,1,145.354,
303,2017-12-30T03:40:24Z,-33.37508333,147.91600000,-1181.923337528187,-9095.22701964057,220,1,145.365,
304,2017-12-30T03:40:25Z,-33.37518333,147.91595000,-1180.923337528187,-9094.22701964057,221,1,145.377,
305,2017-12-30T03:40:26Z,-33.37528333,147.91591667,-1179.923337528187,-9093.22701964057,222,1,145.388,
306,2017-12-30T03:40:27Z,-33.37538333,147.91586667,-1178.923337528187,-9092.22701964057,223,1,145.399,
307,2017-12-30T03:40:28Z,-33.37550000,147.91583333,-1177.923337528187,-9091.22701964057,224,1,145.412,
308,2017-12-30T03:40:29Z,-33.37558333,147.91578333,-1176.923337528187,-9090.22701964057,225,1,145.422,
309,2017-12-30T03:40:30Z,-33.37568333,147.91573333,-1175.923337528187,-9089.22701964057,226,1,145.433,
310,2017-12-30T03:40:31Z,-33.37576667,147.91566667,-1174.923337528187,-9088.22701964057,227,1,145.443,
311,2017-12-30T03:40:32Z,-33.37583333,147.91560000,-1173.923337528187,-9087.22701964057,228,1,145.451,
312,2017-12-30T03:40:33Z,-33.37590000,147.91553333,-1172.923337528187,-9086.22701964057,229,1,145.458,
313,2017-12-30T03:40:34Z,-33.37596667,147.91546667,-1171.923337528187,-9085.22701964057,230,1,145.466,
314,2017-12-30T03:40:35Z,-33.37601667,147.91540000,-1170.923337528187,-9084.22701964057,231,1,145.472,
315,2017-12-30T03:40:36Z,-33.37605000,147.91533333,-1169.923337528187,-9083.22701964057,232,1,145.476,
316,2017-12-30T03:40:37Z,-33.37606667,147.91525000,-1168.923337528187,-9082.22701964057,233,1,145.478,
317,2017-12-30T03:40:38Z,-33.37610000,147.91518333,-1167.923337528187,-9081.22701964057,234,1,145.482,
318,2017-12-30T03:40:39Z,-33.37611667,147.91508333,-1166.923337528187,-9080.22701964057,235,1,145.485,
319,2017-12-30T03:40:40Z,-33.37611667,147.91498333,-1165.923337528187,-9079.22701964057,236,1,145.485,
320,2017-12-30T03:40:41Z,-33.37613333,147.91490000,-1164.923337528187,-9078.22701964057,237,1,145.487,
321,2017-12-30T03:40:42Z,-33.37615000,147.91480000,-1163.923337528187,-9077.22701964057,238,1,145.49,
322,2017-12-30T03:40:43Z,-33.37615000,147.91470000,-1162.923337528187,-9076.22701964057,239,1,145.49,
323,2017-12-30T03:40:44Z,-33.37615000,147.91458333,-1161.923337528187,-9075.22701964057,240,1,145.491,
324,2017-12-30T03:40:45Z,-33.37613333,147.91448333,-1160.923337528187,-9074.22701964057,241,1,145.49,
325,2017-12-30T03:40:46Z,-33.37610000,147.91436667,-1159.923337528187,-9073.22701964057,242,1,145.486,
326,2017-12-30T03:40:47Z,-33.37606667,147.91426667,-1158.923337528187,-9072.22701964057,243,1,145.483,
327,2017-12-30T03:40:48Z,-33.37601667,147.91416667,-1157.923337528187,-9071.22701964057,244,1,145.478,
328,2017-12-30T03:40:49Z,-33.37596667,147.91406667,-1156.923337528187,-9070.22701964057,245,1,145.473,
329,2017-12-30T03:40:50Z,-33.37590000,147.91395000,-1155.923337528187,-9069.22701964057,246,1,145.466,
330,2017-12-30T03:40:51Z,-33.37585000,147.91385000,-1154.923337528187,-9068.22701964057,247,1,145.461,
331,2017-12-30T03:40:52Z,-33.37580000,147.91375000,-1153.923337528187,-9067.22701964057,248,1,145.456,
332,2017-12-30T03:40:53Z,-33.37573333,147.91365000,-1152.923337528187,-9066.22701964057,249,1,145.449,
333,2017-12-30T03:40:54Z,-33.37565000,147.91356667,-1151.923337528187,-9065.22701964057,250,1,145.441,
334,2017-12-30T03:40:55Z,-33.37558333,147.91346667,-1150.923337528187,-9064.22701964057,251,1,145.434,
335,2017-12-30T03:40:56Z,-33.37551667,147.91336667,-1149.923337528187,-9063.22701964057,252,1,145.427,
336,2017-12-30T03:40:57Z,-33.37543333,147.91328333,-1148.923337528187,-9062.22701964057,253,1,145.418,
337,2017-12-30T03:40:58Z,-33.37535000,147.91318333,-1147.923337528187,-9061.22701964057,254,1,145.409,
338,2017-12-30T03:40:59Z,-33.37525000,147.91308333,-1146.923337528187,-9060.22701964057,255,1,145.399,
339,2017-12-30T03:41:00Z,-33.37515000,147.91298333,-1145.923337528187,-9059.22701964057,256,1,145.388,
340,2017-12-30T03:41:01Z,-33.37503333,147.91290000,-1144.923337528187,-9058.22701964057,257,1,145.376,
341,2017-12-30T03:41:02Z,-33.37490000,147.91281667,-1143.923337528187,-9057.22701964057,258,1,145.361,
342,2017-12-30T03:41:03Z,-33.37476667,147.91275000,-1142.923337528187,-9056.22701964057,259,1,145.347,
343,2017-12-30T03:41:04Z,-33.37463333,147.91268333,-1141.923337528187,-9055.22701964057,260,1,145.332,
344,2017-12-30T03:41:05Z,-33.37448333,147.91261667,-1140.923337528187,-9054.22701964057,261,1,145.316,
345,2017-12-30T03:41:06Z,-33.37431667,147.91258333,-1139.923337528187,-9053.22701964057,262,1,145.298,
346,2017-12-30T03:41:07Z,-33.37415000,147.91256667,-1138.923337528187,-9052.22701964057,263,1,145.279,
347,2017-12-30T03:41:08Z,-33.37396667,147.91258333,-1137.923337528187,-9051.22701964057,264,1,145.259,
348,2017-12-30T03:41:09Z,-33.37378333,147.91263333,-1136.923337528187,-9050.22701964057,265,1,145.238,
349,2017-12-30T03:41:10Z,-33.37358333,147.91271667,-1135.923337528187,-9049.22701964057,266,1,145.216,
350,2017-12-30T03:41:11Z,-33.37338333,147.91283333,-1134.923337528187,-9048.22701964057,267,1,145.193,
351,2017-12-30T03:41:12Z,-33.37320000,147.91298333,-1133.923337528187,-9047.22701964057,268,1,145.172,
352,2017-12-30T03:41:13Z,-33.37301667,147.91311667,-1132.923337528187,-9046.22701964057,269,1,145.151,
353,2017-12-30T03:41:14Z,-33.37283333,147.91326667,-1131.923337528187,-9045.22701964057,270,1,145.129,
354,2017-12-30T03:41:15Z,-33.37265000,147.91341667,-1130.923337528187,-9044.22701964057,271,1,145.108,
355,2017-12-30T03:41:16Z,-33.37246667,147.91358333,-1129.923337528187,-9043.22701964057,272,1,145.087,
356,2017-12-30T03:41:17Z,-33.37230000,147.91376667,-1128.923337528187,-9042.22701964057,273,1,145.068,
357,2017-12-30T03:41:18Z,-33.37216667,147.91400000,-1127.923337528187,-9041.22701964057,274,1,145.052,
358,2017-12-30T03:41:19Z,-33.37203333,147.91425000,-1126.923337528187,-9040.22701964057,275,1,145.036,
359,2017-12-30T03:41:20Z,-33.37191667,147.91451667,-1125.923337528187,-9039.22701964057,276,1,145.021,
360,2017-12-30T03:41:21Z,-33.37183333,147.91478333,-1124.923337528187,-9038.22701964057,277,1,145.011,
361,2017-12-30T03:41:22Z,-33.37175000,147.91506667,-1123.923337528187,-9037.22701964057,278,1,145.0,
362,2017-12-30T03:41:23Z,-33.37168333,147.91535000,-1122.923337528187,-9036.22701964057,279,1,144.991,
363,2017-12-30T03:41:24Z,-33.37161667,147.91561667,-1121.923337528187,-9035.22701964057,280,1,144.982,
364,2017-12-30T03:41:25Z,-33.37158333,147.91590000,-1120.923337528187,-9034.22701964057,281,1,144.977,
365,2017-12-30T03:41:26Z,-33.37153333,147.91618333,-1119.923337528187,-9033.22701964057,282,1,144.97,
366,2017-12-30T03:41:27Z,-33.37150000,147.91646667,-1118.923337528187,-9032.22701964057,283,1,144.965,
367,2017-12-30T03:41:28Z,-33.37146667,147.91673333,-1117.923337528187,-9031.22701964057,284,1,144.96,
368,2017-12-30T03:41:29Z,-33.37141667,147.91701667,-1116.923337528187,-9030.22701964057,285,1,144.953,
369,2017-12-30T03:41:30Z,-33.37138333,147.91730000,-1115.923337528187,-9029.22701964057,286,1,144.948,
370,2017-12-30T03:41:31Z,-33.37133333,147.91758333,-1114.923337528187,-9028.22701964057,287,1,144.941,
371,2017-12-30T03:41:32Z,-33.37128333,147.91786667,-1113.923337528187,-9027.22701964057,288,1,144.934,
372,2017-12-30T03:41:33Z,-33.37126667,147.91815000,-1112.923337528187,-9026.22701964057,289,1,144.931,
373,2017-12-30T03:41:34Z,-33.37125000,147.91845000,-1111.923337528187,-9025.22701964057,290,1,144.928,
374,2017-12-30T03:41:35Z,-33.37125000,147.91873333,-1110.923337528187,-9024.22701964057,291,1,144.926,
375,2017-12-30T03:41:36Z,-33.37125000,147.91903333,-1109.923337528187,-9023.22701964057,292,1,144.925,
376,2017-12-30T03:41:37Z,-33.37126667,147.91931667,-1108.923337528187,-9022.22701964057,293,1,144.925,
377,2017-12-30T03:41:38Z,-33.37128333,147.91961667,-1107.923337528187,-9021.22701964057,294,1,144.926,
378,2017-12-30T03:41:39Z,-33.37130000,147.91990000,-1106.923337528187,-9020.22701964057,295,1,144.926,
379,2017-12-30T03:41:40Z,-33.37133333,147.92018333,-1105.923337528187,-9019.22701964057,296,1,144.928,
380,2017-12-30T03:41:41Z,-33.37140000,147.92045000,-1104.923337528187,-9018.22701964057,297,1,144.935,
381,2017-12-30T03:41:42Z,-33.37150000,147.92070000,-1103.923337528187,-9017.22701964057,298,1,144.944,
382,2017-12-30T03:41:43Z,-33.37160000,147.92095000,-1102.923337528187,-9016.22701964057,299,1,144.954,
383,2017-12-30T03:41:44Z,-33.37170000,147.92118333,-1101.923337528187,-9015.22701964057,300,1,144.964,
384,2017-12-30T03:41:45Z,-33.37180000,147.92141667,-1100.923337528187,-9014.22701964057,301,1,144.974,
385,2017-12-30T03:41:46Z,-33.37190000,147.92165000,-1099.923337528187,-9013.22701964057,302,1,144.984,
386,2017-12-30T03:41:47Z,-33.37200000,147.92188333,-1098.923337528187,-9012.22701964057,303,1,144.994,
387,2017-12-30T03:41:48Z,-33.37210000,147.92211667,-1097.923337528187,-9011.22701964057,304,1,145.004,
388,2017-12-30T03:41:49Z,-33.37220000,147.92235000,-1096.923337528187,-9010.22701964057,305,1,145.014,
389,2017-12-30T03:41:50Z,-33.37228333,147.92260000,-1095.923337528187,-9009.22701964057,306,1,145.023,
390,2017-12-30T03:41:51Z,-33.37236667,147.92286667,-1094.923337528187,-9008.22701964057,307,1,145.031,
391,2017-12-30T03:41:52Z,-33.37243333,147.92313333,-1093.923337528187,-9007.22701964057,308,1,145.037,
392,2017-12-30T03:41:53Z,-33.37251667,147.92338333,-1092.923337528187,-9006.22701964057,309,1,145.045,
393,2017-12-30T03:41:54Z,-33.37260000,147.92361667,-1091.923337528187,-9005.22701964057,310,1,145.053,
394,2017-12-30T03:41:55Z,-33.37270000,147.92385000,-1090.923337528187,-9004.22701964057,311,1,145.063,
395,2017-12-30T03:41:56Z,-33.37278333,147.92408333,-1089.923337528187,-9003.22701964057,312,1,145.071,
396,2017-12-30T03:41:57Z,-33.37290000,147.92430000,-1088.923337528187,-9002.22701964057,313,1,145.083,
397,2017-12-30T03:41:58Z,-33.37300000,147.92450000,-1087.923337528187,-9001.22701964057,314,1,145.093,
398,2017-12-30T03:41:59Z,-33.37311667,147.92470000,-1086.923337528187,-9000.22701964057,315,1,145.106,
399,2017-12-30T03:42:00Z,-33.37323333,147.92488333,-1085.923337528187,-8999.22701964057,316,1,145.118,
400,2017-12-30T03:42:01Z,-33.37335000,147.92506667,-1084.923337528187,-8998.22701964057,317,1,145.13,
401,2017-12-30T03:42:02Z,-33.37346667,147.92523333,-1083.923337528187,-8997.22701964057,318,1,145.142,
402,2017-12-30T03:42:03Z,-33.37358333,147.92538333,-1082.923337528187,-8996.22701964057,319,1,145.154,
403,2017-12-30T03:42:04Z,-33.37371667,147.92551667,-1081.923337528187,-8995.22701964057,320,1,145.169,
404,2017-12-30T03:42:05Z,-33.37385000,147.92565000,-1080.923337528187,-8994.22701964057,321,1,145.183,
405,2017-12-30T03:42:06Z,-33.37400000,147.92576667,-1079.923337528187,-8993.22701964057,322,1,145.199,
406,2017-12-30T03:42:07Z,-33.37413333,147.92585000,-1078.923337528187,-8992.22701964057,323,1,145.213,
407,2017-12-30T03:42:08Z,-33.37428333,147.92593333,-1077.923337528187,-8991.22701964057,324,1,145.23,
408,2017-12-30T03:42:09Z,-33.37441667,147.92598333,-1076.923337528187,-8990.22701964057,325,1,145.244,
409,2017-12-30T03:42:10Z,-33.37455000,147.92601667,-1075.923337528187,-8989.22701964057,326,1,145.259,
410,2017-12-30T03:42:11Z,-33.37468333,147.92603333,-1074.923337528187,-8988.22701964057,327,1,145.274,
411,2017-12-30T03:42:12Z,-33.37481667,147.92603333,-1073.923337528187,-8987.22701964057,328,1,145.288,
412,2017-12-30T03:42:13Z,-33.37493333,147.92603333,-1072.923337528187,-8986.22701964057,329,1,145.301,
413,2017-12-30T03:42:14Z,-33.37503333,147.92600000,-1071.923337528187,-8985.22701964057,330,1,145.313,
414,2017-12-30T03:42:15Z,-33.37515000,147.92598333,-1070.923337528187,-8984.22701964057,331,1,145.326,
415,2017-12-30T03:42:16Z,-33.37523333,147.92593333,-1069.923337528187,-8983.22701964057,332,1,145.335,
416,2017-12-30T03:42:17Z,-33.37533333,147.92590000,-1068.923337528187,-8982.22701964057,333,1,145.346,
417,2017-12-30T03:42:18Z,-33.37541667,147.92586667,-1067.923337528187,-8981.22701964057,334,1,145.356,
418,2017-12-30T03:42:19Z,-33.37551667,147.92585000,-1066.923337528187,-8980.22701964057,335,1,145.367,
419,2017-12-30T03:42:20Z,-33.37560000,147.92583333,-1065.923337528187,-8979.22701964057,336,1,145.376,
420,2017-12-30T03:42:21Z,-33.37566667,147.92581667,-1064.923337528187,-8978.22701964057,337,1,145.384,
421,2017-12-30T03:42:22Z,-33.37570000,147.92580000,-1063.923337528187,-8977.22701964057,338,1,145.388,
422,2017-12-30T03:42:23Z,-33.37573333,147.92578333,-1062.923337528187,-8976.22701964057,339,1,145.391,
423,2017-12-30T03:42:24Z,-33.37575000,147.92575000,-1061.923337528187,-8975.22701964057,340,1,145.393,
424,2017-12-30T03:42:25Z,-33.37575000,147.92570000,-1060.923337528187,-8974.22701964057,341,1,145.394,
425,2017-12-30T03:42:26Z,-33.37570000,147.92565000,-1059.923337528187,-8973.22701964057,342,1,145.388,
426,2017-12-30T03:42:27Z,-33.37560000,147.92560000,-1058.923337528187,-8972.22701964057,343,1,145.377,
427,2017-12-30T03:42:28Z,-33.37548333,147.92558333,-1057.923337528187,-8971.22701964057,344,1,145.364,
428,2017-12-30T03:42:29Z,-33.37535000,147.92560000,-1056.923337528187,-8970.22701964057,345,1,145.35,
429,2017-12-30T03:42:30Z,-33.37520000,147.92565000,-1055.923337528187,-8969.22701964057,346,1,145.333,
430,2017-12-30T03:42:31Z,-33.37503333,147.92571667,-1054.923337528187,-8968.22701964057,347,1,145.314,
431,2017-12-30T03:42:32Z,-33.37490000,147.92583333,-1053.923337528187,-8967.22701964057,348,1,145.299,
432,2017-12-30T03:42:33Z,-33.37476667,147.92598333,-1052.923337528187,-8966.22701964057,349,1,145.283,
433,2017-12-30T03:42:34Z,-33.37463333,147.92616667,-1051.923337528187,-8965.22701964057,350,1,145.267,
434,2017-12-30T03:42:35Z,-33.37455000,147.92640000,-1050.923337528187,-8964.22701964057,351,1,145.257,
435,2017-12-30T03:42:36Z,-33.37451667,147.92663333,-1049.923337528187,-8963.22701964057,352,1,145.252,
436,2017-12-30T03:42:37Z,-33.37451667,147.92686667,-1048.923337528187,-8962.22701964057,353,1,145.251,
437,2017-12-30T03:42:38Z,-33.37455000,147.92710000,-1047.923337528187,-8961.22701964057,354,1,145.254,
438,2017-12-30T03:42:39Z,-33.37460000,147.92728333,-1046.923337528187,-8960.22701964057,355,1,145.259,
439,2017-12-30T03:42:40Z,-33.37466667,147.92746667,-1045.923337528187,-8959.22701964057,356,1,145.265,
440,2017-12-30T03:42:41Z,-33.37475000,147.92763333,-1044.923337528187,-8958.22701964057,357,1,145.274,
441,2017-12-30T03:42:42Z,-33.37485000,147.92776667,-1043.923337528187,-8957.22701964057,358,1,145.285,
442,2017-12-30T03:42:43Z,-33.37493333,147.92785000,-1042.923337528187,-8956.22701964057,359,1,145.293,
443,2017-12-30T03:42:44Z,-33.37501667,147.92788333,-1041.923337528187,-8955.22701964057,360,1,145.303,
444,2017-12-30T03:42:45Z,-33.37510000,147.92790000,-1040.923337528187,-8954.22701964057,361,1,145.312,
445,2017-12-30T03:42:46Z,-33.37518333,147.92790000,-1039.923337528187,-8953.22701964057,362,1,145.321,
446,2017-12-30T03:42:47Z,-33.37526667,147.92790000,-1038.923337528187,-8952.22701964057,363,1,145.33,
447,2017-12-30T03:42:48Z,-33.37536667,147.92793333,-1037.923337528187,-8951.22701964057,364,1,145.341,
448,2017-12-30T03:42:49Z,-33.37545000,147.92800000,-1036.923337528187,-8950.22701964057,365,1,145.35,
449,2017-12-30T03:42:50Z,-33.37553333,147.92810000,-1035.923337528187,-8949.22701964057,366,1,145.359,
450,2017-12-30T03:42:51Z,-33.37563333,147.92823333,-1034.923337528187,-8948.22701964057,367,1,145.37,
451,2017-12-30T03:42:52Z,-33.37571667,147.92835000,-1033.923337528187,-8947.22701964057,368,1,145.378,
452,2017-12-30T03:42:53Z,-33.37581667,147.92843333,-1032.923337528187,-8946.22701964057,369,1,145.389,
453,2017-12-30T03:42:54Z,-33.37590000,147.92851667,-1031.923337528187,-8945.22701964057,370,1,145.398,
454,2017-12-30T03:42:55Z,-33.37600000,147.92855000,-1030.923337528187,-8944.22701964057,371,1,145.409,
455,2017-12-30T03:42:56Z,-33.37608333,147.92858333,-1029.923337528187,-8943.22701964057,372,1,145.418,
456,2017-12-30T03:42:57Z,-33.37615000,147.92856667,-1028.923337528187,-8942.22701964057,373,1,145.426,
457,2017-12-30T03:42:58Z,-33.37623333,147.92853333,-1027.923337528187,-8941.22701964057,374,1,145.435,
458,2017-12-30T03:42:59Z,-33.37628333,147.92846667,-1026.923337528187,-8940.22701964057,375,1,145.441,
459,2017-12-30T03:43:00Z,-33.37633333,147.92840000,-1025.923337528187,-8939.22701964057,376,1,145.447,
460,2017-12-30T03:43:01Z,-33.37636667,147.92833333,-1024.923337528187,-8938.22701964057,377,1,145.451,
461,2017-12-30T03:43:02Z,-33.37638333,147.92825000,-1023.923337528187,-8937.22701964057,378,1,145.453,
462,2017-12-30T03:43:03Z,-33.37636667,147.92815000,-1022.923337528187,-8936.22701964057,379,1,145.451,
463,2017-12-30T03:43:04Z,-33.37633333,147.92806667,-1021.923337528187,-8935.22701964057,380,1,145.448,
464,2017-12-30T03:43:05Z,-33.37625000,147.92798333,-1020.923337528187,-8934.22701964057,381,1,145.439,
465,2017-12-30T03:43:06Z,-33.37613333,147.92791667,-1019.923337528187,-8933.22701964057,382,1,145.426,
466,2017-12-30T03:43:07Z,-33.37600000,147.92790000,-1018.923337528187,-8932.22701964057,383,1,145.412,
467,2017-12-30T03:43:08Z,-33.37583333,147.92795000,-1017.923337528187,-8931.22701964057,384,1,145.393,
468,2017-12-30T03:43:09Z,-33.37566667,147.92801667,-1016.923337528187,-8930.22701964057,385,1,145.374,
469,2017-12-30T03:43:10Z,-33.37548333,147.92811667,-1015.923337528187,-8929.22701964057,386,1,145.353,
470,2017-12-30T03:43:11Z,-33.37531667,147.92826667,-1014.923337528187,-8928.22701964057,387,1,145.334,
471,2017-12-30T03:43:12Z,-33.37515000,147.92845000,-1013.923337528187,-8927.22701964057,388,1,145.315,
472,2017-12-30T03:43:13Z,-33.37503333,147.92865000,-1012.923337528187,-8926.22701964057,389,1,145.301,
473,2017-12-30T03:43:14Z,-33.37495000,147.92888333,-1011.923337528187,-8925.22701964057,390,1,145.291,
474,2017-12-30T03:43:15Z,-33.37491667,147.92915000,-1010.923337528187,-8924.22701964057,391,1,145.286,
475,2017-12-30T03:43:16Z,-33.37493333,147.92940000,-1009.923337528187,-8923.22701964057,392,1,145.287,
476,2017-12-30T03:43:17Z,-33.37496667,147.92963333,-1008.923337528187,-8922.22701964057,393,1,145.29,
477,2017-12-30T03:43:18Z,-33.37503333,147.92985000,-1007.923337528187,-8921.22701964057,394,1,145.296,
478,2017-12-30T03:43:19Z,-33.37511667,147.93003333,-1006.923337528187,-8920.22701964057,395,1,145.305,
479,2017-12-30T03:43:20Z,-33.37520000,147.93020000,-1005.923337528187,-8919.22701964057,396,1,145.313,
480,2017-12-30T03:43:21Z,-33.37531667,147.93031667,-1004.923337528187,-8918.22701964057,397,1,145.326,
481,2017-12-30T03:43:22Z,-33.37543333,147.93040000,-1003.923337528187,-8917.22701964057,398,1,145.338,
482,2017-12-30T03:43:23Z,-33.37556667,147.93045000,-1002.923337528187,-8916.22701964057,399,1,145.353,
483,2017-12-30T03:43:24Z,-33.37568333,147.93045000,-1001.923337528187,-8915.22701964057,400,1,145.366,
484,2017-12-30T03:43:25Z,-33.37580000,147.93043333,-1000.923337528187,-8914.22701964057,401,1,145.379,
485,2017-12-30T03:43:26Z,-33.37588333,147.93036667,-999.923337528187,-8913.22701964057,402,1,145.388,
486,2017-12-30T03:43:27Z,-33.37593333,147.93030000,-998.923337528187,-8912.22701964057,403,1,145.394,
487,2017-12-30T03:43:28Z,-33.37593333,147.93020000,-997.923337528187,-8911.22701964057,404,1,145.395,
488,2017-12-30T03:43:29Z,-33.37591667,147.93010000,-996.923337528187,-8910.22701964057,405,1,145.393,
489,2017-12-30T03:43:30Z,-33.37585000,147.93001667,-995.923337528187,-8909.22701964057,406,1,145.386,
490,2017-12-30T03:43:31Z,-33.37575000,147.92993333,-994.923337528187,-8908.22701964057,407,1,145.375,
491,2017-12-30T03:43:32Z,-33.37563333,147.92986667,-993.923337528187,-8907.22701964057,408,1,145.363,
492,2017-12-30T03:43:33Z,-33.37548333,147.92985000,-992.923337528187,-8906.22701964057,409,1,145.346,
493,2017-12-30T03:43:34Z,-33.37531667,147.92986667,-991.923337528187,-8905.22701964057,410,1,145.327,
494,2017-12-30T03:43:35Z,-33.37516667,147.92991667,-990.923337528187,-8904.22701964057,411,1,145.311,
495,2017-12-30T03:43:36Z,-33.37501667,147.93000000,-989.923337528187,-8903.22701964057,412,1,145.294,
496,2017-12-30T03:43:37Z,-33.37486667,147.93013333,-988.923337528187,-8902.22701964057,413,1,145.276,
497,2017-12-30T03:43:38Z,-33.37473333,147.93030000,-987.923337528187,-8901.22701964057,414,1,145.261,
498,2017-12-30T03:43:39Z,-33.37461667,147.93051667,-986.923337528187,-8900.22701964057,415,1,145.247,
499,2017-12-30T03:43:40Z,-33.37456667,147.93076667,-985.923337528187,-8899.22701964057,416,1,145.24,
500,2017-12-30T03:43:41Z,-33.37455000,147.93101667,-984.923337528187,-8898.22701964057,417,1,145.238,
501,2017-12-30T03:43:42Z,-33.37458333,147.93125000,-983.923337528187,-8897.22701964057,418,1,145.24,
502,2017-12-30T03:43:43Z,-33.37466667,147.93145000,-982.923337528187,-8896.22701964057,419,1,145.249,
503,2017-12-30T03:43:44Z,-33.37475000,147.93158333,-981.923337528187,-8895.22701964057,420,1,145.257,
504,2017-12-30T03:43:45Z,-33.37485000,147.93168333,-980.923337528187,-8894.22701964057,421,1,145.268,
505,2017-12-30T03:43:46Z,-33.37496667,147.93173333,-979.923337528187,-8893.22701964057,422,1,145.281,
506,2017-12-30T03:43:47Z,-33.37505000,147.93175000,-978.923337528187,-8892.22701964057,423,1,145.29,
507,2017-12-30T03:43:48Z,-33.37515000,147.93173333,-977.923337528187,-8891.22701964057,424,1,145.301,
508,2017-12-30T03:43:49Z,-33.37521667,147.93166667,-976.923337528187,-8890.22701964057,425,1,145.309,
509,2017-12-30T03:43:50Z,-33.37526667,147.93160000,-975.923337528187,-8889.22701964057,426,1,145.315,
510,2017-12-30T03:43:51Z,-33.37528333,147.93151667,-974.923337528187,-8888.22701964057,427,1,145.317,
511,2017-12-30T03:43:52Z,-33.37526667,147.93141667,-973.923337528187,-8887.22701964057,428,1,145.315,
512,2017-12-30T03:43:53Z,-33.37521667,147.93131667,-972.923337528187,-8886.22701964057,429,1,145.31,
513,2017-12-30T03:43:54Z,-33.37511667,147.93123333,-971.923337528187,-8885.22701964057,430,1,145.3,
514,2017-12-30T03:43:55Z,-33.37500000,147.93118333,-970.923337528187,-8884.22701964057,431,1,145.287,
515,2017-12-30T03:43:56Z,-33.37483333,147.93116667,-969.923337528187,-8883.22701964057,432,1,145.268,
516,2017-12-30T03:43:57Z,-33.37468333,147.93120000,-968.923337528187,-8882.22701964057,433,1,145.252,
517,2017-12-30T03:43:58Z,-33.37451667,147.93125000,-967.923337528187,-8881.22701964057,434,1,145.233,
518,2017-12-30T03:43:59Z,-33.37435000,147.93135000,-966.923337528187,-8880.22701964057,435,1,145.214,
519,2017-12-30T03:44:00Z,-33.37418333,147.93146667,-965.923337528187,-8879.22701964057,436,1,145.195,
520,2017-12-30T03:44:01Z,-33.37403333,147.93163333,-964.923337528187,-8878.22701964057,437,1,145.178,
521,2017-12-30T03:44:02Z,-33.37390000,147.93185000,-963.923337528187,-8877.22701964057,438,1,145.162,
522,2017-12-30T03:44:03Z,-33.37381667,147.93208333,-962.923337528187,-8876.22701964057,439,1,145.152,
523,2017-12-30T03:44:04Z,-33.37376667,147.93231667,-961.923337528187,-8875.22701964057,440,1,145.145,
524,2017-12-30T03:44:05Z,-33.37376667,147.93255000,-960.923337528187,-8874.22701964057,441,1,145.144,
525,2017-12-30T03:44:06Z,-33.37380000,147.93278333,-959.923337528187,-8873.22701964057,442,1,145.147,
526,2017-12-30T03:44:07Z,-33.37386667,147.93298333,-958.923337528187,-8872.22701964057,443,1,145.154,
527,2017-12-30T03:44:08Z,-33.37395000,147.93315000,-957.923337528187,-8871.22701964057,444,1,145.162,
528,2017-12-30T03:44:09Z,-33.37403333,147.93331667,-956.923337528187,-8870.22701964057,445,1,145.171,
529,2017-12-30T03:44:10Z,-33.37415000,147.93345000,-955.923337528187,-8869.22701964057,446,1,145.183,
530,2017-12-30T03:44:11Z,-33.37425000,147.93356667,-954.923337528187,-8868.22701964057,447,1,145.194,
531,2017-12-30T03:44:12Z,-33.37436667,147.93366667,-953.923337528187,-8867.22701964057,448,1,145.206,
532,2017-12-30T03:44:13Z,-33.37448333,147.93375000,-952.923337528187,-8866.22701964057,449,1,145.219,
533,2017-12-30T03:44:14Z,-33.37460000,147.93383333,-951.923337528187,-8865.22701964057,450,1,145.232,
534,2017-12-30T03:44:15Z,-33.37471667,147.93388333,-950.923337528187,-8864.22701964057,451,1,145.244,
535,2017-12-30T03:44:16Z,-33.37481667,147.93391667,-949.923337528187,-8863.22701964057,452,1,145.255,
536,2017-12-30T03:44:17Z,-33.37490000,147.93391667,-948.923337528187,-8862.22701964057,453,1,145.265,
537,2017-12-30T03:44:18Z,-33.37495000,147.93388333,-947.923337528187,-8861.22701964057,454,1,145.27,
538,2017-12-30T03:44:19Z,-33.37496667,147.93380000,-946.923337528187,-8860.22701964057,455,1,145.273,
539,2017-12-30T03:44:20Z,-33.37493333,147.93371667,-945.923337528187,-8859.22701964057,456,1,145.269,
540,2017-12-30T03:44:21Z,-33.37481667,147.93365000,-944.923337528187,-8858.22701964057,457,1,145.257,
541,2017-12-30T03:44:22Z,-33.37468333,147.93363333,-943.923337528187,-8857.22701964057,458,1,145.242,
542,2017-12-30T03:44:23Z,-33.37451667,147.93366667,-942.923337528187,-8856.22701964057,459,1,145.223,
543,2017-12-30T03:44:24Z,-33.37435000,147.93376667,-941.923337528187,-8855.22701964057,460,1,145.204,
544,2017-12-30T03:44:25Z,-33.37420000,147.93391667,-940.923337528187,-8854.22701964057,461,1,145.187,
545,2017-12-30T03:44:26Z,-33.37406667,147.93408333,-939.923337528187,-8853.22701964057,462,1,145.171,
546,2017-12-30T03:44:27Z,-33.37398333,147.93430000,-938.923337528187,-8852.22701964057,463,1,145.161,
547,2017-12-30T03:44:28Z,-33.37391667,147.93451667,-937.923337528187,-8851.22701964057,464,1,145.153,
548,2017-12-30T03:44:29Z,-33.37388333,147.93473333,-936.923337528187,-8850.22701964057,465,1,145.149,
549,2017-12-30T03:44:30Z,-33.37386667,147.93496667,-935.923337528187,-8849.22701964057,466,1,145.146,
550,2017-12-30T03:44:31Z,-33.37386667,147.93520000,-934.923337528187,-8848.22701964057,467,1,145.145,
551,2017-12-30T03:44:32Z,-33.37388333,147.93543333,-933.923337528187,-8847.22701964057,468,1,145.146,
552,2017-12-30T03:44:33Z,-33.37391667,147.93565000,-932.923337528187,-8846.22701964057,469,1,145.149,
553,2017-12-30T03:44:34Z,-33.37398333,147.93583333,-931.923337528187,-8845.22701964057,470,1,145.155,
554,2017-12-30T03:44:35Z,-33.37405000,147.93600000,-930.923337528187,-8844.22701964057,471,1,145.162,
555,2017-12-30T03:44:36Z,-33.37415000,147.93613333,-929.923337528187,-8843.22701964057,472,1,145.173,
556,2017-12-30T03:44:37Z,-33.37425000,147.93621667,-928.923337528187,-8842.22701964057,473,1,145.184,
557,2017-12-30T03:44:38Z,-33.37436667,147.93625000,-927.923337528187,-8841.22701964057,474,1,145.196,
558,2017-12-30T03:44:39Z,-33.37445000,147.93625000,-926.923337528187,-8840.22701964057,475,1,145.206,
559,2017-12-30T03:44:40Z,-33.37453333,147.93621667,-925.923337528187,-8839.22701964057,476,1,145.215,
560,2017-12-30T03:44:41Z,-33.37460000,147.93616667,-924.923337528187,-8838.22701964057,477,1,145.223,
561,2017-12-30T03:44:42Z,-33.37460000,147.93608333,-923.923337528187,-8837.22701964057,478,1,145.223,
562,2017-12-30T03:44:43Z,-33.37458333,147.93600000,-922.923337528187,-8836.22701964057,479,1,145.221,
563,2017-12-30T03:44:44Z,-33.37451667,147.93591667,-921.923337528187,-8835.22701964057,480,1,145.214,
564,2017-12-30T03:44:45Z,-33.37443333,147.93583333,-920.923337528187,-8834.22701964057,481,1,145.205,
565,2017-12-30T03:44:46Z,-33.37433333,147.93576667,-919.923337528187,-8833.22701964057,482,1,145.195,
566,2017-12-30T03:44:47Z,-33.37420000,147.93573333,-918.923337528187,-8832.22701964057,483,1,145.18,
567,2017-12-30T03:44:48Z,-33.37406667,147.93571667,-917.923337528187,-8831.22701964057,484,1,145.165,
568,2017-12-30T03:44:49Z,-33.37391667,147.93575000,-916.923337528187,-8830.22701964057,485,1,145.148,
569,2017-12-30T03:44:50Z,-33.37375000,147.93581667,-915.923337528187,-8829.22701964057,486,1,145.13,
570,2017-12-30T03:44:51Z,-33.37358333,147.93595000,-914.923337528187,-8828.22701964057,487,1,145.111,
571,2017-12-30T03:44:52Z,-33.37343333,147.93613333,-913.923337528187,-8827.22701964057,488,1,145.093,
572,2017-12-30T03:44:53Z,-33.37331667,147.93636667,-912.923337528187,-8826.22701964057,489,1,145.079,
573,2017-12-30T03:44:54Z,-33.37326667,147.93661667,-911.923337528187,-8825.22701964057,490,1,145.073,
574,2017-12-30T03:44:55Z,-33.37326667,147.93688333,-910.923337528187,-8824.22701964057,491,1,145.072,
575,2017-12-30T03:44:56Z,-33.37333333,147.93711667,-909.923337528187,-8823.22701964057,492,1,145.078,
576,2017-12-30T03:44:57Z,-33.37341667,147.93730000,-908.923337528187,-8822.22701964057,493,1,145.087,
577,2017-12-30T03:44:58Z,-33.37353333,147.93743333,-907.923337528187,-8821.22701964057,494,1,145.099,
578,2017-12-30T03:44:59Z,-33.37365000,147.93751667,-906.923337528187,-8820.22701964057,495,1,145.112,
579,2017-12-30T03:45:00Z,-33.37375000,147.93755000,-905.923337528187,-8819.22701964057,496,1,145.123,
580,2017-12-30T03:45:01Z,-33.37381667,147.93753333,-904.923337528187,-8818.22701964057,497,1,145.13,
581,2017-12-30T03:45:02Z,-33.37386667,147.93746667,-903.923337528187,-8817.22701964057,498,1,145.136,
582,2017-12-30T03:45:03Z,-33.37388333,147.93738333,-902.923337528187,-8816.22701964057,499,1,145.138,
583,2017-12-30T03:45:04Z,-33.37386667,147.93730000,-901.923337528187,-8815.22701964057,500,1,145.137,
584,2017-12-30T03:45:05Z,-33.37381667,147.93720000,-900.923337528187,-8814.22701964057,501,1,145.132,
585,2017-12-30T03:45:06Z,-33.37373333,147.93713333,-899.923337528187,-8813.22701964057,502,1,145.123,
586,2017-12-30T03:45:07Z,-33.37363333,147.93706667,-898.923337528187,-8812.22701964057,503,1,145.112,
587,2017-12-30T03:45:08Z,-33.37348333,147.93705000,-897.923337528187,-8811.22701964057,504,1,145.095,
588,2017-12-30T03:45:09Z,-33.37330000,147.93708333,-896.923337528187,-8810.22701964057,505,1,145.075,
589,2017-12-30T03:45:10Z,-33.37313333,147.93715000,-895.923337528187,-8809.22701964057,506,1,145.056,
590,2017-12-30T03:45:11Z,-33.37296667,147.93726667,-894.923337528187,-8808.22701964057,507,1,145.037,
591,2017-12-30T03:45:12Z,-33.37280000,147.93740000,-893.923337528187,-8807.22701964057,508,1,145.018,
592,2017-12-30T03:45:13Z,-33.37265000,147.93756667,-892.923337528187,-8806.22701964057,509,1,145.001,
593,2017-12-30T03:45:14Z,-33.37253333,147.93778333,-891.923337528187,-8805.22701964057,510,1,144.987,
594,2017-12-30T03:45:15Z,-33.37246667,147.93803333,-890.923337528187,-8804.22701964057,511,1,144.979,
595,2017-12-30T03:45:16Z,-33.37246667,147.93830000,-889.923337528187,-8803.22701964057,512,1,144.978,
596,2017-12-30T03:45:17Z,-33.37250000,147.93853333,-888.923337528187,-8802.22701964057,513,1,144.981,
597,2017-12-30T03:45:18Z,-33.37255000,147.93875000,-887.923337528187,-8801.22701964057,514,1,144.985,
598,2017-12-30T03:45:19Z,-33.37261667,147.93896667,-886.923337528187,-8800.22701964057,515,1,144.992,
599,2017-12-30T03:45:20Z,-33.37271667,147.93915000,-885.923337528187,-8799.22701964057,516,1,145.002,
600,2017-12-30T03:45:21Z,-33.37281667,147.93931667,-884.923337528187,-8798.22701964057,517,1,145.013,
601,2017-12-30T03:45:22Z,-33.37293333,147.93943333,-883.923337528187,-8797.22701964057,518,1,145.025,
602,2017-12-30T03:45:23Z,-33.37305000,147.93950000,-882.923337528187,-8796.22701964057,519,1,145.038,
603,2017-12-30T03:45:24Z,-33.37315000,147.93951667,-881.923337528187,-8795.22701964057,520,1,145.049,
604,2017-12-30T03:45:25Z,-33.37323333,147.93948333,-880.923337528187,-8794.22701964057,521,1,145.059,
605,2017-12-30T03:45:26Z,-33.37328333,147.93943333,-879.923337528187,-8793.22701964057,522,1,145.064,
606,2017-12-30T03:45:27Z,-33.37328333,147.93935000,-878.923337528187,-8792.22701964057,523,1,145.065,
607,2017-12-30T03:45:28Z,-33.37325000,147.93926667,-877.923337528187,-8791.22701964057,524,1,145.061,
608,2017-12-30T03:45:29Z,-33.37318333,147.93920000,-876.923337528187,-8790.22701964057,525,1,145.054,
609,2017-12-30T03:45:30Z,-33.37310000,147.93913333,-875.923337528187,-8789.22701964057,526,1,145.045,
610,2017-12-30T03:45:31Z,-33.37298333,147.93908333,-874.923337528187,-8788.22701964057,527,1,145.032,
611,2017-12-30T03:45:32Z,-33.37283333,147.93908333,-873.923337528187,-8787.22701964057,528,1,145.016,
612,2017-12-30T03:45:33Z,-33.37266667,147.93911667,-872.923337528187,-8786.22701964057,529,1,144.997,
613,2017-12-30T03:45:34Z,-33.37250000,147.93920000,-871.923337528187,-8785.22701964057,530,1,144.978,
614,2017-12-30T03:45:35Z,-33.37235000,147.93933333,-870.923337528187,-8784.22701964057,531,1,144.961,
615,2017-12-30T03:45:36Z,-33.37221667,147.93953333,-869.923337528187,-8783.22701964057,532,1,144.945,
616,2017-12-30T03:45:37Z,-33.37211667,147.93976667,-868.923337528187,-8782.22701964057,533,1,144.933,
617,2017-12-30T03:45:38Z,-33.37205000,147.94003333,-867.923337528187,-8781.22701964057,534,1,144.925,
618,2017-12-30T03:45:39Z,-33.37203333,147.94031667,-866.923337528187,-8780.22701964057,535,1,144.922,
619,2017-12-30T03:45:40Z,-33.37203333,147.94056667,-865.923337528187,-8779.22701964057,536,1,144.921,
620,2017-12-30T03:45:41Z,-33.37208333,147.94081667,-864.923337528187,-8778.22701964057,537,1,144.926,
621,2017-12-30T03:45:42Z,-33.37215000,147.94105000,-863.923337528187,-8777.22701964057,538,1,144.933,
622,2017-12-30T03:45:43Z,-33.37223333,147.94121667,-862.923337528187,-8776.22701964057,539,1,144.941,
623,2017-12-30T03:45:44Z,-33.37235000,147.94133333,-861.923337528187,-8775.22701964057,540,1,144.954,
624,2017-12-30T03:45:45Z,-33.37246667,147.94140000,-860.923337528187,-8774.22701964057,541,1,144.967,
625,2017-12-30T03:45:46Z,-33.37258333,147.94141667,-859.923337528187,-8773.22701964057,542,1,144.979,
626,2017-12-30T03:45:47Z,-33.37266667,147.94138333,-858.923337528187,-8772.22701964057,543,1,144.989,
627,2017-12-30T03:45:48Z,-33.37271667,147.94131667,-857.923337528187,-8771.22701964057,544,1,144.995,
628,2017-12-30T03:45:49Z,-33.37271667,147.94123333,-856.923337528187,-8770.22701964057,545,1,144.995,
629,2017-12-30T03:45:50Z,-33.37265000,147.94116667,-855.923337528187,-8769.22701964057,546,1,144.988,
630,2017-12-30T03:45:51Z,-33.37256667,147.94110000,-854.923337528187,-8768.22701964057,547,1,144.979,
631,2017-12-30T03:45:52Z,-33.37245000,147.94108333,-853.923337528187,-8767.22701964057,548,1,144.966,
632,2017-12-30T03:45:53Z,-33.37230000,147.94108333,-852.923337528187,-8766.22701964057,549,1,144.949,
633,2017-12-30T03:45:54Z,-33.37213333,147.94113333,-851.923337528187,-8765.22701964057,550,1,144.93,
634,2017-12-30T03:45:55Z,-33.37196667,147.94121667,-850.923337528187,-8764.22701964057,551,1,144.912,
635,2017-12-30T03:45:56Z,-33.37181667,147.94135000,-849.923337528187,-8763.22701964057,552,1,144.894,
636,2017-12-30T03:45:57Z,-33.37166667,147.94151667,-848.923337528187,-8762.22701964057,553,1,144.877,
637,2017-12-30T03:45:58Z,-33.37151667,147.94170000,-847.923337528187,-8761.22701964057,554,1,144.86,
638,2017-12-30T03:45:59Z,-33.37140000,147.94190000,-846.923337528187,-8760.22701964057,555,1,144.846,
639,2017-12-30T03:46:00Z,-33.37128333,147.94211667,-845.923337528187,-8759.22701964057,556,1,144.833,
640,2017-12-30T03:46:01Z,-33.37120000,147.94235000,-844.923337528187,-8758.22701964057,557,1,144.822,
641,2017-12-30T03:46:02Z,-33.37115000,147.94260000,-843.923337528187,-8757.22701964057,558,1,144.816,
642,2017-12-30T03:46:03Z,-33.37111667,147.94286667,-842.923337528187,-8756.22701964057,559,1,144.811,
643,2017-12-30T03:46:04Z,-33.37111667,147.94311667,-841.923337528187,-8755.22701964057,560,1,144.811,
644,2017-12-30T03:46:05Z,-33.37115000,147.94336667,-840.923337528187,-8754.22701964057,561,1,144.813,
645,2017-12-30T03:46:06Z,-33.37118333,147.94361667,-839.923337528187,-8753.22701964057,562,1,144.816,
646,2017-12-30T03:46:07Z,-33.37121667,147.94383333,-838.923337528187,-8752.22701964057,563,1,144.819,
647,2017-12-30T03:46:08Z,-33.37126667,147.94405000,-837.923337528187,-8751.22701964057,564,1,144.824,
648,2017-12-30T03:46:09Z,-33.37133333,147.94423333,-836.923337528187,-8750.22701964057,565,1,144.831,
649,2017-12-30T03:46:10Z,-33.37141667,147.94440000,-835.923337528187,-8749.22701964057,566,1,144.84,
650,2017-12-30T03:46:11Z,-33.37151667,147.94450000,-834.923337528187,-8748.22701964057,567,1,144.85,
651,2017-12-30T03:46:12Z,-33.37161667,147.94455000,-833.923337528187,-8747.22701964057,568,1,144.861,
652,2017-12-30T03:46:13Z,-33.37170000,147.94451667,-832.923337528187,-8746.22701964057,569,1,144.871,
653,2017-12-30T03:46:14Z,-33.37175000,147.94445000,-831.923337528187,-8745.22701964057,570,1,144.877,
654,2017-12-30T03:46:15Z,-33.37176667,147.94435000,-830.923337528187,-8744.22701964057,571,1,144.879,
655,2017-12-30T03:46:16Z,-33.37173333,147.94426667,-829.923337528187,-8743.22701964057,572,1,144.875,
656,2017-12-30T03:46:17Z,-33.37165000,147.94420000,-828.923337528187,-8742.22701964057,573,1,144.866,
657,2017-12-30T03:46:18Z,-33.37153333,147.94416667,-827.923337528187,-8741.22701964057,574,1,144.853,
658,2017-12-30T03:46:19Z,-33.37138333,147.94420000,-826.923337528187,-8740.22701964057,575,1,144.837,
659,2017-12-30T03:46:20Z,-33.37121667,147.94428333,-825.923337528187,-8739.22701964057,576,1,144.818,
660,2017-12-30T03:46:21Z,-33.37108333,147.94441667,-824.923337528187,-8738.22701964057,577,1,144.803,
661,2017-12-30T03:46:22Z,-33.37095000,147.94458333,-823.923337528187,-8737.22701964057,578,1,144.787,
662,2017-12-30T03:46:23Z,-33.37085000,147.94480000,-822.923337528187,-8736.22701964057,579,1,144.775,
663,2017-12-30T03:46:24Z,-33.37080000,147.94503333,-821.923337528187,-8735.22701964057,580,1,144.769,
664,2017-12-30T03:46:25Z,-33.37076667,147.94528333,-820.923337528187,-8734.22701964057,581,1,144.764,
665,2017-12-30T03:46:26Z,-33.37076667,147.94553333,-819.923337528187,-8733.22701964057,582,1,144.764,
666,2017-12-30T03:46:27Z,-33.37076667,147.94576667,-818.923337528187,-8732.22701964057,583,1,144.763,
667,2017-12-30T03:46:28Z,-33.37078333,147.94600000,-817.923337528187,-8731.22701964057,584,1,144.764,
668,2017-12-30T03:46:29Z,-33.37080000,147.94621667,-816.923337528187,-8730.22701964057,585,1,144.765,
669,2017-12-30T03:46:30Z,-33.37081667,147.94643333,-815.923337528187,-8729.22701964057,586,1,144.766,
670,2017-12-30T03:46:31Z,-33.37086667,147.94661667,-814.923337528187,-8728.22701964057,587,1,144.771,
671,2017-12-30T03:46:32Z,-33.37095000,147.94680000,-813.923337528187,-8727.22701964057,588,1,144.78,
672,2017-12-30T03:46:33Z,-33.37106667,147.94693333,-812.923337528187,-8726.22701964057,589,1,144.793,
673,2017-12-30T03:46:34Z,-33.37118333,147.94703333,-811.923337528187,-8725.22701964057,590,1,144.805,
674,2017-12-30T03:46:35Z,-33.37130000,147.94708333,-810.923337528187,-8724.22701964057,591,1,144.818,
675,2017-12-30T03:46:36Z,-33.37141667,147.94710000,-809.923337528187,-8723.22701964057,592,1,144.831,
676,2017-12-30T03:46:37Z,-33.37153333,147.94706667,-808.923337528187,-8722.22701964057,593,1,144.844,
677,2017-12-30T03:46:38Z,-33.37163333,147.94701667,-807.923337528187,-8721.22701964057,594,1,144.855,
678,2017-12-30T03:46:39Z,-33.37168333,147.94693333,-806.923337528187,-8720.22701964057,595,1,144.861,
679,2017-12-30T03:46:40Z,-33.37170000,147.94683333,-805.923337528187,-8719.22701964057,596,1,144.863,
680,2017-12-30T03:46:41Z,-33.37168333,147.94673333,-804.923337528187,-8718.22701964057,597,1,144.862,
681,2017-12-30T03:46:42Z,-33.37165000,147.94665000,-803.923337528187,-8717.22701964057,598,1,144.858,
682,2017-12-30T03:46:43Z,-33.37158333,147.94655000,-802.923337528187,-8716.22701964057,599,1,144.851,
683,2017-12-30T03:46:44Z,-33.37150000,147.94646667,-801.923337528187,-8715.22701964057,600,1,144.842,
684,2017-12-30T03:46:45Z,-33.37140000,147.94640000,-800.923337528187,-8714.22701964057,601,1,144.831,
685,2017-12-30T03:46:46Z,-33.37125000,147.94638333,-799.923337528187,-8713.22701964057,602,1,144.815,
686,2017-12-30T03:46:47Z,-33.37110000,147.94640000,-798.923337528187,-8712.22701964057,603,1,144.798,
687,2017-12-30T03:46:48Z,-33.37091667,147.94646667,-797.923337528187,-8711.22701964057,604,1,144.777,
688,2017-12-30T03:46:49Z,-33.37075000,147.94658333,-796.923337528187,-8710.22701964057,605,1,144.758,
689,2017-12-30T03:46:50Z,-33.37060000,147.94673333,-795.923337528187,-8709.22701964057,606,1,144.741,
690,2017-12-30T03:46:51Z,-33.37045000,147.94690000,-794.923337528187,-8708.22701964057,607,1,144.724,
691,2017-12-30T03:46:52Z,-33.37036667,147.94711667,-793.923337528187,-8707.22701964057,608,1,144.714,
692,2017-12-30T03:46:53Z,-33.37031667,147.94733333,-792.923337528187,-8706.22701964057,609,1,144.708,
693,2017-12-30T03:46:54Z,-33.37030000,147.94756667,-791.923337528187,-8705.22701964057,610,1,144.705,
694,2017-12-30T03:46:55Z,-33.37030000,147.94778333,-790.923337528187,-8704.22701964057,611,1,144.705,
695,2017-12-30T03:46:56Z,-33.37033333,147.94800000,-789.923337528187,-8703.22701964057,612,1,144.708,
696,2017-12-30T03:46:57Z,-33.37036667,147.94821667,-788.923337528187,-8702.22701964057,613,1,144.711,
697,2017-12-30T03:46:58Z,-33.37040000,147.94843333,-787.923337528187,-8701.22701964057,614,1,144.714,
698,2017-12-30T03:46:59Z,-33.37046667,147.94861667,-786.923337528187,-8700.22701964057,615,1,144.721,
699,2017-12-30T03:47:00Z,-33.37053333,147.94880000,-785.923337528187,-8699.22701964057,616,1,144.727,
700,2017-12-30T03:47:01Z,-33.37061667,147.94896667,-784.923337528187,-8698.22701964057,617,1,144.736,
701,2017-12-30T03:47:02Z,-33.37070000,147.94910000,-783.923337528187,-8697.22701964057,618,1,144.745,
702,2017-12-30T03:47:03Z,-33.37081667,147.94918333,-782.923337528187,-8696.22701964057,619,1,144.758,
703,2017-12-30T03:47:04Z,-33.37093333,147.94921667,-781.923337528187,-8695.22701964057,620,1,144.771,
704,2017-12-30T03:47:05Z,-33.37103333,147.94920000,-780.923337528187,-8694.22701964057,621,1,144.782,
705,2017-12-30T03:47:06Z,-33.37111667,147.94911667,-779.923337528187,-8693.22701964057,622,1,144.791,
706,2017-12-30T03:47:07Z,-33.37113333,147.94900000,-778.923337528187,-8692.22701964057,623,1,144.794,
707,2017-12-30T03:47:08Z,-33.37111667,147.94888333,-777.923337528187,-8691.22701964057,624,1,144.792,
708,2017-12-30T03:47:09Z,-33.37106667,147.94876667,-776.923337528187,-8690.22701964057,625,1,144.787,
709,2017-12-30T03:47:10Z,-33.37095000,147.94868333,-775.923337528187,-8689.22701964057,626,1,144.774,
710,2017-12-30T03:47:11Z,-33.37081667,147.94863333,-774.923337528187,-8688.22701964057,627,1,144.759,
711,2017-12-30T03:47:12Z,-33.37065000,147.94861667,-773.923337528187,-8687.22701964057,628,1,144.741,
712,2017-12-30T03:47:13Z,-33.37046667,147.94868333,-772.923337528187,-8686.22701964057,629,1,144.72,
713,2017-12-30T03:47:14Z,-33.37028333,147.94880000,-771.923337528187,-8685.22701964057,630,1,144.7,
714,2017-12-30T03:47:15Z,-33.37013333,147.94895000,-770.923337528187,-8684.22701964057,631,1,144.683,
715,2017-12-30T03:47:16Z,-33.37000000,147.94913333,-769.923337528187,-8683.22701964057,632,1,144.667,
716,2017-12-30T03:47:17Z,-33.36991667,147.94936667,-768.923337528187,-8682.22701964057,633,1,144.657,
717,2017-12-30T03:47:18Z,-33.36985000,147.94961667,-767.923337528187,-8681.22701964057,634,1,144.649,
718,2017-12-30T03:47:19Z,-33.36980000,147.94985000,-766.923337528187,-8680.22701964057,635,1,144.643,
719,2017-12-30T03:47:20Z,-33.36975000,147.95008333,-765.923337528187,-8679.22701964057,636,1,144.637,
720,2017-12-30T03:47:21Z,-33.36971667,147.95030000,-764.923337528187,-8678.22701964057,637,1,144.632,
721,2017-12-30T03:47:22Z,-33.36970000,147.95051667,-763.923337528187,-8677.22701964057,638,1,144.63,
722,2017-12-30T03:47:23Z,-33.36968333,147.95073333,-762.923337528187,-8676.22701964057,639,1,144.627,
723,2017-12-30T03:47:24Z,-33.36968333,147.95093333,-761.923337528187,-8675.22701964057,640,1,144.627,
724,2017-12-30T03:47:25Z,-33.36971667,147.95115000,-760.923337528187,-8674.22701964057,641,1,144.63,
725,2017-12-30T03:47:26Z,-33.36975000,147.95136667,-759.923337528187,-8673.22701964057,642,1,144.633,
726,2017-12-30T03:47:27Z,-33.36976667,147.95158333,-758.923337528187,-8672.22701964057,643,1,144.634,
727,2017-12-30T03:47:28Z,-33.36980000,147.95178333,-757.923337528187,-8671.22701964057,644,1,144.637,
728,2017-12-30T03:47:29Z,-33.36986667,147.95196667,-756.923337528187,-8670.22701964057,645,1,144.644,
729,2017-12-30T03:47:30Z,-33.36993333,147.95211667,-755.923337528187,-8669.22701964057,646,1,144.651,
730,2017-12-30T03:47:31Z,-33.37005000,147.95221667,-754.923337528187,-8668.22701964057,647,1,144.664,
731,2017-12-30T03:47:32Z,-33.37016667,147.95226667,-753.923337528187,-8667.22701964057,648,1,144.676,
732,2017-12-30T03:47:33Z,-33.37028333,147.95228333,-752.923337528187,-8666.22701964057,649,1,144.689,
733,2017-12-30T03:47:34Z,-33.37038333,147.95226667,-751.923337528187,-8665.22701964057,650,1,144.701,
734,2017-12-30T03:47:35Z,-33.37046667,147.95220000,-750.923337528187,-8664.22701964057,651,1,144.71,
735,2017-12-30T03:47:36Z,-33.37051667,147.95211667,-749.923337528187,-8663.22701964057,652,1,144.716,
736,2017-12-30T03:47:37Z,-33.37053333,147.95201667,-748.923337528187,-8662.22701964057,653,1,144.718,
737,2017-12-30T03:47:38Z,-33.37050000,147.95190000,-747.923337528187,-8661.22701964057,654,1,144.715,
738,2017-12-30T03:47:39Z,-33.37040000,147.95180000,-746.923337528187,-8660.22701964057,655,1,144.704,
739,2017-12-30T03:47:40Z,-33.37026667,147.95171667,-745.923337528187,-8659.22701964057,656,1,144.689,
740,2017-12-30T03:47:41Z,-33.37010000,147.95168333,-744.923337528187,-8658.22701964057,657,1,144.671,
741,2017-12-30T03:47:42Z,-33.36993333,147.95171667,-743.923337528187,-8657.22701964057,658,1,144.652,
742,2017-12-30T03:47:43Z,-33.36975000,147.95180000,-742.923337528187,-8656.22701964057,659,1,144.631,
743,2017-12-30T03:47:44Z,-33.36958333,147.95191667,-741.923337528187,-8655.22701964057,660,1,144.613,
744,2017-12-30T03:47:45Z,-33.36943333,147.95206667,-740.923337528187,-8654.22701964057,661,1,144.596,
745,2017-12-30T03:47:46Z,-33.36930000,147.95225000,-739.923337528187,-8653.22701964057,662,1,144.58,
746,2017-12-30T03:47:47Z,-33.36921667,147.95245000,-738.923337528187,-8652.22701964057,663,1,144.57,
747,2017-12-30T03:47:48Z,-33.36915000,147.95266667,-737.923337528187,-8651.22701964057,664,1,144.562,
748,2017-12-30T03:47:49Z,-33.36911667,147.95290000,-736.923337528187,-8650.22701964057,665,1,144.558,
749,2017-12-30T03:47:50Z,-33.36911667,147.95311667,-735.923337528187,-8649.22701964057,666,1,144.557,
750,2017-12-30T03:47:51Z,-33.36911667,147.95333333,-734.923337528187,-8648.22701964057,667,1,144.557,
751,2017-12-30T03:47:52Z,-33.36913333,147.95356667,-733.923337528187,-8647.22701964057,668,1,144.558,
752,2017-12-30T03:47:53Z,-33.36915000,147.95378333,-732.923337528187,-8646.22701964057,669,1,144.559,
753,2017-12-30T03:47:54Z,-33.36916667,147.95400000,-731.923337528187,-8645.22701964057,670,1,144.56,
754,2017-12-30T03:47:55Z,-33.36916667,147.95420000,-730.923337528187,-8644.22701964057,671,1,144.56,
755,2017-12-30T03:47:56Z,-33.36918333,147.95441667,-729.923337528187,-8643.22701964057,672,1,144.561,
756,2017-12-30T03:47:57Z,-33.36921667,147.95460000,-728.923337528187,-8642.22701964057,673,1,144.564,
757,2017-12-30T03:47:58Z,-33.36926667,147.95478333,-727.923337528187,-8641.22701964057,674,1,144.569,
758,2017-12-30T03:47:59Z,-33.36933333,147.95495000,-726.923337528187,-8640.22701964057,675,1,144.576,
759,2017-12-30T03:48:00Z,-33.36940000,147.95510000,-725.923337528187,-8639.22701964057,676,1,144.583,
760,2017-12-30T03:48:01Z,-33.36948333,147.95523333,-724.923337528187,-8638.22701964057,677,1,144.592,
761,2017-12-30T03:48:02Z,-33.36960000,147.95530000,-723.923337528187,-8637.22701964057,678,1,144.605,
762,2017-12-30T03:48:03Z,-33.36970000,147.95533333,-722.923337528187,-8636.22701964057,679,1,144.616,
763,2017-12-30T03:48:04Z,-33.36978333,147.95533333,-721.923337528187,-8635.22701964057,680,1,144.625,
764,2017-12-30T03:48:05Z,-33.36985000,147.95528333,-720.923337528187,-8634.22701964057,681,1,144.633,
765,2017-12-30T03:48:06Z,-33.36991667,147.95520000,-719.923337528187,-8633.22701964057,682,1,144.641,
766,2017-12-30T03:48:07Z,-33.36995000,147.95511667,-718.923337528187,-8632.22701964057,683,1,144.645,
767,2017-12-30T03:48:08Z,-33.36996667,147.95500000,-717.923337528187,-8631.22701964057,684,1,144.647,
768,2017-12-30T03:48:09Z,-33.36993333,147.95488333,-716.923337528187,-8630.22701964057,685,1,144.643,
769,2017-12-30T03:48:10Z,-33.36988333,147.95476667,-715.923337528187,-8629.22701964057,686,1,144.638,
770,2017-12-30T03:48:11Z,-33.36980000,147.95465000,-714.923337528187,-8628.22701964057,687,1,144.629,
771,2017-12-30T03:48:12Z,-33.36968333,147.95458333,-713.923337528187,-8627.22701964057,688,1,144.616,
772,2017-12-30T03:48:13Z,-33.36956667,147.95451667,-712.923337528187,-8626.22701964057,689,1,144.604,
773,2017-12-30T03:48:14Z,-33.36941667,147.95446667,-711.923337528187,-8625.22701964057,690,1,144.587,
774,2017-12-30T03:48:15Z,-33.36925000,147.95445000,-710.923337528187,-8624.22701964057,691,1,144.569,
775,2017-12-30T03:48:16Z,-33.36906667,147.95448333,-709.923337528187,-8623.22701964057,692,1,144.548,
776,2017-12-30T03:48:17Z,-33.36888333,147.95456667,-708.923337528187,-8622.22701964057,693,1,144.527,
777,2017-12-30T03:48:18Z,-33.36870000,147.95468333,-707.923337528187,-8621.22701964057,694,1,144.507,
778,2017-12-30T03:48:19Z,-33.36853333,147.95483333,-706.923337528187,-8620.22701964057,695,1,144.488,
779,2017-12-30T03:48:20Z,-33.36841667,147.95503333,-705.923337528187,-8619.22701964057,696,1,144.474,
780,2017-12-30T03:48:21Z,-33.36835000,147.95523333,-704.923337528187,-8618.22701964057,697,1,144.466,
781,2017-12-30T03:48:22Z,-33.36830000,147.95545000,-703.923337528187,-8617.22701964057,698,1,144.46,
782,2017-12-30T03:48:23Z,-33.36828333,147.95565000,-702.923337528187,-8616.22701964057,699,1,144.458,
783,2017-12-30T03:48:24Z,-33.36831667,147.95585000,-701.923337528187,-8615.22701964057,700,1,144.461,
784,2017-12-30T03:48:25Z,-33.36836667,147.95603333,-700.923337528187,-8614.22701964057,701,1,144.466,
785,2017-12-30T03:48:26Z,-33.36846667,147.95616667,-699.923337528187,-8613.22701964057,702,1,144.477,
786,2017-12-30T03:48:27Z,-33.36856667,147.95625000,-698.923337528187,-8612.22701964057,703,1,144.488,
787,2017-12-30T03:48:28Z,-33.36868333,147.95630000,-697.923337528187,-8611.22701964057,704,1,144.501,
788,2017-12-30T03:48:29Z,-33.36880000,147.95631667,-696.923337528187,-8610.22701964057,705,1,144.514,
789,2017-12-30T03:48:30Z,-33.36890000,147.95630000,-695.923337528187,-8609.22701964057,706,1,144.525,
790,2017-12-30T03:48:31Z,-33.36896667,147.95626667,-694.923337528187,-8608.22701964057,707,1,144.532,
791,2017-12-30T03:48:32Z,-33.36903333,147.95620000,-693.923337528187,-8607.22701964057,708,1,144.54,
792,2017-12-30T03:48:33Z,-33.36906667,147.95611667,-692.923337528187,-8606.22701964057,709,1,144.544,
793,2017-12-30T03:48:34Z,-33.36906667,147.95601667,-691.923337528187,-8605.22701964057,710,1,144.544,
794,2017-12-30T03:48:35Z,-33.36903333,147.95590000,-690.923337528187,-8604.22701964057,711,1,144.541,
795,2017-12-30T03:48:36Z,-33.36898333,147.95580000,-689.923337528187,-8603.22701964057,712,1,144.535,
796,2017-12-30T03:48:37Z,-33.36890000,147.95570000,-688.923337528187,-8602.22701964057,713,1,144.526,
797,2017-12-30T03:48:38Z,-33.36878333,147.95560000,-687.923337528187,-8601.22701964057,714,1,144.514,
798,2017-12-30T03:48:39Z,-33.36863333,147.95553333,-686.923337528187,-8600.22701964057,715,1,144.497,
799,2017-12-30T03:48:40Z,-33.36846667,147.95548333,-685.923337528187,-8599.22701964057,716,1,144.479,
800,2017-12-30T03:48:41Z,-33.36828333,147.95551667,-684.923337528187,-8598.22701964057,717,1,144.458,
801,2017-12-30T03:48:42Z,-33.36810000,147.95558333,-683.923337528187,-8597.22701964057,718,1,144.438,
802,2017-12-30T03:48:43Z,-33.36791667,147.95568333,-682.923337528187,-8596.22701964057,719,1,144.417,
803,2017-12-30T03:48:44Z,-33.36773333,147.95581667,-681.923337528187,-8595.22701964057,720,1,144.396,
804,2017-12-30T03:48:45Z,-33.36760000,147.95601667,-680.923337528187,-8594.22701964057,721,1,144.381,
805,2017-12-30T03:48:46Z,-33.36750000,147.95621667,-679.923337528187,-8593.22701964057,722,1,144.369,
806,2017-12-30T03:48:47Z,-33.36741667,147.95643333,-678.923337528187,-8592.22701964057,723,1,144.359,
807,2017-12-30T03:48:48Z,-33.36733333,147.95666667,-677.923337528187,-8591.22701964057,724,1,144.35,
808,2017-12-30T03:48:49Z,-33.36728333,147.95688333,-676.923337528187,-8590.22701964057,725,1,144.343,
809,2017-12-30T03:48:50Z,-33.36721667,147.95710000,-675.923337528187,-8589.22701964057,726,1,144.336,
810,2017-12-30T03:48:51Z,-33.36716667,147.95731667,-674.923337528187,-8588.22701964057,727,1,144.329,
811,2017-12-30T03:48:52Z,-33.36710000,147.95753333,-673.923337528187,-8587.22701964057,728,1,144.321,
812,2017-12-30T03:48:53Z,-33.36705000,147.95776667,-672.923337528187,-8586.22701964057,729,1,144.315,
813,2017-12-30T03:48:54Z,-33.36701667,147.95798333,-671.923337528187,-8585.22701964057,730,1,144.311,
814,2017-12-30T03:48:55Z,-33.36700000,147.95821667,-670.923337528187,-8584.22701964057,731,1,144.309,
815,2017-12-30T03:48:56Z,-33.36701667,147.95846667,-669.923337528187,-8583.22701964057,732,1,144.31,
816,2017-12-30T03:48:57Z,-33.36703333,147.95870000,-668.923337528187,-8582.22701964057,733,1,144.311,
817,2017-12-30T03:48:58Z,-33.36706667,147.95893333,-667.923337528187,-8581.22701964057,734,1,144.314,
818,2017-12-30T03:48:59Z,-33.36708333,147.95915000,-666.923337528187,-8580.22701964057,735,1,144.316,
819,2017-12-30T03:49:00Z,-33.36710000,147.95936667,-665.923337528187,-8579.22701964057,736,1,144.317,
820,2017-12-30T03:49:01Z,-33.36710000,147.95958333,-664.923337528187,-8578.22701964057,737,1,144.316,
821,2017-12-30T03:49:02Z,-33.36708333,147.95978333,-663.923337528187,-8577.22701964057,738,1,144.314,
822,2017-12-30T03:49:03Z,-33.36705000,147.96000000,-662.923337528187,-8576.22701964057,739,1,144.31,
823,2017-12-30T03:49:04Z,-33.36701667,147.96021667,-661.923337528187,-8575.22701964057,740,1,144.306,
824,2017-12-30T03:49:05Z,-33.36698333,147.96043333,-660.923337528187,-8574.22701964057,741,1,144.301,
825,2017-12-30T03:49:06Z,-33.36695000,147.96065000,-659.923337528187,-8573.22701964057,742,1,144.297,
826,2017-12-30T03:49:07Z,-33.36691667,147.96088333,-658.923337528187,-8572.22701964057,743,1,144.293,
827,2017-12-30T03:49:08Z,-33.36691667,147.96110000,-657.923337528187,-8571.22701964057,744,1,144.292,
828,2017-12-30T03:49:09Z,-33.36695000,147.96131667,-656.923337528187,-8570.22701964057,745,1,144.296,
829,2017-12-30T03:49:10Z,-33.36698333,147.96153333,-655.923337528187,-8569.22701964057,746,1,144.299,
830,2017-12-30T03:49:11Z,-33.36703333,147.96171667,-654.923337528187,-8568.22701964057,747,1,144.304,
831,2017-12-30T03:49:12Z,-33.36710000,147.96188333,-653.923337528187,-8567.22701964057,748,1,144.311,
832,2017-12-30T03:49:13Z,-33.36718333,147.96201667,-652.923337528187,-8566.22701964057,749,1,144.32,
833,2017-12-30T03:49:14Z,-33.36728333,147.96213333,-651.923337528187,-8565.22701964057,750,1,144.331,
834,2017-12-30T03:49:15Z,-33.36740000,147.96223333,-650.923337528187,-8564.22701964057,751,1,144.344,
835,2017-12-30T03:49:16Z,-33.36750000,147.96228333,-649.923337528187,-8563.22701964057,752,1,144.355,
836,2017-12-30T03:49:17Z,-33.36758333,147.96231667,-648.923337528187,-8562.22701964057,753,1,144.364,
837,2017-12-30T03:49:18Z,-33.36768333,147.96233333,-647.923337528187,-8561.22701964057,754,1,144.375,
838,2017-12-30T03:49:19Z,-33.36775000,147.96233333,-646.923337528187,-8560.22701964057,755,1,144.382,
839,2017-12-30T03:49:20Z,-33.36781667,147.96230000,-645.923337528187,-8559.22701964057,756,1,144.39,
840,2017-12-30T03:49:21Z,-33.36786667,147.96225000,-644.923337528187,-8558.22701964057,757,1,144.395,
841,2017-12-30T03:49:22Z,-33.36788333,147.96216667,-643.923337528187,-8557.22701964057,758,1,144.397,
842,2017-12-30T03:49:23Z,-33.36788333,147.96210000,-642.923337528187,-8556.22701964057,759,1,144.398,
843,2017-12-30T03:49:24Z,-33.36785000,147.96201667,-641.923337528187,-8555.22701964057,760,1,144.394,
844,2017-12-30T03:49:25Z,-33.36781667,147.96195000,-640.923337528187,-8554.22701964057,761,1,144.39,
845,2017-12-30T03:49:26Z,-33.36775000,147.96186667,-639.923337528187,-8553.22701964057,762,1,144.383,
846,2017-12-30T03:49:27Z,-33.36770000,147.96178333,-638.923337528187,-8552.22701964057,763,1,144.378,
847,2017-12-30T03:49:28Z,-33.36761667,147.96170000,-637.923337528187,-8551.22701964057,764,1,144.369,
848,2017-12-30T03:49:29Z,-33.36753333,147.96161667,-636.923337528187,-8550.22701964057,765,1,144.36,
849,2017-12-30T03:49:30Z,-33.36743333,147.96153333,-635.923337528187,-8549.22701964057,766,1,144.349,
850,2017-12-30T03:49:31Z,-33.36731667,147.96146667,-634.923337528187,-8548.22701964057,767,1,144.336,
851,2017-12-30T03:49:32Z,-33.36720000,147.96140000,-633.923337528187,-8547.22701964057,768,1,144.323,
852,2017-12-30T03:49:33Z,-33.36705000,147.96135000,-632.923337528187,-8546.22701964057,769,1,144.307,
853,2017-12-30T03:49:34Z,-33.36690000,147.96131667,-631.923337528187,-8545.22701964057,770,1,144.29,
854,2017-12-30T03:49:35Z,-33.36673333,147.96128333,-630.923337528187,-8544.22701964057,771,1,144.272,
855,2017-12-30T03:49:36Z,-33.36655000,147.96128333,-629.923337528187,-8543.22701964057,772,1,144.251,
856,2017-12-30T03:49:37Z,-33.36636667,147.96131667,-628.923337528187,-8542.22701964057,773,1,144.231,
857,2017-12-30T03:49:38Z,-33.36618333,147.96135000,-627.923337528187,-8541.22701964057,774,1,144.21,
858,2017-12-30T03:49:39Z,-33.36601667,147.96141667,-626.923337528187,-8540.22701964057,775,1,144.192,
859,2017-12-30T03:49:40Z,-33.36583333,147.96150000,-625.923337528187,-8539.22701964057,776,1,144.171,
860,2017-12-30T03:49:41Z,-33.36568333,147.96160000,-624.923337528187,-8538.22701964057,777,1,144.154,
861,2017-12-30T03:49:42Z,-33.36553333,147.96173333,-623.923337528187,-8537.22701964057,778,1,144.137,
862,2017-12-30T03:49:43Z,-33.36538333,147.96188333,-622.923337528187,-8536.22701964057,779,1,144.12,
863,2017-12-30T03:49:44Z,-33.36526667,147.96205000,-621.923337528187,-8535.22701964057,780,1,144.107,
864,2017-12-30T03:49:45Z,-33.36515000,147.96225000,-620.923337528187,-8534.22701964057,781,1,144.093,
865,2017-12-30T03:49:46Z,-33.36503333,147.96245000,-619.923337528187,-8533.22701964057,782,1,144.08,
866,2017-12-30T03:49:47Z,-33.36493333,147.96266667,-618.923337528187,-8532.22701964057,783,1,144.068,
867,2017-12-30T03:49:48Z,-33.36485000,147.96290000,-617.923337528187,-8531.22701964057,784,1,144.059,
868,2017-12-30T03:49:49Z,-33.36478333,147.96311667,-616.923337528187,-8530.22701964057,785,1,144.051,
869,2017-12-30T03:49:50Z,-33.36471667,147.96333333,-615.923337528187,-8529.22701964057,786,1,144.043,
870,2017-12-30T03:49:51Z,-33.36468333,147.96355000,-614.923337528187,-8528.22701964057,787,1,144.039,
871,2017-12-30T03:49:52Z,-33.36468333,147.96376667,-613.923337528187,-8527.22701964057,788,1,144.038,
872,2017-12-30T03:49:53Z,-33.36468333,147.96398333,-612.923337528187,-8526.22701964057,789,1,144.038,
873,2017-12-30T03:49:54Z,-33.36470000,147.96420000,-611.923337528187,-8525.22701964057,790,1,144.039,
874,2017-12-30T03:49:55Z,-33.36473333,147.96440000,-610.923337528187,-8524.22701964057,791,1,144.042,
875,2017-12-30T03:49:56Z,-33.36478333,147.96458333,-609.923337528187,-8523.22701964057,792,1,144.048,
876,2017-12-30T03:49:57Z,-33.36483333,147.96476667,-608.923337528187,-8522.22701964057,793,1,144.053,
877,2017-12-30T03:49:58Z,-33.36490000,147.96495000,-607.923337528187,-8521.22701964057,794,1,144.06,
878,2017-12-30T03:49:59Z,-33.36496667,147.96511667,-606.923337528187,-8520.22701964057,795,1,144.067,
879,2017-12-30T03:50:00Z,-33.36505000,147.96528333,-605.923337528187,-8519.22701964057,796,1,144.076,
880,2017-12-30T03:50:01Z,-33.36513333,147.96545000,-604.923337528187,-8518.22701964057,797,1,144.085,
881,2017-12-30T03:50:02Z,-33.36521667,147.96560000,-603.923337528187,-8517.22701964057,798,1,144.094,
882,2017-12-30T03:50:03Z,-33.36530000,147.96573333,-602.923337528187,-8516.22701964057,799,1,144.103,
883,2017-12-30T03:50:04Z,-33.36538333,147.96585000,-601.923337528187,-8515.22701964057,800,1,144.112,
884,2017-12-30T03:50:05Z,-33.36548333,147.96596667,-600.923337528187,-8514.22701964057,801,1,144.122,
885,2017-12-30T03:50:06Z,-33.36558333,147.96605000,-599.923337528187,-8513.22701964057,802,1,144.133,
886,2017-12-30T03:50:07Z,-33.36568333,147.96610000,-598.923337528187,-8512.22701964057,803,1,144.144,
887,2017-12-30T03:50:08Z,-33.36576667,147.96611667,-597.923337528187,-8511.22701964057,804,1,144.154,
888,2017-12-30T03:50:09Z,-33.36585000,147.96610000,-596.923337528187,-8510.22701964057,805,1,144.163,
889,2017-12-30T03:50:10Z,-33.36591667,147.96606667,-595.923337528187,-8509.22701964057,806,1,144.17,
890,2017-12-30T03:50:11Z,-33.36596667,147.96600000,-594.923337528187,-8508.22701964057,807,1,144.176,
891,2017-12-30T03:50:12Z,-33.36598333,147.96593333,-593.923337528187,-8507.22701964057,808,1,144.178,
892,2017-12-30T03:50:13Z,-33.36598333,147.96583333,-592.923337528187,-8506.22701964057,809,1,144.178,
893,2017-12-30T03:50:14Z,-33.36595000,147.96573333,-591.923337528187,-8505.22701964057,810,1,144.175,
894,2017-12-30T03:50:15Z,-33.36586667,147.96561667,-590.923337528187,-8504.22701964057,811,1,144.166,
895,2017-12-30T03:50:16Z,-33.36576667,147.96551667,-589.923337528187,-8503.22701964057,812,1,144.155,
896,2017-12-30T03:50:17Z,-33.36565000,147.96540000,-588.923337528187,-8502.22701964057,813,1,144.142,
897,2017-12-30T03:50:18Z,-33.36551667,147.96531667,-587.923337528187,-8501.22701964057,814,1,144.128,
898,2017-12-30T03:50:19Z,-33.36538333,147.96525000,-586.923337528187,-8500.22701964057,815,1,144.113,
899,2017-12-30T03:50:20Z,-33.36523333,147.96520000,-585.923337528187,-8499.22701964057,816,1,144.096,
900,2017-12-30T03:50:21Z,-33.36508333,147.96516667,-584.923337528187,-8498.22701964057,817,1,144.08,
901,2017-12-30T03:50:22Z,-33.36491667,147.96513333,-583.923337528187,-8497.22701964057,818,1,144.061,
902,2017-12-30T03:50:23Z,-33.36473333,147.96513333,-582.923337528187,-8496.22701964057,819,1,144.041,
903,2017-12-30T03:50:24Z,-33.36453333,147.96515000,-581.923337528187,-8495.22701964057,820,1,144.019,
904,2017-12-30T03:50:25Z,-33.36433333,147.96516667,-580.923337528187,-8494.22701964057,821,1,143.996,
905,2017-12-30T03:50:26Z,-33.36415000,147.96520000,-579.923337528187,-8493.22701964057,822,1,143.976,
906,2017-12-30T03:50:27Z,-33.36396667,147.96523333,-578.923337528187,-8492.22701964057,823,1,143.955,
907,2017-12-30T03:50:28Z,-33.36378333,147.96526667,-577.923337528187,-8491.22701964057,824,1,143.935,
908,2017-12-30T03:50:29Z,-33.36361667,147.96530000,-576.923337528187,-8490.22701964057,825,1,143.916,
909,2017-12-30T03:50:30Z,-33.36343333,147.96533333,-575.923337528187,-8489.22701964057,826,1,143.896,
910,2017-12-30T03:50:31Z,-33.36326667,147.96536667,-574.923337528187,-8488.22701964057,827,1,143.877,
911,2017-12-30T03:50:32Z,-33.36308333,147.96543333,-573.923337528187,-8487.22701964057,828,1,143.857,
912,2017-12-30T03:50:33Z,-33.36290000,147.96548333,-572.923337528187,-8486.22701964057,829,1,143.836,
913,2017-12-30T03:50:34Z,-33.36271667,147.96555000,-571.923337528187,-8485.22701964057,830,1,143.816,
914,2017-12-30T03:50:35Z,-33.36255000,147.96561667,-570.923337528187,-8484.22701964057,831,1,143.797,
915,2017-12-30T03:50:36Z,-33.36236667,147.96568333,-569.923337528187,-8483.22701964057,832,1,143.777,
916,2017-12-30T03:50:37Z,-33.36220000,147.96575000,-568.923337528187,-8482.22701964057,833,1,143.758,
917,2017-12-30T03:50:38Z,-33.36201667,147.96583333,-567.923337528187,-8481.22701964057,834,1,143.737,
918,2017-12-30T03:50:39Z,-33.36185000,147.96590000,-566.923337528187,-8480.22701964057,835,1,143.719,
919,2017-12-30T03:50:40Z,-33.36166667,147.96598333,-565.923337528187,-8479.22701964057,836,1,143.698,
920,2017-12-30T03:50:41Z,-33.36150000,147.96605000,-564.923337528187,-8478.22701964057,837,1,143.679,
921,2017-12-30T03:50:42Z,-33.36133333,147.96613333,-563.923337528187,-8477.22701964057,838,1,143.661,
922,2017-12-30T03:50:43Z,-33.36118333,147.96620000,-562.923337528187,-8476.22701964057,839,1,143.644,
923,2017-12-30T03:50:44Z,-33.36101667,147.96628333,-561.923337528187,-8475.22701964057,840,1,143.625,
924,2017-12-30T03:50:45Z,-33.36083333,147.96638333,-560.923337528187,-8474.22701964057,841,1,143.605,
925,2017-12-30T03:50:46Z,-33.36066667,147.96648333,-559.923337528187,-8473.22701964057,842,1,143.586,
926,2017-12-30T03:50:47Z,-33.36048333,147.96658333,-558.923337528187,-8472.22701964057,843,1,143.565,
927,2017-12-30T03:50:48Z,-33.36031667,147.96668333,-557.923337528187,-8471.22701964057,844,1,143.547,
928,2017-12-30T03:50:49Z,-33.36015000,147.96678333,-556.923337528187,-8470.22701964057,845,1,143.528,
929,2017-12-30T03:50:50Z,-33.35998333,147.96688333,-555.923337528187,-8469.22701964057,846,1,143.509,
930,2017-12-30T03:50:51Z,-33.35981667,147.96698333,-554.923337528187,-8468.22701964057,847,1,143.49,
931,2017-12-30T03:50:52Z,-33.35963333,147.96708333,-553.923337528187,-8467.22701964057,848,1,143.47,
932,2017-12-30T03:50:53Z,-33.35945000,147.96718333,-552.923337528187,-8466.22701964057,849,1,143.449,
933,2017-12-30T03:50:54Z,-33.35926667,147.96728333,-551.923337528187,-8465.22701964057,850,1,143.429,
934,2017-12-30T03:50:55Z,-33.35910000,147.96738333,-550.923337528187,-8464.22701964057,851,1,143.41,
935,2017-12-30T03:50:56Z,-33.35890000,147.96746667,-549.923337528187,-8463.22701964057,852,1,143.388,
936,2017-12-30T03:50:57Z,-33.35871667,147.96755000,-548.923337528187,-8462.22701964057,853,1,143.367,
937,2017-12-30T03:50:58Z,-33.35853333,147.96761667,-547.923337528187,-8461.22701964057,854,1,143.347,
938,2017-12-30T03:50:59Z,-33.35835000,147.96768333,-546.923337528187,-8460.22701964057,855,1,143.326,
939,2017-12-30T03:51:00Z,-33.35815000,147.96776667,-545.923337528187,-8459.22701964057,856,1,143.304,
940,2017-12-30T03:51:01Z,-33.35795000,147.96783333,-544.923337528187,-8458.22701964057,857,1,143.281,
941,2017-12-30T03:51:02Z,-33.35776667,147.96793333,-543.923337528187,-8457.22701964057,858,1,143.261,
942,2017-12-30T03:51:03Z,-33.35760000,147.96803333,-542.923337528187,-8456.22701964057,859,1,143.242,
943,2017-12-30T03:51:04Z,-33.35743333,147.96811667,-541.923337528187,-8455.22701964057,860,1,143.223,
944,2017-12-30T03:51:05Z,-33.35728333,147.96821667,-540.923337528187,-8454.22701964057,861,1,143.206,
945,2017-12-30T03:51:06Z,-33.35711667,147.96830000,-539.923337528187,-8453.22701964057,862,1,143.188,
946,2017-12-30T03:51:07Z,-33.35693333,147.96838333,-538.923337528187,-8452.22701964057,863,1,143.167,
947,2017-12-30T03:51:08Z,-33.35675000,147.96848333,-537.923337528187,-8451.22701964057,864,1,143.147,
948,2017-12-30T03:51:09Z,-33.35656667,147.96858333,-536.923337528187,-8450.22701964057,865,1,143.126,
949,2017-12-30T03:51:10Z,-33.35638333,147.96868333,-535.923337528187,-8449.22701964057,866,1,143.106,
950,2017-12-30T03:51:11Z,-33.35620000,147.96878333,-534.923337528187,-8448.22701964057,867,1,143.085,
951,2017-12-30T03:51:12Z,-33.35603333,147.96886667,-533.923337528187,-8447.22701964057,868,1,143.066,
952,2017-12-30T03:51:13Z,-33.35586667,147.96896667,-532.923337528187,-8446.22701964057,869,1,143.048,
953,2017-12-30T03:51:14Z,-33.35570000,147.96905000,-531.923337528187,-8445.22701964057,870,1,143.029,
954,2017-12-30T03:51:15Z,-33.35553333,147.96913333,-530.923337528187,-8444.22701964057,871,1,143.01,
955,2017-12-30T03:51:16Z,-33.35536667,147.96921667,-529.923337528187,-8443.22701964057,872,1,142.992,
956,2017-12-30T03:51:17Z,-33.35520000,147.96928333,-528.923337528187,-8442.22701964057,873,1,142.973,
957,2017-12-30T03:51:18Z,-33.35503333,147.96936667,-527.923337528187,-8441.22701964057,874,1,142.954,
958,2017-12-30T03:51:19Z,-33.35486667,147.96945000,-526.923337528187,-8440.22701964057,875,1,142.936,
959,2017-12-30T03:51:20Z,-33.35470000,147.96951667,-525.923337528187,-8439.22701964057,876,1,142.917,
960,2017-12-30T03:51:21Z,-33.35453333,147.96958333,-524.923337528187,-8438.22701964057,877,1,142.898,
961,2017-12-30T03:51:22Z,-33.35436667,147.96965000,-523.923337528187,-8437.22701964057,878,1,142.88,
962,2017-12-30T03:51:23Z,-33.35420000,147.96971667,-522.923337528187,-8436.22701964057,879,1,142.861,
963,2017-12-30T03:51:24Z,-33.35403333,147.96978333,-521.923337528187,-8435.22701964057,880,1,142.842,
964,2017-12-30T03:51:25Z,-33.35388333,147.96985000,-520.923337528187,-8434.22701964057,881,1,142.825,
965,2017-12-30T03:51:26Z,-33.35371667,147.96991667,-519.923337528187,-8433.22701964057,882,1,142.807,
966,2017-12-30T03:51:27Z,-33.35356667,147.96998333,-518.923337528187,-8432.22701964057,883,1,142.79,
967,2017-12-30T03:51:28Z,-33.35340000,147.97006667,-517.923337528187,-8431.22701964057,884,1,142.771,
968,2017-12-30T03:51:29Z,-33.35323333,147.97013333,-516.923337528187,-8430.22701964057,885,1,142.753,
969,2017-12-30T03:51:30Z,-33.35306667,147.97021667,-515.923337528187,-8429.22701964057,886,1,142.734,
970,2017-12-30T03:51:31Z,-33.35290000,147.97031667,-514.923337528187,-8428.22701964057,887,1,142.715,
971,2017-12-30T03:51:32Z,-33.35271667,147.97040000,-513.923337528187,-8427.22701964057,888,1,142.695,
972,2017-12-30T03:51:33Z,-33.35255000,147.97051667,-512.923337528187,-8426.22701964057,889,1,142.676,
973,2017-12-30T03:51:34Z,-33.35238333,147.97061667,-511.923337528187,-8425.22701964057,890,1,142.657,
974,2017-12-30T03:51:35Z,-33.35221667,147.97071667,-510.923337528187,-8424.22701964057,891,1,142.639,
975,2017-12-30T03:51:36Z,-33.35203333,147.97081667,-509.923337528187,-8423.22701964057,892,1,142.618,
976,2017-12-30T03:51:37Z,-33.35186667,147.97090000,-508.923337528187,-8422.22701964057,893,1,142.599,
977,2017-12-30T03:51:38Z,-33.35168333,147.97098333,-507.923337528187,-8421.22701964057,894,1,142.579,
978,2017-12-30T03:51:39Z,-33.35151667,147.97105000,-506.923337528187,-8420.22701964057,895,1,142.56,
979,2017-12-30T03:51:40Z,-33.35135000,147.97111667,-505.923337528187,-8419.22701964057,896,1,142.542,
980,2017-12-30T03:51:41Z,-33.35116667,147.97116667,-504.923337528187,-8418.22701964057,897,1,142.521,
981,2017-12-30T03:51:42Z,-33.35098333,147.97121667,-503.923337528187,-8417.22701964057,898,1,142.501,
982,2017-12-30T03:51:43Z,-33.35081667,147.97126667,-502.923337528187,-8416.22701964057,899,1,142.482,
983,2017-12-30T03:51:44Z,-33.35063333,147.97131667,-501.923337528187,-8415.22701964057,900,1,142.462,
984,2017-12-30T03:51:45Z,-33.35045000,147.97136667,-500.923337528187,-8414.22701964057,901,1,142.441,
985,2017-12-30T03:51:46Z,-33.35026667,147.97143333,-499.923337528187,-8413.22701964057,902,1,142.421,
986,2017-12-30T03:51:47Z,-33.35008333,147.97148333,-498.923337528187,-8412.22701964057,903,1,142.4,
987,2017-12-30T03:51:48Z,-33.34990000,147.97153333,-497.923337528187,-8411.22701964057,904,1,142.38,
988,2017-12-30T03:51:49Z,-33.34971667,147.97160000,-496.923337528187,-8410.22701964057,905,1,142.359,
989,2017-12-30T03:51:50Z,-33.34955000,147.97163333,-495.923337528187,-8409.22701964057,906,1,142.34,
990,2017-12-30T03:51:51Z,-33.34938333,147.97166667,-494.923337528187,-8408.22701964057,907,1,142.322,
991,2017-12-30T03:51:52Z,-33.34921667,147.97166667,-493.923337528187,-8407.22701964057,908,1,142.303,
992,2017-12-30T03:51:53Z,-33.34906667,147.97166667,-492.923337528187,-8406.22701964057,909,1,142.287,
993,2017-12-30T03:51:54Z,-33.34893333,147.97166667,-491.923337528187,-8405.22701964057,910,1,142.272,
994,2017-12-30T03:51:55Z,-33.34878333,147.97165000,-490.923337528187,-8404.22701964057,911,1,142.255,
995,2017-12-30T03:51:56Z,-33.34863333,147.97165000,-489.923337528187,-8403.22701964057,912,1,142.239,
996,2017-12-30T03:51:57Z,-33.34846667,147.97165000,-488.923337528187,-8402.22701964057,913,1,142.22,
997,2017-12-30T03:51:58Z,-33.34830000,147.97165000,-487.923337528187,-8401.22701964057,914,1,142.201,
998,2017-12-30T03:51:59Z,-33.34813333,147.97168333,-486.923337528187,-8400.22701964057,915,1,142.183,
999,2017-12-30T03:52:00Z,-33.34796667,147.97171667,-485.923337528187,-8399.22701964057,916,1,142.164,
1000,2017-12-30T03:52:01Z,-33.34778333,147.97175000,-484.923337528187,-8398.22701964057,917,1,142.144,
1001,2017-12-30T03:52:02Z,-33.34760000,147.97178333,-483.923337528187,-8397.22701964057,918,1,142.123,
1002,2017-12-30T03:52:03Z,-33.34743333,147.97183333,-482.923337528187,-8396.22701964057,919,1,142.105,
1003,2017-12-30T03:52:04Z,-33.34725000,147.97188333,-481.923337528187,-8395.22701964057,920,1,142.084,
1004,2017-12-30T03:52:05Z,-33.34706667,147.97193333,-480.923337528187,-8394.22701964057,921,1,142.064,
1005,2017-12-30T03:52:06Z,-33.34688333,147.97198333,-479.923337528187,-8393.22701964057,922,1,142.043,
1006,2017-12-30T03:52:07Z,-33.34671667,147.97205000,-478.923337528187,-8392.22701964057,923,1,142.025,
1007,2017-12-30T03:52:08Z,-33.34653333,147.97211667,-477.923337528187,-8391.22701964057,924,1,142.004,
1008,2017-12-30T03:52:09Z,-33.34635000,147.97218333,-476.923337528187,-8390.22701964057,925,1,141.984,
1009,2017-12-30T03:52:10Z,-33.34618333,147.97225000,-475.923337528187,-8389.22701964057,926,1,141.965,
1010,2017-12-30T03:52:11Z,-33.34600000,147.97231667,-474.923337528187,-8388.22701964057,927,1,141.944,
1011,2017-12-30T03:52:12Z,-33.34581667,147.97238333,-473.923337528187,-8387.22701964057,928,1,141.924,
1012,2017-12-30T03:52:13Z,-33.34561667,147.97245000,-472.923337528187,-8386.22701964057,929,1,141.902,
1013,2017-12-30T03:52:14Z,-33.34543333,147.97251667,-471.923337528187,-8385.22701964057,930,1,141.881,
1014,2017-12-30T03:52:15Z,-33.34525000,147.97256667,-470.923337528187,-8384.22701964057,931,1,141.861,
1015,2017-12-30T03:52:16Z,-33.34506667,147.97263333,-469.923337528187,-8383.22701964057,932,1,141.84,
1016,2017-12-30T03:52:17Z,-33.34488333,147.97268333,-468.923337528187,-8382.22701964057,933,1,141.82,
1017,2017-12-30T03:52:18Z,-33.34470000,147.97271667,-467.923337528187,-8381.22701964057,934,1,141.799,
1018,2017-12-30T03:52:19Z,-33.34453333,147.97275000,-466.923337528187,-8380.22701964057,935,1,141.781,
1019,2017-12-30T03:52:20Z,-33.34435000,147.97280000,-465.923337528187,-8379.22701964057,936,1,141.76,
1020,2017-12-30T03:52:21Z,-33.34418333,147.97283333,-464.923337528187,-8378.22701964057,937,1,141.742,
1021,2017-12-30T03:52:22Z,-33.34401667,147.97286667,-463.923337528187,-8377.22701964057,938,1,141.723,
1022,2017-12-30T03:52:23Z,-33.34383333,147.97291667,-462.923337528187,-8376.22701964057,939,1,141.702,
1023,2017-12-30T03:52:24Z,-33.34366667,147.97296667,-461.923337528187,-8375.22701964057,940,1,141.684,
1024,2017-12-30T03:52:25Z,-33.34350000,147.97301667,-460.923337528187,-8374.22701964057,941,1,141.665,
1025,2017-12-30T03:52:26Z,-33.34331667,147.97306667,-459.923337528187,-8373.22701964057,942,1,141.645,
1026,2017-12-30T03:52:27Z,-33.34313333,147.97311667,-458.923337528187,-8372.22701964057,943,1,141.624,
1027,2017-12-30T03:52:28Z,-33.34295000,147.97315000,-457.923337528187,-8371.22701964057,944,1,141.604,
1028,2017-12-30T03:52:29Z,-33.34278333,147.97318333,-456.923337528187,-8370.22701964057,945,1,141.585,
1029,2017-12-30T03:52:30Z,-33.34260000,147.97321667,-455.923337528187,-8369.22701964057,946,1,141.565,
1030,2017-12-30T03:52:31Z,-33.34243333,147.97326667,-454.923337528187,-8368.22701964057,947,1,141.546,
1031,2017-12-30T03:52:32Z,-33.34225000,147.97330000,-453.923337528187,-8367.22701964057,948,1,141.526,
1032,2017-12-30T03:52:33Z,-33.34208333,147.97333333,-452.923337528187,-8366.22701964057,949,1,141.507,
1033,2017-12-30T03:52:34Z,-33.34191667,147.97336667,-451.923337528187,-8365.22701964057,950,1,141.489,
1034,2017-12-30T03:52:35Z,-33.34175000,147.97341667,-450.923337528187,-8364.22701964057,951,1,141.47,
1035,2017-12-30T03:52:36Z,-33.34160000,147.97345000,-449.923337528187,-8363.22701964057,952,1,141.453,
1036,2017-12-30T03:52:37Z,-33.34143333,147.97348333,-448.923337528187,-8362.22701964057,953,1,141.435,
1037,2017-12-30T03:52:38Z,-33.34126667,147.97350000,-447.923337528187,-8361.22701964057,954,1,141.416,
1038,2017-12-30T03:52:39Z,-33.34110000,147.97351667,-446.923337528187,-8360.22701964057,955,1,141.397,
1039,2017-12-30T03:52:40Z,-33.34093333,147.97353333,-445.923337528187,-8359.22701964057,956,1,141.379,
1040,2017-12-30T03:52:41Z,-33.34076667,147.97353333,-444.923337528187,-8358.22701964057,957,1,141.36,
1041,2017-12-30T03:52:42Z,-33.34060000,147.97355000,-443.923337528187,-8357.22701964057,958,1,141.342,
1042,2017-12-30T03:52:43Z,-33.34043333,147.97356667,-442.923337528187,-8356.22701964057,959,1,141.323,
1043,2017-12-30T03:52:44Z,-33.34028333,147.97358333,-441.923337528187,-8355.22701964057,960,1,141.307,
1044,2017-12-30T03:52:45Z,-33.34011667,147.97360000,-440.923337528187,-8354.22701964057,961,1,141.288,
1045,2017-12-30T03:52:46Z,-33.33995000,147.97361667,-439.923337528187,-8353.22701964057,962,1,141.269,
1046,2017-12-30T03:52:47Z,-33.33978333,147.97363333,-438.923337528187,-8352.22701964057,963,1,141.251,
1047,2017-12-30T03:52:48Z,-33.33961667,147.97366667,-437.923337528187,-8351.22701964057,964,1,141.232,
1048,2017-12-30T03:52:49Z,-33.33943333,147.97368333,-436.923337528187,-8350.22701964057,965,1,141.212,
1049,2017-12-30T03:52:50Z,-33.33926667,147.97370000,-435.923337528187,-8349.22701964057,966,1,141.193,
1050,2017-12-30T03:52:51Z,-33.33910000,147.97371667,-434.923337528187,-8348.22701964057,967,1,141.175,
1051,2017-12-30T03:52:52Z,-33.33893333,147.97373333,-433.923337528187,-8347.22701964057,968,1,141.156,
1052,2017-12-30T03:52:53Z,-33.33876667,147.97376667,-432.923337528187,-8346.22701964057,969,1,141.138,
1053,2017-12-30T03:52:54Z,-33.33860000,147.97378333,-431.923337528187,-8345.22701964057,970,1,141.119,
1054,2017-12-30T03:52:55Z,-33.33843333,147.97380000,-430.923337528187,-8344.22701964057,971,1,141.1,
1055,2017-12-30T03:52:56Z,-33.33826667,147.97380000,-429.923337528187,-8343.22701964057,972,1,141.082,
1056,2017-12-30T03:52:57Z,-33.33810000,147.97381667,-428.923337528187,-8342.22701964057,973,1,141.063,
1057,2017-12-30T03:52:58Z,-33.33793333,147.97381667,-427.923337528187,-8341.22701964057,974,1,141.045,
1058,2017-12-30T03:52:59Z,-33.33776667,147.97383333,-426.923337528187,-8340.22701964057,975,1,141.026,
1059,2017-12-30T03:53:00Z,-33.33760000,147.97386667,-425.923337528187,-8339.22701964057,976,1,141.008,
1060,2017-12-30T03:53:01Z,-33.33741667,147.97390000,-424.923337528187,-8338.22701964057,977,1,140.987,
1061,2017-12-30T03:53:02Z,-33.33725000,147.97393333,-423.923337528187,-8337.22701964057,978,1,140.969,
1062,2017-12-30T03:53:03Z,-33.33706667,147.97396667,-422.923337528187,-8336.22701964057,979,1,140.948,
1063,2017-12-30T03:53:04Z,-33.33690000,147.97400000,-421.923337528187,-8335.22701964057,980,1,140.93,
1064,2017-12-30T03:53:05Z,-33.33671667,147.97403333,-420.923337528187,-8334.22701964057,981,1,140.909,
1065,2017-12-30T03:53:06Z,-33.33655000,147.97406667,-419.923337528187,-8333.22701964057,982,1,140.891,
1066,2017-12-30T03:53:07Z,-33.33636667,147.97408333,-418.923337528187,-8332.22701964057,983,1,140.87,
1067,2017-12-30T03:53:08Z,-33.33618333,147.97408333,-417.923337528187,-8331.22701964057,984,1,140.85,
1068,2017-12-30T03:53:09Z,-33.33600000,147.97408333,-416.923337528187,-8330.22701964057,985,1,140.829,
1069,2017-12-30T03:53:10Z,-33.33581667,147.97406667,-415.923337528187,-8329.22701964057,986,1,140.809,
1070,2017-12-30T03:53:11Z,-33.33563333,147.97406667,-414.923337528187,-8328.22701964057,987,1,140.789,
1071,2017-12-30T03:53:12Z,-33.33543333,147.97408333,-413.923337528187,-8327.22701964057,988,1,140.766,
1072,2017-12-30T03:53:13Z,-33.33525000,147.97411667,-412.923337528187,-8326.22701964057,989,1,140.746,
1073,2017-12-30T03:53:14Z,-33.33506667,147.97413333,-411.923337528187,-8325.22701964057,990,1,140.726,
1074,2017-12-30T03:53:15Z,-33.33488333,147.97418333,-410.923337528187,-8324.22701964057,991,1,140.705,
1075,2017-12-30T03:53:16Z,-33.33470000,147.97426667,-409.923337528187,-8323.22701964057,992,1,140.685,
1076,2017-12-30T03:53:17Z,-33.33451667,147.97438333,-408.923337528187,-8322.22701964057,993,1,140.664,
1077,2017-12-30T03:53:18Z,-33.33435000,147.97455000,-407.923337528187,-8321.22701964057,994,1,140.645,
1078,2017-12-30T03:53:19Z,-33.33420000,147.97473333,-406.923337528187,-8320.22701964057,995,1,140.628,
1079,2017-12-30T03:53:20Z,-33.33410000,147.97493333,-405.923337528187,-8319.22701964057,996,1,140.617,
1080,2017-12-30T03:53:21Z,-33.33401667,147.97516667,-404.923337528187,-8318.22701964057,997,1,140.607,
1081,2017-12-30T03:53:22Z,-33.33400000,147.97540000,-403.923337528187,-8317.22701964057,998,1,140.605,
1082,2017-12-30T03:53:23Z,-33.33405000,147.97563333,-402.923337528187,-8316.22701964057,999,1,140.61,
1083,2017-12-30T03:53:24Z,-33.33411667,147.97581667,-401.923337528187,-8315.22701964057,1000,1,140.617,
1084,2017-12-30T03:53:25Z,-33.33420000,147.97595000,-400.923337528187,-8314.22701964057,1001,1,140.626,
1085,2017-12-30T03:53:26Z,-33.33430000,147.97601667,-399.923337528187,-8313.22701964057,1002,1,140.637,
1086,2017-12-30T03:53:27Z,-33.33438333,147.97603333,-398.923337528187,-8312.22701964057,1003,1,140.646,
1087,2017-12-30T03:53:28Z,-33.33445000,147.97601667,-397.923337528187,-8311.22701964057,1004,1,140.654,
1088,2017-12-30T03:53:29Z,-33.33451667,147.97598333,-396.923337528187,-8310.22701964057,1005,1,140.661,
1089,2017-12-30T03:53:30Z,-33.33458333,147.97595000,-395.923337528187,-8309.22701964057,1006,1,140.669,
1090,2017-12-30T03:53:31Z,-33.33463333,147.97588333,-394.923337528187,-8308.22701964057,1007,1,140.674,
1091,2017-12-30T03:53:32Z,-33.33466667,147.97580000,-393.923337528187,-8307.22701964057,1008,1,140.678,
1092,2017-12-30T03:53:33Z,-33.33465000,147.97571667,-392.923337528187,-8306.22701964057,1009,1,140.676,
1093,2017-12-30T03:53:34Z,-33.33461667,147.97561667,-391.923337528187,-8305.22701964057,1010,1,140.673,
1094,2017-12-30T03:53:35Z,-33.33453333,147.97553333,-390.923337528187,-8304.22701964057,1011,1,140.664,
1095,2017-12-30T03:53:36Z,-33.33446667,147.97545000,-389.923337528187,-8303.22701964057,1012,1,140.657,
1096,2017-12-30T03:53:37Z,-33.33440000,147.97536667,-388.923337528187,-8302.22701964057,1013,1,140.649,
1097,2017-12-30T03:53:38Z,-33.33431667,147.97528333,-387.923337528187,-8301.22701964057,1014,1,140.64,
1098,2017-12-30T03:53:39Z,-33.33425000,147.97521667,-386.923337528187,-8300.22701964057,1015,1,140.633,
1099,2017-12-30T03:53:40Z,-33.33416667,147.97516667,-385.923337528187,-8299.22701964057,1016,1,140.624,
1100,2017-12-30T03:53:41Z,-33.33405000,147.97513333,-384.923337528187,-8298.22701964057,1017,1,140.611,
1101,2017-12-30T03:53:42Z,-33.33391667,147.97511667,-383.923337528187,-8297.22701964057,1018,1,140.596,
1102,2017-12-30T03:53:43Z,-33.33373333,147.97513333,-382.923337528187,-8296.22701964057,1019,1,140.576,
1103,2017-12-30T03:53:44Z,-33.33356667,147.97513333,-381.923337528187,-8295.22701964057,1020,1,140.557,
1104,2017-12-30T03:53:45Z,-33.33338333,147.97515000,-380.923337528187,-8294.22701964057,1021,1,140.537,
1105,2017-12-30T03:53:46Z,-33.33321667,147.97516667,-379.923337528187,-8293.22701964057,1022,1,140.518,
1106,2017-12-30T03:53:47Z,-33.33303333,147.97520000,-378.923337528187,-8292.22701964057,1023,1,140.498,
1107,2017-12-30T03:53:48Z,-33.33286667,147.97523333,-377.923337528187,-8291.22701964057,1024,1,140.479,
1108,2017-12-30T03:53:49Z,-33.33268333,147.97528333,-376.923337528187,-8290.22701964057,1025,1,140.459,
1109,2017-12-30T03:53:50Z,-33.33251667,147.97533333,-375.923337528187,-8289.22701964057,1026,1,140.44,
1110,2017-12-30T03:53:51Z,-33.33233333,147.97540000,-374.923337528187,-8288.22701964057,1027,1,140.419,
1111,2017-12-30T03:53:52Z,-33.33215000,147.97546667,-373.923337528187,-8287.22701964057,1028,1,140.399,
1112,2017-12-30T03:53:53Z,-33.33196667,147.97553333,-372.923337528187,-8286.22701964057,1029,1,140.378,
1113,2017-12-30T03:53:54Z,-33.33176667,147.97560000,-371.923337528187,-8285.22701964057,1030,1,140.356,
1114,2017-12-30T03:53:55Z,-33.33156667,147.97570000,-370.923337528187,-8284.22701964057,1031,1,140.334,
1115,2017-12-30T03:53:56Z,-33.33138333,147.97580000,-369.923337528187,-8283.22701964057,1032,1,140.313,
1116,2017-12-30T03:53:57Z,-33.33120000,147.97591667,-368.923337528187,-8282.22701964057,1033,1,140.293,
1117,2017-12-30T03:53:58Z,-33.33103333,147.97601667,-367.923337528187,-8281.22701964057,1034,1,140.274,
1118,2017-12-30T03:53:59Z,-33.33086667,147.97613333,-366.923337528187,-8280.22701964057,1035,1,140.255,
1119,2017-12-30T03:54:00Z,-33.33068333,147.97625000,-365.923337528187,-8279.22701964057,1036,1,140.235,
1120,2017-12-30T03:54:01Z,-33.33051667,147.97636667,-364.923337528187,-8278.22701964057,1037,1,140.216,
1121,2017-12-30T03:54:02Z,-33.33033333,147.97648333,-363.923337528187,-8277.22701964057,1038,1,140.195,
1122,2017-12-30T03:54:03Z,-33.33016667,147.97661667,-362.923337528187,-8276.22701964057,1039,1,140.176,
1123,2017-12-30T03:54:04Z,-33.32998333,147.97675000,-361.923337528187,-8275.22701964057,1040,1,140.156,
1124,2017-12-30T03:54:05Z,-33.32981667,147.97688333,-360.923337528187,-8274.22701964057,1041,1,140.137,
1125,2017-12-30T03:54:06Z,-33.32963333,147.97701667,-359.923337528187,-8273.22701964057,1042,1,140.117,
1126,2017-12-30T03:54:07Z,-33.32946667,147.97715000,-358.923337528187,-8272.22701964057,1043,1,140.098,
1127,2017-12-30T03:54:08Z,-33.32930000,147.97730000,-357.923337528187,-8271.22701964057,1044,1,140.079,
1128,2017-12-30T03:54:09Z,-33.32911667,147.97743333,-356.923337528187,-8270.22701964057,1045,1,140.058,
1129,2017-12-30T03:54:10Z,-33.32895000,147.97756667,-355.923337528187,-8269.22701964057,1046,1,140.04,
1130,2017-12-30T03:54:11Z,-33.32876667,147.97768333,-354.923337528187,-8268.22701964057,1047,1,140.019,
1131,2017-12-30T03:54:12Z,-33.32860000,147.97780000,-353.923337528187,-8267.22701964057,1048,1,140.0,
1132,2017-12-30T03:54:13Z,-33.32841667,147.97790000,-352.923337528187,-8266.22701964057,1049,1,139.98,
1133,2017-12-30T03:54:14Z,-33.32823333,147.97800000,-351.923337528187,-8265.22701964057,1050,1,139.959,
1134,2017-12-30T03:54:15Z,-33.32806667,147.97810000,-350.923337528187,-8264.22701964057,1051,1,139.941,
1135,2017-12-30T03:54:16Z,-33.32791667,147.97821667,-349.923337528187,-8263.22701964057,1052,1,139.924,
1136,2017-12-30T03:54:17Z,-33.32776667,147.97836667,-348.923337528187,-8262.22701964057,1053,1,139.907,
1137,2017-12-30T03:54:18Z,-33.32766667,147.97855000,-347.923337528187,-8261.22701964057,1054,1,139.895,
1138,2017-12-30T03:54:19Z,-33.32758333,147.97876667,-346.923337528187,-8260.22701964057,1055,1,139.886,
1139,2017-12-30T03:54:20Z,-33.32758333,147.97898333,-345.923337528187,-8259.22701964057,1056,1,139.885,
1140,2017-12-30T03:54:21Z,-33.32761667,147.97918333,-344.923337528187,-8258.22701964057,1057,1,139.889,
1141,2017-12-30T03:54:22Z,-33.32770000,147.97935000,-343.923337528187,-8257.22701964057,1058,1,139.898,
1142,2017-12-30T03:54:23Z,-33.32780000,147.97945000,-342.923337528187,-8256.22701964057,1059,1,139.909,
1143,2017-12-30T03:54:24Z,-33.32790000,147.97951667,-341.923337528187,-8255.22701964057,1060,1,139.92,
1144,2017-12-30T03:54:25Z,-33.32800000,147.97951667,-340.923337528187,-8254.22701964057,1061,1,139.931,
1145,2017-12-30T03:54:26Z,-33.32806667,147.97950000,-339.923337528187,-8253.22701964057,1062,1,139.938,
1146,2017-12-30T03:54:27Z,-33.32813333,147.97943333,-338.923337528187,-8252.22701964057,1063,1,139.946,
1147,2017-12-30T03:54:28Z,-33.32815000,147.97936667,-337.923337528187,-8251.22701964057,1064,1,139.948,
1148,2017-12-30T03:54:29Z,-33.32813333,147.97926667,-336.923337528187,-8250.22701964057,1065,1,139.946,
1149,2017-12-30T03:54:30Z,-33.32806667,147.97916667,-335.923337528187,-8249.22701964057,1066,1,139.939,
1150,2017-12-30T03:54:31Z,-33.32798333,147.97906667,-334.923337528187,-8248.22701964057,1067,1,139.93,
1151,2017-12-30T03:54:32Z,-33.32788333,147.97900000,-333.923337528187,-8247.22701964057,1068,1,139.919,
1152,2017-12-30T03:54:33Z,-33.32776667,147.97893333,-332.923337528187,-8246.22701964057,1069,1,139.906,
1153,2017-12-30T03:54:34Z,-33.32765000,147.97886667,-331.923337528187,-8245.22701964057,1070,1,139.893,
1154,2017-12-30T03:54:35Z,-33.32750000,147.97881667,-330.923337528187,-8244.22701964057,1071,1,139.876,
1155,2017-12-30T03:54:36Z,-33.32736667,147.97876667,-329.923337528187,-8243.22701964057,1072,1,139.862,
1156,2017-12-30T03:54:37Z,-33.32721667,147.97870000,-328.923337528187,-8242.22701964057,1073,1,139.845,
1157,2017-12-30T03:54:38Z,-33.32705000,147.97868333,-327.923337528187,-8241.22701964057,1074,1,139.827,
1158,2017-12-30T03:54:39Z,-33.32688333,147.97866667,-326.923337528187,-8240.22701964057,1075,1,139.808,
1159,2017-12-30T03:54:40Z,-33.32670000,147.97870000,-325.923337528187,-8239.22701964057,1076,1,139.788,
1160,2017-12-30T03:54:41Z,-33.32651667,147.97876667,-324.923337528187,-8238.22701964057,1077,1,139.767,
1161,2017-12-30T03:54:42Z,-33.32635000,147.97888333,-323.923337528187,-8237.22701964057,1078,1,139.749,
1162,2017-12-30T03:54:43Z,-33.32618333,147.97905000,-322.923337528187,-8236.22701964057,1079,1,139.73,
1163,2017-12-30T03:54:44Z,-33.32606667,147.97923333,-321.923337528187,-8235.22701964057,1080,1,139.716,
1164,2017-12-30T03:54:45Z,-33.32598333,147.97946667,-320.923337528187,-8234.22701964057,1081,1,139.707,
1165,2017-12-30T03:54:46Z,-33.32598333,147.97968333,-319.923337528187,-8233.22701964057,1082,1,139.707,
1166,2017-12-30T03:54:47Z,-33.32601667,147.97990000,-318.923337528187,-8232.22701964057,1083,1,139.71,
1167,2017-12-30T03:54:48Z,-33.32610000,147.98006667,-317.923337528187,-8231.22701964057,1084,1,139.719,
1168,2017-12-30T03:54:49Z,-33.32618333,147.98018333,-316.923337528187,-8230.22701964057,1085,1,139.728,
1169,2017-12-30T03:54:50Z,-33.32628333,147.98025000,-315.923337528187,-8229.22701964057,1086,1,139.739,
1170,2017-12-30T03:54:51Z,-33.32636667,147.98026667,-314.923337528187,-8228.22701964057,1087,1,139.748,
1171,2017-12-30T03:54:52Z,-33.32643333,147.98023333,-313.923337528187,-8227.22701964057,1088,1,139.756,
1172,2017-12-30T03:54:53Z,-33.32650000,147.98016667,-312.923337528187,-8226.22701964057,1089,1,139.763,
1173,2017-12-30T03:54:54Z,-33.32653333,147.98010000,-311.923337528187,-8225.22701964057,1090,1,139.767,
1174,2017-12-30T03:54:55Z,-33.32655000,147.98001667,-310.923337528187,-8224.22701964057,1091,1,139.769,
1175,2017-12-30T03:54:56Z,-33.32651667,147.97993333,-309.923337528187,-8223.22701964057,1092,1,139.765,
1176,2017-12-30T03:54:57Z,-33.32646667,147.97985000,-308.923337528187,-8222.22701964057,1093,1,139.76,
1177,2017-12-30T03:54:58Z,-33.32635000,147.97976667,-307.923337528187,-8221.22701964057,1094,1,139.747,
1178,2017-12-30T03:54:59Z,-33.32623333,147.97970000,-306.923337528187,-8220.22701964057,1095,1,139.734,
1179,2017-12-30T03:55:00Z,-33.32610000,147.97965000,-305.923337528187,-8219.22701964057,1096,1,139.72,
1180,2017-12-30T03:55:01Z,-33.32593333,147.97958333,-304.923337528187,-8218.22701964057,1097,1,139.701,
1181,2017-12-30T03:55:02Z,-33.32578333,147.97955000,-303.923337528187,-8217.22701964057,1098,1,139.684,
1182,2017-12-30T03:55:03Z,-33.32560000,147.97956667,-302.923337528187,-8216.22701964057,1099,1,139.664,
1183,2017-12-30T03:55:04Z,-33.32541667,147.97961667,-301.923337528187,-8215.22701964057,1100,1,139.644,
1184,2017-12-30T03:55:05Z,-33.32525000,147.97973333,-300.923337528187,-8214.22701964057,1101,1,139.625,
1185,2017-12-30T03:55:06Z,-33.32508333,147.97988333,-299.923337528187,-8213.22701964057,1102,1,139.606,
1186,2017-12-30T03:55:07Z,-33.32491667,147.98008333,-298.923337528187,-8212.22701964057,1103,1,139.587,
1187,2017-12-30T03:55:08Z,-33.32478333,147.98028333,-297.923337528187,-8211.22701964057,1104,1,139.572,
1188,2017-12-30T03:55:09Z,-33.32466667,147.98050000,-296.923337528187,-8210.22701964057,1105,1,139.559,
1189,2017-12-30T03:55:10Z,-33.32455000,147.98071667,-295.923337528187,-8209.22701964057,1106,1,139.546,
1190,2017-12-30T03:55:11Z,-33.32446667,147.98093333,-294.923337528187,-8208.22701964057,1107,1,139.536,
1191,2017-12-30T03:55:12Z,-33.32440000,147.98116667,-293.923337528187,-8207.22701964057,1108,1,139.528,
1192,2017-12-30T03:55:13Z,-33.32436667,147.98140000,-292.923337528187,-8206.22701964057,1109,1,139.524,
1193,2017-12-30T03:55:14Z,-33.32436667,147.98161667,-291.923337528187,-8205.22701964057,1110,1,139.524,
1194,2017-12-30T03:55:15Z,-33.32443333,147.98183333,-290.923337528187,-8204.22701964057,1111,1,139.531,
1195,2017-12-30T03:55:16Z,-33.32450000,147.98198333,-289.923337528187,-8203.22701964057,1112,1,139.538,
1196,2017-12-30T03:55:17Z,-33.32461667,147.98208333,-288.923337528187,-8202.22701964057,1113,1,139.551,
1197,2017-12-30T03:55:18Z,-33.32473333,147.98213333,-287.923337528187,-8201.22701964057,1114,1,139.564,
1198,2017-12-30T03:55:19Z,-33.32483333,147.98216667,-286.923337528187,-8200.22701964057,1115,1,139.575,
1199,2017-12-30T03:55:20Z,-33.32493333,147.98215000,-285.923337528187,-8199.22701964057,1116,1,139.586,
1200,2017-12-30T03:55:21Z,-33.32500000,147.98211667,-284.923337528187,-8198.22701964057,1117,1,139.594,
1201,2017-12-30T03:55:22Z,-33.32505000,147.98205000,-283.923337528187,-8197.22701964057,1118,1,139.599,
1202,2017-12-30T03:55:23Z,-33.32506667,147.98196667,-282.923337528187,-8196.22701964057,1119,1,139.601,
1203,2017-12-30T03:55:24Z,-33.32505000,147.98186667,-281.923337528187,-8195.22701964057,1120,1,139.6,
1204,2017-12-30T03:55:25Z,-33.32501667,147.98178333,-280.923337528187,-8194.22701964057,1121,1,139.596,
1205,2017-12-30T03:55:26Z,-33.32495000,147.98168333,-279.923337528187,-8193.22701964057,1122,1,139.589,
1206,2017-12-30T03:55:27Z,-33.32486667,147.98160000,-278.923337528187,-8192.22701964057,1123,1,139.58,
1207,2017-12-30T03:55:28Z,-33.32476667,147.98150000,-277.923337528187,-8191.227019640569,1124,1,139.569,
1208,2017-12-30T03:55:29Z,-33.32466667,147.98141667,-276.923337528187,-8190.227019640569,1125,1,139.558,
1209,2017-12-30T03:55:30Z,-33.32455000,147.98135000,-275.923337528187,-8189.227019640569,1126,1,139.545,
1210,2017-12-30T03:55:31Z,-33.32441667,147.98126667,-274.923337528187,-8188.227019640569,1127,1,139.53,
1211,2017-12-30T03:55:32Z,-33.32426667,147.98120000,-273.923337528187,-8187.227019640569,1128,1,139.513,
1212,2017-12-30T03:55:33Z,-33.32413333,147.98113333,-272.923337528187,-8186.227019640569,1129,1,139.499,
1213,2017-12-30T03:55:34Z,-33.32398333,147.98106667,-271.923337528187,-8185.227019640569,1130,1,139.482,
1214,2017-12-30T03:55:35Z,-33.32383333,147.98098333,-270.923337528187,-8184.227019640569,1131,1,139.466,
1215,2017-12-30T03:55:36Z,-33.32368333,147.98093333,-269.923337528187,-8183.227019640569,1132,1,139.449,
1216,2017-12-30T03:55:37Z,-33.32353333,147.98088333,-268.923337528187,-8182.227019640569,1133,1,139.432,
1217,2017-12-30T03:55:38Z,-33.32336667,147.98085000,-267.923337528187,-8181.227019640569,1134,1,139.414,
1218,2017-12-30T03:55:39Z,-33.32320000,147.98085000,-266.923337528187,-8180.227019640569,1135,1,139.395,
1219,2017-12-30T03:55:40Z,-33.32303333,147.98085000,-265.923337528187,-8179.227019640569,1136,1,139.377,
1220,2017-12-30T03:55:41Z,-33.32286667,147.98090000,-264.923337528187,-8178.227019640569,1137,1,139.358,
1221,2017-12-30T03:55:42Z,-33.32270000,147.98096667,-263.923337528187,-8177.227019640569,1138,1,139.34,
1222,2017-12-30T03:55:43Z,-33.32255000,147.98110000,-262.923337528187,-8176.227019640569,1139,1,139.323,
1223,2017-12-30T03:55:44Z,-33.32240000,147.98125000,-261.923337528187,-8175.227019640569,1140,1,139.306,
1224,2017-12-30T03:55:45Z,-33.32231667,147.98143333,-260.923337528187,-8174.227019640569,1141,1,139.296,
1225,2017-12-30T03:55:46Z,-33.32228333,147.98163333,-259.923337528187,-8173.227019640569,1142,1,139.292,
1226,2017-12-30T03:55:47Z,-33.32230000,147.98183333,-258.923337528187,-8172.227019640569,1143,1,139.294,
1227,2017-12-30T03:55:48Z,-33.32236667,147.98198333,-257.923337528187,-8171.227019640569,1144,1,139.301,
1228,2017-12-30T03:55:49Z,-33.32243333,147.98210000,-256.923337528187,-8170.227019640569,1145,1,139.308,
1229,2017-12-30T03:55:50Z,-33.32251667,147.98216667,-255.923337528187,-8169.227019640569,1146,1,139.318,
1230,2017-12-30T03:55:51Z,-33.32261667,147.98221667,-254.923337528187,-8168.227019640569,1147,1,139.329,
1231,2017-12-30T03:55:52Z,-33.32270000,147.98223333,-253.923337528187,-8167.227019640569,1148,1,139.338,
1232,2017-12-30T03:55:53Z,-33.32276667,147.98220000,-252.923337528187,-8166.227019640569,1149,1,139.345,
1233,2017-12-30T03:55:54Z,-33.32281667,147.98215000,-251.923337528187,-8165.227019640569,1150,1,139.351,
1234,2017-12-30T03:55:55Z,-33.32285000,147.98210000,-250.923337528187,-8164.227019640569,1151,1,139.355,
1235,2017-12-30T03:55:56Z,-33.32283333,147.98201667,-249.923337528187,-8163.227019640569,1152,1,139.353,
1236,2017-12-30T03:55:57Z,-33.32281667,147.98195000,-248.923337528187,-8162.227019640569,1153,1,139.351,
1237,2017-12-30T03:55:58Z,-33.32278333,147.98185000,-247.923337528187,-8161.227019640569,1154,1,139.348,
1238,2017-12-30T03:55:59Z,-33.32273333,147.98178333,-246.923337528187,-8160.227019640569,1155,1,139.342,
1239,2017-12-30T03:56:00Z,-33.32270000,147.98170000,-245.923337528187,-8159.227019640569,1156,1,139.339,
1240,2017-12-30T03:56:01Z,-33.32263333,147.98163333,-244.923337528187,-8158.227019640569,1157,1,139.331,
1241,2017-12-30T03:56:02Z,-33.32253333,147.98156667,-243.923337528187,-8157.227019640569,1158,1,139.32,
1242,2017-12-30T03:56:03Z,-33.32241667,147.98150000,-242.923337528187,-8156.227019640569,1159,1,139.307,
1243,2017-12-30T03:56:04Z,-33.32230000,147.98145000,-241.923337528187,-8155.227019640569,1160,1,139.294,
1244,2017-12-30T03:56:05Z,-33.32215000,147.98143333,-240.923337528187,-8154.227019640569,1161,1,139.278,
1245,2017-12-30T03:56:06Z,-33.32198333,147.98145000,-239.923337528187,-8153.227019640569,1162,1,139.259,
1246,2017-12-30T03:56:07Z,-33.32180000,147.98153333,-238.923337528187,-8152.227019640569,1163,1,139.239,
1247,2017-12-30T03:56:08Z,-33.32163333,147.98165000,-237.923337528187,-8151.227019640569,1164,1,139.22,
1248,2017-12-30T03:56:09Z,-33.32146667,147.98180000,-236.923337528187,-8150.227019640569,1165,1,139.201,
1249,2017-12-30T03:56:10Z,-33.32130000,147.98196667,-235.923337528187,-8149.227019640569,1166,1,139.183,
1250,2017-12-30T03:56:11Z,-33.32115000,147.98213333,-234.923337528187,-8148.227019640569,1167,1,139.166,
1251,2017-12-30T03:56:12Z,-33.32100000,147.98228333,-233.923337528187,-8147.227019640569,1168,1,139.149,
1252,2017-12-30T03:56:13Z,-33.32085000,147.98245000,-232.923337528187,-8146.227019640569,1169,1,139.132,
1253,2017-12-30T03:56:14Z,-33.32071667,147.98260000,-231.923337528187,-8145.227019640569,1170,1,139.117,
1254,2017-12-30T03:56:15Z,-33.32055000,147.98276667,-230.923337528187,-8144.227019640569,1171,1,139.098,
1255,2017-12-30T03:56:16Z,-33.32040000,147.98293333,-229.923337528187,-8143.227019640569,1172,1,139.081,
1256,2017-12-30T03:56:17Z,-33.32026667,147.98313333,-228.923337528187,-8142.227019640569,1173,1,139.066,
1257,2017-12-30T03:56:18Z,-33.32015000,147.98335000,-227.923337528187,-8141.227019640569,1174,1,139.053,
1258,2017-12-30T03:56:19Z,-33.32010000,147.98358333,-226.923337528187,-8140.227019640569,1175,1,139.047,
1259,2017-12-30T03:56:20Z,-33.32006667,147.98380000,-225.923337528187,-8139.227019640569,1176,1,139.043,
1260,2017-12-30T03:56:21Z,-33.32006667,147.98401667,-224.923337528187,-8138.227019640569,1177,1,139.043,
1261,2017-12-30T03:56:22Z,-33.32010000,147.98421667,-223.923337528187,-8137.227019640569,1178,1,139.046,
1262,2017-12-30T03:56:23Z,-33.32015000,147.98440000,-222.923337528187,-8136.227019640569,1179,1,139.052,
1263,2017-12-30T03:56:24Z,-33.32021667,147.98456667,-221.923337528187,-8135.227019640569,1180,1,139.059,
1264,2017-12-30T03:56:25Z,-33.32031667,147.98470000,-220.923337528187,-8134.227019640569,1181,1,139.07,
1265,2017-12-30T03:56:26Z,-33.32041667,147.98480000,-219.923337528187,-8133.227019640569,1182,1,139.081,
1266,2017-12-30T03:56:27Z,-33.32051667,147.98488333,-218.923337528187,-8132.227019640569,1183,1,139.092,
1267,2017-12-30T03:56:28Z,-33.32061667,147.98493333,-217.923337528187,-8131.227019640569,1184,1,139.103,
1268,2017-12-30T03:56:29Z,-33.32071667,147.98495000,-216.923337528187,-8130.227019640569,1185,1,139.114,
1269,2017-12-30T03:56:30Z,-33.32081667,147.98495000,-215.923337528187,-8129.227019640569,1186,1,139.125,
1270,2017-12-30T03:56:31Z,-33.32090000,147.98491667,-214.923337528187,-8128.227019640569,1187,1,139.134,
1271,2017-12-30T03:56:32Z,-33.32096667,147.98486667,-213.923337528187,-8127.227019640569,1188,1,139.142,
1272,2017-12-30T03:56:33Z,-33.32098333,147.98478333,-212.923337528187,-8126.227019640569,1189,1,139.144,
1273,2017-12-30T03:56:34Z,-33.32096667,147.98468333,-211.923337528187,-8125.227019640569,1190,1,139.142,
1274,2017-12-30T03:56:35Z,-33.32093333,147.98460000,-210.923337528187,-8124.227019640569,1191,1,139.138,
1275,2017-12-30T03:56:36Z,-33.32090000,147.98451667,-209.923337528187,-8123.227019640569,1192,1,139.135,
1276,2017-12-30T03:56:37Z,-33.32085000,147.98441667,-208.923337528187,-8122.227019640569,1193,1,139.129,
1277,2017-12-30T03:56:38Z,-33.32078333,147.98433333,-207.923337528187,-8121.227019640569,1194,1,139.122,
1278,2017-12-30T03:56:39Z,-33.32070000,147.98425000,-206.923337528187,-8120.227019640569,1195,1,139.113,
1279,2017-12-30T03:56:40Z,-33.32060000,147.98420000,-205.923337528187,-8119.227019640569,1196,1,139.102,
1280,2017-12-30T03:56:41Z,-33.32048333,147.98413333,-204.923337528187,-8118.227019640569,1197,1,139.089,
1281,2017-12-30T03:56:42Z,-33.32036667,147.98408333,-203.923337528187,-8117.227019640569,1198,1,139.076,
1282,2017-12-30T03:56:43Z,-33.32023333,147.98403333,-202.923337528187,-8116.227019640569,1199,1,139.061,
1283,2017-12-30T03:56:44Z,-33.32011667,147.98398333,-201.923337528187,-8115.227019640569,1200,1,139.048,
1284,2017-12-30T03:56:45Z,-33.32000000,147.98393333,-200.923337528187,-8114.227019640569,1201,1,139.035,
1285,2017-12-30T03:56:46Z,-33.31988333,147.98388333,-199.923337528187,-8113.227019640569,1202,1,139.023,
1286,2017-12-30T03:56:47Z,-33.31978333,147.98381667,-198.923337528187,-8112.227019640569,1203,1,139.012,
1287,2017-12-30T03:56:48Z,-33.31968333,147.98376667,-197.923337528187,-8111.227019640569,1204,1,139.0,
1288,2017-12-30T03:56:49Z,-33.31960000,147.98371667,-196.923337528187,-8110.227019640569,1205,1,138.991,
1289,2017-12-30T03:56:50Z,-33.31950000,147.98366667,-195.923337528187,-8109.227019640569,1206,1,138.98,
1290,2017-12-30T03:56:51Z,-33.31940000,147.98360000,-194.923337528187,-8108.227019640569,1207,1,138.969,
1291,2017-12-30T03:56:52Z,-33.31930000,147.98355000,-193.923337528187,-8107.227019640569,1208,1,138.958,
1292,2017-12-30T03:56:53Z,-33.31918333,147.98348333,-192.923337528187,-8106.227019640569,1209,1,138.945,
1293,2017-12-30T03:56:54Z,-33.31908333,147.98341667,-191.923337528187,-8105.227019640569,1210,1,138.934,
1294,2017-12-30T03:56:55Z,-33.31896667,147.98335000,-190.923337528187,-8104.227019640569,1211,1,138.921,
1295,2017-12-30T03:56:56Z,-33.31886667,147.98326667,-189.923337528187,-8103.227019640569,1212,1,138.91,
1296,2017-12-30T03:56:57Z,-33.31875000,147.98320000,-188.923337528187,-8102.227019640569,1213,1,138.897,
1297,2017-12-30T03:56:58Z,-33.31865000,147.98313333,-187.923337528187,-8101.227019640569,1214,1,138.886,
1298,2017-12-30T03:56:59Z,-33.31856667,147.98305000,-186.923337528187,-8100.227019640569,1215,1,138.877,
1299,2017-12-30T03:57:00Z,-33.31846667,147.98298333,-185.923337528187,-8099.227019640569,1216,1,138.866,
1300,2017-12-30T03:57:01Z,-33.31836667,147.98290000,-184.923337528187,-8098.227019640569,1217,1,138.855,
1301,2017-12-30T03:57:02Z,-33.31828333,147.98283333,-183.923337528187,-8097.227019640569,1218,1,138.846,
1302,2017-12-30T03:57:03Z,-33.31820000,147.98276667,-182.923337528187,-8096.227019640569,1219,1,138.837,
1303,2017-12-30T03:57:04Z,-33.31810000,147.98268333,-181.923337528187,-8095.227019640569,1220,1,138.826,
1304,2017-12-30T03:57:05Z,-33.31801667,147.98261667,-180.923337528187,-8094.227019640569,1221,1,138.817,
1305,2017-12-30T03:57:06Z,-33.31793333,147.98253333,-179.923337528187,-8093.227019640569,1222,1,138.808,
1306,2017-12-30T03:57:07Z,-33.31785000,147.98246667,-178.923337528187,-8092.227019640569,1223,1,138.798,
1307,2017-12-30T03:57:08Z,-33.31775000,147.98240000,-177.923337528187,-8091.227019640569,1224,1,138.787,
1308,2017-12-30T03:57:09Z,-33.31766667,147.98231667,-176.923337528187,-8090.227019640569,1225,1,138.778,
1309,2017-12-30T03:57:10Z,-33.31756667,147.98225000,-175.923337528187,-8089.227019640569,1226,1,138.767,
1310,2017-12-30T03:57:11Z,-33.31746667,147.98218333,-174.923337528187,-8088.227019640569,1227,1,138.756,
1311,2017-12-30T03:57:12Z,-33.31736667,147.98211667,-173.923337528187,-8087.227019640569,1228,1,138.745,
1312,2017-12-30T03:57:13Z,-33.31726667,147.98205000,-172.923337528187,-8086.227019640569,1229,1,138.734,
1313,2017-12-30T03:57:14Z,-33.31718333,147.98198333,-171.923337528187,-8085.227019640569,1230,1,138.725,
1314,2017-12-30T03:57:15Z,-33.31708333,147.98191667,-170.923337528187,-8084.227019640569,1231,1,138.714,
1315,2017-12-30T03:57:16Z,-33.31700000,147.98186667,-169.923337528187,-8083.227019640569,1232,1,138.705,
1316,2017-12-30T03:57:17Z,-33.31690000,147.98180000,-168.923337528187,-8082.227019640569,1233,1,138.694,
1317,2017-12-30T03:57:18Z,-33.31678333,147.98173333,-167.923337528187,-8081.227019640569,1234,1,138.681,
1318,2017-12-30T03:57:19Z,-33.31668333,147.98166667,-166.923337528187,-8080.227019640569,1235,1,138.67,
1319,2017-12-30T03:57:20Z,-33.31658333,147.98160000,-165.923337528187,-8079.227019640569,1236,1,138.659,
1320,2017-12-30T03:57:21Z,-33.31646667,147.98153333,-164.923337528187,-8078.227019640569,1237,1,138.646,
1321,2017-12-30T03:57:22Z,-33.31635000,147.98146667,-163.923337528187,-8077.227019640569,1238,1,138.633,
1322,2017-12-30T03:57:23Z,-33.31621667,147.98140000,-162.923337528187,-8076.227019640569,1239,1,138.618,
1323,2017-12-30T03:57:24Z,-33.31610000,147.98133333,-161.923337528187,-8075.227019640569,1240,1,138.605,
1324,2017-12-30T03:57:25Z,-33.31596667,147.98126667,-160.923337528187,-8074.227019640569,1241,1,138.591,
1325,2017-12-30T03:57:26Z,-33.31585000,147.98120000,-159.923337528187,-8073.227019640569,1242,1,138.578,
1326,2017-12-30T03:57:27Z,-33.31573333,147.98111667,-158.923337528187,-8072.227019640569,1243,1,138.565,
1327,2017-12-30T03:57:28Z,-33.31563333,147.98103333,-157.923337528187,-8071.227019640569,1244,1,138.554,
1328,2017-12-30T03:57:29Z,-33.31553333,147.98093333,-156.923337528187,-8070.227019640569,1245,1,138.543,
1329,2017-12-30T03:57:30Z,-33.31543333,147.98085000,-155.923337528187,-8069.227019640569,1246,1,138.532,
1330,2017-12-30T03:57:31Z,-33.31531667,147.98078333,-154.923337528187,-8068.227019640569,1247,1,138.519,
1331,2017-12-30T03:57:32Z,-33.31521667,147.98071667,-153.923337528187,-8067.227019640569,1248,1,138.508,
1332,2017-12-30T03:57:33Z,-33.31511667,147.98066667,-152.923337528187,-8066.227019640569,1249,1,138.497,
1333,2017-12-30T03:57:34Z,-33.31500000,147.98061667,-151.923337528187,-8065.227019640569,1250,1,138.484,
1334,2017-12-30T03:57:35Z,-33.31488333,147.98055000,-150.923337528187,-8064.227019640569,1251,1,138.471,
1335,2017-12-30T03:57:36Z,-33.31476667,147.98050000,-149.923337528187,-8063.227019640569,1252,1,138.458,
1336,2017-12-30T03:57:37Z,-33.31466667,147.98045000,-148.923337528187,-8062.227019640569,1253,1,138.447,
1337,2017-12-30T03:57:38Z,-33.31456667,147.98040000,-147.923337528187,-8061.227019640569,1254,1,138.436,
1338,2017-12-30T03:57:39Z,-33.31448333,147.98033333,-146.923337528187,-8060.227019640569,1255,1,138.427,
1339,2017-12-30T03:57:40Z,-33.31438333,147.98026667,-145.923337528187,-8059.227019640569,1256,1,138.416,
1340,2017-12-30T03:57:41Z,-33.31430000,147.98018333,-144.923337528187,-8058.227019640569,1257,1,138.407,
1341,2017-12-30T03:57:42Z,-33.31420000,147.98010000,-143.923337528187,-8057.227019640569,1258,1,138.396,
1342,2017-12-30T03:57:43Z,-33.31411667,147.98001667,-142.923337528187,-8056.227019640569,1259,1,138.387,
1343,2017-12-30T03:57:44Z,-33.31400000,147.97993333,-141.923337528187,-8055.227019640569,1260,1,138.374,
1344,2017-12-30T03:57:45Z,-33.31390000,147.97985000,-140.923337528187,-8054.227019640569,1261,1,138.363,
1345,2017-12-30T03:57:46Z,-33.31380000,147.97976667,-139.923337528187,-8053.227019640569,1262,1,138.352,
1346,2017-12-30T03:57:47Z,-33.31370000,147.97970000,-138.923337528187,-8052.227019640569,1263,1,138.341,
1347,2017-12-30T03:57:48Z,-33.31361667,147.97963333,-137.923337528187,-8051.227019640569,1264,1,138.332,
1348,2017-12-30T03:57:49Z,-33.31351667,147.97955000,-136.923337528187,-8050.227019640569,1265,1,138.321,
1349,2017-12-30T03:57:50Z,-33.31343333,147.97948333,-135.923337528187,-8049.227019640569,1266,1,138.312,
1350,2017-12-30T03:57:51Z,-33.31335000,147.97940000,-134.923337528187,-8048.227019640569,1267,1,138.302,
1351,2017-12-30T03:57:52Z,-33.31325000,147.97931667,-133.923337528187,-8047.227019640569,1268,1,138.291,
1352,2017-12-30T03:57:53Z,-33.31316667,147.97921667,-132.923337528187,-8046.227019640569,1269,1,138.282,
1353,2017-12-30T03:57:54Z,-33.31306667,147.97913333,-131.923337528187,-8045.227019640569,1270,1,138.271,
1354,2017-12-30T03:57:55Z,-33.31298333,147.97906667,-130.923337528187,-8044.227019640569,1271,1,138.262,
1355,2017-12-30T03:57:56Z,-33.31290000,147.97901667,-129.923337528187,-8043.227019640569,1272,1,138.253,
1356,2017-12-30T03:57:57Z,-33.31281667,147.97895000,-128.923337528187,-8042.227019640569,1273,1,138.244,
1357,2017-12-30T03:57:58Z,-33.31273333,147.97888333,-127.923337528187,-8041.227019640569,1274,1,138.235,
1358,2017-12-30T03:57:59Z,-33.31263333,147.97880000,-126.923337528187,-8040.227019640569,1275,1,138.224,
1359,2017-12-30T03:58:00Z,-33.31255000,147.97873333,-125.923337528187,-8039.227019640569,1276,1,138.214,
1360,2017-12-30T03:58:01Z,-33.31243333,147.97865000,-124.923337528187,-8038.227019640569,1277,1,138.202,
1361,2017-12-30T03:58:02Z,-33.31233333,147.97856667,-123.923337528187,-8037.227019640569,1278,1,138.191,
1362,2017-12-30T03:58:03Z,-33.31223333,147.97848333,-122.923337528187,-8036.227019640569,1279,1,138.18,
1363,2017-12-30T03:58:04Z,-33.31213333,147.97840000,-121.923337528187,-8035.227019640569,1280,1,138.169,
1364,2017-12-30T03:58:05Z,-33.31203333,147.97833333,-120.923337528187,-8034.227019640569,1281,1,138.158,
1365,2017-12-30T03:58:06Z,-33.31191667,147.97825000,-119.923337528187,-8033.227019640569,1282,1,138.145,
1366,2017-12-30T03:58:07Z,-33.31180000,147.97818333,-118.923337528187,-8032.227019640569,1283,1,138.132,
1367,2017-12-30T03:58:08Z,-33.31168333,147.97813333,-117.923337528187,-8031.227019640569,1284,1,138.119,
1368,2017-12-30T03:58:09Z,-33.31155000,147.97806667,-116.923337528187,-8030.227019640569,1285,1,138.104,
1369,2017-12-30T03:58:10Z,-33.31140000,147.97801667,-115.923337528187,-8029.227019640569,1286,1,138.088,
1370,2017-12-30T03:58:11Z,-33.31125000,147.97795000,-114.923337528187,-8028.227019640569,1287,1,138.071,
1371,2017-12-30T03:58:12Z,-33.31111667,147.97788333,-113.923337528187,-8027.227019640569,1288,1,138.056,
1372,2017-12-30T03:58:13Z,-33.31096667,147.97783333,-112.923337528187,-8026.227019640569,1289,1,138.04,
1373,2017-12-30T03:58:14Z,-33.31083333,147.97778333,-111.923337528187,-8025.227019640569,1290,1,138.025,
1374,2017-12-30T03:58:15Z,-33.31070000,147.97773333,-110.923337528187,-8024.227019640569,1291,1,138.01,
1375,2017-12-30T03:58:16Z,-33.31056667,147.97768333,-109.923337528187,-8023.227019640569,1292,1,137.996,
1376,2017-12-30T03:58:17Z,-33.31045000,147.97763333,-108.923337528187,-8022.227019640569,1293,1,137.983,
1377,2017-12-30T03:58:18Z,-33.31031667,147.97760000,-107.923337528187,-8021.227019640569,1294,1,137.968,
1378,2017-12-30T03:58:19Z,-33.31020000,147.97755000,-106.923337528187,-8020.227019640569,1295,1,137.955,
1379,2017-12-30T03:58:20Z,-33.31006667,147.97750000,-105.923337528187,-8019.227019640569,1296,1,137.94,
1380,2017-12-30T03:58:21Z,-33.30991667,147.97745000,-104.923337528187,-8018.227019640569,1297,1,137.924,
1381,2017-12-30T03:58:22Z,-33.30980000,147.97738333,-103.923337528187,-8017.227019640569,1298,1,137.911,
1382,2017-12-30T03:58:23Z,-33.30968333,147.97733333,-102.923337528187,-8016.227019640569,1299,1,137.898,
1383,2017-12-30T03:58:24Z,-33.30956667,147.97728333,-101.923337528187,-8015.227019640569,1300,1,137.885,
1384,2017-12-30T03:58:25Z,-33.30943333,147.97723333,-100.923337528187,-8014.227019640569,1301,1,137.87,
1385,2017-12-30T03:58:26Z,-33.30931667,147.97718333,-99.923337528187,-8013.227019640569,1302,1,137.858,
1386,2017-12-30T03:58:27Z,-33.30918333,147.97713333,-98.923337528187,-8012.227019640569,1303,1,137.843,
1387,2017-12-30T03:58:28Z,-33.30905000,147.97708333,-97.923337528187,-8011.227019640569,1304,1,137.828,
1388,2017-12-30T03:58:29Z,-33.30891667,147.97703333,-96.923337528187,-8010.227019640569,1305,1,137.813,
1389,2017-12-30T03:58:30Z,-33.30876667,147.97698333,-95.923337528187,-8009.227019640569,1306,1,137.797,
1390,2017-12-30T03:58:31Z,-33.30861667,147.97693333,-94.923337528187,-8008.227019640569,1307,1,137.78,
1391,2017-12-30T03:58:32Z,-33.30848333,147.97688333,-93.923337528187,-8007.227019640569,1308,1,137.765,
1392,2017-12-30T03:58:33Z,-33.30833333,147.97683333,-92.923337528187,-8006.227019640569,1309,1,137.749,
1393,2017-12-30T03:58:34Z,-33.30820000,147.97678333,-91.923337528187,-8005.227019640569,1310,1,137.734,
1394,2017-12-30T03:58:35Z,-33.30806667,147.97673333,-90.923337528187,-8004.227019640569,1311,1,137.719,
1395,2017-12-30T03:58:36Z,-33.30793333,147.97666667,-89.923337528187,-8003.227019640569,1312,1,137.705,
1396,2017-12-30T03:58:37Z,-33.30780000,147.97660000,-88.923337528187,-8002.227019640569,1313,1,137.69,
1397,2017-12-30T03:58:38Z,-33.30768333,147.97653333,-87.923337528187,-8001.227019640569,1314,1,137.677,
1398,2017-12-30T03:58:39Z,-33.30755000,147.97648333,-86.923337528187,-8000.227019640569,1315,1,137.662,
1399,2017-12-30T03:58:40Z,-33.30741667,147.97643333,-85.923337528187,-7999.227019640569,1316,1,137.648,
1400,2017-12-30T03:58:41Z,-33.30730000,147.97638333,-84.923337528187,-7998.227019640569,1317,1,137.635,
1401,2017-12-30T03:58:42Z,-33.30718333,147.97633333,-83.923337528187,-7997.227019640569,1318,1,137.622,
1402,2017-12-30T03:58:43Z,-33.30708333,147.97626667,-82.923337528187,-7996.227019640569,1319,1,137.611,
1403,2017-12-30T03:58:44Z,-33.30698333,147.97618333,-81.923337528187,-7995.227019640569,1320,1,137.6,
1404,2017-12-30T03:58:45Z,-33.30688333,147.97611667,-80.923337528187,-7994.227019640569,1321,1,137.589,
1405,2017-12-30T03:58:46Z,-33.30678333,147.97605000,-79.923337528187,-7993.227019640569,1322,1,137.578,
1406,2017-12-30T03:58:47Z,-33.30668333,147.97596667,-78.923337528187,-7992.227019640569,1323,1,137.567,
1407,2017-12-30T03:58:48Z,-33.30658333,147.97588333,-77.923337528187,-7991.227019640569,1324,1,137.556,
1408,2017-12-30T03:58:49Z,-33.30648333,147.97580000,-76.923337528187,-7990.227019640569,1325,1,137.545,
1409,2017-12-30T03:58:50Z,-33.30636667,147.97571667,-75.923337528187,-7989.227019640569,1326,1,137.532,
1410,2017-12-30T03:58:51Z,-33.30625000,147.97563333,-74.923337528187,-7988.227019640569,1327,1,137.519,
1411,2017-12-30T03:58:52Z,-33.30613333,147.97555000,-73.923337528187,-7987.227019640569,1328,1,137.506,
1412,2017-12-30T03:58:53Z,-33.30598333,147.97548333,-72.923337528187,-7986.227019640569,1329,1,137.49,
1413,2017-12-30T03:58:54Z,-33.30585000,147.97541667,-71.923337528187,-7985.227019640569,1330,1,137.475,
1414,2017-12-30T03:58:55Z,-33.30571667,147.97535000,-70.923337528187,-7984.227019640569,1331,1,137.46,
1415,2017-12-30T03:58:56Z,-33.30556667,147.97528333,-69.923337528187,-7983.227019640569,1332,1,137.444,
1416,2017-12-30T03:58:57Z,-33.30543333,147.97521667,-68.923337528187,-7982.227019640569,1333,1,137.429,
1417,2017-12-30T03:58:58Z,-33.30531667,147.97511667,-67.923337528187,-7981.227019640569,1334,1,137.416,
1418,2017-12-30T03:58:59Z,-33.30518333,147.97501667,-66.923337528187,-7980.227019640569,1335,1,137.402,
1419,2017-12-30T03:59:00Z,-33.30506667,147.97491667,-65.923337528187,-7979.227019640569,1336,1,137.389,
1420,2017-12-30T03:59:01Z,-33.30491667,147.97481667,-64.923337528187,-7978.227019640569,1337,1,137.372,
1421,2017-12-30T03:59:02Z,-33.30478333,147.97473333,-63.923337528187,-7977.227019640569,1338,1,137.358,
1422,2017-12-30T03:59:03Z,-33.30465000,147.97465000,-62.923337528187,-7976.227019640569,1339,1,137.343,
1423,2017-12-30T03:59:04Z,-33.30451667,147.97456667,-61.923337528187,-7975.227019640569,1340,1,137.328,
1424,2017-12-30T03:59:05Z,-33.30438333,147.97446667,-60.923337528187,-7974.227019640569,1341,1,137.314,
1425,2017-12-30T03:59:06Z,-33.30425000,147.97438333,-59.923337528187,-7973.227019640569,1342,1,137.299,
1426,2017-12-30T03:59:07Z,-33.30413333,147.97430000,-58.923337528187,-7972.227019640569,1343,1,137.286,
1427,2017-12-30T03:59:08Z,-33.30400000,147.97423333,-57.923337528187,-7971.227019640569,1344,1,137.272,
1428,2017-12-30T03:59:09Z,-33.30386667,147.97416667,-56.923337528187,-7970.227019640569,1345,1,137.257,
1429,2017-12-30T03:59:10Z,-33.30371667,147.97413333,-55.923337528187,-7969.227019640569,1346,1,137.24,
1430,2017-12-30T03:59:11Z,-33.30356667,147.97411667,-54.923337528187,-7968.227019640569,1347,1,137.224,
1431,2017-12-30T03:59:12Z,-33.30340000,147.97415000,-53.923337528187,-7967.227019640569,1348,1,137.205,
1432,2017-12-30T03:59:13Z,-33.30321667,147.97421667,-52.923337528187,-7966.227019640569,1349,1,137.185,
1433,2017-12-30T03:59:14Z,-33.30305000,147.97431667,-51.923337528187,-7965.227019640569,1350,1,137.166,
1434,2017-12-30T03:59:15Z,-33.30291667,147.97446667,-50.923337528187,-7964.227019640569,1351,1,137.151,
1435,2017-12-30T03:59:16Z,-33.30283333,147.97466667,-49.923337528187,-7963.227019640569,1352,1,137.141,
1436,2017-12-30T03:59:17Z,-33.30280000,147.97486667,-48.923337528187,-7962.227019640569,1353,1,137.137,
1437,2017-12-30T03:59:18Z,-33.30281667,147.97506667,-47.923337528187,-7961.227019640569,1354,1,137.139,
1438,2017-12-30T03:59:19Z,-33.30286667,147.97521667,-46.923337528187,-7960.227019640569,1355,1,137.144,
1439,2017-12-30T03:59:20Z,-33.30293333,147.97533333,-45.923337528187,-7959.227019640569,1356,1,137.151,
1440,2017-12-30T03:59:21Z,-33.30303333,147.97541667,-44.923337528187,-7958.227019640569,1357,1,137.162,
1441,2017-12-30T03:59:22Z,-33.30313333,147.97546667,-43.923337528187,-7957.227019640569,1358,1,137.173,
1442,2017-12-30T03:59:23Z,-33.30321667,147.97546667,-42.923337528187,-7956.227019640569,1359,1,137.182,
1443,2017-12-30T03:59:24Z,-33.30330000,147.97543333,-41.923337528187,-7955.227019640569,1360,1,137.192,
1444,2017-12-30T03:59:25Z,-33.30336667,147.97536667,-40.923337528187,-7954.227019640569,1361,1,137.199,
1445,2017-12-30T03:59:26Z,-33.30338333,147.97526667,-39.923337528187,-7953.227019640569,1362,1,137.201,
1446,2017-12-30T03:59:27Z,-33.30336667,147.97518333,-38.923337528187,-7952.227019640569,1363,1,137.199,
1447,2017-12-30T03:59:28Z,-33.30331667,147.97508333,-37.923337528187,-7951.227019640569,1364,1,137.194,
1448,2017-12-30T03:59:29Z,-33.30321667,147.97496667,-36.923337528187,-7950.227019640569,1365,1,137.183,
1449,2017-12-30T03:59:30Z,-33.30310000,147.97488333,-35.923337528187,-7949.227019640569,1366,1,137.17,
1450,2017-12-30T03:59:31Z,-33.30293333,147.97483333,-34.923337528187,-7948.227019640569,1367,1,137.152,
1451,2017-12-30T03:59:32Z,-33.30276667,147.97481667,-33.923337528187,-7947.227019640569,1368,1,137.133,
1452,2017-12-30T03:59:33Z,-33.30260000,147.97483333,-32.923337528187,-7946.227019640569,1369,1,137.115,
1453,2017-12-30T03:59:34Z,-33.30241667,147.97490000,-31.923337528187,-7945.227019640569,1370,1,137.094,
1454,2017-12-30T03:59:35Z,-33.30225000,147.97500000,-30.923337528187,-7944.227019640569,1371,1,137.076,
1455,2017-12-30T03:59:36Z,-33.30210000,147.97515000,-29.923337528187,-7943.227019640569,1372,1,137.059,
1456,2017-12-30T03:59:37Z,-33.30196667,147.97531667,-28.923337528187,-7942.227019640569,1373,1,137.044,
1457,2017-12-30T03:59:38Z,-33.30190000,147.97551667,-27.923337528187,-7941.227019640569,1374,1,137.036,
1458,2017-12-30T03:59:39Z,-33.30188333,147.97573333,-26.923337528187,-7940.227019640569,1375,1,137.034,
1459,2017-12-30T03:59:40Z,-33.30190000,147.97591667,-25.923337528187,-7939.227019640569,1376,1,137.035,
1460,2017-12-30T03:59:41Z,-33.30195000,147.97608333,-24.923337528187,-7938.227019640569,1377,1,137.04,
1461,2017-12-30T03:59:42Z,-33.30201667,147.97620000,-23.923337528187,-7937.227019640569,1378,1,137.048,
1462,2017-12-30T03:59:43Z,-33.30210000,147.97628333,-22.923337528187,-7936.227019640569,1379,1,137.057,
1463,2017-12-30T03:59:44Z,-33.30220000,147.97628333,-21.923337528187,-7935.227019640569,1380,1,137.068,
1464,2017-12-30T03:59:45Z,-33.30228333,147.97625000,-20.923337528187,-7934.227019640569,1381,1,137.077,
1465,2017-12-30T03:59:46Z,-33.30236667,147.97618333,-19.923337528187,-7933.227019640569,1382,1,137.087,
1466,2017-12-30T03:59:47Z,-33.30243333,147.97608333,-18.923337528187,-7932.227019640569,1383,1,137.094,
1467,2017-12-30T03:59:48Z,-33.30243333,147.97598333,-17.923337528187,-7931.227019640569,1384,1,137.094,
1468,2017-12-30T03:59:49Z,-33.30241667,147.97586667,-16.923337528187,-7930.227019640569,1385,1,137.093,
1469,2017-12-30T03:59:50Z,-33.30236667,147.97576667,-15.923337528187,-7929.227019640569,1386,1,137.087,
1470,2017-12-30T03:59:51Z,-33.30228333,147.97566667,-14.923337528187,-7928.227019640569,1387,1,137.078,
1471,2017-12-30T03:59:52Z,-33.30213333,147.97561667,-13.923337528187,-7927.227019640569,1388,1,137.062,
1472,2017-12-30T03:59:53Z,-33.30196667,147.97561667,-12.923337528187,-7926.227019640569,1389,1,137.043,
1473,2017-12-30T03:59:54Z,-33.30178333,147.97566667,-11.923337528187,-7925.227019640569,1390,1,137.023,
1474,2017-12-30T03:59:55Z,-33.30161667,147.97578333,-10.923337528187,-7924.227019640569,1391,1,137.004,
1475,2017-12-30T03:59:56Z,-33.30146667,147.97593333,-9.923337528187,-7923.227019640569,1392,1,136.987,
1476,2017-12-30T03:59:57Z,-33.30135000,147.97611667,-8.923337528187,-7922.227019640569,1393,1,136.974,
1477,2017-12-30T03:59:58Z,-33.30128333,147.97631667,-7.923337528187,-7921.227019640569,1394,1,136.966,
1478,2017-12-30T03:59:59Z,-33.30125000,147.97653333,-6.923337528187,-7920.227019640569,1395,1,136.962,
1479,2017-12-30T04:00:00Z,-33.30128333,147.97675000,-5.923337528187,-7919.227019640569,1396,1,136.965,
1480,2017-12-30T04:00:01Z,-33.30135000,147.97691667,-4.923337528187,-7918.227019640569,1397,1,136.972,
1481,2017-12-30T04:00:02Z,-33.30143333,147.97701667,-3.923337528187,-7917.227019640569,1398,1,136.981,
1482,2017-12-30T04:00:03Z,-33.30155000,147.97706667,-2.923337528187,-7916.227019640569,1399,1,136.994,
1483,2017-12-30T04:00:04Z,-33.30161667,147.97705000,-1.923337528187,-7915.227019640569,1400,1,137.002,
1484,2017-12-30T04:00:05Z,-33.30168333,147.97698333,-0.923337528187,-7914.227019640569,1401,1,137.009,
1485,2017-12-30T04:00:06Z,-33.30171667,147.97688333,7.6662471813e-2,-7913.227019640569,1402,1,137.013,
1486,2017-12-30T04:00:07Z,-33.30170000,147.97678333,1.076662471813,-7912.227019640569,1403,1,137.011,
1487,2017-12-30T04:00:08Z,-33.30163333,147.97668333,2.076662471813,-7911.227019640569,1404,1,137.004,
1488,2017-12-30T04:00:09Z,-33.30153333,147.97658333,3.076662471813,-7910.227019640569,1405,1,136.993,
1489,2017-12-30T04:00:10Z,-33.30138333,147.97651667,4.076662471813,-7909.227019640569,1406,1,136.977,
1490,2017-12-30T04:00:11Z,-33.30121667,147.97648333,5.076662471813,-7908.227019640569,1407,1,136.958,
1491,2017-12-30T04:00:12Z,-33.30105000,147.97651667,6.076662471813,-7907.227019640569,1408,1,136.94,
1492,2017-12-30T04:00:13Z,-33.30085000,147.97656667,7.076662471813,-7906.227019640569,1409,1,136.917,
1493,2017-12-30T04:00:14Z,-33.30066667,147.97668333,8.076662471813,-7905.227019640569,1410,1,136.897,
1494,2017-12-30T04:00:15Z,-33.30050000,147.97683333,9.076662471813,-7904.227019640569,1411,1,136.878,
1495,2017-12-30T04:00:16Z,-33.30035000,147.97701667,10.076662471813,-7903.227019640569,1412,1,136.861,
1496,2017-12-30T04:00:17Z,-33.30026667,147.97721667,11.076662471813,-7902.227019640569,1413,1,136.851,
1497,2017-12-30T04:00:18Z,-33.30021667,147.97743333,12.076662471813,-7901.227019640569,1414,1,136.845,
1498,2017-12-30T04:00:19Z,-33.30023333,147.97765000,13.076662471813,-7900.227019640569,1415,1,136.847,
1499,2017-12-30T04:00:20Z,-33.30030000,147.97783333,14.076662471813,-7899.227019640569,1416,1,136.854,
1500,2017-12-30T04:00:21Z,-33.30038333,147.97798333,15.076662471813,-7898.227019640569,1417,1,136.863,
1501,2017-12-30T04:00:22Z,-33.30048333,147.97806667,16.076662471813,-7897.227019640569,1418,1,136.874,
1502,2017-12-30T04:00:23Z,-33.30058333,147.97806667,17.076662471813,-7896.227019640569,1419,1,136.885,
1503,2017-12-30T04:00:24Z,-33.30068333,147.97803333,18.076662471813,-7895.227019640569,1420,1,136.896,
1504,2017-12-30T04:00:25Z,-33.30075000,147.97796667,19.076662471813,-7894.227019640569,1421,1,136.904,
1505,2017-12-30T04:00:26Z,-33.30080000,147.97790000,20.076662471813,-7893.227019640569,1422,1,136.909,
1506,2017-12-30T04:00:27Z,-33.30081667,147.97780000,21.076662471813,-7892.227019640569,1423,1,136.911,
1507,2017-12-30T04:00:28Z,-33.30080000,147.97768333,22.076662471813,-7891.227019640569,1424,1,136.91,
1508,2017-12-30T04:00:29Z,-33.30071667,147.97760000,23.076662471813,-7890.227019640569,1425,1,136.901,
1509,2017-12-30T04:00:30Z,-33.30060000,147.97753333,24.076662471813,-7889.227019640569,1426,1,136.888,
1510,2017-12-30T04:00:31Z,-33.30045000,147.97750000,25.076662471813,-7888.227019640569,1427,1,136.871,
1511,2017-12-30T04:00:32Z,-33.30026667,147.97750000,26.076662471813,-7887.227019640569,1428,1,136.851,
1512,2017-12-30T04:00:33Z,-33.30006667,147.97753333,27.076662471813,-7886.227019640569,1429,1,136.829,
1513,2017-12-30T04:00:34Z,-33.29988333,147.97763333,28.076662471813,-7885.227019640569,1430,1,136.808,
1514,2017-12-30T04:00:35Z,-33.29971667,147.97776667,29.076662471813,-7884.227019640569,1431,1,136.789,
1515,2017-12-30T04:00:36Z,-33.29960000,147.97793333,30.076662471813,-7883.227019640569,1432,1,136.776,
1516,2017-12-30T04:00:37Z,-33.29951667,147.97813333,31.076662471813,-7882.227019640569,1433,1,136.766,
1517,2017-12-30T04:00:38Z,-33.29946667,147.97835000,32.076662471813,-7881.227019640569,1434,1,136.76,
1518,2017-12-30T04:00:39Z,-33.29946667,147.97855000,33.076662471813,-7880.227019640569,1435,1,136.76,
1519,2017-12-30T04:00:40Z,-33.29950000,147.97873333,34.076662471813,-7879.227019640569,1436,1,136.764,
1520,2017-12-30T04:00:41Z,-33.29960000,147.97888333,35.076662471813,-7878.227019640569,1437,1,136.774,
1521,2017-12-30T04:00:42Z,-33.29970000,147.97898333,36.076662471813,-7877.227019640569,1438,1,136.785,
1522,2017-12-30T04:00:43Z,-33.29980000,147.97905000,37.076662471813,-7876.227019640569,1439,1,136.796,
1523,2017-12-30T04:00:44Z,-33.29990000,147.97905000,38.076662471813,-7875.227019640569,1440,1,136.808,
1524,2017-12-30T04:00:45Z,-33.29998333,147.97901667,39.076662471813,-7874.227019640569,1441,1,136.817,
1525,2017-12-30T04:00:46Z,-33.30000000,147.97890000,40.076662471813,-7873.227019640569,1442,1,136.819,
1526,2017-12-30T04:00:47Z,-33.30000000,147.97876667,41.076662471813,-7872.227019640569,1443,1,136.819,
1527,2017-12-30T04:00:48Z,-33.29995000,147.97865000,42.076662471813,-7871.227019640569,1444,1,136.814,
1528,2017-12-30T04:00:49Z,-33.29986667,147.97853333,43.076662471813,-7870.227019640569,1445,1,136.805,
1529,2017-12-30T04:00:50Z,-33.29973333,147.97846667,44.076662471813,-7869.227019640569,1446,1,136.79,
1530,2017-12-30T04:00:51Z,-33.29956667,147.97845000,45.076662471813,-7868.227019640569,1447,1,136.771,
1531,2017-12-30T04:00:52Z,-33.29940000,147.97848333,46.076662471813,-7867.227019640569,1448,1,136.753,
1532,2017-12-30T04:00:53Z,-33.29923333,147.97858333,47.076662471813,-7866.227019640569,1449,1,136.734,
1533,2017-12-30T04:00:54Z,-33.29908333,147.97873333,48.076662471813,-7865.227019640569,1450,1,136.717,
1534,2017-12-30T04:00:55Z,-33.29898333,147.97893333,49.076662471813,-7864.227019640569,1451,1,136.706,
1535,2017-12-30T04:00:56Z,-33.29893333,147.97915000,50.076662471813,-7863.227019640569,1452,1,136.7,
1536,2017-12-30T04:00:57Z,-33.29891667,147.97935000,51.076662471813,-7862.227019640569,1453,1,136.698,
1537,2017-12-30T04:00:58Z,-33.29893333,147.97955000,52.076662471813,-7861.227019640569,1454,1,136.699,
1538,2017-12-30T04:00:59Z,-33.29900000,147.97968333,53.076662471813,-7860.227019640569,1455,1,136.707,
1539,2017-12-30T04:01:00Z,-33.29908333,147.97978333,54.076662471813,-7859.227019640569,1456,1,136.716,
1540,2017-12-30T04:01:01Z,-33.29918333,147.97981667,55.076662471813,-7858.227019640569,1457,1,136.727,
1541,2017-12-30T04:01:02Z,-33.29926667,147.97978333,56.076662471813,-7857.227019640569,1458,1,136.736,
1542,2017-12-30T04:01:03Z,-33.29931667,147.97971667,57.076662471813,-7856.227019640569,1459,1,136.742,
1543,2017-12-30T04:01:04Z,-33.29931667,147.97961667,58.076662471813,-7855.227019640569,1460,1,136.742,
1544,2017-12-30T04:01:05Z,-33.29928333,147.97951667,59.076662471813,-7854.227019640569,1461,1,136.738,
1545,2017-12-30T04:01:06Z,-33.29920000,147.97943333,60.076662471813,-7853.227019640569,1462,1,136.729,
1546,2017-12-30T04:01:07Z,-33.29908333,147.97936667,61.076662471813,-7852.227019640569,1463,1,136.716,
1547,2017-12-30T04:01:08Z,-33.29895000,147.97933333,62.076662471813,-7851.227019640569,1464,1,136.701,
1548,2017-12-30T04:01:09Z,-33.29878333,147.97933333,63.076662471813,-7850.227019640569,1465,1,136.683,
1549,2017-12-30T04:01:10Z,-33.29861667,147.97938333,64.076662471813,-7849.227019640569,1466,1,136.664,
1550,2017-12-30T04:01:11Z,-33.29843333,147.97945000,65.076662471813,-7848.227019640569,1467,1,136.644,
1551,2017-12-30T04:01:12Z,-33.29825000,147.97953333,66.076662471813,-7847.227019640569,1468,1,136.623,
1552,2017-12-30T04:01:13Z,-33.29808333,147.97966667,67.076662471813,-7846.227019640569,1469,1,136.605,
1553,2017-12-30T04:01:14Z,-33.29795000,147.97985000,68.076662471813,-7845.227019640569,1470,1,136.59,
1554,2017-12-30T04:01:15Z,-33.29785000,147.98003333,69.076662471813,-7844.227019640569,1471,1,136.578,
1555,2017-12-30T04:01:16Z,-33.29778333,147.98025000,70.076662471813,-7843.227019640569,1472,1,136.57,
1556,2017-12-30T04:01:17Z,-33.29775000,147.98048333,71.076662471813,-7842.227019640569,1473,1,136.566,
1557,2017-12-30T04:01:18Z,-33.29776667,147.98070000,72.076662471813,-7841.227019640569,1474,1,136.568,
1558,2017-12-30T04:01:19Z,-33.29783333,147.98086667,73.076662471813,-7840.227019640569,1475,1,136.575,
1559,2017-12-30T04:01:20Z,-33.29791667,147.98101667,74.076662471813,-7839.227019640569,1476,1,136.584,
1560,2017-12-30T04:01:21Z,-33.29800000,147.98111667,75.076662471813,-7838.227019640569,1477,1,136.593,
1561,2017-12-30T04:01:22Z,-33.29810000,147.98116667,76.076662471813,-7837.227019640569,1478,1,136.604,
1562,2017-12-30T04:01:23Z,-33.29818333,147.98115000,77.076662471813,-7836.227019640569,1479,1,136.614,
1563,2017-12-30T04:01:24Z,-33.29826667,147.98110000,78.076662471813,-7835.227019640569,1480,1,136.623,
1564,2017-12-30T04:01:25Z,-33.29833333,147.98101667,79.076662471813,-7834.227019640569,1481,1,136.63,
1565,2017-12-30T04:01:26Z,-33.29835000,147.98093333,80.076662471813,-7833.227019640569,1482,1,136.632,
1566,2017-12-30T04:01:27Z,-33.29835000,147.98085000,81.076662471813,-7832.227019640569,1483,1,136.633,
1567,2017-12-30T04:01:28Z,-33.29828333,147.98075000,82.076662471813,-7831.227019640569,1484,1,136.625,
1568,2017-12-30T04:01:29Z,-33.29816667,147.98070000,83.076662471813,-7830.227019640569,1485,1,136.612,
1569,2017-12-30T04:01:30Z,-33.29801667,147.98066667,84.076662471813,-7829.227019640569,1486,1,136.596,
1570,2017-12-30T04:01:31Z,-33.29785000,147.98068333,85.076662471813,-7828.227019640569,1487,1,136.577,
1571,2017-12-30T04:01:32Z,-33.29768333,147.98076667,86.076662471813,-7827.227019640569,1488,1,136.559,
1572,2017-12-30T04:01:33Z,-33.29753333,147.98088333,87.076662471813,-7826.227019640569,1489,1,136.542,
1573,2017-12-30T04:01:34Z,-33.29740000,147.98106667,88.076662471813,-7825.227019640569,1490,1,136.527,
1574,2017-12-30T04:01:35Z,-33.29730000,147.98126667,89.076662471813,-7824.227019640569,1491,1,136.515,
1575,2017-12-30T04:01:36Z,-33.29726667,147.98150000,90.076662471813,-7823.227019640569,1492,1,136.511,
1576,2017-12-30T04:01:37Z,-33.29726667,147.98170000,91.076662471813,-7822.227019640569,1493,1,136.511,
1577,2017-12-30T04:01:38Z,-33.29731667,147.98188333,92.076662471813,-7821.227019640569,1494,1,136.516,
1578,2017-12-30T04:01:39Z,-33.29740000,147.98203333,93.076662471813,-7820.227019640569,1495,1,136.525,
1579,2017-12-30T04:01:40Z,-33.29750000,147.98215000,94.076662471813,-7819.227019640569,1496,1,136.536,
1580,2017-12-30T04:01:41Z,-33.29760000,147.98221667,95.076662471813,-7818.227019640569,1497,1,136.547,
1581,2017-12-30T04:01:42Z,-33.29770000,147.98225000,96.076662471813,-7817.227019640569,1498,1,136.558,
1582,2017-12-30T04:01:43Z,-33.29780000,147.98221667,97.076662471813,-7816.227019640569,1499,1,136.569,
1583,2017-12-30T04:01:44Z,-33.29786667,147.98215000,98.076662471813,-7815.227019640569,1500,1,136.577,
1584,2017-12-30T04:01:45Z,-33.29790000,147.98206667,99.076662471813,-7814.227019640569,1501,1,136.581,
1585,2017-12-30T04:01:46Z,-33.29788333,147.98196667,100.076662471813,-7813.227019640569,1502,1,136.579,
1586,2017-12-30T04:01:47Z,-33.29786667,147.98188333,101.076662471813,-7812.227019640569,1503,1,136.577,
1587,2017-12-30T04:01:48Z,-33.29781667,147.98178333,102.076662471813,-7811.227019640569,1504,1,136.572,
1588,2017-12-30T04:01:49Z,-33.29776667,147.98170000,103.076662471813,-7810.227019640569,1505,1,136.566,
1589,2017-12-30T04:01:50Z,-33.29766667,147.98163333,104.076662471813,-7809.227019640569,1506,1,136.555,
1590,2017-12-30T04:01:51Z,-33.29756667,147.98156667,105.076662471813,-7808.227019640569,1507,1,136.544,
1591,2017-12-30T04:01:52Z,-33.29745000,147.98151667,106.076662471813,-7807.227019640569,1508,1,136.531,
1592,2017-12-30T04:01:53Z,-33.29730000,147.98145000,107.076662471813,-7806.227019640569,1509,1,136.515,
1593,2017-12-30T04:01:54Z,-33.29716667,147.98141667,108.076662471813,-7805.227019640569,1510,1,136.5,
1594,2017-12-30T04:01:55Z,-33.29701667,147.98138333,109.076662471813,-7804.227019640569,1511,1,136.484,
1595,2017-12-30T04:01:56Z,-33.29686667,147.98138333,110.076662471813,-7803.227019640569,1512,1,136.467,
1596,2017-12-30T04:01:57Z,-33.29670000,147.98143333,111.076662471813,-7802.227019640569,1513,1,136.448,
1597,2017-12-30T04:01:58Z,-33.29653333,147.98151667,112.076662471813,-7801.227019640569,1514,1,136.43,
1598,2017-12-30T04:01:59Z,-33.29638333,147.98165000,113.076662471813,-7800.227019640569,1515,1,136.413,
1599,2017-12-30T04:02:00Z,-33.29625000,147.98181667,114.076662471813,-7799.227019640569,1516,1,136.398,
1600,2017-12-30T04:02:01Z,-33.29613333,147.98200000,115.076662471813,-7798.227019640569,1517,1,136.384,
1601,2017-12-30T04:02:02Z,-33.29603333,147.98221667,116.076662471813,-7797.227019640569,1518,1,136.373,
1602,2017-12-30T04:02:03Z,-33.29598333,147.98245000,117.076662471813,-7796.227019640569,1519,1,136.367,
1603,2017-12-30T04:02:04Z,-33.29595000,147.98266667,118.076662471813,-7795.227019640569,1520,1,136.363,
1604,2017-12-30T04:02:05Z,-33.29595000,147.98290000,119.076662471813,-7794.227019640569,1521,1,136.363,
1605,2017-12-30T04:02:06Z,-33.29596667,147.98311667,120.076662471813,-7793.227019640569,1522,1,136.364,
1606,2017-12-30T04:02:07Z,-33.29601667,147.98330000,121.076662471813,-7792.227019640569,1523,1,136.37,
1607,2017-12-30T04:02:08Z,-33.29608333,147.98345000,122.076662471813,-7791.227019640569,1524,1,136.377,
1608,2017-12-30T04:02:09Z,-33.29618333,147.98358333,123.076662471813,-7790.227019640569,1525,1,136.388,
1609,2017-12-30T04:02:10Z,-33.29628333,147.98370000,124.076662471813,-7789.227019640569,1526,1,136.399,
1610,2017-12-30T04:02:11Z,-33.29640000,147.98376667,125.076662471813,-7788.227019640569,1527,1,136.412,
1611,2017-12-30T04:02:12Z,-33.29650000,147.98381667,126.076662471813,-7787.227019640569,1528,1,136.423,
1612,2017-12-30T04:02:13Z,-33.29660000,147.98383333,127.076662471813,-7786.227019640569,1529,1,136.434,
1613,2017-12-30T04:02:14Z,-33.29668333,147.98381667,128.076662471813,-7785.227019640569,1530,1,136.443,
1614,2017-12-30T04:02:15Z,-33.29676667,147.98378333,129.076662471813,-7784.227019640569,1531,1,136.452,
1615,2017-12-30T04:02:16Z,-33.29683333,147.98373333,130.076662471813,-7783.227019640569,1532,1,136.46,
1616,2017-12-30T04:02:17Z,-33.29686667,147.98365000,131.076662471813,-7782.227019640569,1533,1,136.464,
1617,2017-12-30T04:02:18Z,-33.29685000,147.98353333,132.076662471813,-7781.227019640569,1534,1,136.462,
1618,2017-12-30T04:02:19Z,-33.29681667,147.98345000,133.076662471813,-7780.227019640569,1535,1,136.458,
1619,2017-12-30T04:02:20Z,-33.29675000,147.98335000,134.076662471813,-7779.227019640569,1536,1,136.451,
1620,2017-12-30T04:02:21Z,-33.29665000,147.98326667,135.076662471813,-7778.227019640569,1537,1,136.44,
1621,2017-12-30T04:02:22Z,-33.29651667,147.98320000,136.076662471813,-7777.227019640569,1538,1,136.425,
1622,2017-12-30T04:02:23Z,-33.29636667,147.98315000,137.076662471813,-7776.227019640569,1539,1,136.409,
1623,2017-12-30T04:02:24Z,-33.29620000,147.98315000,138.076662471813,-7775.227019640569,1540,1,136.39,
1624,2017-12-30T04:02:25Z,-33.29603333,147.98316667,139.076662471813,-7774.227019640569,1541,1,136.372,
1625,2017-12-30T04:02:26Z,-33.29588333,147.98321667,140.076662471813,-7773.227019640569,1542,1,136.355,
1626,2017-12-30T04:02:27Z,-33.29571667,147.98328333,141.076662471813,-7772.227019640569,1543,1,136.336,
1627,2017-12-30T04:02:28Z,-33.29556667,147.98340000,142.076662471813,-7771.227019640569,1544,1,136.32,
1628,2017-12-30T04:02:29Z,-33.29541667,147.98353333,143.076662471813,-7770.227019640569,1545,1,136.303,
1629,2017-12-30T04:02:30Z,-33.29530000,147.98371667,144.076662471813,-7769.227019640569,1546,1,136.29,
1630,2017-12-30T04:02:31Z,-33.29518333,147.98391667,145.076662471813,-7768.227019640569,1547,1,136.276,
1631,2017-12-30T04:02:32Z,-33.29508333,147.98415000,146.076662471813,-7767.227019640569,1548,1,136.265,
1632,2017-12-30T04:02:33Z,-33.29500000,147.98438333,147.076662471813,-7766.227019640569,1549,1,136.255,
1633,2017-12-30T04:02:34Z,-33.29493333,147.98460000,148.076662471813,-7765.227019640569,1550,1,136.248,
1634,2017-12-30T04:02:35Z,-33.29486667,147.98483333,149.076662471813,-7764.227019640569,1551,1,136.24,
1635,2017-12-30T04:02:36Z,-33.29480000,147.98506667,150.076662471813,-7763.227019640569,1552,1,136.232,
1636,2017-12-30T04:02:37Z,-33.29473333,147.98528333,151.076662471813,-7762.227019640569,1553,1,136.225,
1637,2017-12-30T04:02:38Z,-33.29468333,147.98551667,152.076662471813,-7761.227019640569,1554,1,136.219,
1638,2017-12-30T04:02:39Z,-33.29463333,147.98575000,153.076662471813,-7760.227019640569,1555,1,136.213,
1639,2017-12-30T04:02:40Z,-33.29461667,147.98595000,154.076662471813,-7759.227019640569,1556,1,136.211,
1640,2017-12-30T04:02:41Z,-33.29461667,147.98616667,155.076662471813,-7758.227019640569,1557,1,136.211,
1641,2017-12-30T04:02:42Z,-33.29463333,147.98635000,156.076662471813,-7757.227019640569,1558,1,136.212,
1642,2017-12-30T04:02:43Z,-33.29466667,147.98655000,157.076662471813,-7756.227019640569,1559,1,136.216,
1643,2017-12-30T04:02:44Z,-33.29471667,147.98673333,158.076662471813,-7755.227019640569,1560,1,136.221,
1644,2017-12-30T04:02:45Z,-33.29478333,147.98691667,159.076662471813,-7754.227019640569,1561,1,136.228,
1645,2017-12-30T04:02:46Z,-33.29486667,147.98708333,160.076662471813,-7753.227019640569,1562,1,136.237,
1646,2017-12-30T04:02:47Z,-33.29496667,147.98725000,161.076662471813,-7752.227019640569,1563,1,136.248,
1647,2017-12-30T04:02:48Z,-33.29506667,147.98740000,162.076662471813,-7751.227019640569,1564,1,136.259,
1648,2017-12-30T04:02:49Z,-33.29515000,147.98755000,163.076662471813,-7750.227019640569,1565,1,136.268,
1649,2017-12-30T04:02:50Z,-33.29523333,147.98771667,164.076662471813,-7749.227019640569,1566,1,136.278,
1650,2017-12-30T04:02:51Z,-33.29530000,147.98788333,165.076662471813,-7748.227019640569,1567,1,136.285,
1651,2017-12-30T04:02:52Z,-33.29538333,147.98806667,166.076662471813,-7747.227019640569,1568,1,136.294,
1652,2017-12-30T04:02:53Z,-33.29543333,147.98823333,167.076662471813,-7746.227019640569,1569,1,136.299,
1653,2017-12-30T04:02:54Z,-33.29550000,147.98838333,168.076662471813,-7745.227019640569,1570,1,136.307,
1654,2017-12-30T04:02:55Z,-33.29558333,147.98853333,169.076662471813,-7744.227019640569,1571,1,136.316,
1655,2017-12-30T04:02:56Z,-33.29566667,147.98863333,170.076662471813,-7743.227019640569,1572,1,136.325,
1656,2017-12-30T04:02:57Z,-33.29576667,147.98870000,171.076662471813,-7742.227019640569,1573,1,136.336,
1657,2017-12-30T04:02:58Z,-33.29586667,147.98873333,172.076662471813,-7741.227019640569,1574,1,136.347,
1658,2017-12-30T04:02:59Z,-33.29596667,147.98871667,173.076662471813,-7740.227019640569,1575,1,136.358,
1659,2017-12-30T04:03:00Z,-33.29603333,147.98865000,174.076662471813,-7739.227019640569,1576,1,136.366,
1660,2017-12-30T04:03:01Z,-33.29610000,147.98856667,175.076662471813,-7738.227019640569,1577,1,136.373,
1661,2017-12-30T04:03:02Z,-33.29610000,147.98845000,176.076662471813,-7737.227019640569,1578,1,136.373,
1662,2017-12-30T04:03:03Z,-33.29605000,147.98833333,177.076662471813,-7736.227019640569,1579,1,136.368,
1663,2017-12-30T04:03:04Z,-33.29596667,147.98823333,178.076662471813,-7735.227019640569,1580,1,136.359,
1664,2017-12-30T04:03:05Z,-33.29585000,147.98815000,179.076662471813,-7734.227019640569,1581,1,136.346,
1665,2017-12-30T04:03:06Z,-33.29571667,147.98811667,180.076662471813,-7733.227019640569,1582,1,136.331,
1666,2017-12-30T04:03:07Z,-33.29556667,147.98810000,181.076662471813,-7732.227019640569,1583,1,136.314,
1667,2017-12-30T04:03:08Z,-33.29540000,147.98813333,182.076662471813,-7731.227019640569,1584,1,136.296,
1668,2017-12-30T04:03:09Z,-33.29523333,147.98820000,183.076662471813,-7730.227019640569,1585,1,136.277,
1669,2017-12-30T04:03:10Z,-33.29508333,147.98831667,184.076662471813,-7729.227019640569,1586,1,136.26,
1670,2017-12-30T04:03:11Z,-33.29493333,147.98845000,185.076662471813,-7728.227019640569,1587,1,136.243,
1671,2017-12-30T04:03:12Z,-33.29481667,147.98861667,186.076662471813,-7727.227019640569,1588,1,136.23,
1672,2017-12-30T04:03:13Z,-33.29471667,147.98880000,187.076662471813,-7726.227019640569,1589,1,136.219,
1673,2017-12-30T04:03:14Z,-33.29463333,147.98896667,188.076662471813,-7725.227019640569,1590,1,136.21,
1674,2017-12-30T04:03:15Z,-33.29455000,147.98915000,189.076662471813,-7724.227019640569,1591,1,136.2,
1675,2017-12-30T04:03:16Z,-33.29446667,147.98933333,190.076662471813,-7723.227019640569,1592,1,136.191,
1676,2017-12-30T04:03:17Z,-33.29440000,147.98953333,191.076662471813,-7722.227019640569,1593,1,136.183,
1677,2017-12-30T04:03:18Z,-33.29435000,147.98971667,192.076662471813,-7721.227019640569,1594,1,136.177,
1678,2017-12-30T04:03:19Z,-33.29433333,147.98993333,193.076662471813,-7720.227019640569,1595,1,136.175,
1679,2017-12-30T04:03:20Z,-33.29431667,147.99013333,194.076662471813,-7719.227019640569,1596,1,136.173,
1680,2017-12-30T04:03:21Z,-33.29433333,147.99033333,195.076662471813,-7718.227019640569,1597,1,136.175,
1681,2017-12-30T04:03:22Z,-33.29436667,147.99053333,196.076662471813,-7717.227019640569,1598,1,136.179,
1682,2017-12-30T04:03:23Z,-33.29443333,147.99071667,197.076662471813,-7716.227019640569,1599,1,136.186,
1683,2017-12-30T04:03:24Z,-33.29451667,147.99086667,198.076662471813,-7715.227019640569,1600,1,136.195,
1684,2017-12-30T04:03:25Z,-33.29461667,147.99100000,199.076662471813,-7714.227019640569,1601,1,136.206,
1685,2017-12-30T04:03:26Z,-33.29471667,147.99108333,200.076662471813,-7713.227019640569,1602,1,136.217,
1686,2017-12-30T04:03:27Z,-33.29481667,147.99111667,201.076662471813,-7712.227019640569,1603,1,136.228,
1687,2017-12-30T04:03:28Z,-33.29491667,147.99110000,202.076662471813,-7711.227019640569,1604,1,136.239,
1688,2017-12-30T04:03:29Z,-33.29500000,147.99105000,203.076662471813,-7710.227019640569,1605,1,136.249,
1689,2017-12-30T04:03:30Z,-33.29506667,147.99098333,204.076662471813,-7709.227019640569,1606,1,136.256,
1690,2017-12-30T04:03:31Z,-33.29511667,147.99088333,205.076662471813,-7708.227019640569,1607,1,136.262,
1691,2017-12-30T04:03:32Z,-33.29516667,147.99076667,206.076662471813,-7707.227019640569,1608,1,136.267,
1692,2017-12-30T04:03:33Z,-33.29521667,147.99063333,207.076662471813,-7706.227019640569,1609,1,136.273,
1693,2017-12-30T04:03:34Z,-33.29521667,147.99055000,208.076662471813,-7705.227019640569,1610,1,136.273,
1694,2017-12-30T04:03:35Z,-33.29523333,147.99046667,209.076662471813,-7704.227019640569,1611,1,136.275,
1695,2017-12-30T04:03:36Z,-33.29523333,147.99040000,210.076662471813,-7703.227019640569,1612,1,136.275,
1696,2017-12-30T04:03:37Z,-33.29521667,147.99033333,211.076662471813,-7702.227019640569,1613,1,136.273,
1697,2017-12-30T04:03:38Z,-33.29518333,147.99025000,212.076662471813,-7701.227019640569,1614,1,136.27,
1698,2017-12-30T04:03:39Z,-33.29516667,147.99018333,213.076662471813,-7700.227019640569,1615,1,136.268,
1699,2017-12-30T04:03:40Z,-33.29515000,147.99010000,214.076662471813,-7699.227019640569,1616,1,136.266,
1700,2017-12-30T04:03:41Z,-33.29513333,147.99000000,215.076662471813,-7698.227019640569,1617,1,136.264,
1701,2017-12-30T04:03:42Z,-33.29513333,147.98988333,216.076662471813,-7697.227019640569,1618,1,136.264,
1702,2017-12-30T04:03:43Z,-33.29510000,147.98976667,217.076662471813,-7696.227019640569,1619,1,136.261,
1703,2017-12-30T04:03:44Z,-33.29505000,147.98968333,218.076662471813,-7695.227019640569,1620,1,136.255,
1704,2017-12-30T04:03:45Z,-33.29498333,147.98958333,219.076662471813,-7694.227019640569,1621,1,136.248,
1705,2017-12-30T04:03:46Z,-33.29488333,147.98951667,220.076662471813,-7693.227019640569,1622,1,136.237,
1706,2017-12-30T04:03:47Z,-33.29478333,147.98945000,221.076662471813,-7692.227019640569,1623,1,136.226,
1707,2017-12-30T04:03:48Z,-33.29466667,147.98938333,222.076662471813,-7691.227019640569,1624,1,136.213,
1708,2017-12-30T04:03:49Z,-33.29453333,147.98935000,223.076662471813,-7690.227019640569,1625,1,136.198,
1709,2017-12-30T04:03:50Z,-33.29438333,147.98931667,224.076662471813,-7689.227019640569,1626,1,136.181,
1710,2017-12-30T04:03:51Z,-33.29426667,147.98928333,225.076662471813,-7688.227019640569,1627,1,136.169,
1711,2017-12-30T04:03:52Z,-33.29413333,147.98923333,226.076662471813,-7687.227019640569,1628,1,136.154,
1712,2017-12-30T04:03:53Z,-33.29401667,147.98920000,227.076662471813,-7686.227019640569,1629,1,136.141,
1713,2017-12-30T04:03:54Z,-33.29388333,147.98918333,228.076662471813,-7685.227019640569,1630,1,136.126,
1714,2017-12-30T04:03:55Z,-33.29375000,147.98915000,229.076662471813,-7684.227019640569,1631,1,136.111,
1715,2017-12-30T04:03:56Z,-33.29358333,147.98916667,230.076662471813,-7683.227019640569,1632,1,136.093,
1716,2017-12-30T04:03:57Z,-33.29341667,147.98921667,231.076662471813,-7682.227019640569,1633,1,136.074,
1717,2017-12-30T04:03:58Z,-33.29325000,147.98935000,232.076662471813,-7681.227019640569,1634,1,136.055,
1718,2017-12-30T04:03:59Z,-33.29311667,147.98951667,233.076662471813,-7680.227019640569,1635,1,136.04,
1719,2017-12-30T04:04:00Z,-33.29301667,147.98971667,234.076662471813,-7679.227019640569,1636,1,136.029,
1720,2017-12-30T04:04:01Z,-33.29295000,147.98991667,235.076662471813,-7678.227019640569,1637,1,136.022,
1721,2017-12-30T04:04:02Z,-33.29291667,147.99013333,236.076662471813,-7677.227019640569,1638,1,136.018,
1722,2017-12-30T04:04:03Z,-33.29293333,147.99035000,237.076662471813,-7676.227019640569,1639,1,136.019,
1723,2017-12-30T04:04:04Z,-33.29296667,147.99055000,238.076662471813,-7675.227019640569,1640,1,136.023,
1724,2017-12-30T04:04:05Z,-33.29303333,147.99075000,239.076662471813,-7674.227019640569,1641,1,136.03,
1725,2017-12-30T04:04:06Z,-33.29311667,147.99091667,240.076662471813,-7673.227019640569,1642,1,136.039,
1726,2017-12-30T04:04:07Z,-33.29321667,147.99108333,241.076662471813,-7672.227019640569,1643,1,136.05,
1727,2017-12-30T04:04:08Z,-33.29331667,147.99120000,242.076662471813,-7671.227019640569,1644,1,136.061,
1728,2017-12-30T04:04:09Z,-33.29343333,147.99133333,243.076662471813,-7670.227019640569,1645,1,136.074,
1729,2017-12-30T04:04:10Z,-33.29353333,147.99143333,244.076662471813,-7669.227019640569,1646,1,136.085,
1730,2017-12-30T04:04:11Z,-33.29365000,147.99151667,245.076662471813,-7668.227019640569,1647,1,136.098,
1731,2017-12-30T04:04:12Z,-33.29376667,147.99156667,246.076662471813,-7667.227019640569,1648,1,136.111,
1732,2017-12-30T04:04:13Z,-33.29386667,147.99158333,247.076662471813,-7666.227019640569,1649,1,136.122,
1733,2017-12-30T04:04:14Z,-33.29395000,147.99155000,248.076662471813,-7665.227019640569,1650,1,136.131,
1734,2017-12-30T04:04:15Z,-33.29401667,147.99150000,249.076662471813,-7664.227019640569,1651,1,136.139,
1735,2017-12-30T04:04:16Z,-33.29403333,147.99141667,250.076662471813,-7663.227019640569,1652,1,136.141,
1736,2017-12-30T04:04:17Z,-33.29401667,147.99133333,251.076662471813,-7662.227019640569,1653,1,136.139,
1737,2017-12-30T04:04:18Z,-33.29396667,147.99121667,252.076662471813,-7661.227019640569,1654,1,136.134,
1738,2017-12-30T04:04:19Z,-33.29388333,147.99113333,253.076662471813,-7660.227019640569,1655,1,136.124,
1739,2017-12-30T04:04:20Z,-33.29378333,147.99105000,254.076662471813,-7659.227019640569,1656,1,136.113,
1740,2017-12-30T04:04:21Z,-33.29365000,147.99100000,255.076662471813,-7658.227019640569,1657,1,136.098,
1741,2017-12-30T04:04:22Z,-33.29350000,147.99096667,256.076662471813,-7657.227019640569,1658,1,136.082,
1742,2017-12-30T04:04:23Z,-33.29335000,147.99096667,257.076662471813,-7656.227019640569,1659,1,136.065,
1743,2017-12-30T04:04:24Z,-33.29321667,147.99098333,258.076662471813,-7655.227019640569,1660,1,136.05,
1744,2017-12-30T04:04:25Z,-33.29305000,147.99103333,259.076662471813,-7654.227019640569,1661,1,136.032,
1745,2017-12-30T04:04:26Z,-33.29290000,147.99113333,260.076662471813,-7653.227019640569,1662,1,136.015,
1746,2017-12-30T04:04:27Z,-33.29273333,147.99126667,261.076662471813,-7652.227019640569,1663,1,135.996,
1747,2017-12-30T04:04:28Z,-33.29258333,147.99143333,262.076662471813,-7651.227019640569,1664,1,135.98,
1748,2017-12-30T04:04:29Z,-33.29248333,147.99165000,263.076662471813,-7650.227019640569,1665,1,135.968,
1749,2017-12-30T04:04:30Z,-33.29240000,147.99186667,264.076662471813,-7649.227019640569,1666,1,135.959,
1750,2017-12-30T04:04:31Z,-33.29235000,147.99211667,265.076662471813,-7648.227019640569,1667,1,135.953,
1751,2017-12-30T04:04:32Z,-33.29236667,147.99235000,266.076662471813,-7647.227019640569,1668,1,135.955,
1752,2017-12-30T04:04:33Z,-33.29241667,147.99256667,267.076662471813,-7646.227019640569,1669,1,135.96,
1753,2017-12-30T04:04:34Z,-33.29248333,147.99278333,268.076662471813,-7645.227019640569,1670,1,135.967,
1754,2017-12-30T04:04:35Z,-33.29255000,147.99301667,269.076662471813,-7644.227019640569,1671,1,135.975,
1755,2017-12-30T04:04:36Z,-33.29256667,147.99326667,270.076662471813,-7643.227019640569,1672,1,135.976,
1756,2017-12-30T04:04:37Z,-33.29251667,147.99351667,271.076662471813,-7642.227019640569,1673,1,135.971,
1757,2017-12-30T04:04:38Z,-33.29243333,147.99376667,272.076662471813,-7641.227019640569,1674,1,135.961,
1758,2017-12-30T04:04:39Z,-33.29231667,147.99400000,273.076662471813,-7640.227019640569,1675,1,135.948,
1759,2017-12-30T04:04:40Z,-33.29218333,147.99423333,274.076662471813,-7639.227019640569,1676,1,135.933,
1760,2017-12-30T04:04:41Z,-33.29208333,147.99446667,275.076662471813,-7638.227019640569,1677,1,135.922,
1761,2017-12-30T04:04:42Z,-33.29200000,147.99468333,276.076662471813,-7637.227019640569,1678,1,135.912,
1762,2017-12-30T04:04:43Z,-33.29196667,147.99490000,277.076662471813,-7636.227019640569,1679,1,135.909,
1763,2017-12-30T04:04:44Z,-33.29196667,147.99511667,278.076662471813,-7635.227019640569,1680,1,135.909,
1764,2017-12-30T04:04:45Z,-33.29198333,147.99530000,279.076662471813,-7634.227019640569,1681,1,135.91,
1765,2017-12-30T04:04:46Z,-33.29210000,147.99543333,280.076662471813,-7633.227019640569,1682,1,135.923,
1766,2017-12-30T04:04:47Z,-33.29221667,147.99551667,281.076662471813,-7632.227019640569,1683,1,135.936,
1767,2017-12-30T04:04:48Z,-33.29233333,147.99553333,282.076662471813,-7631.227019640569,1684,1,135.949,
1768,2017-12-30T04:04:49Z,-33.29245000,147.99551667,283.076662471813,-7630.227019640569,1685,1,135.962,
1769,2017-12-30T04:04:50Z,-33.29253333,147.99543333,284.076662471813,-7629.227019640569,1686,1,135.971,
1770,2017-12-30T04:04:51Z,-33.29258333,147.99535000,285.076662471813,-7628.227019640569,1687,1,135.977,
1771,2017-12-30T04:04:52Z,-33.29258333,147.99523333,286.076662471813,-7627.227019640569,1688,1,135.977,
1772,2017-12-30T04:04:53Z,-33.29253333,147.99513333,287.076662471813,-7626.227019640569,1689,1,135.972,
1773,2017-12-30T04:04:54Z,-33.29245000,147.99505000,288.076662471813,-7625.227019640569,1690,1,135.962,
1774,2017-12-30T04:04:55Z,-33.29231667,147.99500000,289.076662471813,-7624.227019640569,1691,1,135.948,
1775,2017-12-30T04:04:56Z,-33.29216667,147.99500000,290.076662471813,-7623.227019640569,1692,1,135.931,
1776,2017-12-30T04:04:57Z,-33.29201667,147.99505000,291.076662471813,-7622.227019640569,1693,1,135.914,
1777,2017-12-30T04:04:58Z,-33.29186667,147.99515000,292.076662471813,-7621.227019640569,1694,1,135.897,
1778,2017-12-30T04:04:59Z,-33.29173333,147.99530000,293.076662471813,-7620.227019640569,1695,1,135.882,
1779,2017-12-30T04:05:00Z,-33.29163333,147.99551667,294.076662471813,-7619.227019640569,1696,1,135.871,
1780,2017-12-30T04:05:01Z,-33.29155000,147.99573333,295.076662471813,-7618.227019640569,1697,1,135.862,
1781,2017-12-30T04:05:02Z,-33.29150000,147.99596667,296.076662471813,-7617.227019640569,1698,1,135.856,
1782,2017-12-30T04:05:03Z,-33.29146667,147.99620000,297.076662471813,-7616.227019640569,1699,1,135.852,
1783,2017-12-30T04:05:04Z,-33.29145000,147.99643333,298.076662471813,-7615.227019640569,1700,1,135.85,
1784,2017-12-30T04:05:05Z,-33.29145000,147.99665000,299.076662471813,-7614.227019640569,1701,1,135.85,
1785,2017-12-30T04:05:06Z,-33.29145000,147.99686667,300.076662471813,-7613.227019640569,1702,1,135.85,
1786,2017-12-30T04:05:07Z,-33.29145000,147.99708333,301.076662471813,-7612.227019640569,1703,1,135.85,
1787,2017-12-30T04:05:08Z,-33.29146667,147.99731667,302.076662471813,-7611.227019640569,1704,1,135.852,
1788,2017-12-30T04:05:09Z,-33.29150000,147.99753333,303.076662471813,-7610.227019640569,1705,1,135.856,
1789,2017-12-30T04:05:10Z,-33.29153333,147.99775000,304.076662471813,-7609.227019640569,1706,1,135.859,
1790,2017-12-30T04:05:11Z,-33.29158333,147.99796667,305.076662471813,-7608.227019640569,1707,1,135.865,
1791,2017-12-30T04:05:12Z,-33.29166667,147.99813333,306.076662471813,-7607.227019640569,1708,1,135.874,
1792,2017-12-30T04:05:13Z,-33.29176667,147.99828333,307.076662471813,-7606.227019640569,1709,1,135.885,
1793,2017-12-30T04:05:14Z,-33.29188333,147.99836667,308.076662471813,-7605.227019640569,1710,1,135.898,
1794,2017-12-30T04:05:15Z,-33.29200000,147.99840000,309.076662471813,-7604.227019640569,1711,1,135.911,
1795,2017-12-30T04:05:16Z,-33.29211667,147.99840000,310.076662471813,-7603.227019640569,1712,1,135.924,
1796,2017-12-30T04:05:17Z,-33.29221667,147.99836667,311.076662471813,-7602.227019640569,1713,1,135.935,
1797,2017-12-30T04:05:18Z,-33.29230000,147.99833333,312.076662471813,-7601.227019640569,1714,1,135.944,
1798,2017-12-30T04:05:19Z,-33.29235000,147.99826667,313.076662471813,-7600.227019640569,1715,1,135.95,
1799,2017-12-30T04:05:20Z,-33.29238333,147.99818333,314.076662471813,-7599.227019640569,1716,1,135.954,
1800,2017-12-30T04:05:21Z,-33.29238333,147.99810000,315.076662471813,-7598.227019640569,1717,1,135.954,
1801,2017-12-30T04:05:22Z,-33.29235000,147.99800000,316.076662471813,-7597.227019640569,1718,1,135.95,
1802,2017-12-30T04:05:23Z,-33.29226667,147.99791667,317.076662471813,-7596.227019640569,1719,1,135.941,
1803,2017-12-30T04:05:24Z,-33.29215000,147.99788333,318.076662471813,-7595.227019640569,1720,1,135.928,
1804,2017-12-30T04:05:25Z,-33.29200000,147.99786667,319.076662471813,-7594.227019640569,1721,1,135.911,
1805,2017-12-30T04:05:26Z,-33.29185000,147.99790000,320.076662471813,-7593.227019640569,1722,1,135.894,
1806,2017-12-30T04:05:27Z,-33.29168333,147.99796667,321.076662471813,-7592.227019640569,1723,1,135.876,
1807,2017-12-30T04:05:28Z,-33.29151667,147.99806667,322.076662471813,-7591.227019640569,1724,1,135.857,
1808,2017-12-30T04:05:29Z,-33.29136667,147.99821667,323.076662471813,-7590.227019640569,1725,1,135.84,
1809,2017-12-30T04:05:30Z,-33.29125000,147.99838333,324.076662471813,-7589.227019640569,1726,1,135.827,
1810,2017-12-30T04:05:31Z,-33.29115000,147.99858333,325.076662471813,-7588.227019640569,1727,1,135.816,
1811,2017-12-30T04:05:32Z,-33.29108333,147.99880000,326.076662471813,-7587.227019640569,1728,1,135.809,
1812,2017-12-30T04:05:33Z,-33.29105000,147.99901667,327.076662471813,-7586.227019640569,1729,1,135.805,
1813,2017-12-30T04:05:34Z,-33.29108333,147.99923333,328.076662471813,-7585.227019640569,1730,1,135.809,
1814,2017-12-30T04:05:35Z,-33.29113333,147.99945000,329.076662471813,-7584.227019640569,1731,1,135.814,
1815,2017-12-30T04:05:36Z,-33.29123333,147.99961667,330.076662471813,-7583.227019640569,1732,1,135.825,
1816,2017-12-30T04:05:37Z,-33.29135000,147.99975000,331.076662471813,-7582.227019640569,1733,1,135.838,
1817,2017-12-30T04:05:38Z,-33.29148333,147.99986667,332.076662471813,-7581.227019640569,1734,1,135.853,
1818,2017-12-30T04:05:39Z,-33.29160000,147.99998333,333.076662471813,-7580.227019640569,1735,1,135.866,
1819,2017-12-30T04:05:40Z,-33.29173333,148.00008333,334.076662471813,-7579.227019640569,1736,1,135.881,
1820,2017-12-30T04:05:41Z,-33.29185000,148.00018333,335.076662471813,-7578.227019640569,1737,1,135.894,
1821,2017-12-30T04:05:42Z,-33.29195000,148.00023333,336.076662471813,-7577.227019640569,1738,1,135.905,
1822,2017-12-30T04:05:43Z,-33.29206667,148.00028333,337.076662471813,-7576.227019640569,1739,1,135.918,
1823,2017-12-30T04:05:44Z,-33.29218333,148.00028333,338.076662471813,-7575.227019640569,1740,1,135.931,
1824,2017-12-30T04:05:45Z,-33.29230000,148.00028333,339.076662471813,-7574.227019640569,1741,1,135.944,
1825,2017-12-30T04:05:46Z,-33.29241667,148.00023333,340.076662471813,-7573.227019640569,1742,1,135.957,
1826,2017-12-30T04:05:47Z,-33.29250000,148.00016667,341.076662471813,-7572.227019640569,1743,1,135.966,
1827,2017-12-30T04:05:48Z,-33.29256667,148.00008333,342.076662471813,-7571.227019640569,1744,1,135.973,
1828,2017-12-30T04:05:49Z,-33.29260000,147.99998333,343.076662471813,-7570.227019640569,1745,1,135.977,
1829,2017-12-30T04:05:50Z,-33.29260000,147.99985000,344.076662471813,-7569.227019640569,1746,1,135.977,
1830,2017-12-30T04:05:51Z,-33.29258333,147.99973333,345.076662471813,-7568.227019640569,1747,1,135.975,
1831,2017-12-30T04:05:52Z,-33.29251667,147.99963333,346.076662471813,-7567.227019640569,1748,1,135.968,
1832,2017-12-30T04:05:53Z,-33.29241667,147.99958333,347.076662471813,-7566.227019640569,1749,1,135.957,
1833,2017-12-30T04:05:54Z,-33.29226667,147.99955000,348.076662471813,-7565.227019640569,1750,1,135.94,
1834,2017-12-30T04:05:55Z,-33.29211667,147.99956667,349.076662471813,-7564.227019640569,1751,1,135.923,
1835,2017-12-30T04:05:56Z,-33.29196667,147.99965000,350.076662471813,-7563.227019640569,1752,1,135.907,
1836,2017-12-30T04:05:57Z,-33.29181667,147.99976667,351.076662471813,-7562.227019640569,1753,1,135.89,
1837,2017-12-30T04:05:58Z,-33.29170000,147.99995000,352.076662471813,-7561.227019640569,1754,1,135.877,
1838,2017-12-30T04:05:59Z,-33.29160000,148.00015000,353.076662471813,-7560.227019640569,1755,1,135.866,
1839,2017-12-30T04:06:00Z,-33.29153333,148.00036667,354.076662471813,-7559.227019640569,1756,1,135.858,
1840,2017-12-30T04:06:01Z,-33.29148333,148.00060000,355.076662471813,-7558.227019640569,1757,1,135.853,
1841,2017-12-30T04:06:02Z,-33.29145000,148.00083333,356.076662471813,-7557.227019640569,1758,1,135.849,
1842,2017-12-30T04:06:03Z,-33.29141667,148.00105000,357.076662471813,-7556.227019640569,1759,1,135.845,
1843,2017-12-30T04:06:04Z,-33.29138333,148.00126667,358.076662471813,-7555.227019640569,1760,1,135.842,
1844,2017-12-30T04:06:05Z,-33.29133333,148.00148333,359.076662471813,-7554.227019640569,1761,1,135.836,
1845,2017-12-30T04:06:06Z,-33.29130000,148.00170000,360.076662471813,-7553.227019640569,1762,1,135.832,
1846,2017-12-30T04:06:07Z,-33.29126667,148.00190000,361.076662471813,-7552.227019640569,1763,1,135.829,
1847,2017-12-30T04:06:08Z,-33.29125000,148.00211667,362.076662471813,-7551.227019640569,1764,1,135.827,
1848,2017-12-30T04:06:09Z,-33.29126667,148.00230000,363.076662471813,-7550.227019640569,1765,1,135.828,
1849,2017-12-30T04:06:10Z,-33.29131667,148.00248333,364.076662471813,-7549.227019640569,1766,1,135.834,
1850,2017-12-30T04:06:11Z,-33.29138333,148.00265000,365.076662471813,-7548.227019640569,1767,1,135.841,
1851,2017-12-30T04:06:12Z,-33.29146667,148.00281667,366.076662471813,-7547.227019640569,1768,1,135.851,
1852,2017-12-30T04:06:13Z,-33.29156667,148.00296667,367.076662471813,-7546.227019640569,1769,1,135.862,
1853,2017-12-30T04:06:14Z,-33.29166667,148.00310000,368.076662471813,-7545.227019640569,1770,1,135.873,
1854,2017-12-30T04:06:15Z,-33.29178333,148.00321667,369.076662471813,-7544.227019640569,1771,1,135.886,
1855,2017-12-30T04:06:16Z,-33.29190000,148.00330000,370.076662471813,-7543.227019640569,1772,1,135.899,
1856,2017-12-30T04:06:17Z,-33.29201667,148.00338333,371.076662471813,-7542.227019640569,1773,1,135.912,
1857,2017-12-30T04:06:18Z,-33.29211667,148.00345000,372.076662471813,-7541.227019640569,1774,1,135.923,
1858,2017-12-30T04:06:19Z,-33.29223333,148.00350000,373.076662471813,-7540.227019640569,1775,1,135.936,
1859,2017-12-30T04:06:20Z,-33.29235000,148.00351667,374.076662471813,-7539.227019640569,1776,1,135.949,
1860,2017-12-30T04:06:21Z,-33.29245000,148.00351667,375.076662471813,-7538.227019640569,1777,1,135.96,
1861,2017-12-30T04:06:22Z,-33.29255000,148.00346667,376.076662471813,-7537.227019640569,1778,1,135.971,
1862,2017-12-30T04:06:23Z,-33.29263333,148.00340000,377.076662471813,-7536.227019640569,1779,1,135.98,
1863,2017-12-30T04:06:24Z,-33.29268333,148.00331667,378.076662471813,-7535.227019640569,1780,1,135.986,
1864,2017-12-30T04:06:25Z,-33.29270000,148.00321667,379.076662471813,-7534.227019640569,1781,1,135.988,
1865,2017-12-30T04:06:26Z,-33.29266667,148.00310000,380.076662471813,-7533.227019640569,1782,1,135.984,
1866,2017-12-30T04:06:27Z,-33.29260000,148.00300000,381.076662471813,-7532.227019640569,1783,1,135.977,
1867,2017-12-30T04:06:28Z,-33.29253333,148.00293333,382.076662471813,-7531.227019640569,1784,1,135.969,
1868,2017-12-30T04:06:29Z,-33.29241667,148.00285000,383.076662471813,-7530.227019640569,1785,1,135.956,
1869,2017-12-30T04:06:30Z,-33.29230000,148.00280000,384.076662471813,-7529.227019640569,1786,1,135.943,
1870,2017-12-30T04:06:31Z,-33.29216667,148.00278333,385.076662471813,-7528.227019640569,1787,1,135.929,
1871,2017-12-30T04:06:32Z,-33.29200000,148.00280000,386.076662471813,-7527.227019640569,1788,1,135.91,
1872,2017-12-30T04:06:33Z,-33.29183333,148.00288333,387.076662471813,-7526.227019640569,1789,1,135.891,
1873,2017-12-30T04:06:34Z,-33.29166667,148.00298333,388.076662471813,-7525.227019640569,1790,1,135.873,
1874,2017-12-30T04:06:35Z,-33.29151667,148.00310000,389.076662471813,-7524.227019640569,1791,1,135.856,
1875,2017-12-30T04:06:36Z,-33.29136667,148.00325000,390.076662471813,-7523.227019640569,1792,1,135.84,
1876,2017-12-30T04:06:37Z,-33.29123333,148.00341667,391.076662471813,-7522.227019640569,1793,1,135.825,
1877,2017-12-30T04:06:38Z,-33.29111667,148.00358333,392.076662471813,-7521.227019640569,1794,1,135.812,
1878,2017-12-30T04:06:39Z,-33.29101667,148.00376667,393.076662471813,-7520.227019640569,1795,1,135.801,
1879,2017-12-30T04:06:40Z,-33.29091667,148.00395000,394.076662471813,-7519.227019640569,1796,1,135.79,
1880,2017-12-30T04:06:41Z,-33.29083333,148.00413333,395.076662471813,-7518.227019640569,1797,1,135.78,
1881,2017-12-30T04:06:42Z,-33.29078333,148.00433333,396.076662471813,-7517.227019640569,1798,1,135.775,
1882,2017-12-30T04:06:43Z,-33.29073333,148.00451667,397.076662471813,-7516.227019640569,1799,1,135.769,
1883,2017-12-30T04:06:44Z,-33.29071667,148.00473333,398.076662471813,-7515.227019640569,1800,1,135.767,
1884,2017-12-30T04:06:45Z,-33.29073333,148.00493333,399.076662471813,-7514.227019640569,1801,1,135.769,
1885,2017-12-30T04:06:46Z,-33.29076667,148.00513333,400.076662471813,-7513.227019640569,1802,1,135.773,
1886,2017-12-30T04:06:47Z,-33.29085000,148.00531667,401.076662471813,-7512.227019640569,1803,1,135.782,
1887,2017-12-30T04:06:48Z,-33.29095000,148.00548333,402.076662471813,-7511.227019640569,1804,1,135.793,
1888,2017-12-30T04:06:49Z,-33.29105000,148.00560000,403.076662471813,-7510.227019640569,1805,1,135.804,
1889,2017-12-30T04:06:50Z,-33.29118333,148.00568333,404.076662471813,-7509.227019640569,1806,1,135.819,
1890,2017-12-30T04:06:51Z,-33.29131667,148.00571667,405.076662471813,-7508.227019640569,1807,1,135.834,
1891,2017-12-30T04:06:52Z,-33.29143333,148.00573333,406.076662471813,-7507.227019640569,1808,1,135.847,
1892,2017-12-30T04:06:53Z,-33.29156667,148.00573333,407.076662471813,-7506.227019640569,1809,1,135.862,
1893,2017-12-30T04:06:54Z,-33.29166667,148.00568333,408.076662471813,-7505.227019640569,1810,1,135.873,
1894,2017-12-30T04:06:55Z,-33.29175000,148.00563333,409.076662471813,-7504.227019640569,1811,1,135.882,
1895,2017-12-30T04:06:56Z,-33.29183333,148.00555000,410.076662471813,-7503.227019640569,1812,1,135.892,
1896,2017-12-30T04:06:57Z,-33.29186667,148.00546667,411.076662471813,-7502.227019640569,1813,1,135.895,
1897,2017-12-30T04:06:58Z,-33.29190000,148.00536667,412.076662471813,-7501.227019640569,1814,1,135.899,
1898,2017-12-30T04:06:59Z,-33.29188333,148.00526667,413.076662471813,-7500.227019640569,1815,1,135.897,
1899,2017-12-30T04:07:00Z,-33.29185000,148.00518333,414.076662471813,-7499.227019640569,1816,1,135.893,
1900,2017-12-30T04:07:01Z,-33.29178333,148.00510000,415.076662471813,-7498.227019640569,1817,1,135.886,
1901,2017-12-30T04:07:02Z,-33.29168333,148.00501667,416.076662471813,-7497.227019640569,1818,1,135.875,
1902,2017-12-30T04:07:03Z,-33.29158333,148.00495000,417.076662471813,-7496.227019640569,1819,1,135.864,
1903,2017-12-30T04:07:04Z,-33.29145000,148.00488333,418.076662471813,-7495.227019640569,1820,1,135.849,
1904,2017-12-30T04:07:05Z,-33.29131667,148.00486667,419.076662471813,-7494.227019640569,1821,1,135.834,
1905,2017-12-30T04:07:06Z,-33.29116667,148.00486667,420.076662471813,-7493.227019640569,1822,1,135.817,
1906,2017-12-30T04:07:07Z,-33.29098333,148.00491667,421.076662471813,-7492.227019640569,1823,1,135.797,
1907,2017-12-30T04:07:08Z,-33.29081667,148.00500000,422.076662471813,-7491.227019640569,1824,1,135.778,
1908,2017-12-30T04:07:09Z,-33.29066667,148.00508333,423.076662471813,-7490.227019640569,1825,1,135.762,
1909,2017-12-30T04:07:10Z,-33.29051667,148.00518333,424.076662471813,-7489.227019640569,1826,1,135.745,
1910,2017-12-30T04:07:11Z,-33.29036667,148.00530000,425.076662471813,-7488.227019640569,1827,1,135.728,
1911,2017-12-30T04:07:12Z,-33.29025000,148.00545000,426.076662471813,-7487.227019640569,1828,1,135.716,
1912,2017-12-30T04:07:13Z,-33.29013333,148.00563333,427.076662471813,-7486.227019640569,1829,1,135.703,
1913,2017-12-30T04:07:14Z,-33.29005000,148.00581667,428.076662471813,-7485.227019640569,1830,1,135.693,
1914,2017-12-30T04:07:15Z,-33.29000000,148.00605000,429.076662471813,-7484.227019640569,1831,1,135.688,
1915,2017-12-30T04:07:16Z,-33.28998333,148.00628333,430.076662471813,-7483.227019640569,1832,1,135.686,
1916,2017-12-30T04:07:17Z,-33.29001667,148.00650000,431.076662471813,-7482.227019640569,1833,1,135.69,
1917,2017-12-30T04:07:18Z,-33.29008333,148.00666667,432.076662471813,-7481.227019640569,1834,1,135.697,
1918,2017-12-30T04:07:19Z,-33.29020000,148.00681667,433.076662471813,-7480.227019640569,1835,1,135.71,
1919,2017-12-30T04:07:20Z,-33.29031667,148.00690000,434.076662471813,-7479.227019640569,1836,1,135.723,
1920,2017-12-30T04:07:21Z,-33.29046667,148.00695000,435.076662471813,-7478.227019640569,1837,1,135.74,
1921,2017-12-30T04:07:22Z,-33.29058333,148.00695000,436.076662471813,-7477.227019640569,1838,1,135.753,
1922,2017-12-30T04:07:23Z,-33.29070000,148.00693333,437.076662471813,-7476.227019640569,1839,1,135.766,
1923,2017-12-30T04:07:24Z,-33.29080000,148.00690000,438.076662471813,-7475.227019640569,1840,1,135.777,
1924,2017-12-30T04:07:25Z,-33.29088333,148.00688333,439.076662471813,-7474.227019640569,1841,1,135.786,
1925,2017-12-30T04:07:26Z,-33.29098333,148.00685000,440.076662471813,-7473.227019640569,1842,1,135.797,
1926,2017-12-30T04:07:27Z,-33.29106667,148.00681667,441.076662471813,-7472.227019640569,1843,1,135.807,
1927,2017-12-30T04:07:28Z,-33.29113333,148.00676667,442.076662471813,-7471.227019640569,1844,1,135.814,
1928,2017-12-30T04:07:29Z,-33.29121667,148.00673333,443.076662471813,-7470.227019640569,1845,1,135.823,
1929,2017-12-30T04:07:30Z,-33.29130000,148.00670000,444.076662471813,-7469.227019640569,1846,1,135.832,
1930,2017-12-30T04:07:31Z,-33.29136667,148.00666667,445.076662471813,-7468.227019640569,1847,1,135.84,
1931,2017-12-30T04:07:32Z,-33.29145000,148.00665000,446.076662471813,-7467.227019640569,1848,1,135.849,
1932,2017-12-30T04:07:33Z,-33.29155000,148.00661667,447.076662471813,-7466.227019640569,1849,1,135.86,
1933,2017-12-30T04:07:34Z,-33.29165000,148.00660000,448.076662471813,-7465.227019640569,1850,1,135.871,
1934,2017-12-30T04:07:35Z,-33.29175000,148.00658333,449.076662471813,-7464.227019640569,1851,1,135.882,
1935,2017-12-30T04:07:36Z,-33.29186667,148.00656667,450.076662471813,-7463.227019640569,1852,1,135.895,
1936,2017-12-30T04:07:37Z,-33.29196667,148.00655000,451.076662471813,-7462.227019640569,1853,1,135.907,
1937,2017-12-30T04:07:38Z,-33.29208333,148.00655000,452.076662471813,-7461.227019640569,1854,1,135.92,
1938,2017-12-30T04:07:39Z,-33.29218333,148.00656667,453.076662471813,-7460.227019640569,1855,1,135.931,
1939,2017-12-30T04:07:40Z,-33.29230000,148.00656667,454.076662471813,-7459.227019640569,1856,1,135.944,
1940,2017-12-30T04:07:41Z,-33.29241667,148.00656667,455.076662471813,-7458.227019640569,1857,1,135.957,
1941,2017-12-30T04:07:42Z,-33.29255000,148.00658333,456.076662471813,-7457.227019640569,1858,1,135.971,
1942,2017-12-30T04:07:43Z,-33.29266667,148.00660000,457.076662471813,-7456.227019640569,1859,1,135.984,
1943,2017-12-30T04:07:44Z,-33.29278333,148.00660000,458.076662471813,-7455.227019640569,1860,1,135.997,
1944,2017-12-30T04:07:45Z,-33.29290000,148.00661667,459.076662471813,-7454.227019640569,1861,1,136.01,
1945,2017-12-30T04:07:46Z,-33.29303333,148.00661667,460.076662471813,-7453.227019640569,1862,1,136.025,
1946,2017-12-30T04:07:47Z,-33.29316667,148.00661667,461.076662471813,-7452.227019640569,1863,1,136.04,
1947,2017-12-30T04:07:48Z,-33.29330000,148.00661667,462.076662471813,-7451.227019640569,1864,1,136.055,
1948,2017-12-30T04:07:49Z,-33.29343333,148.00663333,463.076662471813,-7450.227019640569,1865,1,136.07,
1949,2017-12-30T04:07:50Z,-33.29356667,148.00663333,464.076662471813,-7449.227019640569,1866,1,136.085,
1950,2017-12-30T04:07:51Z,-33.29370000,148.00665000,465.076662471813,-7448.227019640569,1867,1,136.099,
1951,2017-12-30T04:07:52Z,-33.29381667,148.00668333,466.076662471813,-7447.227019640569,1868,1,136.112,
1952,2017-12-30T04:07:53Z,-33.29395000,148.00670000,467.076662471813,-7446.227019640569,1869,1,136.127,
1953,2017-12-30T04:07:54Z,-33.29408333,148.00671667,468.076662471813,-7445.227019640569,1870,1,136.142,
1954,2017-12-30T04:07:55Z,-33.29421667,148.00673333,469.076662471813,-7444.227019640569,1871,1,136.157,
1955,2017-12-30T04:07:56Z,-33.29435000,148.00675000,470.076662471813,-7443.227019640569,1872,1,136.172,
1956,2017-12-30T04:07:57Z,-33.29446667,148.00676667,471.076662471813,-7442.227019640569,1873,1,136.185,
1957,2017-12-30T04:07:58Z,-33.29456667,148.00680000,472.076662471813,-7441.227019640569,1874,1,136.196,
1958,2017-12-30T04:07:59Z,-33.29468333,148.00683333,473.076662471813,-7440.227019640569,1875,1,136.209,
1959,2017-12-30T04:08:00Z,-33.29480000,148.00686667,474.076662471813,-7439.227019640569,1876,1,136.222,
1960,2017-12-30T04:08:01Z,-33.29493333,148.00690000,475.076662471813,-7438.227019640569,1877,1,136.237,
1961,2017-12-30T04:08:02Z,-33.29505000,148.00695000,476.076662471813,-7437.227019640569,1878,1,136.25,
1962,2017-12-30T04:08:03Z,-33.29516667,148.00698333,477.076662471813,-7436.227019640569,1879,1,136.262,
1963,2017-12-30T04:08:04Z,-33.29530000,148.00701667,478.076662471813,-7435.227019640569,1880,1,136.277,
1964,2017-12-30T04:08:05Z,-33.29541667,148.00705000,479.076662471813,-7434.227019640569,1881,1,136.29,
1965,2017-12-30T04:08:06Z,-33.29553333,148.00710000,480.076662471813,-7433.227019640569,1882,1,136.303,
1966,2017-12-30T04:08:07Z,-33.29563333,148.00713333,481.076662471813,-7432.227019640569,1883,1,136.314,
1967,2017-12-30T04:08:08Z,-33.29571667,148.00715000,482.076662471813,-7431.227019640569,1884,1,136.324,
1968,2017-12-30T04:08:09Z,-33.29578333,148.00715000,483.076662471813,-7430.227019640569,1885,1,136.331,
1969,2017-12-30T04:08:10Z,-33.29583333,148.00713333,484.076662471813,-7429.227019640569,1886,1,136.337,
1970,2017-12-30T04:08:11Z,-33.29586667,148.00710000,485.076662471813,-7428.227019640569,1887,1,136.34,
1971,2017-12-30T04:08:12Z,-33.29586667,148.00705000,486.076662471813,-7427.227019640569,1888,1,136.34,
1972,2017-12-30T04:08:13Z,-33.29578333,148.00698333,487.076662471813,-7426.227019640569,1889,1,136.331,
1973,2017-12-30T04:08:14Z,-33.29568333,148.00693333,488.076662471813,-7425.227019640569,1890,1,136.32,
1974,2017-12-30T04:08:15Z,-33.29553333,148.00690000,489.076662471813,-7424.227019640569,1891,1,136.303,
1975,2017-12-30T04:08:16Z,-33.29536667,148.00690000,490.076662471813,-7423.227019640569,1892,1,136.285,
1976,2017-12-30T04:08:17Z,-33.29518333,148.00693333,491.076662471813,-7422.227019640569,1893,1,136.264,
1977,2017-12-30T04:08:18Z,-33.29501667,148.00698333,492.076662471813,-7421.227019640569,1894,1,136.246,
1978,2017-12-30T04:08:19Z,-33.29485000,148.00703333,493.076662471813,-7420.227019640569,1895,1,136.227,
1979,2017-12-30T04:08:20Z,-33.29470000,148.00708333,494.076662471813,-7419.227019640569,1896,1,136.211,
1980,2017-12-30T04:08:21Z,-33.29453333,148.00713333,495.076662471813,-7418.227019640569,1897,1,136.192,
1981,2017-12-30T04:08:22Z,-33.29436667,148.00721667,496.076662471813,-7417.227019640569,1898,1,136.174,
1982,2017-12-30T04:08:23Z,-33.29420000,148.00728333,497.076662471813,-7416.227019640569,1899,1,136.155,
1983,2017-12-30T04:08:24Z,-33.29403333,148.00736667,498.076662471813,-7415.227019640569,1900,1,136.137,
1984,2017-12-30T04:08:25Z,-33.29386667,148.00743333,499.076662471813,-7414.227019640569,1901,1,136.118,
1985,2017-12-30T04:08:26Z,-33.29371667,148.00750000,500.076662471813,-7413.227019640569,1902,1,136.101,
1986,2017-12-30T04:08:27Z,-33.29356667,148.00755000,501.076662471813,-7412.227019640569,1903,1,136.085,
1987,2017-12-30T04:08:28Z,-33.29340000,148.00761667,502.076662471813,-7411.227019640569,1904,1,136.066,
1988,2017-12-30T04:08:29Z,-33.29323333,148.00766667,503.076662471813,-7410.227019640569,1905,1,136.048,
1989,2017-12-30T04:08:30Z,-33.29306667,148.00771667,504.076662471813,-7409.227019640569,1906,1,136.029,
1990,2017-12-30T04:08:31Z,-33.29291667,148.00776667,505.076662471813,-7408.227019640569,1907,1,136.012,
1991,2017-12-30T04:08:32Z,-33.29276667,148.00780000,506.076662471813,-7407.227019640569,1908,1,135.996,
1992,2017-12-30T04:08:33Z,-33.29261667,148.00783333,507.076662471813,-7406.227019640569,1909,1,135.979,
1993,2017-12-30T04:08:34Z,-33.29246667,148.00785000,508.076662471813,-7405.227019640569,1910,1,135.962,
1994,2017-12-30T04:08:35Z,-33.29230000,148.00788333,509.076662471813,-7404.227019640569,1911,1,135.944,
1995,2017-12-30T04:08:36Z,-33.29215000,148.00793333,510.076662471813,-7403.227019640569,1912,1,135.927,
1996,2017-12-30T04:08:37Z,-33.29198333,148.00798333,511.076662471813,-7402.227019640569,1913,1,135.909,
1997,2017-12-30T04:08:38Z,-33.29183333,148.00805000,512.076662471813,-7401.227019640569,1914,1,135.892,
1998,2017-12-30T04:08:39Z,-33.29168333,148.00810000,513.076662471813,-7400.227019640569,1915,1,135.875,
1999,2017-12-30T04:08:40Z,-33.29155000,148.00813333,514.076662471813,-7399.227019640569,1916,1,135.861,
2000,2017-12-30T04:08:41Z,-33.29140000,148.00815000,515.076662471813,-7398.227019640569,1917,1,135.844,
2001,2017-12-30T04:08:42Z,-33.29125000,148.00816667,516.076662471813,-7397.227019640569,1,2,135.827,
2002,2017-12-30T04:08:43Z,-33.29108333,148.00813333,517.076662471813,-7396.227019640569,2,2,135.809,
2003,2017-12-30T04:08:44Z,-33.29093333,148.00810000,518.076662471813,-7395.227019640569,3,2,135.792,
2004,2017-12-30T04:08:45Z,-33.29080000,148.00806667,519.076662471813,-7394.227019640569,4,2,135.777,
2005,2017-12-30T04:08:46Z,-33.29065000,148.00803333,520.076662471813,-7393.227019640569,5,2,135.761,
2006,2017-12-30T04:08:47Z,-33.29051667,148.00801667,521.076662471813,-7392.227019640569,6,2,135.746,
2007,2017-12-30T04:08:48Z,-33.29036667,148.00800000,522.076662471813,-7391.227019640569,7,2,135.729,
2008,2017-12-30T04:08:49Z,-33.29021667,148.00801667,523.076662471813,-7390.227019640569,8,2,135.712,
2009,2017-12-30T04:08:50Z,-33.29006667,148.00801667,524.076662471813,-7389.227019640569,9,2,135.696,
2010,2017-12-30T04:08:51Z,-33.28991667,148.00801667,525.076662471813,-7388.227019640569,10,2,135.679,
2011,2017-12-30T04:08:52Z,-33.28978333,148.00801667,526.076662471813,-7387.227019640569,11,2,135.664,
2012,2017-12-30T04:08:53Z,-33.28963333,148.00803333,527.076662471813,-7386.227019640569,12,2,135.647,
2013,2017-12-30T04:08:54Z,-33.28946667,148.00805000,528.076662471813,-7385.227019640569,13,2,135.629,
2014,2017-12-30T04:08:55Z,-33.28931667,148.00808333,529.076662471813,-7384.227019640569,14,2,135.612,
2015,2017-12-30T04:08:56Z,-33.28916667,148.00811667,530.076662471813,-7383.227019640569,15,2,135.596,
2016,2017-12-30T04:08:57Z,-33.28901667,148.00815000,531.076662471813,-7382.227019640569,16,2,135.579,
2017,2017-12-30T04:08:58Z,-33.28885000,148.00820000,532.076662471813,-7381.227019640569,17,2,135.56,
2018,2017-12-30T04:08:59Z,-33.28871667,148.00823333,533.076662471813,-7380.227019640569,18,2,135.546,
2019,2017-12-30T04:09:00Z,-33.28856667,148.00828333,534.076662471813,-7379.227019640569,19,2,135.529,
2020,2017-12-30T04:09:01Z,-33.28843333,148.00830000,535.076662471813,-7378.227019640569,20,2,135.514,
2021,2017-12-30T04:09:02Z,-33.28828333,148.00833333,536.076662471813,-7377.227019640569,21,2,135.497,
2022,2017-12-30T04:09:03Z,-33.28813333,148.00836667,537.076662471813,-7376.227019640569,22,2,135.481,
2023,2017-12-30T04:09:04Z,-33.28798333,148.00840000,538.076662471813,-7375.227019640569,23,2,135.464,
2024,2017-12-30T04:09:05Z,-33.28781667,148.00843333,539.076662471813,-7374.227019640569,24,2,135.446,
2025,2017-12-30T04:09:06Z,-33.28765000,148.00848333,540.076662471813,-7373.227019640569,25,2,135.427,
2026,2017-12-30T04:09:07Z,-33.28748333,148.00853333,541.076662471813,-7372.227019640569,26,2,135.409,
2027,2017-12-30T04:09:08Z,-33.28733333,148.00858333,542.076662471813,-7371.227019640569,27,2,135.392,
2028,2017-12-30T04:09:09Z,-33.28716667,148.00863333,543.076662471813,-7370.227019640569,28,2,135.373,
2029,2017-12-30T04:09:10Z,-33.28700000,148.00870000,544.076662471813,-7369.227019640569,29,2,135.355,
2030,2017-12-30T04:09:11Z,-33.28681667,148.00878333,545.076662471813,-7368.227019640569,30,2,135.335,
2031,2017-12-30T04:09:12Z,-33.28665000,148.00886667,546.076662471813,-7367.227019640569,31,2,135.316,
2032,2017-12-30T04:09:13Z,-33.28646667,148.00893333,547.076662471813,-7366.227019640569,32,2,135.296,
2033,2017-12-30T04:09:14Z,-33.28630000,148.00900000,548.076662471813,-7365.227019640569,33,2,135.277,
2034,2017-12-30T04:09:15Z,-33.28613333,148.00906667,549.076662471813,-7364.227019640569,34,2,135.259,
2035,2017-12-30T04:09:16Z,-33.28598333,148.00913333,550.076662471813,-7363.227019640569,35,2,135.242,
2036,2017-12-30T04:09:17Z,-33.28583333,148.00921667,551.076662471813,-7362.227019640569,36,2,135.225,
2037,2017-12-30T04:09:18Z,-33.28568333,148.00930000,552.076662471813,-7361.227019640569,37,2,135.209,
2038,2017-12-30T04:09:19Z,-33.28553333,148.00940000,553.076662471813,-7360.227019640569,38,2,135.192,
2039,2017-12-30T04:09:20Z,-33.28538333,148.00951667,554.076662471813,-7359.227019640569,39,2,135.175,
2040,2017-12-30T04:09:21Z,-33.28521667,148.00965000,555.076662471813,-7358.227019640569,40,2,135.157,
2041,2017-12-30T04:09:22Z,-33.28505000,148.00976667,556.076662471813,-7357.227019640569,41,2,135.138,
2042,2017-12-30T04:09:23Z,-33.28486667,148.00990000,557.076662471813,-7356.227019640569,42,2,135.118,
2043,2017-12-30T04:09:24Z,-33.28470000,148.01001667,558.076662471813,-7355.227019640569,43,2,135.1,
2044,2017-12-30T04:09:25Z,-33.28453333,148.01011667,559.076662471813,-7354.227019640569,44,2,135.081,
2045,2017-12-30T04:09:26Z,-33.28435000,148.01020000,560.076662471813,-7353.227019640569,45,2,135.061,
2046,2017-12-30T04:09:27Z,-33.28418333,148.01026667,561.076662471813,-7352.227019640569,46,2,135.042,
2047,2017-12-30T04:09:28Z,-33.28401667,148.01028333,562.076662471813,-7351.227019640569,47,2,135.024,
2048,2017-12-30T04:09:29Z,-33.28383333,148.01030000,563.076662471813,-7350.227019640569,48,2,135.003,
2049,2017-12-30T04:09:30Z,-33.28366667,148.01030000,564.076662471813,-7349.227019640569,49,2,134.985,
2050,2017-12-30T04:09:31Z,-33.28350000,148.01030000,565.076662471813,-7348.227019640569,50,2,134.966,
2051,2017-12-30T04:09:32Z,-33.28335000,148.01028333,566.076662471813,-7347.227019640569,51,2,134.95,
2052,2017-12-30T04:09:33Z,-33.28320000,148.01026667,567.076662471813,-7346.227019640569,52,2,134.933,
2053,2017-12-30T04:09:34Z,-33.28305000,148.01025000,568.076662471813,-7345.227019640569,53,2,134.916,
2054,2017-12-30T04:09:35Z,-33.28288333,148.01023333,569.076662471813,-7344.227019640569,54,2,134.898,
2055,2017-12-30T04:09:36Z,-33.28273333,148.01021667,570.076662471813,-7343.227019640569,55,2,134.881,
2056,2017-12-30T04:09:37Z,-33.28256667,148.01023333,571.076662471813,-7342.227019640569,56,2,134.863,
2057,2017-12-30T04:09:38Z,-33.28240000,148.01025000,572.076662471813,-7341.227019640569,57,2,134.844,
2058,2017-12-30T04:09:39Z,-33.28223333,148.01031667,573.076662471813,-7340.227019640569,58,2,134.825,
2059,2017-12-30T04:09:40Z,-33.28205000,148.01036667,574.076662471813,-7339.227019640569,59,2,134.805,
2060,2017-12-30T04:09:41Z,-33.28188333,148.01045000,575.076662471813,-7338.227019640569,60,2,134.787,
2061,2017-12-30T04:09:42Z,-33.28170000,148.01051667,576.076662471813,-7337.227019640569,61,2,134.766,
2062,2017-12-30T04:09:43Z,-33.28153333,148.01061667,577.076662471813,-7336.227019640569,62,2,134.748,
2063,2017-12-30T04:09:44Z,-33.28136667,148.01071667,578.076662471813,-7335.227019640569,63,2,134.729,
2064,2017-12-30T04:09:45Z,-33.28120000,148.01081667,579.076662471813,-7334.227019640569,64,2,134.711,
2065,2017-12-30T04:09:46Z,-33.28103333,148.01093333,580.076662471813,-7333.227019640569,65,2,134.692,
2066,2017-12-30T04:09:47Z,-33.28086667,148.01103333,581.076662471813,-7332.227019640569,66,2,134.674,
2067,2017-12-30T04:09:48Z,-33.28071667,148.01113333,582.076662471813,-7331.227019640569,67,2,134.657,
2068,2017-12-30T04:09:49Z,-33.28058333,148.01123333,583.076662471813,-7330.227019640569,68,2,134.642,
2069,2017-12-30T04:09:50Z,-33.28043333,148.01131667,584.076662471813,-7329.227019640569,69,2,134.626,
2070,2017-12-30T04:09:51Z,-33.28028333,148.01140000,585.076662471813,-7328.227019640569,70,2,134.609,
2071,2017-12-30T04:09:52Z,-33.28011667,148.01145000,586.076662471813,-7327.227019640569,71,2,134.591,
2072,2017-12-30T04:09:53Z,-33.27996667,148.01151667,587.076662471813,-7326.227019640569,72,2,134.574,
2073,2017-12-30T04:09:54Z,-33.27980000,148.01155000,588.076662471813,-7325.227019640569,73,2,134.556,
2074,2017-12-30T04:09:55Z,-33.27963333,148.01160000,589.076662471813,-7324.227019640569,74,2,134.537,
2075,2017-12-30T04:09:56Z,-33.27945000,148.01166667,590.076662471813,-7323.227019640569,75,2,134.517,
2076,2017-12-30T04:09:57Z,-33.27928333,148.01173333,591.076662471813,-7322.227019640569,76,2,134.498,
2077,2017-12-30T04:09:58Z,-33.27911667,148.01180000,592.076662471813,-7321.227019640569,77,2,134.48,
2078,2017-12-30T04:09:59Z,-33.27895000,148.01186667,593.076662471813,-7320.227019640569,78,2,134.461,
2079,2017-12-30T04:10:00Z,-33.27880000,148.01191667,594.076662471813,-7319.227019640569,79,2,134.445,
2080,2017-12-30T04:10:01Z,-33.27861667,148.01198333,595.076662471813,-7318.227019640569,80,2,134.424,
2081,2017-12-30T04:10:02Z,-33.27845000,148.01205000,596.076662471813,-7317.227019640569,81,2,134.406,
2082,2017-12-30T04:10:03Z,-33.27828333,148.01213333,597.076662471813,-7316.227019640569,82,2,134.387,
2083,2017-12-30T04:10:04Z,-33.27811667,148.01223333,598.076662471813,-7315.227019640569,83,2,134.369,
2084,2017-12-30T04:10:05Z,-33.27793333,148.01233333,599.076662471813,-7314.227019640569,84,2,134.348,
2085,2017-12-30T04:10:06Z,-33.27776667,148.01241667,600.076662471813,-7313.227019640569,85,2,134.33,
2086,2017-12-30T04:10:07Z,-33.27760000,148.01248333,601.076662471813,-7312.227019640569,86,2,134.311,
2087,2017-12-30T04:10:08Z,-33.27741667,148.01256667,602.076662471813,-7311.227019640569,87,2,134.291,
2088,2017-12-30T04:10:09Z,-33.27725000,148.01263333,603.076662471813,-7310.227019640569,88,2,134.273,
2089,2017-12-30T04:10:10Z,-33.27708333,148.01270000,604.076662471813,-7309.227019640569,89,2,134.254,
2090,2017-12-30T04:10:11Z,-33.27693333,148.01276667,605.076662471813,-7308.227019640569,90,2,134.237,
2091,2017-12-30T04:10:12Z,-33.27676667,148.01283333,606.076662471813,-7307.227019640569,91,2,134.219,
2092,2017-12-30T04:10:13Z,-33.27661667,148.01288333,607.076662471813,-7306.227019640569,92,2,134.202,
2093,2017-12-30T04:10:14Z,-33.27645000,148.01291667,608.076662471813,-7305.227019640569,93,2,134.184,
2094,2017-12-30T04:10:15Z,-33.27628333,148.01298333,609.076662471813,-7304.227019640569,94,2,134.165,
2095,2017-12-30T04:10:16Z,-33.27611667,148.01305000,610.076662471813,-7303.227019640569,95,2,134.147,
2096,2017-12-30T04:10:17Z,-33.27593333,148.01313333,611.076662471813,-7302.227019640569,96,2,134.126,
2097,2017-12-30T04:10:18Z,-33.27575000,148.01321667,612.076662471813,-7301.227019640569,97,2,134.106,
2098,2017-12-30T04:10:19Z,-33.27556667,148.01330000,613.076662471813,-7300.227019640569,98,2,134.086,
2099,2017-12-30T04:10:20Z,-33.27538333,148.01336667,614.076662471813,-7299.227019640569,99,2,134.065,
2100,2017-12-30T04:10:21Z,-33.27520000,148.01343333,615.076662471813,-7298.227019640569,100,2,134.045,
2101,2017-12-30T04:10:22Z,-33.27501667,148.01350000,616.076662471813,-7297.227019640569,101,2,134.025,
2102,2017-12-30T04:10:23Z,-33.27483333,148.01356667,617.076662471813,-7296.227019640569,102,2,134.004,
2103,2017-12-30T04:10:24Z,-33.27466667,148.01363333,618.076662471813,-7295.227019640569,103,2,133.986,
2104,2017-12-30T04:10:25Z,-33.27448333,148.01368333,619.076662471813,-7294.227019640569,104,2,133.966,
2105,2017-12-30T04:10:26Z,-33.27430000,148.01373333,620.076662471813,-7293.227019640569,105,2,133.945,
2106,2017-12-30T04:10:27Z,-33.27411667,148.01380000,621.076662471813,-7292.227019640569,106,2,133.925,
2107,2017-12-30T04:10:28Z,-33.27393333,148.01385000,622.076662471813,-7291.227019640569,107,2,133.905,
2108,2017-12-30T04:10:29Z,-33.27375000,148.01391667,623.076662471813,-7290.227019640569,108,2,133.884,
2109,2017-12-30T04:10:30Z,-33.27356667,148.01398333,624.076662471813,-7289.227019640569,109,2,133.864,
2110,2017-12-30T04:10:31Z,-33.27338333,148.01405000,625.076662471813,-7288.227019640569,110,2,133.844,
2111,2017-12-30T04:10:32Z,-33.27320000,148.01413333,626.076662471813,-7287.227019640569,111,2,133.823,
2112,2017-12-30T04:10:33Z,-33.27301667,148.01420000,627.076662471813,-7286.227019640569,112,2,133.803,
2113,2017-12-30T04:10:34Z,-33.27283333,148.01426667,628.076662471813,-7285.227019640569,113,2,133.783,
2114,2017-12-30T04:10:35Z,-33.27265000,148.01433333,629.076662471813,-7284.227019640569,114,2,133.762,
2115,2017-12-30T04:10:36Z,-33.27248333,148.01438333,630.076662471813,-7283.227019640569,115,2,133.744,
2116,2017-12-30T04:10:37Z,-33.27230000,148.01445000,631.076662471813,-7282.227019640569,116,2,133.723,
2117,2017-12-30T04:10:38Z,-33.27213333,148.01451667,632.076662471813,-7281.227019640569,117,2,133.705,
2118,2017-12-30T04:10:39Z,-33.27195000,148.01460000,633.076662471813,-7280.227019640569,118,2,133.685,
2119,2017-12-30T04:10:40Z,-33.27176667,148.01468333,634.076662471813,-7279.227019640569,119,2,133.664,
2120,2017-12-30T04:10:41Z,-33.27160000,148.01475000,635.076662471813,-7278.227019640569,120,2,133.646,
2121,2017-12-30T04:10:42Z,-33.27141667,148.01483333,636.076662471813,-7277.227019640569,121,2,133.625,
2122,2017-12-30T04:10:43Z,-33.27123333,148.01491667,637.076662471813,-7276.227019640569,122,2,133.605,
2123,2017-12-30T04:10:44Z,-33.27105000,148.01500000,638.076662471813,-7275.227019640569,123,2,133.585,
2124,2017-12-30T04:10:45Z,-33.27088333,148.01508333,639.076662471813,-7274.227019640569,124,2,133.566,
2125,2017-12-30T04:10:46Z,-33.27070000,148.01516667,640.076662471813,-7273.227019640569,125,2,133.546,
2126,2017-12-30T04:10:47Z,-33.27051667,148.01523333,641.076662471813,-7272.227019640569,126,2,133.526,
2127,2017-12-30T04:10:48Z,-33.27033333,148.01530000,642.076662471813,-7271.227019640569,127,2,133.505,
2128,2017-12-30T04:10:49Z,-33.27015000,148.01536667,643.076662471813,-7270.227019640569,128,2,133.485,
2129,2017-12-30T04:10:50Z,-33.26996667,148.01543333,644.076662471813,-7269.227019640569,129,2,133.465,
2130,2017-12-30T04:10:51Z,-33.26980000,148.01548333,645.076662471813,-7268.227019640569,130,2,133.446,
2131,2017-12-30T04:10:52Z,-33.26960000,148.01555000,646.076662471813,-7267.227019640569,131,2,133.424,
2132,2017-12-30T04:10:53Z,-33.26941667,148.01561667,647.076662471813,-7266.227019640569,132,2,133.404,
2133,2017-12-30T04:10:54Z,-33.26923333,148.01570000,648.076662471813,-7265.227019640569,133,2,133.383,
2134,2017-12-30T04:10:55Z,-33.26903333,148.01578333,649.076662471813,-7264.227019640569,134,2,133.361,
2135,2017-12-30T04:10:56Z,-33.26885000,148.01588333,650.076662471813,-7263.227019640569,135,2,133.341,
2136,2017-12-30T04:10:57Z,-33.26865000,148.01596667,651.076662471813,-7262.227019640569,136,2,133.319,
2137,2017-12-30T04:10:58Z,-33.26846667,148.01606667,652.076662471813,-7261.227019640569,137,2,133.298,
2138,2017-12-30T04:10:59Z,-33.26828333,148.01615000,653.076662471813,-7260.227019640569,138,2,133.278,
2139,2017-12-30T04:11:00Z,-33.26810000,148.01625000,654.076662471813,-7259.227019640569,139,2,133.258,
2140,2017-12-30T04:11:01Z,-33.26790000,148.01633333,655.076662471813,-7258.227019640569,140,2,133.236,
2141,2017-12-30T04:11:02Z,-33.26771667,148.01641667,656.076662471813,-7257.227019640569,141,2,133.215,
2142,2017-12-30T04:11:03Z,-33.26753333,148.01650000,657.076662471813,-7256.227019640569,142,2,133.195,
2143,2017-12-30T04:11:04Z,-33.26733333,148.01656667,658.076662471813,-7255.227019640569,143,2,133.173,
2144,2017-12-30T04:11:05Z,-33.26715000,148.01663333,659.076662471813,-7254.227019640569,144,2,133.152,
2145,2017-12-30T04:11:06Z,-33.26695000,148.01670000,660.076662471813,-7253.227019640569,145,2,133.13,
2146,2017-12-30T04:11:07Z,-33.26675000,148.01678333,661.076662471813,-7252.227019640569,146,2,133.108,
2147,2017-12-30T04:11:08Z,-33.26655000,148.01685000,662.076662471813,-7251.227019640569,147,2,133.086,
2148,2017-12-30T04:11:09Z,-33.26635000,148.01693333,663.076662471813,-7250.227019640569,148,2,133.064,
2149,2017-12-30T04:11:10Z,-33.26615000,148.01701667,664.076662471813,-7249.227019640569,149,2,133.042,
2150,2017-12-30T04:11:11Z,-33.26595000,148.01710000,665.076662471813,-7248.227019640569,150,2,133.019,
2151,2017-12-30T04:11:12Z,-33.26576667,148.01718333,666.076662471813,-7247.227019640569,151,2,132.999,
2152,2017-12-30T04:11:13Z,-33.26556667,148.01726667,667.076662471813,-7246.227019640569,152,2,132.977,
2153,2017-12-30T04:11:14Z,-33.26538333,148.01735000,668.076662471813,-7245.227019640569,153,2,132.957,
2154,2017-12-30T04:11:15Z,-33.26520000,148.01743333,669.076662471813,-7244.227019640569,154,2,132.936,
2155,2017-12-30T04:11:16Z,-33.26503333,148.01750000,670.076662471813,-7243.227019640569,155,2,132.918,
2156,2017-12-30T04:11:17Z,-33.26485000,148.01756667,671.076662471813,-7242.227019640569,156,2,132.898,
2157,2017-12-30T04:11:18Z,-33.26466667,148.01763333,672.076662471813,-7241.227019640569,157,2,132.877,
2158,2017-12-30T04:11:19Z,-33.26448333,148.01768333,673.076662471813,-7240.227019640569,158,2,132.857,
2159,2017-12-30T04:11:20Z,-33.26430000,148.01773333,674.076662471813,-7239.227019640569,159,2,132.837,
2160,2017-12-30T04:11:21Z,-33.26411667,148.01778333,675.076662471813,-7238.227019640569,160,2,132.816,
2161,2017-12-30T04:11:22Z,-33.26393333,148.01781667,676.076662471813,-7237.227019640569,161,2,132.796,
2162,2017-12-30T04:11:23Z,-33.26376667,148.01786667,677.076662471813,-7236.227019640569,162,2,132.777,
2163,2017-12-30T04:11:24Z,-33.26358333,148.01788333,678.076662471813,-7235.227019640569,163,2,132.757,
2164,2017-12-30T04:11:25Z,-33.26341667,148.01791667,679.076662471813,-7234.227019640569,164,2,132.739,
2165,2017-12-30T04:11:26Z,-33.26325000,148.01793333,680.076662471813,-7233.227019640569,165,2,132.72,
2166,2017-12-30T04:11:27Z,-33.26306667,148.01796667,681.076662471813,-7232.227019640569,166,2,132.7,
2167,2017-12-30T04:11:28Z,-33.26288333,148.01800000,682.076662471813,-7231.227019640569,167,2,132.679,
2168,2017-12-30T04:11:29Z,-33.26270000,148.01801667,683.076662471813,-7230.227019640569,168,2,132.659,
2169,2017-12-30T04:11:30Z,-33.26251667,148.01806667,684.076662471813,-7229.227019640569,169,2,132.639,
2170,2017-12-30T04:11:31Z,-33.26233333,148.01811667,685.076662471813,-7228.227019640569,170,2,132.618,
2171,2017-12-30T04:11:32Z,-33.26216667,148.01818333,686.076662471813,-7227.227019640569,171,2,132.6,
2172,2017-12-30T04:11:33Z,-33.26198333,148.01826667,687.076662471813,-7226.227019640569,172,2,132.579,
2173,2017-12-30T04:11:34Z,-33.26180000,148.01833333,688.076662471813,-7225.227019640569,173,2,132.559,
2174,2017-12-30T04:11:35Z,-33.26161667,148.01843333,689.076662471813,-7224.227019640569,174,2,132.539,
2175,2017-12-30T04:11:36Z,-33.26145000,148.01853333,690.076662471813,-7223.227019640569,175,2,132.52,
2176,2017-12-30T04:11:37Z,-33.26128333,148.01863333,691.076662471813,-7222.227019640569,176,2,132.502,
2177,2017-12-30T04:11:38Z,-33.26113333,148.01873333,692.076662471813,-7221.227019640569,177,2,132.485,
2178,2017-12-30T04:11:39Z,-33.26096667,148.01880000,693.076662471813,-7220.227019640569,178,2,132.467,
2179,2017-12-30T04:11:40Z,-33.26080000,148.01888333,694.076662471813,-7219.227019640569,179,2,132.449,
2180,2017-12-30T04:11:41Z,-33.26065000,148.01895000,695.076662471813,-7218.227019640569,180,2,132.432,
2181,2017-12-30T04:11:42Z,-33.26046667,148.01905000,696.076662471813,-7217.227019640569,181,2,132.412,
2182,2017-12-30T04:11:43Z,-33.26030000,148.01916667,697.076662471813,-7216.227019640569,182,2,132.393,
2183,2017-12-30T04:11:44Z,-33.26013333,148.01926667,698.076662471813,-7215.227019640569,183,2,132.375,
2184,2017-12-30T04:11:45Z,-33.25996667,148.01938333,699.076662471813,-7214.227019640569,184,2,132.356,
2185,2017-12-30T04:11:46Z,-33.25981667,148.01948333,700.076662471813,-7213.227019640569,185,2,132.34,
2186,2017-12-30T04:11:47Z,-33.25965000,148.01958333,701.076662471813,-7212.227019640569,186,2,132.321,
2187,2017-12-30T04:11:48Z,-33.25950000,148.01970000,702.076662471813,-7211.227019640569,187,2,132.305,
2188,2017-12-30T04:11:49Z,-33.25935000,148.01983333,703.076662471813,-7210.227019640569,188,2,132.288,
2189,2017-12-30T04:11:50Z,-33.25918333,148.01996667,704.076662471813,-7209.227019640569,189,2,132.27,
2190,2017-12-30T04:11:51Z,-33.25903333,148.02008333,705.076662471813,-7208.227019640569,190,2,132.253,
2191,2017-12-30T04:11:52Z,-33.25888333,148.02021667,706.076662471813,-7207.227019640569,191,2,132.237,
2192,2017-12-30T04:11:53Z,-33.25873333,148.02031667,707.076662471813,-7206.227019640569,192,2,132.22,
2193,2017-12-30T04:11:54Z,-33.25856667,148.02041667,708.076662471813,-7205.227019640569,193,2,132.202,
2194,2017-12-30T04:11:55Z,-33.25840000,148.02051667,709.076662471813,-7204.227019640569,194,2,132.183,
2195,2017-12-30T04:11:56Z,-33.25823333,148.02060000,710.076662471813,-7203.227019640569,195,2,132.165,
2196,2017-12-30T04:11:57Z,-33.25806667,148.02068333,711.076662471813,-7202.227019640569,196,2,132.147,
2197,2017-12-30T04:11:58Z,-33.25790000,148.02076667,712.076662471813,-7201.227019640569,197,2,132.128,
2198,2017-12-30T04:11:59Z,-33.25775000,148.02083333,713.076662471813,-7200.227019640569,198,2,132.112,
2199,2017-12-30T04:12:00Z,-33.25758333,148.02090000,714.076662471813,-7199.227019640569,199,2,132.093,
2200,2017-12-30T04:12:01Z,-33.25743333,148.02095000,715.076662471813,-7198.227019640569,200,2,132.076,
2201,2017-12-30T04:12:02Z,-33.25726667,148.02101667,716.076662471813,-7197.227019640569,201,2,132.058,
2202,2017-12-30T04:12:03Z,-33.25710000,148.02108333,717.076662471813,-7196.227019640569,202,2,132.04,
2203,2017-12-30T04:12:04Z,-33.25693333,148.02116667,718.076662471813,-7195.227019640569,203,2,132.021,
2204,2017-12-30T04:12:05Z,-33.25676667,148.02125000,719.076662471813,-7194.227019640569,204,2,132.003,
2205,2017-12-30T04:12:06Z,-33.25660000,148.02133333,720.076662471813,-7193.227019640569,205,2,131.984,
2206,2017-12-30T04:12:07Z,-33.25643333,148.02143333,721.076662471813,-7192.227019640569,206,2,131.966,
2207,2017-12-30T04:12:08Z,-33.25625000,148.02155000,722.076662471813,-7191.227019640569,207,2,131.946,
2208,2017-12-30T04:12:09Z,-33.25608333,148.02168333,723.076662471813,-7190.227019640569,208,2,131.927,
2209,2017-12-30T04:12:10Z,-33.25590000,148.02181667,724.076662471813,-7189.227019640569,209,2,131.907,
2210,2017-12-30T04:12:11Z,-33.25573333,148.02195000,725.076662471813,-7188.227019640569,210,2,131.889,
2211,2017-12-30T04:12:12Z,-33.25555000,148.02208333,726.076662471813,-7187.227019640569,211,2,131.868,
2212,2017-12-30T04:12:13Z,-33.25538333,148.02221667,727.076662471813,-7186.227019640569,212,2,131.85,
2213,2017-12-30T04:12:14Z,-33.25521667,148.02235000,728.076662471813,-7185.227019640569,213,2,131.832,
2214,2017-12-30T04:12:15Z,-33.25503333,148.02248333,729.076662471813,-7184.227019640569,214,2,131.811,
2215,2017-12-30T04:12:16Z,-33.25485000,148.02258333,730.076662471813,-7183.227019640569,215,2,131.791,
2216,2017-12-30T04:12:17Z,-33.25466667,148.02268333,731.076662471813,-7182.227019640569,216,2,131.771,
2217,2017-12-30T04:12:18Z,-33.25448333,148.02278333,732.076662471813,-7181.227019640569,217,2,131.751,
2218,2017-12-30T04:12:19Z,-33.25430000,148.02286667,733.076662471813,-7180.227019640569,218,2,131.73,
2219,2017-12-30T04:12:20Z,-33.25411667,148.02298333,734.076662471813,-7179.227019640569,219,2,131.71,
2220,2017-12-30T04:12:21Z,-33.25393333,148.02310000,735.076662471813,-7178.227019640569,220,2,131.69,
2221,2017-12-30T04:12:22Z,-33.25373333,148.02321667,736.076662471813,-7177.227019640569,221,2,131.668,
2222,2017-12-30T04:12:23Z,-33.25355000,148.02335000,737.076662471813,-7176.227019640569,222,2,131.648,
2223,2017-12-30T04:12:24Z,-33.25336667,148.02346667,738.076662471813,-7175.227019640569,223,2,131.627,
2224,2017-12-30T04:12:25Z,-33.25316667,148.02358333,739.076662471813,-7174.227019640569,224,2,131.605,
2225,2017-12-30T04:12:26Z,-33.25300000,148.02368333,740.076662471813,-7173.227019640569,225,2,131.587,
2226,2017-12-30T04:12:27Z,-33.25283333,148.02380000,741.076662471813,-7172.227019640569,226,2,131.569,
2227,2017-12-30T04:12:28Z,-33.25265000,148.02393333,742.076662471813,-7171.227019640569,227,2,131.548,
2228,2017-12-30T04:12:29Z,-33.25248333,148.02405000,743.076662471813,-7170.227019640569,228,2,131.53,
2229,2017-12-30T04:12:30Z,-33.25230000,148.02418333,744.076662471813,-7169.227019640569,229,2,131.51,
2230,2017-12-30T04:12:31Z,-33.25211667,148.02430000,745.076662471813,-7168.227019640569,230,2,131.49,
2231,2017-12-30T04:12:32Z,-33.25195000,148.02443333,746.076662471813,-7167.227019640569,231,2,131.471,
2232,2017-12-30T04:12:33Z,-33.25178333,148.02455000,747.076662471813,-7166.227019640569,232,2,131.453,
2233,2017-12-30T04:12:34Z,-33.25161667,148.02466667,748.076662471813,-7165.227019640569,233,2,131.434,
2234,2017-12-30T04:12:35Z,-33.25145000,148.02481667,749.076662471813,-7164.227019640569,234,2,131.416,
2235,2017-12-30T04:12:36Z,-33.25126667,148.02495000,750.076662471813,-7163.227019640569,235,2,131.396,
2236,2017-12-30T04:12:37Z,-33.25106667,148.02510000,751.076662471813,-7162.227019640569,236,2,131.374,
2237,2017-12-30T04:12:38Z,-33.25085000,148.02525000,752.076662471813,-7161.227019640569,237,2,131.35,
2238,2017-12-30T04:12:39Z,-33.25066667,148.02540000,753.076662471813,-7160.227019640569,238,2,131.33,
2239,2017-12-30T04:12:40Z,-33.25046667,148.02553333,754.076662471813,-7159.227019640569,239,2,131.308,
2240,2017-12-30T04:12:41Z,-33.25030000,148.02563333,755.076662471813,-7158.227019640569,240,2,131.29,
2241,2017-12-30T04:12:42Z,-33.25013333,148.02573333,756.076662471813,-7157.227019640569,241,2,131.271,
2242,2017-12-30T04:12:43Z,-33.24996667,148.02581667,757.076662471813,-7156.227019640569,242,2,131.253,
2243,2017-12-30T04:12:44Z,-33.24978333,148.02590000,758.076662471813,-7155.227019640569,243,2,131.232,
2244,2017-12-30T04:12:45Z,-33.24960000,148.02600000,759.076662471813,-7154.227019640569,244,2,131.212,
2245,2017-12-30T04:12:46Z,-33.24941667,148.02610000,760.076662471813,-7153.227019640569,245,2,131.192,
2246,2017-12-30T04:12:47Z,-33.24923333,148.02620000,761.076662471813,-7152.227019640569,246,2,131.172,
2247,2017-12-30T04:12:48Z,-33.24905000,148.02628333,762.076662471813,-7151.227019640569,247,2,131.152,
2248,2017-12-30T04:12:49Z,-33.24888333,148.02638333,763.076662471813,-7150.227019640569,248,2,131.133,
2249,2017-12-30T04:12:50Z,-33.24870000,148.02646667,764.076662471813,-7149.227019640569,249,2,131.113,
2250,2017-12-30T04:12:51Z,-33.24853333,148.02656667,765.076662471813,-7148.227019640569,250,2,131.094,
2251,2017-12-30T04:12:52Z,-33.24835000,148.02665000,766.076662471813,-7147.227019640569,251,2,131.074,
2252,2017-12-30T04:12:53Z,-33.24816667,148.02675000,767.076662471813,-7146.227019640569,252,2,131.054,
2253,2017-12-30T04:12:54Z,-33.24798333,148.02683333,768.076662471813,-7145.227019640569,253,2,131.034,
2254,2017-12-30T04:12:55Z,-33.24780000,148.02691667,769.076662471813,-7144.227019640569,254,2,131.014,
2255,2017-12-30T04:12:56Z,-33.24761667,148.02701667,770.076662471813,-7143.227019640569,255,2,130.993,
2256,2017-12-30T04:12:57Z,-33.24745000,148.02710000,771.076662471813,-7142.227019640569,256,2,130.975,
2257,2017-12-30T04:12:58Z,-33.24726667,148.02718333,772.076662471813,-7141.227019640569,257,2,130.955,
2258,2017-12-30T04:12:59Z,-33.24710000,148.02728333,773.076662471813,-7140.227019640569,258,2,130.936,
2259,2017-12-30T04:13:00Z,-33.24693333,148.02736667,774.076662471813,-7139.227019640569,259,2,130.918,
2260,2017-12-30T04:13:01Z,-33.24675000,148.02745000,775.076662471813,-7138.227019640569,260,2,130.898,
2261,2017-12-30T04:13:02Z,-33.24656667,148.02755000,776.076662471813,-7137.227019640569,261,2,130.877,
2262,2017-12-30T04:13:03Z,-33.24640000,148.02765000,777.076662471813,-7136.227019640569,262,2,130.859,
2263,2017-12-30T04:13:04Z,-33.24620000,148.02775000,778.076662471813,-7135.227019640569,263,2,130.837,
2264,2017-12-30T04:13:05Z,-33.24601667,148.02786667,779.076662471813,-7134.227019640569,264,2,130.817,
2265,2017-12-30T04:13:06Z,-33.24583333,148.02796667,780.076662471813,-7133.227019640569,265,2,130.797,
2266,2017-12-30T04:13:07Z,-33.24563333,148.02806667,781.076662471813,-7132.227019640569,266,2,130.774,
2267,2017-12-30T04:13:08Z,-33.24545000,148.02818333,782.076662471813,-7131.227019640569,267,2,130.754,
2268,2017-12-30T04:13:09Z,-33.24525000,148.02828333,783.076662471813,-7130.227019640569,268,2,130.732,
2269,2017-12-30T04:13:10Z,-33.24505000,148.02840000,784.076662471813,-7129.227019640569,269,2,130.71,
2270,2017-12-30T04:13:11Z,-33.24486667,148.02850000,785.076662471813,-7128.227019640569,270,2,130.69,
2271,2017-12-30T04:13:12Z,-33.24468333,148.02861667,786.076662471813,-7127.227019640569,271,2,130.67,
2272,2017-12-30T04:13:13Z,-33.24451667,148.02871667,787.076662471813,-7126.227019640569,272,2,130.651,
2273,2017-12-30T04:13:14Z,-33.24433333,148.02881667,788.076662471813,-7125.227019640569,273,2,130.631,
2274,2017-12-30T04:13:15Z,-33.24415000,148.02893333,789.076662471813,-7124.227019640569,274,2,130.611,
2275,2017-12-30T04:13:16Z,-33.24396667,148.02905000,790.076662471813,-7123.227019640569,275,2,130.591,
2276,2017-12-30T04:13:17Z,-33.24378333,148.02916667,791.076662471813,-7122.227019640569,276,2,130.571,
2277,2017-12-30T04:13:18Z,-33.24360000,148.02928333,792.076662471813,-7121.227019640569,277,2,130.55,
2278,2017-12-30T04:13:19Z,-33.24341667,148.02936667,793.076662471813,-7120.227019640569,278,2,130.53,
2279,2017-12-30T04:13:20Z,-33.24325000,148.02945000,794.076662471813,-7119.227019640569,279,2,130.512,
2280,2017-12-30T04:13:21Z,-33.24308333,148.02953333,795.076662471813,-7118.227019640569,280,2,130.493,
2281,2017-12-30T04:13:22Z,-33.24291667,148.02960000,796.076662471813,-7117.227019640569,281,2,130.475,
2282,2017-12-30T04:13:23Z,-33.24275000,148.02966667,797.076662471813,-7116.227019640569,282,2,130.457,
2283,2017-12-30T04:13:24Z,-33.24256667,148.02976667,798.076662471813,-7115.227019640569,283,2,130.436,
2284,2017-12-30T04:13:25Z,-33.24240000,148.02986667,799.076662471813,-7114.227019640569,284,2,130.418,
2285,2017-12-30T04:13:26Z,-33.24221667,148.02995000,800.076662471813,-7113.227019640569,285,2,130.398,
2286,2017-12-30T04:13:27Z,-33.24203333,148.03003333,801.076662471813,-7112.227019640569,286,2,130.378,
2287,2017-12-30T04:13:28Z,-33.24185000,148.03010000,802.076662471813,-7111.227019640569,287,2,130.357,
2288,2017-12-30T04:13:29Z,-33.24166667,148.03016667,803.076662471813,-7110.227019640569,288,2,130.337,
2289,2017-12-30T04:13:30Z,-33.24148333,148.03025000,804.076662471813,-7109.227019640569,289,2,130.317,
2290,2017-12-30T04:13:31Z,-33.24130000,148.03031667,805.076662471813,-7108.227019640569,290,2,130.297,
2291,2017-12-30T04:13:32Z,-33.24111667,148.03040000,806.076662471813,-7107.227019640569,291,2,130.276,
2292,2017-12-30T04:13:33Z,-33.24093333,148.03050000,807.076662471813,-7106.227019640569,292,2,130.256,
2293,2017-12-30T04:13:34Z,-33.24073333,148.03058333,808.076662471813,-7105.227019640569,293,2,130.234,
2294,2017-12-30T04:13:35Z,-33.24055000,148.03068333,809.076662471813,-7104.227019640569,294,2,130.214,
2295,2017-12-30T04:13:36Z,-33.24035000,148.03078333,810.076662471813,-7103.227019640569,295,2,130.192,
2296,2017-12-30T04:13:37Z,-33.24015000,148.03090000,811.076662471813,-7102.227019640569,296,2,130.17,
2297,2017-12-30T04:13:38Z,-33.23995000,148.03101667,812.076662471813,-7101.227019640569,297,2,130.148,
2298,2017-12-30T04:13:39Z,-33.23973333,148.03113333,813.076662471813,-7100.227019640569,298,2,130.124,
2299,2017-12-30T04:13:40Z,-33.23953333,148.03125000,814.076662471813,-7099.227019640569,299,2,130.102,
2300,2017-12-30T04:13:41Z,-33.23933333,148.03136667,815.076662471813,-7098.227019640569,300,2,130.08,
2301,2017-12-30T04:13:42Z,-33.23913333,148.03146667,816.076662471813,-7097.227019640569,301,2,130.058,
2302,2017-12-30T04:13:43Z,-33.23893333,148.03158333,817.076662471813,-7096.227019640569,302,2,130.036,
2303,2017-12-30T04:13:44Z,-33.23871667,148.03171667,818.076662471813,-7095.227019640569,303,2,130.012,
2304,2017-12-30T04:13:45Z,-33.23851667,148.03185000,819.076662471813,-7094.227019640569,304,2,129.99,
2305,2017-12-30T04:13:46Z,-33.23831667,148.03198333,820.076662471813,-7093.227019640569,305,2,129.968,
2306,2017-12-30T04:13:47Z,-33.23811667,148.03211667,821.076662471813,-7092.227019640569,306,2,129.946,
2307,2017-12-30T04:13:48Z,-33.23791667,148.03226667,822.076662471813,-7091.227019640569,307,2,129.924,
2308,2017-12-30T04:13:49Z,-33.23771667,148.03240000,823.076662471813,-7090.227019640569,308,2,129.902,
2309,2017-12-30T04:13:50Z,-33.23750000,148.03255000,824.076662471813,-7089.227019640569,309,2,129.878,
2310,2017-12-30T04:13:51Z,-33.23730000,148.03270000,825.076662471813,-7088.227019640569,310,2,129.856,
2311,2017-12-30T04:13:52Z,-33.23710000,148.03285000,826.076662471813,-7087.227019640569,311,2,129.834,
2312,2017-12-30T04:13:53Z,-33.23688333,148.03298333,827.076662471813,-7086.227019640569,312,2,129.811,
2313,2017-12-30T04:13:54Z,-33.23670000,148.03313333,828.076662471813,-7085.227019640569,313,2,129.791,
2314,2017-12-30T04:13:55Z,-33.23650000,148.03326667,829.076662471813,-7084.227019640569,314,2,129.769,
2315,2017-12-30T04:13:56Z,-33.23630000,148.03340000,830.076662471813,-7083.227019640569,315,2,129.747,
2316,2017-12-30T04:13:57Z,-33.23611667,148.03355000,831.076662471813,-7082.227019640569,316,2,129.726,
2317,2017-12-30T04:13:58Z,-33.23591667,148.03368333,832.076662471813,-7081.227019640569,317,2,129.704,
2318,2017-12-30T04:13:59Z,-33.23573333,148.03383333,833.076662471813,-7080.227019640569,318,2,129.684,
2319,2017-12-30T04:14:00Z,-33.23555000,148.03398333,834.076662471813,-7079.227019640569,319,2,129.664,
2320,2017-12-30T04:14:01Z,-33.23536667,148.03413333,835.076662471813,-7078.227019640569,320,2,129.644,
2321,2017-12-30T04:14:02Z,-33.23520000,148.03430000,836.076662471813,-7077.227019640569,321,2,129.626,
2322,2017-12-30T04:14:03Z,-33.23501667,148.03446667,837.076662471813,-7076.227019640569,322,2,129.606,
2323,2017-12-30T04:14:04Z,-33.23485000,148.03463333,838.076662471813,-7075.227019640569,323,2,129.588,
2324,2017-12-30T04:14:05Z,-33.23468333,148.03481667,839.076662471813,-7074.227019640569,324,2,129.569,
2325,2017-12-30T04:14:06Z,-33.23451667,148.03500000,840.076662471813,-7073.227019640569,325,2,129.551,
2326,2017-12-30T04:14:07Z,-33.23435000,148.03520000,841.076662471813,-7072.227019640569,326,2,129.533,
2327,2017-12-30T04:14:08Z,-33.23418333,148.03540000,842.076662471813,-7071.227019640569,327,2,129.515,
2328,2017-12-30T04:14:09Z,-33.23403333,148.03558333,843.076662471813,-7070.227019640569,328,2,129.498,
2329,2017-12-30T04:14:10Z,-33.23386667,148.03578333,844.076662471813,-7069.227019640569,329,2,129.48,
2330,2017-12-30T04:14:11Z,-33.23370000,148.03596667,845.076662471813,-7068.227019640569,330,2,129.462,
2331,2017-12-30T04:14:12Z,-33.23351667,148.03613333,846.076662471813,-7067.227019640569,331,2,129.442,
2332,2017-12-30T04:14:13Z,-33.23333333,148.03631667,847.076662471813,-7066.227019640569,332,2,129.422,
2333,2017-12-30T04:14:14Z,-33.23315000,148.03650000,848.076662471813,-7065.227019640569,333,2,129.402,
2334,2017-12-30T04:14:15Z,-33.23298333,148.03668333,849.076662471813,-7064.227019640569,334,2,129.384,
2335,2017-12-30T04:14:16Z,-33.23280000,148.03686667,850.076662471813,-7063.227019640569,335,2,129.364,
2336,2017-12-30T04:14:17Z,-33.23265000,148.03706667,851.076662471813,-7062.227019640569,336,2,129.348,
2337,2017-12-30T04:14:18Z,-33.23248333,148.03726667,852.076662471813,-7061.227019640569,337,2,129.329,
2338,2017-12-30T04:14:19Z,-33.23233333,148.03746667,853.076662471813,-7060.227019640569,338,2,129.313,
2339,2017-12-30T04:14:20Z,-33.23218333,148.03765000,854.076662471813,-7059.227019640569,339,2,129.297,
2340,2017-12-30T04:14:21Z,-33.23201667,148.03785000,855.076662471813,-7058.227019640569,340,2,129.279,
2341,2017-12-30T04:14:22Z,-33.23186667,148.03805000,856.076662471813,-7057.227019640569,341,2,129.262,
2342,2017-12-30T04:14:23Z,-33.23170000,148.03825000,857.076662471813,-7056.227019640569,342,2,129.244,
2343,2017-12-30T04:14:24Z,-33.23153333,148.03843333,858.076662471813,-7055.227019640569,343,2,129.226,
2344,2017-12-30T04:14:25Z,-33.23138333,148.03861667,859.076662471813,-7054.227019640569,344,2,129.21,
2345,2017-12-30T04:14:26Z,-33.23121667,148.03880000,860.076662471813,-7053.227019640569,345,2,129.192,
2346,2017-12-30T04:14:27Z,-33.23106667,148.03898333,861.076662471813,-7052.227019640569,346,2,129.176,
2347,2017-12-30T04:14:28Z,-33.23091667,148.03916667,862.076662471813,-7051.227019640569,347,2,129.159,
2348,2017-12-30T04:14:29Z,-33.23076667,148.03936667,863.076662471813,-7050.227019640569,348,2,129.143,
2349,2017-12-30T04:14:30Z,-33.23061667,148.03955000,864.076662471813,-7049.227019640569,349,2,129.127,
2350,2017-12-30T04:14:31Z,-33.23048333,148.03975000,865.076662471813,-7048.227019640569,350,2,129.112,
2351,2017-12-30T04:14:32Z,-33.23033333,148.03993333,866.076662471813,-7047.227019640569,351,2,129.096,
2352,2017-12-30T04:14:33Z,-33.23020000,148.04013333,867.076662471813,-7046.227019640569,352,2,129.082,
2353,2017-12-30T04:14:34Z,-33.23005000,148.04031667,868.076662471813,-7045.227019640569,353,2,129.065,
2354,2017-12-30T04:14:35Z,-33.22990000,148.04050000,869.076662471813,-7044.227019640569,354,2,129.049,
2355,2017-12-30T04:14:36Z,-33.22975000,148.04068333,870.076662471813,-7043.227019640569,355,2,129.033,
2356,2017-12-30T04:14:37Z,-33.22958333,148.04085000,871.076662471813,-7042.227019640569,356,2,129.015,
2357,2017-12-30T04:14:38Z,-33.22943333,148.04103333,872.076662471813,-7041.227019640569,357,2,128.998,
2358,2017-12-30T04:14:39Z,-33.22926667,148.04121667,873.076662471813,-7040.227019640569,358,2,128.98,
2359,2017-12-30T04:14:40Z,-33.22911667,148.04140000,874.076662471813,-7039.227019640569,359,2,128.964,
2360,2017-12-30T04:14:41Z,-33.22896667,148.04160000,875.076662471813,-7038.227019640569,360,2,128.948,
2361,2017-12-30T04:14:42Z,-33.22881667,148.04180000,876.076662471813,-7037.227019640569,361,2,128.932,
2362,2017-12-30T04:14:43Z,-33.22866667,148.04198333,877.076662471813,-7036.227019640569,362,2,128.915,
2363,2017-12-30T04:14:44Z,-33.22851667,148.04216667,878.076662471813,-7035.227019640569,363,2,128.899,
2364,2017-12-30T04:14:45Z,-33.22836667,148.04235000,879.076662471813,-7034.227019640569,364,2,128.883,
2365,2017-12-30T04:14:46Z,-33.22821667,148.04251667,880.076662471813,-7033.227019640569,365,2,128.867,
2366,2017-12-30T04:14:47Z,-33.22808333,148.04268333,881.076662471813,-7032.227019640569,366,2,128.852,
2367,2017-12-30T04:14:48Z,-33.22793333,148.04286667,882.076662471813,-7031.227019640569,367,2,128.836,
2368,2017-12-30T04:14:49Z,-33.22780000,148.04303333,883.076662471813,-7030.227019640569,368,2,128.822,
2369,2017-12-30T04:14:50Z,-33.22763333,148.04321667,884.076662471813,-7029.227019640569,369,2,128.803,
2370,2017-12-30T04:14:51Z,-33.22748333,148.04341667,885.076662471813,-7028.227019640569,370,2,128.787,
2371,2017-12-30T04:14:52Z,-33.22731667,148.04360000,886.076662471813,-7027.227019640569,371,2,128.769,
2372,2017-12-30T04:14:53Z,-33.22716667,148.04376667,887.076662471813,-7026.227019640569,372,2,128.753,
2373,2017-12-30T04:14:54Z,-33.22701667,148.04395000,888.076662471813,-7025.227019640569,373,2,128.737,
2374,2017-12-30T04:14:55Z,-33.22686667,148.04411667,889.076662471813,-7024.227019640569,374,2,128.72,
2375,2017-12-30T04:14:56Z,-33.22670000,148.04428333,890.076662471813,-7023.227019640569,375,2,128.702,
2376,2017-12-30T04:14:57Z,-33.22655000,148.04446667,891.076662471813,-7022.227019640569,376,2,128.686,
2377,2017-12-30T04:14:58Z,-33.22638333,148.04465000,892.076662471813,-7021.227019640569,377,2,128.668,
2378,2017-12-30T04:14:59Z,-33.22623333,148.04485000,893.076662471813,-7020.227019640569,378,2,128.652,
2379,2017-12-30T04:15:00Z,-33.22608333,148.04503333,894.076662471813,-7019.227019640569,379,2,128.636,
2380,2017-12-30T04:15:01Z,-33.22591667,148.04521667,895.076662471813,-7018.227019640569,380,2,128.618,
2381,2017-12-30T04:15:02Z,-33.22576667,148.04538333,896.076662471813,-7017.227019640569,381,2,128.601,
2382,2017-12-30T04:15:03Z,-33.22560000,148.04556667,897.076662471813,-7016.227019640569,382,2,128.583,
2383,2017-12-30T04:15:04Z,-33.22543333,148.04576667,898.076662471813,-7015.227019640569,383,2,128.565,
2384,2017-12-30T04:15:05Z,-33.22526667,148.04596667,899.076662471813,-7014.227019640569,384,2,128.547,
2385,2017-12-30T04:15:06Z,-33.22510000,148.04616667,900.076662471813,-7013.227019640569,385,2,128.529,
2386,2017-12-30T04:15:07Z,-33.22493333,148.04636667,901.076662471813,-7012.227019640569,386,2,128.511,
2387,2017-12-30T04:15:08Z,-33.22478333,148.04656667,902.076662471813,-7011.227019640569,387,2,128.495,
2388,2017-12-30T04:15:09Z,-33.22463333,148.04676667,903.076662471813,-7010.227019640569,388,2,128.479,
2389,2017-12-30T04:15:10Z,-33.22448333,148.04696667,904.076662471813,-7009.227019640569,389,2,128.463,
2390,2017-12-30T04:15:11Z,-33.22433333,148.04715000,905.076662471813,-7008.227019640569,390,2,128.447,
2391,2017-12-30T04:15:12Z,-33.22418333,148.04735000,906.076662471813,-7007.227019640569,391,2,128.431,
2392,2017-12-30T04:15:13Z,-33.22403333,148.04753333,907.076662471813,-7006.227019640569,392,2,128.414,
2393,2017-12-30T04:15:14Z,-33.22390000,148.04773333,908.076662471813,-7005.227019640569,393,2,128.4,
2394,2017-12-30T04:15:15Z,-33.22375000,148.04790000,909.076662471813,-7004.227019640569,394,2,128.384,
2395,2017-12-30T04:15:16Z,-33.22360000,148.04808333,910.076662471813,-7003.227019640569,395,2,128.368,
2396,2017-12-30T04:15:17Z,-33.22345000,148.04826667,911.076662471813,-7002.227019640569,396,2,128.352,
2397,2017-12-30T04:15:18Z,-33.22330000,148.04846667,912.076662471813,-7001.227019640569,397,2,128.335,
2398,2017-12-30T04:15:19Z,-33.22316667,148.04865000,913.076662471813,-7000.227019640569,398,2,128.321,
2399,2017-12-30T04:15:20Z,-33.22301667,148.04885000,914.076662471813,-6999.227019640569,399,2,128.305,
2400,2017-12-30T04:15:21Z,-33.22286667,148.04901667,915.076662471813,-6998.227019640569,400,2,128.289,
2401,2017-12-30T04:15:22Z,-33.22273333,148.04920000,916.076662471813,-6997.227019640569,401,2,128.275,
2402,2017-12-30T04:15:23Z,-33.22258333,148.04938333,917.076662471813,-6996.227019640569,402,2,128.258,
2403,2017-12-30T04:15:24Z,-33.22243333,148.04956667,918.076662471813,-6995.227019640569,403,2,128.242,
2404,2017-12-30T04:15:25Z,-33.22226667,148.04975000,919.076662471813,-6994.227019640569,404,2,128.224,
2405,2017-12-30T04:15:26Z,-33.22210000,148.04993333,920.076662471813,-6993.227019640569,405,2,128.206,
2406,2017-12-30T04:15:27Z,-33.22195000,148.05011667,921.076662471813,-6992.227019640569,406,2,128.19,
2407,2017-12-30T04:15:28Z,-33.22178333,148.05031667,922.076662471813,-6991.227019640569,407,2,128.172,
2408,2017-12-30T04:15:29Z,-33.22163333,148.05050000,923.076662471813,-6990.227019640569,408,2,128.156,
2409,2017-12-30T04:15:30Z,-33.22146667,148.05068333,924.076662471813,-6989.227019640569,409,2,128.138,
2410,2017-12-30T04:15:31Z,-33.22131667,148.05086667,925.076662471813,-6988.227019640569,410,2,128.122,
2411,2017-12-30T04:15:32Z,-33.22116667,148.05106667,926.076662471813,-6987.227019640569,411,2,128.106,
2412,2017-12-30T04:15:33Z,-33.22101667,148.05126667,927.076662471813,-6986.227019640569,412,2,128.09,
2413,2017-12-30T04:15:34Z,-33.22088333,148.05146667,928.076662471813,-6985.227019640569,413,2,128.076,
2414,2017-12-30T04:15:35Z,-33.22073333,148.05165000,929.076662471813,-6984.227019640569,414,2,128.059,
2415,2017-12-30T04:15:36Z,-33.22058333,148.05185000,930.076662471813,-6983.227019640569,415,2,128.043,
2416,2017-12-30T04:15:37Z,-33.22043333,148.05203333,931.076662471813,-6982.227019640569,416,2,128.027,
2417,2017-12-30T04:15:38Z,-33.22030000,148.05223333,932.076662471813,-6981.227019640569,417,2,128.013,
2418,2017-12-30T04:15:39Z,-33.22015000,148.05243333,933.076662471813,-6980.227019640569,418,2,127.997,
2419,2017-12-30T04:15:40Z,-33.22000000,148.05265000,934.076662471813,-6979.227019640569,419,2,127.981,
2420,2017-12-30T04:15:41Z,-33.21986667,148.05288333,935.076662471813,-6978.227019640569,420,2,127.967,
2421,2017-12-30T04:15:42Z,-33.21971667,148.05308333,936.076662471813,-6977.227019640569,421,2,127.951,
2422,2017-12-30T04:15:43Z,-33.21956667,148.05330000,937.076662471813,-6976.227019640569,422,2,127.935,
2423,2017-12-30T04:15:44Z,-33.21941667,148.05348333,938.076662471813,-6975.227019640569,423,2,127.919,
2424,2017-12-30T04:15:45Z,-33.21926667,148.05366667,939.076662471813,-6974.227019640569,424,2,127.903,
2425,2017-12-30T04:15:46Z,-33.21911667,148.05386667,940.076662471813,-6973.227019640569,425,2,127.887,
2426,2017-12-30T04:15:47Z,-33.21896667,148.05405000,941.076662471813,-6972.227019640569,426,2,127.871,
2427,2017-12-30T04:15:48Z,-33.21881667,148.05425000,942.076662471813,-6971.227019640569,427,2,127.855,
2428,2017-12-30T04:15:49Z,-33.21865000,148.05446667,943.076662471813,-6970.227019640569,428,2,127.837,
2429,2017-12-30T04:15:50Z,-33.21850000,148.05468333,944.076662471813,-6969.227019640569,429,2,127.821,
2430,2017-12-30T04:15:51Z,-33.21835000,148.05488333,945.076662471813,-6968.227019640569,430,2,127.805,
2431,2017-12-30T04:15:52Z,-33.21820000,148.05510000,946.076662471813,-6967.227019640569,431,2,127.789,
2432,2017-12-30T04:15:53Z,-33.21805000,148.05530000,947.076662471813,-6966.227019640569,432,2,127.773,
2433,2017-12-30T04:15:54Z,-33.21790000,148.05551667,948.076662471813,-6965.227019640569,433,2,127.757,
2434,2017-12-30T04:15:55Z,-33.21776667,148.05573333,949.076662471813,-6964.227019640569,434,2,127.743,
2435,2017-12-30T04:15:56Z,-33.21763333,148.05596667,950.076662471813,-6963.227019640569,435,2,127.729,
2436,2017-12-30T04:15:57Z,-33.21750000,148.05620000,951.076662471813,-6962.227019640569,436,2,127.715,
2437,2017-12-30T04:15:58Z,-33.21736667,148.05643333,952.076662471813,-6961.227019640569,437,2,127.701,
2438,2017-12-30T04:15:59Z,-33.21723333,148.05665000,953.076662471813,-6960.227019640569,438,2,127.686,
2439,2017-12-30T04:16:00Z,-33.21710000,148.05688333,954.076662471813,-6959.227019640569,439,2,127.672,
2440,2017-12-30T04:16:01Z,-33.21695000,148.05710000,955.076662471813,-6958.227019640569,440,2,127.656,
2441,2017-12-30T04:16:02Z,-33.21680000,148.05731667,956.076662471813,-6957.227019640569,441,2,127.641,
2442,2017-12-30T04:16:03Z,-33.21665000,148.05751667,957.076662471813,-6956.227019640569,442,2,127.625,
2443,2017-12-30T04:16:04Z,-33.21650000,148.05771667,958.076662471813,-6955.227019640569,443,2,127.609,
2444,2017-12-30T04:16:05Z,-33.21635000,148.05790000,959.076662471813,-6954.227019640569,444,2,127.593,
2445,2017-12-30T04:16:06Z,-33.21618333,148.05810000,960.076662471813,-6953.227019640569,445,2,127.575,
2446,2017-12-30T04:16:07Z,-33.21603333,148.05828333,961.076662471813,-6952.227019640569,446,2,127.559,
2447,2017-12-30T04:16:08Z,-33.21586667,148.05848333,962.076662471813,-6951.227019640569,447,2,127.541,
2448,2017-12-30T04:16:09Z,-33.21570000,148.05866667,963.076662471813,-6950.227019640569,448,2,127.523,
2449,2017-12-30T04:16:10Z,-33.21553333,148.05886667,964.076662471813,-6949.227019640569,449,2,127.505,
2450,2017-12-30T04:16:11Z,-33.21536667,148.05905000,965.076662471813,-6948.227019640569,450,2,127.487,
2451,2017-12-30T04:16:12Z,-33.21518333,148.05923333,966.076662471813,-6947.227019640569,451,2,127.468,
2452,2017-12-30T04:16:13Z,-33.21500000,148.05940000,967.076662471813,-6946.227019640569,452,2,127.448,
2453,2017-12-30T04:16:14Z,-33.21481667,148.05958333,968.076662471813,-6945.227019640569,453,2,127.428,
2454,2017-12-30T04:16:15Z,-33.21463333,148.05978333,969.076662471813,-6944.227019640569,454,2,127.408,
2455,2017-12-30T04:16:16Z,-33.21446667,148.05998333,970.076662471813,-6943.227019640569,455,2,127.391,
2456,2017-12-30T04:16:17Z,-33.21431667,148.06018333,971.076662471813,-6942.227019640569,456,2,127.375,
2457,2017-12-30T04:16:18Z,-33.21418333,148.06040000,972.076662471813,-6941.227019640569,457,2,127.361,
2458,2017-12-30T04:16:19Z,-33.21405000,148.06061667,973.076662471813,-6940.227019640569,458,2,127.347,
2459,2017-12-30T04:16:20Z,-33.21396667,148.06085000,974.076662471813,-6939.227019640569,459,2,127.338,
2460,2017-12-30T04:16:21Z,-33.21390000,148.06106667,975.076662471813,-6938.227019640569,460,2,127.332,
2461,2017-12-30T04:16:22Z,-33.21388333,148.06130000,976.076662471813,-6937.227019640569,461,2,127.331,
2462,2017-12-30T04:16:23Z,-33.21390000,148.06150000,977.076662471813,-6936.227019640569,462,2,127.333,
2463,2017-12-30T04:16:24Z,-33.21393333,148.06166667,978.076662471813,-6935.227019640569,463,2,127.338,
2464,2017-12-30T04:16:25Z,-33.21400000,148.06178333,979.076662471813,-6934.227019640569,464,2,127.345,
2465,2017-12-30T04:16:26Z,-33.21408333,148.06185000,980.076662471813,-6933.227019640569,465,2,127.355,
2466,2017-12-30T04:16:27Z,-33.21418333,148.06188333,981.076662471813,-6932.227019640569,466,2,127.366,
2467,2017-12-30T04:16:28Z,-33.21425000,148.06190000,982.076662471813,-6931.227019640569,467,2,127.374,
2468,2017-12-30T04:16:29Z,-33.21431667,148.06190000,983.076662471813,-6930.227019640569,468,2,127.381,
2469,2017-12-30T04:16:30Z,-33.21436667,148.06186667,984.076662471813,-6929.227019640569,469,2,127.386,
2470,2017-12-30T04:16:31Z,-33.21440000,148.06183333,985.076662471813,-6928.227019640569,470,2,127.39,
2471,2017-12-30T04:16:32Z,-33.21441667,148.06178333,986.076662471813,-6927.227019640569,471,2,127.392,
2472,2017-12-30T04:16:33Z,-33.21443333,148.06171667,987.076662471813,-6926.227019640569,472,2,127.393,
2473,2017-12-30T04:16:34Z,-33.21445000,148.06165000,988.076662471813,-6925.227019640569,473,2,127.395,
2474,2017-12-30T04:16:35Z,-33.21443333,148.06160000,989.076662471813,-6924.227019640569,474,2,127.393,
2475,2017-12-30T04:16:36Z,-33.21438333,148.06153333,990.076662471813,-6923.227019640569,475,2,127.387,
2476,2017-12-30T04:16:37Z,-33.21431667,148.06148333,991.076662471813,-6922.227019640569,476,2,127.379,
2477,2017-12-30T04:16:38Z,-33.21421667,148.06143333,992.076662471813,-6921.227019640569,477,2,127.368,
2478,2017-12-30T04:16:39Z,-33.21410000,148.06141667,993.076662471813,-6920.227019640569,478,2,127.355,
2479,2017-12-30T04:16:40Z,-33.21395000,148.06140000,994.076662471813,-6919.227019640569,479,2,127.338,
2480,2017-12-30T04:16:41Z,-33.21378333,148.06143333,995.076662471813,-6918.227019640569,480,2,127.32,
2481,2017-12-30T04:16:42Z,-33.21360000,148.06151667,996.076662471813,-6917.227019640569,481,2,127.3,
2482,2017-12-30T04:16:43Z,-33.21343333,148.06165000,997.076662471813,-6916.227019640569,482,2,127.282,
2483,2017-12-30T04:16:44Z,-33.21330000,148.06185000,998.076662471813,-6915.227019640569,483,2,127.268,
2484,2017-12-30T04:16:45Z,-33.21320000,148.06206667,999.076662471813,-6914.227019640569,484,2,127.258,
2485,2017-12-30T04:16:46Z,-33.21315000,148.06230000,1000.076662471813,-6913.227019640569,485,2,127.253,
2486,2017-12-30T04:16:47Z,-33.21313333,148.06251667,1001.076662471813,-6912.227019640569,486,2,127.252,
2487,2017-12-30T04:16:48Z,-33.21318333,148.06270000,1002.076662471813,-6911.227019640569,487,2,127.258,
2488,2017-12-30T04:16:49Z,-33.21325000,148.06285000,1003.076662471813,-6910.227019640569,488,2,127.266,
2489,2017-12-30T04:16:50Z,-33.21333333,148.06296667,1004.076662471813,-6909.227019640569,489,2,127.276,
2490,2017-12-30T04:16:51Z,-33.21341667,148.06305000,1005.076662471813,-6908.227019640569,490,2,127.285,
2491,2017-12-30T04:16:52Z,-33.21350000,148.06310000,1006.076662471813,-6907.227019640569,491,2,127.295,
2492,2017-12-30T04:16:53Z,-33.21360000,148.06315000,1007.076662471813,-6906.227019640569,492,2,127.306,
2493,2017-12-30T04:16:54Z,-33.21368333,148.06320000,1008.076662471813,-6905.227019640569,493,2,127.316,
2494,2017-12-30T04:16:55Z,-33.21376667,148.06326667,1009.076662471813,-6904.227019640569,494,2,127.325,
2495,2017-12-30T04:16:56Z,-33.21383333,148.06331667,1010.076662471813,-6903.227019640569,495,2,127.333,
2496,2017-12-30T04:16:57Z,-33.21388333,148.06333333,1011.076662471813,-6902.227019640569,496,2,127.338,
2497,2017-12-30T04:16:58Z,-33.21391667,148.06330000,1012.076662471813,-6901.227019640569,497,2,127.342,
2498,2017-12-30T04:16:59Z,-33.21390000,148.06325000,1013.076662471813,-6900.227019640569,498,2,127.34,
2499,2017-12-30T04:17:00Z,-33.21383333,148.06316667,1014.076662471813,-6899.227019640569,499,2,127.332,
2500,2017-12-30T04:17:01Z,-33.21370000,148.06310000,1015.076662471813,-6898.227019640569,500,2,127.317,
2501,2017-12-30T04:17:02Z,-33.21356667,148.06305000,1016.076662471813,-6897.227019640569,501,2,127.302,
2502,2017-12-30T04:17:03Z,-33.21338333,148.06305000,1017.076662471813,-6896.227019640569,502,2,127.282,
2503,2017-12-30T04:17:04Z,-33.21320000,148.06306667,1018.076662471813,-6895.227019640569,503,2,127.261,
2504,2017-12-30T04:17:05Z,-33.21300000,148.06311667,1019.076662471813,-6894.227019640569,504,2,127.239,
2505,2017-12-30T04:17:06Z,-33.21280000,148.06318333,1020.076662471813,-6893.227019640569,505,2,127.217,
2506,2017-12-30T04:17:07Z,-33.21261667,148.06328333,1021.076662471813,-6892.227019640569,506,2,127.197,
2507,2017-12-30T04:17:08Z,-33.21241667,148.06338333,1022.076662471813,-6891.227019640569,507,2,127.175,
2508,2017-12-30T04:17:09Z,-33.21223333,148.06351667,1023.076662471813,-6890.227019640569,508,2,127.156,
2509,2017-12-30T04:17:10Z,-33.21206667,148.06365000,1024.076662471813,-6889.227019640569,509,2,127.138,
2510,2017-12-30T04:17:11Z,-33.21188333,148.06380000,1025.076662471813,-6888.227019640569,510,2,127.118,
2511,2017-12-30T04:17:12Z,-33.21171667,148.06395000,1026.076662471813,-6887.227019640569,511,2,127.1,
2512,2017-12-30T04:17:13Z,-33.21155000,148.06411667,1027.076662471813,-6886.227019640569,512,2,127.082,
2513,2017-12-30T04:17:14Z,-33.21138333,148.06430000,1028.076662471813,-6885.227019640569,513,2,127.064,
2514,2017-12-30T04:17:15Z,-33.21121667,148.06446667,1029.076662471813,-6884.227019640569,514,2,127.046,
2515,2017-12-30T04:17:16Z,-33.21105000,148.06465000,1030.076662471813,-6883.227019640569,515,2,127.029,
2516,2017-12-30T04:17:17Z,-33.21090000,148.06481667,1031.076662471813,-6882.227019640569,516,2,127.013,
2517,2017-12-30T04:17:18Z,-33.21073333,148.06498333,1032.076662471813,-6881.227019640569,517,2,126.995,
2518,2017-12-30T04:17:19Z,-33.21056667,148.06515000,1033.076662471813,-6880.227019640569,518,2,126.977,
2519,2017-12-30T04:17:20Z,-33.21040000,148.06531667,1034.076662471813,-6879.227019640569,519,2,126.959,
2520,2017-12-30T04:17:21Z,-33.21025000,148.06550000,1035.076662471813,-6878.227019640569,520,2,126.943,
2521,2017-12-30T04:17:22Z,-33.21010000,148.06568333,1036.076662471813,-6877.227019640569,521,2,126.927,
2522,2017-12-30T04:17:23Z,-33.20995000,148.06590000,1037.076662471813,-6876.227019640569,522,2,126.911,
2523,2017-12-30T04:17:24Z,-33.20981667,148.06611667,1038.076662471813,-6875.227019640569,523,2,126.897,
2524,2017-12-30T04:17:25Z,-33.20970000,148.06633333,1039.076662471813,-6874.227019640569,524,2,126.885,
2525,2017-12-30T04:17:26Z,-33.20956667,148.06655000,1040.076662471813,-6873.227019640569,525,2,126.871,
2526,2017-12-30T04:17:27Z,-33.20945000,148.06676667,1041.076662471813,-6872.227019640569,526,2,126.859,
2527,2017-12-30T04:17:28Z,-33.20931667,148.06696667,1042.076662471813,-6871.227019640569,527,2,126.845,
2528,2017-12-30T04:17:29Z,-33.20920000,148.06720000,1043.076662471813,-6870.227019640569,528,2,126.833,
2529,2017-12-30T04:17:30Z,-33.20908333,148.06743333,1044.076662471813,-6869.227019640569,529,2,126.821,
2530,2017-12-30T04:17:31Z,-33.20900000,148.06768333,1045.076662471813,-6868.227019640569,530,2,126.813,
2531,2017-12-30T04:17:32Z,-33.20891667,148.06795000,1046.076662471813,-6867.227019640569,531,2,126.805,
2532,2017-12-30T04:17:33Z,-33.20885000,148.06821667,1047.076662471813,-6866.227019640569,532,2,126.799,
2533,2017-12-30T04:17:34Z,-33.20880000,148.06848333,1048.076662471813,-6865.227019640569,533,2,126.794,
2534,2017-12-30T04:17:35Z,-33.20875000,148.06875000,1049.076662471813,-6864.227019640569,534,2,126.79,
2535,2017-12-30T04:17:36Z,-33.20873333,148.06901667,1050.076662471813,-6863.227019640569,535,2,126.789,
2536,2017-12-30T04:17:37Z,-33.20875000,148.06925000,1051.076662471813,-6862.227019640569,536,2,126.792,
2537,2017-12-30T04:17:38Z,-33.20878333,148.06948333,1052.076662471813,-6861.227019640569,537,2,126.797,
2538,2017-12-30T04:17:39Z,-33.20883333,148.06968333,1053.076662471813,-6860.227019640569,538,2,126.803,
2539,2017-12-30T04:17:40Z,-33.20888333,148.06986667,1054.076662471813,-6859.227019640569,539,2,126.809,
2540,2017-12-30T04:17:41Z,-33.20896667,148.07001667,1055.076662471813,-6858.227019640569,540,2,126.819,
2541,2017-12-30T04:17:42Z,-33.20903333,148.07011667,1056.076662471813,-6857.227019640569,541,2,126.827,
2542,2017-12-30T04:17:43Z,-33.20913333,148.07018333,1057.076662471813,-6856.227019640569,542,2,126.839,
2543,2017-12-30T04:17:44Z,-33.20921667,148.07025000,1058.076662471813,-6855.227019640569,543,2,126.848,
2544,2017-12-30T04:17:45Z,-33.20931667,148.07031667,1059.076662471813,-6854.227019640569,544,2,126.859,
2545,2017-12-30T04:17:46Z,-33.20940000,148.07036667,1060.076662471813,-6853.227019640569,545,2,126.869,
2546,2017-12-30T04:17:47Z,-33.20950000,148.07045000,1061.076662471813,-6852.227019640569,546,2,126.88,
2547,2017-12-30T04:17:48Z,-33.20960000,148.07053333,1062.076662471813,-6851.227019640569,547,2,126.892,
2548,2017-12-30T04:17:49Z,-33.20970000,148.07063333,1063.076662471813,-6850.227019640569,548,2,126.903,
2549,2017-12-30T04:17:50Z,-33.20980000,148.07073333,1064.076662471813,-6849.227019640569,549,2,126.915,
2550,2017-12-30T04:17:51Z,-33.20990000,148.07081667,1065.076662471813,-6848.227019640569,550,2,126.926,
2551,2017-12-30T04:17:52Z,-33.21000000,148.07088333,1066.076662471813,-6847.227019640569,551,2,126.938,
2552,2017-12-30T04:17:53Z,-33.21008333,148.07093333,1067.076662471813,-6846.227019640569,552,2,126.947,
2553,2017-12-30T04:17:54Z,-33.21018333,148.07095000,1068.076662471813,-6845.227019640569,553,2,126.958,
2554,2017-12-30T04:17:55Z,-33.21026667,148.07096667,1069.076662471813,-6844.227019640569,554,2,126.968,
2555,2017-12-30T04:17:56Z,-33.21033333,148.07096667,1070.076662471813,-6843.227019640569,555,2,126.975,
2556,2017-12-30T04:17:57Z,-33.21036667,148.07091667,1071.076662471813,-6842.227019640569,556,2,126.979,
2557,2017-12-30T04:17:58Z,-33.21040000,148.07086667,1072.076662471813,-6841.227019640569,557,2,126.982,
2558,2017-12-30T04:17:59Z,-33.21043333,148.07078333,1073.076662471813,-6840.227019640569,558,2,126.986,
2559,2017-12-30T04:18:00Z,-33.21043333,148.07070000,1074.076662471813,-6839.227019640569,559,2,126.985,
2560,2017-12-30T04:18:01Z,-33.21041667,148.07061667,1075.076662471813,-6838.227019640569,560,2,126.983,
2561,2017-12-30T04:18:02Z,-33.21038333,148.07050000,1076.076662471813,-6837.227019640569,561,2,126.979,
2562,2017-12-30T04:18:03Z,-33.21035000,148.07038333,1077.076662471813,-6836.227019640569,562,2,126.975,
2563,2017-12-30T04:18:04Z,-33.21031667,148.07026667,1078.076662471813,-6835.227019640569,563,2,126.97,
2564,2017-12-30T04:18:05Z,-33.21025000,148.07016667,1079.076662471813,-6834.227019640569,564,2,126.962,
2565,2017-12-30T04:18:06Z,-33.21020000,148.07005000,1080.076662471813,-6833.227019640569,565,2,126.956,
2566,2017-12-30T04:18:07Z,-33.21011667,148.06995000,1081.076662471813,-6832.227019640569,566,2,126.947,
2567,2017-12-30T04:18:08Z,-33.21001667,148.06983333,1082.076662471813,-6831.227019640569,567,2,126.935,
2568,2017-12-30T04:18:09Z,-33.20990000,148.06973333,1083.076662471813,-6830.227019640569,568,2,126.922,
2569,2017-12-30T04:18:10Z,-33.20980000,148.06963333,1084.076662471813,-6829.227019640569,569,2,126.91,
2570,2017-12-30T04:18:11Z,-33.20968333,148.06951667,1085.076662471813,-6828.227019640569,570,2,126.897,
2571,2017-12-30T04:18:12Z,-33.20958333,148.06941667,1086.076662471813,-6827.227019640569,571,2,126.885,
2572,2017-12-30T04:18:13Z,-33.20948333,148.06933333,1087.076662471813,-6826.227019640569,572,2,126.874,
2573,2017-12-30T04:18:14Z,-33.20938333,148.06925000,1088.076662471813,-6825.227019640569,573,2,126.862,
2574,2017-12-30T04:18:15Z,-33.20930000,148.06915000,1089.076662471813,-6824.227019640569,574,2,126.853,
2575,2017-12-30T04:18:16Z,-33.20920000,148.06906667,1090.076662471813,-6823.227019640569,575,2,126.841,
2576,2017-12-30T04:18:17Z,-33.20911667,148.06896667,1091.076662471813,-6822.227019640569,576,2,126.831,
2577,2017-12-30T04:18:18Z,-33.20903333,148.06888333,1092.076662471813,-6821.227019640569,577,2,126.822,
2578,2017-12-30T04:18:19Z,-33.20896667,148.06880000,1093.076662471813,-6820.227019640569,578,2,126.814,
2579,2017-12-30T04:18:20Z,-33.20890000,148.06871667,1094.076662471813,-6819.227019640569,579,2,126.806,
2580,2017-12-30T04:18:21Z,-33.20883333,148.06865000,1095.076662471813,-6818.227019640569,580,2,126.799,
2581,2017-12-30T04:18:22Z,-33.20875000,148.06856667,1096.076662471813,-6817.227019640569,581,2,126.789,
2582,2017-12-30T04:18:23Z,-33.20865000,148.06850000,1097.076662471813,-6816.227019640569,582,2,126.778,
2583,2017-12-30T04:18:24Z,-33.20851667,148.06846667,1098.076662471813,-6815.227019640569,583,2,126.763,
2584,2017-12-30T04:18:25Z,-33.20836667,148.06843333,1099.076662471813,-6814.227019640569,584,2,126.746,
2585,2017-12-30T04:18:26Z,-33.20820000,148.06843333,1100.076662471813,-6813.227019640569,585,2,126.727,
2586,2017-12-30T04:18:27Z,-33.20801667,148.06846667,1101.076662471813,-6812.227019640569,586,2,126.707,
2587,2017-12-30T04:18:28Z,-33.20783333,148.06853333,1102.076662471813,-6811.227019640569,587,2,126.687,
2588,2017-12-30T04:18:29Z,-33.20766667,148.06861667,1103.076662471813,-6810.227019640569,588,2,126.669,
2589,2017-12-30T04:18:30Z,-33.20748333,148.06873333,1104.076662471813,-6809.227019640569,589,2,126.649,
2590,2017-12-30T04:18:31Z,-33.20731667,148.06885000,1105.076662471813,-6808.227019640569,590,2,126.631,
2591,2017-12-30T04:18:32Z,-33.20713333,148.06898333,1106.076662471813,-6807.227019640569,591,2,126.611,
2592,2017-12-30T04:18:33Z,-33.20696667,148.06908333,1107.076662471813,-6806.227019640569,592,2,126.593,
2593,2017-12-30T04:18:34Z,-33.20678333,148.06916667,1108.076662471813,-6805.227019640569,593,2,126.573,
2594,2017-12-30T04:18:35Z,-33.20661667,148.06925000,1109.076662471813,-6804.227019640569,594,2,126.555,
2595,2017-12-30T04:18:36Z,-33.20643333,148.06936667,1110.076662471813,-6803.227019640569,595,2,126.535,
2596,2017-12-30T04:18:37Z,-33.20626667,148.06950000,1111.076662471813,-6802.227019640569,596,2,126.517,
2597,2017-12-30T04:18:38Z,-33.20611667,148.06966667,1112.076662471813,-6801.227019640569,597,2,126.501,
2598,2017-12-30T04:18:39Z,-33.20596667,148.06986667,1113.076662471813,-6800.227019640569,598,2,126.485,
2599,2017-12-30T04:18:40Z,-33.20583333,148.07008333,1114.076662471813,-6799.227019640569,599,2,126.472,
2600,2017-12-30T04:18:41Z,-33.20571667,148.07031667,1115.076662471813,-6798.227019640569,600,2,126.46,
2601,2017-12-30T04:18:42Z,-33.20561667,148.07058333,1116.076662471813,-6797.227019640569,601,2,126.45,
2602,2017-12-30T04:18:43Z,-33.20553333,148.07083333,1117.076662471813,-6796.227019640569,602,2,126.441,
2603,2017-12-30T04:18:44Z,-33.20548333,148.07108333,1118.076662471813,-6795.227019640569,603,2,126.437,
2604,2017-12-30T04:18:45Z,-33.20545000,148.07133333,1119.076662471813,-6794.227019640569,604,2,126.434,
2605,2017-12-30T04:18:46Z,-33.20545000,148.07158333,1120.076662471813,-6793.227019640569,605,2,126.436,
2606,2017-12-30T04:18:47Z,-33.20548333,148.07180000,1121.076662471813,-6792.227019640569,606,2,126.44,
2607,2017-12-30T04:18:48Z,-33.20551667,148.07200000,1122.076662471813,-6791.227019640569,607,2,126.445,
2608,2017-12-30T04:18:49Z,-33.20558333,148.07216667,1123.076662471813,-6790.227019640569,608,2,126.453,
2609,2017-12-30T04:18:50Z,-33.20563333,148.07230000,1124.076662471813,-6789.227019640569,609,2,126.459,
2610,2017-12-30T04:18:51Z,-33.20571667,148.07240000,1125.076662471813,-6788.227019640569,610,2,126.469,
2611,2017-12-30T04:18:52Z,-33.20578333,148.07246667,1126.076662471813,-6787.227019640569,611,2,126.476,
2612,2017-12-30T04:18:53Z,-33.20586667,148.07250000,1127.076662471813,-6786.227019640569,612,2,126.486,
2613,2017-12-30T04:18:54Z,-33.20595000,148.07248333,1128.076662471813,-6785.227019640569,613,2,126.495,
2614,2017-12-30T04:18:55Z,-33.20601667,148.07248333,1129.076662471813,-6784.227019640569,614,2,126.502,
2615,2017-12-30T04:18:56Z,-33.20608333,148.07246667,1130.076662471813,-6783.227019640569,615,2,126.51,
2616,2017-12-30T04:18:57Z,-33.20613333,148.07243333,1131.076662471813,-6782.227019640569,616,2,126.515,
2617,2017-12-30T04:18:58Z,-33.20615000,148.07238333,1132.076662471813,-6781.227019640569,617,2,126.517,
2618,2017-12-30T04:18:59Z,-33.20616667,148.07233333,1133.076662471813,-6780.227019640569,618,2,126.518,
2619,2017-12-30T04:19:00Z,-33.20615000,148.07226667,1134.076662471813,-6779.227019640569,619,2,126.516,
2620,2017-12-30T04:19:01Z,-33.20610000,148.07221667,1135.076662471813,-6778.227019640569,620,2,126.511,
2621,2017-12-30T04:19:02Z,-33.20600000,148.07215000,1136.076662471813,-6777.227019640569,621,2,126.499,
2622,2017-12-30T04:19:03Z,-33.20586667,148.07210000,1137.076662471813,-6776.227019640569,622,2,126.484,
2623,2017-12-30T04:19:04Z,-33.20571667,148.07208333,1138.076662471813,-6775.227019640569,623,2,126.467,
2624,2017-12-30T04:19:05Z,-33.20555000,148.07208333,1139.076662471813,-6774.227019640569,624,2,126.449,
2625,2017-12-30T04:19:06Z,-33.20538333,148.07208333,1140.076662471813,-6773.227019640569,625,2,126.43,
2626,2017-12-30T04:19:07Z,-33.20521667,148.07210000,1141.076662471813,-6772.227019640569,626,2,126.412,
2627,2017-12-30T04:19:08Z,-33.20505000,148.07211667,1142.076662471813,-6771.227019640569,627,2,126.393,
2628,2017-12-30T04:19:09Z,-33.20488333,148.07213333,1143.076662471813,-6770.227019640569,628,2,126.375,
2629,2017-12-30T04:19:10Z,-33.20470000,148.07213333,1144.076662471813,-6769.227019640569,629,2,126.355,
2630,2017-12-30T04:19:11Z,-33.20455000,148.07215000,1145.076662471813,-6768.227019640569,630,2,126.338,
2631,2017-12-30T04:19:12Z,-33.20438333,148.07218333,1146.076662471813,-6767.227019640569,631,2,126.32,
2632,2017-12-30T04:19:13Z,-33.20423333,148.07220000,1147.076662471813,-6766.227019640569,632,2,126.303,
2633,2017-12-30T04:19:14Z,-33.20406667,148.07225000,1148.076662471813,-6765.227019640569,633,2,126.285,
2634,2017-12-30T04:19:15Z,-33.20391667,148.07226667,1149.076662471813,-6764.227019640569,634,2,126.268,
2635,2017-12-30T04:19:16Z,-33.20375000,148.07230000,1150.076662471813,-6763.227019640569,635,2,126.25,
2636,2017-12-30T04:19:17Z,-33.20358333,148.07233333,1151.076662471813,-6762.227019640569,636,2,126.232,
2637,2017-12-30T04:19:18Z,-33.20341667,148.07236667,1152.076662471813,-6761.227019640569,637,2,126.213,
2638,2017-12-30T04:19:19Z,-33.20323333,148.07240000,1153.076662471813,-6760.227019640569,638,2,126.193,
2639,2017-12-30T04:19:20Z,-33.20306667,148.07243333,1154.076662471813,-6759.227019640569,639,2,126.175,
2640,2017-12-30T04:19:21Z,-33.20288333,148.07246667,1155.076662471813,-6758.227019640569,640,2,126.154,
2641,2017-12-30T04:19:22Z,-33.20270000,148.07251667,1156.076662471813,-6757.227019640569,641,2,126.134,
2642,2017-12-30T04:19:23Z,-33.20251667,148.07255000,1157.076662471813,-6756.227019640569,642,2,126.114,
2643,2017-12-30T04:19:24Z,-33.20231667,148.07260000,1158.076662471813,-6755.227019640569,643,2,126.092,
2644,2017-12-30T04:19:25Z,-33.20213333,148.07261667,1159.076662471813,-6754.227019640569,644,2,126.072,
2645,2017-12-30T04:19:26Z,-33.20196667,148.07261667,1160.076662471813,-6753.227019640569,645,2,126.053,
2646,2017-12-30T04:19:27Z,-33.20180000,148.07261667,1161.076662471813,-6752.227019640569,646,2,126.035,
2647,2017-12-30T04:19:28Z,-33.20163333,148.07261667,1162.076662471813,-6751.227019640569,647,2,126.016,
2648,2017-12-30T04:19:29Z,-33.20148333,148.07263333,1163.076662471813,-6750.227019640569,648,2,126.0,
2649,2017-12-30T04:19:30Z,-33.20133333,148.07263333,1164.076662471813,-6749.227019640569,649,2,125.983,
2650,2017-12-30T04:19:31Z,-33.20118333,148.07266667,1165.076662471813,-6748.227019640569,650,2,125.966,
2651,2017-12-30T04:19:32Z,-33.20103333,148.07266667,1166.076662471813,-6747.227019640569,651,2,125.95,
2652,2017-12-30T04:19:33Z,-33.20088333,148.07266667,1167.076662471813,-6746.227019640569,652,2,125.933,
2653,2017-12-30T04:19:34Z,-33.20073333,148.07266667,1168.076662471813,-6745.227019640569,653,2,125.917,
2654,2017-12-30T04:19:35Z,-33.20058333,148.07265000,1169.076662471813,-6744.227019640569,654,2,125.9,
2655,2017-12-30T04:19:36Z,-33.20043333,148.07265000,1170.076662471813,-6743.227019640569,655,2,125.883,
2656,2017-12-30T04:19:37Z,-33.20028333,148.07265000,1171.076662471813,-6742.227019640569,656,2,125.866,
2657,2017-12-30T04:19:38Z,-33.20011667,148.07265000,1172.076662471813,-6741.227019640569,657,2,125.848,
2658,2017-12-30T04:19:39Z,-33.19995000,148.07265000,1173.076662471813,-6740.227019640569,658,2,125.829,
2659,2017-12-30T04:19:40Z,-33.19980000,148.07261667,1174.076662471813,-6739.227019640569,659,2,125.813,
2660,2017-12-30T04:19:41Z,-33.19966667,148.07255000,1175.076662471813,-6738.227019640569,660,2,125.798,
2661,2017-12-30T04:19:42Z,-33.19955000,148.07248333,1176.076662471813,-6737.227019640569,661,2,125.784,
2662,2017-12-30T04:19:43Z,-33.19941667,148.07241667,1177.076662471813,-6736.227019640569,662,2,125.769,
2663,2017-12-30T04:19:44Z,-33.19930000,148.07240000,1178.076662471813,-6735.227019640569,663,2,125.756,
2664,2017-12-30T04:19:45Z,-33.19916667,148.07238333,1179.076662471813,-6734.227019640569,664,2,125.741,
2665,2017-12-30T04:19:46Z,-33.19903333,148.07236667,1180.076662471813,-6733.227019640569,665,2,125.726,
2666,2017-12-30T04:19:47Z,-33.19888333,148.07238333,1181.076662471813,-6732.227019640569,666,2,125.71,
2667,2017-12-30T04:19:48Z,-33.19871667,148.07241667,1182.076662471813,-6731.227019640569,667,2,125.691,
2668,2017-12-30T04:19:49Z,-33.19855000,148.07243333,1183.076662471813,-6730.227019640569,668,2,125.673,
2669,2017-12-30T04:19:50Z,-33.19838333,148.07246667,1184.076662471813,-6729.227019640569,669,2,125.655,
2670,2017-12-30T04:19:51Z,-33.19820000,148.07246667,1185.076662471813,-6728.227019640569,670,2,125.634,
2671,2017-12-30T04:19:52Z,-33.19803333,148.07246667,1186.076662471813,-6727.227019640569,671,2,125.616,
2672,2017-12-30T04:19:53Z,-33.19785000,148.07250000,1187.076662471813,-6726.227019640569,672,2,125.596,
2673,2017-12-30T04:19:54Z,-33.19768333,148.07255000,1188.076662471813,-6725.227019640569,673,2,125.577,
2674,2017-12-30T04:19:55Z,-33.19753333,148.07268333,1189.076662471813,-6724.227019640569,674,2,125.561,
2675,2017-12-30T04:19:56Z,-33.19738333,148.07286667,1190.076662471813,-6723.227019640569,675,2,125.545,
2676,2017-12-30T04:19:57Z,-33.19736667,148.07315000,1191.076662471813,-6722.227019640569,676,2,125.545,
2677,2017-12-30T04:19:58Z,-33.19733333,148.07338333,1192.076662471813,-6721.227019640569,677,2,125.542,
2678,2017-12-30T04:19:59Z,-33.19738333,148.07361667,1193.076662471813,-6720.227019640569,678,2,125.549,
2679,2017-12-30T04:20:00Z,-33.19745000,148.07381667,1194.076662471813,-6719.227019640569,679,2,125.557,
2680,2017-12-30T04:20:01Z,-33.19753333,148.07396667,1195.076662471813,-6718.227019640569,680,2,125.567,
2681,2017-12-30T04:20:02Z,-33.19763333,148.07405000,1196.076662471813,-6717.227019640569,681,2,125.579,
2682,2017-12-30T04:20:03Z,-33.19773333,148.07410000,1197.076662471813,-6716.227019640569,682,2,125.59,
2683,2017-12-30T04:20:04Z,-33.19780000,148.07410000,1198.076662471813,-6715.227019640569,683,2,125.597,
2684,2017-12-30T04:20:05Z,-33.19783333,148.07406667,1199.076662471813,-6714.227019640569,684,2,125.601,
2685,2017-12-30T04:20:06Z,-33.19783333,148.07403333,1200.076662471813,-6713.227019640569,685,2,125.601,
2686,2017-12-30T04:20:07Z,-33.19778333,148.07400000,1201.076662471813,-6712.227019640569,686,2,125.595,
2687,2017-12-30T04:20:08Z,-33.19770000,148.07395000,1202.076662471813,-6711.227019640569,687,2,125.586,
2688,2017-12-30T04:20:09Z,-33.19756667,148.07393333,1203.076662471813,-6710.227019640569,688,2,125.571,
2689,2017-12-30T04:20:10Z,-33.19740000,148.07393333,1204.076662471813,-6709.227019640569,689,2,125.552,
2690,2017-12-30T04:20:11Z,-33.19725000,148.07400000,1205.076662471813,-6708.227019640569,690,2,125.536,
2691,2017-12-30T04:20:12Z,-33.19705000,148.07403333,1206.076662471813,-6707.227019640569,691,2,125.514,
2692,2017-12-30T04:20:13Z,-33.19686667,148.07415000,1207.076662471813,-6706.227019640569,692,2,125.494,
2693,2017-12-30T04:20:14Z,-33.19670000,148.07430000,1208.076662471813,-6705.227019640569,693,2,125.476,
2694,2017-12-30T04:20:15Z,-33.19656667,148.07450000,1209.076662471813,-6704.227019640569,694,2,125.462,
2695,2017-12-30T04:20:16Z,-33.19650000,148.07471667,1210.076662471813,-6703.227019640569,695,2,125.456,
2696,2017-12-30T04:20:17Z,-33.19646667,148.07495000,1211.076662471813,-6702.227019640569,696,2,125.453,
2697,2017-12-30T04:20:18Z,-33.19651667,148.07515000,1212.076662471813,-6701.227019640569,697,2,125.46,
2698,2017-12-30T04:20:19Z,-33.19660000,148.07531667,1213.076662471813,-6700.227019640569,698,2,125.47,
2699,2017-12-30T04:20:20Z,-33.19670000,148.07540000,1214.076662471813,-6699.227019640569,699,2,125.481,
2700,2017-12-30T04:20:21Z,-33.19680000,148.07543333,1215.076662471813,-6698.227019640569,700,2,125.492,
2701,2017-12-30T04:20:22Z,-33.19690000,148.07545000,1216.076662471813,-6697.227019640569,701,2,125.504,
2702,2017-12-30T04:20:23Z,-33.19696667,148.07543333,1217.076662471813,-6696.227019640569,702,2,125.511,
2703,2017-12-30T04:20:24Z,-33.19705000,148.07541667,1218.076662471813,-6695.227019640569,703,2,125.52,
2704,2017-12-30T04:20:25Z,-33.19710000,148.07538333,1219.076662471813,-6694.227019640569,704,2,125.526,
2705,2017-12-30T04:20:26Z,-33.19706667,148.07531667,1220.076662471813,-6693.227019640569,705,2,125.522,
2706,2017-12-30T04:20:27Z,-33.19700000,148.07523333,1221.076662471813,-6692.227019640569,706,2,125.514,
2707,2017-12-30T04:20:28Z,-33.19686667,148.07520000,1222.076662471813,-6691.227019640569,707,2,125.499,
2708,2017-12-30T04:20:29Z,-33.19671667,148.07520000,1223.076662471813,-6690.227019640569,708,2,125.482,
2709,2017-12-30T04:20:30Z,-33.19655000,148.07525000,1224.076662471813,-6689.227019640569,709,2,125.464,
2710,2017-12-30T04:20:31Z,-33.19638333,148.07535000,1225.076662471813,-6688.227019640569,710,2,125.446,
2711,2017-12-30T04:20:32Z,-33.19621667,148.07551667,1226.076662471813,-6687.227019640569,711,2,125.428,
2712,2017-12-30T04:20:33Z,-33.19611667,148.07573333,1227.076662471813,-6686.227019640569,712,2,125.418,
2713,2017-12-30T04:20:34Z,-33.19603333,148.07598333,1228.076662471813,-6685.227019640569,713,2,125.41,
2714,2017-12-30T04:20:35Z,-33.19603333,148.07625000,1229.076662471813,-6684.227019640569,714,2,125.411,
2715,2017-12-30T04:20:36Z,-33.19608333,148.07648333,1230.076662471813,-6683.227019640569,715,2,125.418,
2716,2017-12-30T04:20:37Z,-33.19616667,148.07665000,1231.076662471813,-6682.227019640569,716,2,125.428,
2717,2017-12-30T04:20:38Z,-33.19626667,148.07680000,1232.076662471813,-6681.227019640569,717,2,125.44,
2718,2017-12-30T04:20:39Z,-33.19638333,148.07688333,1233.076662471813,-6680.227019640569,718,2,125.453,
2719,2017-12-30T04:20:40Z,-33.19650000,148.07690000,1234.076662471813,-6679.227019640569,719,2,125.466,
2720,2017-12-30T04:20:41Z,-33.19658333,148.07688333,1235.076662471813,-6678.227019640569,720,2,125.475,
2721,2017-12-30T04:20:42Z,-33.19661667,148.07683333,1236.076662471813,-6677.227019640569,721,2,125.479,
2722,2017-12-30T04:20:43Z,-33.19665000,148.07680000,1237.076662471813,-6676.227019640569,722,2,125.482,
2723,2017-12-30T04:20:44Z,-33.19660000,148.07678333,1238.076662471813,-6675.227019640569,723,2,125.477,
2724,2017-12-30T04:20:45Z,-33.19648333,148.07678333,1239.076662471813,-6674.227019640569,724,2,125.464,
2725,2017-12-30T04:20:46Z,-33.19635000,148.07681667,1240.076662471813,-6673.227019640569,725,2,125.449,
2726,2017-12-30T04:20:47Z,-33.19616667,148.07690000,1241.076662471813,-6672.227019640569,726,2,125.429,
2727,2017-12-30T04:20:48Z,-33.19600000,148.07708333,1242.076662471813,-6671.227019640569,727,2,125.412,
2728,2017-12-30T04:20:49Z,-33.19588333,148.07730000,1243.076662471813,-6670.227019640569,728,2,125.4,
2729,2017-12-30T04:20:50Z,-33.19583333,148.07753333,1244.076662471813,-6669.227019640569,729,2,125.395,
2730,2017-12-30T04:20:51Z,-33.19581667,148.07776667,1245.076662471813,-6668.227019640569,730,2,125.395,
2731,2017-12-30T04:20:52Z,-33.19586667,148.07798333,1246.076662471813,-6667.227019640569,731,2,125.401,
2732,2017-12-30T04:20:53Z,-33.19591667,148.07820000,1247.076662471813,-6666.227019640569,732,2,125.408,
2733,2017-12-30T04:20:54Z,-33.19600000,148.07838333,1248.076662471813,-6665.227019640569,733,2,125.418,
2734,2017-12-30T04:20:55Z,-33.19610000,148.07855000,1249.076662471813,-6664.227019640569,734,2,125.43,
2735,2017-12-30T04:20:56Z,-33.19621667,148.07870000,1250.076662471813,-6663.227019640569,735,2,125.444,
2736,2017-12-30T04:20:57Z,-33.19633333,148.07878333,1251.076662471813,-6662.227019640569,736,2,125.457,
2737,2017-12-30T04:20:58Z,-33.19645000,148.07886667,1252.076662471813,-6661.227019640569,737,2,125.47,
2738,2017-12-30T04:20:59Z,-33.19656667,148.07893333,1253.076662471813,-6660.227019640569,738,2,125.484,
2739,2017-12-30T04:21:00Z,-33.19666667,148.07898333,1254.076662471813,-6659.227019640569,739,2,125.495,
2740,2017-12-30T04:21:01Z,-33.19671667,148.07895000,1255.076662471813,-6658.227019640569,740,2,125.5,
2741,2017-12-30T04:21:02Z,-33.19675000,148.07890000,1256.076662471813,-6657.227019640569,741,2,125.504,
2742,2017-12-30T04:21:03Z,-33.19673333,148.07885000,1257.076662471813,-6656.227019640569,742,2,125.502,
2743,2017-12-30T04:21:04Z,-33.19666667,148.07881667,1258.076662471813,-6655.227019640569,743,2,125.494,
2744,2017-12-30T04:21:05Z,-33.19656667,148.07881667,1259.076662471813,-6654.227019640569,744,2,125.483,
2745,2017-12-30T04:21:06Z,-33.19641667,148.07883333,1260.076662471813,-6653.227019640569,745,2,125.466,
2746,2017-12-30T04:21:07Z,-33.19625000,148.07891667,1261.076662471813,-6652.227019640569,746,2,125.448,
2747,2017-12-30T04:21:08Z,-33.19608333,148.07906667,1262.076662471813,-6651.227019640569,747,2,125.431,
2748,2017-12-30T04:21:09Z,-33.19593333,148.07926667,1263.076662471813,-6650.227019640569,748,2,125.415,
2749,2017-12-30T04:21:10Z,-33.19580000,148.07948333,1264.076662471813,-6649.227019640569,749,2,125.401,
2750,2017-12-30T04:21:11Z,-33.19570000,148.07971667,1265.076662471813,-6648.227019640569,750,2,125.391,
2751,2017-12-30T04:21:12Z,-33.19561667,148.07995000,1266.076662471813,-6647.227019640569,751,2,125.383,
2752,2017-12-30T04:21:13Z,-33.19558333,148.08021667,1267.076662471813,-6646.227019640569,752,2,125.381,
2753,2017-12-30T04:21:14Z,-33.19560000,148.08046667,1268.076662471813,-6645.227019640569,753,2,125.384,
2754,2017-12-30T04:21:15Z,-33.19566667,148.08068333,1269.076662471813,-6644.227019640569,754,2,125.392,
2755,2017-12-30T04:21:16Z,-33.19575000,148.08088333,1270.076662471813,-6643.227019640569,755,2,125.403,
2756,2017-12-30T04:21:17Z,-33.19586667,148.08106667,1271.076662471813,-6642.227019640569,756,2,125.417,
2757,2017-12-30T04:21:18Z,-33.19598333,148.08121667,1272.076662471813,-6641.227019640569,757,2,125.43,
2758,2017-12-30T04:21:19Z,-33.19611667,148.08133333,1273.076662471813,-6640.227019640569,758,2,125.446,
2759,2017-12-30T04:21:20Z,-33.19625000,148.08141667,1274.076662471813,-6639.227019640569,759,2,125.461,
2760,2017-12-30T04:21:21Z,-33.19638333,148.08143333,1275.076662471813,-6638.227019640569,760,2,125.476,
2761,2017-12-30T04:21:22Z,-33.19648333,148.08141667,1276.076662471813,-6637.227019640569,761,2,125.487,
2762,2017-12-30T04:21:23Z,-33.19651667,148.08136667,1277.076662471813,-6636.227019640569,762,2,125.49,
2763,2017-12-30T04:21:24Z,-33.19650000,148.08131667,1278.076662471813,-6635.227019640569,763,2,125.488,
2764,2017-12-30T04:21:25Z,-33.19643333,148.08130000,1279.076662471813,-6634.227019640569,764,2,125.481,
2765,2017-12-30T04:21:26Z,-33.19633333,148.08130000,1280.076662471813,-6633.227019640569,765,2,125.47,
2766,2017-12-30T04:21:27Z,-33.19618333,148.08133333,1281.076662471813,-6632.227019640569,766,2,125.453,
2767,2017-12-30T04:21:28Z,-33.19601667,148.08141667,1282.076662471813,-6631.227019640569,767,2,125.435,
2768,2017-12-30T04:21:29Z,-33.19585000,148.08151667,1283.076662471813,-6630.227019640569,768,2,125.417,
2769,2017-12-30T04:21:30Z,-33.19568333,148.08166667,1284.076662471813,-6629.227019640569,769,2,125.399,
2770,2017-12-30T04:21:31Z,-33.19556667,148.08186667,1285.076662471813,-6628.227019640569,770,2,125.387,
2771,2017-12-30T04:21:32Z,-33.19550000,148.08210000,1286.076662471813,-6627.227019640569,771,2,125.381,
2772,2017-12-30T04:21:33Z,-33.19548333,148.08233333,1287.076662471813,-6626.227019640569,772,2,125.381,
2773,2017-12-30T04:21:34Z,-33.19550000,148.08258333,1288.076662471813,-6625.227019640569,773,2,125.384,
2774,2017-12-30T04:21:35Z,-33.19555000,148.08280000,1289.076662471813,-6624.227019640569,774,2,125.39,
2775,2017-12-30T04:21:36Z,-33.19561667,148.08301667,1290.076662471813,-6623.227019640569,775,2,125.399,
2776,2017-12-30T04:21:37Z,-33.19573333,148.08318333,1291.076662471813,-6622.227019640569,776,2,125.413,
2777,2017-12-30T04:21:38Z,-33.19586667,148.08331667,1292.076662471813,-6621.227019640569,777,2,125.428,
2778,2017-12-30T04:21:39Z,-33.19600000,148.08341667,1293.076662471813,-6620.227019640569,778,2,125.444,
2779,2017-12-30T04:21:40Z,-33.19615000,148.08350000,1294.076662471813,-6619.227019640569,779,2,125.461,
2780,2017-12-30T04:21:41Z,-33.19630000,148.08353333,1295.076662471813,-6618.227019640569,780,2,125.478,
2781,2017-12-30T04:21:42Z,-33.19641667,148.08355000,1296.076662471813,-6617.227019640569,781,2,125.491,
2782,2017-12-30T04:21:43Z,-33.19651667,148.08355000,1297.076662471813,-6616.227019640569,782,2,125.502,
2783,2017-12-30T04:21:44Z,-33.19660000,148.08353333,1298.076662471813,-6615.227019640569,783,2,125.511,
2784,2017-12-30T04:21:45Z,-33.19665000,148.08350000,1299.076662471813,-6614.227019640569,784,2,125.516,
2785,2017-12-30T04:21:46Z,-33.19668333,148.08350000,1300.076662471813,-6613.227019640569,785,2,125.52,
2786,2017-12-30T04:21:47Z,-33.19666667,148.08343333,1301.076662471813,-6612.227019640569,786,2,125.518,
2787,2017-12-30T04:21:48Z,-33.19660000,148.08340000,1302.076662471813,-6611.227019640569,787,2,125.51,
2788,2017-12-30T04:21:49Z,-33.19646667,148.08340000,1303.076662471813,-6610.227019640569,788,2,125.495,
2789,2017-12-30T04:21:50Z,-33.19631667,148.08343333,1304.076662471813,-6609.227019640569,789,2,125.479,
2790,2017-12-30T04:21:51Z,-33.19616667,148.08355000,1305.076662471813,-6608.227019640569,790,2,125.463,
2791,2017-12-30T04:21:52Z,-33.19601667,148.08373333,1306.076662471813,-6607.227019640569,791,2,125.447,
2792,2017-12-30T04:21:53Z,-33.19590000,148.08396667,1307.076662471813,-6606.227019640569,792,2,125.436,
2793,2017-12-30T04:21:54Z,-33.19580000,148.08420000,1308.076662471813,-6605.227019640569,793,2,125.426,
2794,2017-12-30T04:21:55Z,-33.19571667,148.08445000,1309.076662471813,-6604.227019640569,794,2,125.418,
2795,2017-12-30T04:21:56Z,-33.19565000,148.08468333,1310.076662471813,-6603.227019640569,795,2,125.412,
2796,2017-12-30T04:21:57Z,-33.19558333,148.08493333,1311.076662471813,-6602.227019640569,796,2,125.406,
2797,2017-12-30T04:21:58Z,-33.19555000,148.08518333,1312.076662471813,-6601.227019640569,797,2,125.403,
2798,2017-12-30T04:21:59Z,-33.19551667,148.08541667,1313.076662471813,-6600.227019640569,798,2,125.401,
2799,2017-12-30T04:22:00Z,-33.19548333,148.08565000,1314.076662471813,-6599.227019640569,799,2,125.398,
2800,2017-12-30T04:22:01Z,-33.19545000,148.08591667,1315.076662471813,-6598.227019640569,800,2,125.396,
2801,2017-12-30T04:22:02Z,-33.19541667,148.08618333,1316.076662471813,-6597.227019640569,801,2,125.394,
2802,2017-12-30T04:22:03Z,-33.19541667,148.08643333,1317.076662471813,-6596.227019640569,802,2,125.395,
2803,2017-12-30T04:22:04Z,-33.19543333,148.08666667,1318.076662471813,-6595.227019640569,803,2,125.398,
2804,2017-12-30T04:22:05Z,-33.19548333,148.08691667,1319.076662471813,-6594.227019640569,804,2,125.405,
2805,2017-12-30T04:22:06Z,-33.19553333,148.08713333,1320.076662471813,-6593.227019640569,805,2,125.412,
2806,2017-12-30T04:22:07Z,-33.19560000,148.08733333,1321.076662471813,-6592.227019640569,806,2,125.421,
2807,2017-12-30T04:22:08Z,-33.19568333,148.08750000,1322.076662471813,-6591.227019640569,807,2,125.431,
2808,2017-12-30T04:22:09Z,-33.19578333,148.08763333,1323.076662471813,-6590.227019640569,808,2,125.443,
2809,2017-12-30T04:22:10Z,-33.19588333,148.08773333,1324.076662471813,-6589.227019640569,809,2,125.454,
2810,2017-12-30T04:22:11Z,-33.19598333,148.08776667,1325.076662471813,-6588.227019640569,810,2,125.466,
2811,2017-12-30T04:22:12Z,-33.19606667,148.08776667,1326.076662471813,-6587.227019640569,811,2,125.475,
2812,2017-12-30T04:22:13Z,-33.19611667,148.08773333,1327.076662471813,-6586.227019640569,812,2,125.48,
2813,2017-12-30T04:22:14Z,-33.19616667,148.08768333,1328.076662471813,-6585.227019640569,813,2,125.485,
2814,2017-12-30T04:22:15Z,-33.19618333,148.08763333,1329.076662471813,-6584.227019640569,814,2,125.487,
2815,2017-12-30T04:22:16Z,-33.19620000,148.08755000,1330.076662471813,-6583.227019640569,815,2,125.488,
2816,2017-12-30T04:22:17Z,-33.19621667,148.08748333,1331.076662471813,-6582.227019640569,816,2,125.49,
2817,2017-12-30T04:22:18Z,-33.19621667,148.08740000,1332.076662471813,-6581.227019640569,817,2,125.489,
2818,2017-12-30T04:22:19Z,-33.19621667,148.08731667,1333.076662471813,-6580.227019640569,818,2,125.489,
2819,2017-12-30T04:22:20Z,-33.19621667,148.08725000,1334.076662471813,-6579.227019640569,819,2,125.489,
2820,2017-12-30T04:22:21Z,-33.19620000,148.08718333,1335.076662471813,-6578.227019640569,820,2,125.486,
2821,2017-12-30T04:22:22Z,-33.19620000,148.08713333,1336.076662471813,-6577.227019640569,821,2,125.486,
2822,2017-12-30T04:22:23Z,-33.19618333,148.08708333,1337.076662471813,-6576.227019640569,822,2,125.484,
2823,2017-12-30T04:22:24Z,-33.19615000,148.08703333,1338.076662471813,-6575.227019640569,823,2,125.48,
2824,2017-12-30T04:22:25Z,-33.19610000,148.08700000,1339.076662471813,-6574.227019640569,824,2,125.474,
2825,2017-12-30T04:22:26Z,-33.19603333,148.08695000,1340.076662471813,-6573.227019640569,825,2,125.467,
2826,2017-12-30T04:22:27Z,-33.19600000,148.08686667,1341.076662471813,-6572.227019640569,826,2,125.462,
2827,2017-12-30T04:22:28Z,-33.19596667,148.08676667,1342.076662471813,-6571.227019640569,827,2,125.458,
2828,2017-12-30T04:22:29Z,-33.19596667,148.08665000,1343.076662471813,-6570.227019640569,828,2,125.457,
2829,2017-12-30T04:22:30Z,-33.19600000,148.08656667,1344.076662471813,-6569.227019640569,829,2,125.461,
2830,2017-12-30T04:22:31Z,-33.19603333,148.08650000,1345.076662471813,-6568.227019640569,830,2,125.464,
2831,2017-12-30T04:22:32Z,-33.19606667,148.08643333,1346.076662471813,-6567.227019640569,831,2,125.467,
2832,2017-12-30T04:22:33Z,-33.19608333,148.08636667,1347.076662471813,-6566.227019640569,832,2,125.469,
2833,2017-12-30T04:22:34Z,-33.19611667,148.08631667,1348.076662471813,-6565.227019640569,833,2,125.472,
2834,2017-12-30T04:22:35Z,-33.19611667,148.08623333,1349.076662471813,-6564.227019640569,834,2,125.472,
2835,2017-12-30T04:22:36Z,-33.19611667,148.08615000,1350.076662471813,-6563.227019640569,835,2,125.471,
2836,2017-12-30T04:22:37Z,-33.19610000,148.08608333,1351.076662471813,-6562.227019640569,836,2,125.469,
2837,2017-12-30T04:22:38Z,-33.19608333,148.08600000,1352.076662471813,-6561.227019640569,837,2,125.467,
2838,2017-12-30T04:22:39Z,-33.19606667,148.08593333,1353.076662471813,-6560.227019640569,838,2,125.465,
2839,2017-12-30T04:22:40Z,-33.19606667,148.08585000,1354.076662471813,-6559.227019640569,839,2,125.464,
2840,2017-12-30T04:22:41Z,-33.19606667,148.08578333,1355.076662471813,-6558.227019640569,840,2,125.464,
2841,2017-12-30T04:22:42Z,-33.19606667,148.08571667,1356.076662471813,-6557.227019640569,841,2,125.463,
2842,2017-12-30T04:22:43Z,-33.19605000,148.08565000,1357.076662471813,-6556.227019640569,842,2,125.461,
2843,2017-12-30T04:22:44Z,-33.19601667,148.08560000,1358.076662471813,-6555.227019640569,843,2,125.457,
2844,2017-12-30T04:22:45Z,-33.19593333,148.08556667,1359.076662471813,-6554.227019640569,844,2,125.448,
2845,2017-12-30T04:22:46Z,-33.19583333,148.08555000,1360.076662471813,-6553.227019640569,845,2,125.437,
2846,2017-12-30T04:22:47Z,-33.19568333,148.08555000,1361.076662471813,-6552.227019640569,846,2,125.42,
2847,2017-12-30T04:22:48Z,-33.19553333,148.08556667,1362.076662471813,-6551.227019640569,847,2,125.403,
2848,2017-12-30T04:22:49Z,-33.19536667,148.08565000,1363.076662471813,-6550.227019640569,848,2,125.385,
2849,2017-12-30T04:22:50Z,-33.19520000,148.08578333,1364.076662471813,-6549.227019640569,849,2,125.368,
2850,2017-12-30T04:22:51Z,-33.19506667,148.08596667,1365.076662471813,-6548.227019640569,850,2,125.354,
2851,2017-12-30T04:22:52Z,-33.19496667,148.08618333,1366.076662471813,-6547.227019640569,851,2,125.344,
2852,2017-12-30T04:22:53Z,-33.19488333,148.08641667,1367.076662471813,-6546.227019640569,852,2,125.336,
2853,2017-12-30T04:22:54Z,-33.19481667,148.08668333,1368.076662471813,-6545.227019640569,853,2,125.33,
2854,2017-12-30T04:22:55Z,-33.19478333,148.08693333,1369.076662471813,-6544.227019640569,854,2,125.328,
2855,2017-12-30T04:22:56Z,-33.19476667,148.08721667,1370.076662471813,-6543.227019640569,855,2,125.327,
2856,2017-12-30T04:22:57Z,-33.19478333,148.08748333,1371.076662471813,-6542.227019640569,856,2,125.331,
2857,2017-12-30T04:22:58Z,-33.19481667,148.08775000,1372.076662471813,-6541.227019640569,857,2,125.336,
2858,2017-12-30T04:22:59Z,-33.19483333,148.08800000,1373.076662471813,-6540.227019640569,858,2,125.339,
2859,2017-12-30T04:23:00Z,-33.19485000,148.08823333,1374.076662471813,-6539.227019640569,859,2,125.342,
2860,2017-12-30T04:23:01Z,-33.19486667,148.08846667,1375.076662471813,-6538.227019640569,860,2,125.346,
2861,2017-12-30T04:23:02Z,-33.19488333,148.08871667,1376.076662471813,-6537.227019640569,861,2,125.349,
2862,2017-12-30T04:23:03Z,-33.19490000,148.08895000,1377.076662471813,-6536.227019640569,862,2,125.352,
2863,2017-12-30T04:23:04Z,-33.19490000,148.08918333,1378.076662471813,-6535.227019640569,863,2,125.353,
2864,2017-12-30T04:23:05Z,-33.19491667,148.08943333,1379.076662471813,-6534.227019640569,864,2,125.356,
2865,2017-12-30T04:23:06Z,-33.19491667,148.08966667,1380.076662471813,-6533.227019640569,865,2,125.358,
2866,2017-12-30T04:23:07Z,-33.19491667,148.08991667,1381.076662471813,-6532.227019640569,866,2,125.359,
2867,2017-12-30T04:23:08Z,-33.19491667,148.09015000,1382.076662471813,-6531.227019640569,867,2,125.36,
2868,2017-12-30T04:23:09Z,-33.19491667,148.09040000,1383.076662471813,-6530.227019640569,868,2,125.362,
2869,2017-12-30T04:23:10Z,-33.19493333,148.09065000,1384.076662471813,-6529.227019640569,869,2,125.365,
2870,2017-12-30T04:23:11Z,-33.19495000,148.09090000,1385.076662471813,-6528.227019640569,870,2,125.368,
2871,2017-12-30T04:23:12Z,-33.19495000,148.09116667,1386.076662471813,-6527.227019640569,871,2,125.37,
2872,2017-12-30T04:23:13Z,-33.19493333,148.09141667,1387.076662471813,-6526.227019640569,872,2,125.369,
2873,2017-12-30T04:23:14Z,-33.19490000,148.09166667,1388.076662471813,-6525.227019640569,873,2,125.367,
2874,2017-12-30T04:23:15Z,-33.19483333,148.09190000,1389.076662471813,-6524.227019640569,874,2,125.361,
2875,2017-12-30T04:23:16Z,-33.19476667,148.09213333,1390.076662471813,-6523.227019640569,875,2,125.355,
2876,2017-12-30T04:23:17Z,-33.19468333,148.09236667,1391.076662471813,-6522.227019640569,876,2,125.347,
2877,2017-12-30T04:23:18Z,-33.19460000,148.09260000,1392.076662471813,-6521.227019640569,877,2,125.339,
2878,2017-12-30T04:23:19Z,-33.19453333,148.09283333,1393.076662471813,-6520.227019640569,878,2,125.333,
2879,2017-12-30T04:23:20Z,-33.19445000,148.09305000,1394.076662471813,-6519.227019640569,879,2,125.325,
2880,2017-12-30T04:23:21Z,-33.19438333,148.09330000,1395.076662471813,-6518.227019640569,880,2,125.319,
2881,2017-12-30T04:23:22Z,-33.19430000,148.09353333,1396.076662471813,-6517.227019640569,881,2,125.311,
2882,2017-12-30T04:23:23Z,-33.19421667,148.09375000,1397.076662471813,-6516.227019640569,882,2,125.303,
2883,2017-12-30T04:23:24Z,-33.19411667,148.09398333,1398.076662471813,-6515.227019640569,883,2,125.293,
2884,2017-12-30T04:23:25Z,-33.19398333,148.09420000,1399.076662471813,-6514.227019640569,884,2,125.28,
2885,2017-12-30T04:23:26Z,-33.19381667,148.09436667,1400.076662471813,-6513.227019640569,885,2,125.262,
2886,2017-12-30T04:23:27Z,-33.19363333,148.09451667,1401.076662471813,-6512.227019640569,886,2,125.243,
2887,2017-12-30T04:23:28Z,-33.19343333,148.09463333,1402.076662471813,-6511.227019640569,887,2,125.221,
2888,2017-12-30T04:23:29Z,-33.19323333,148.09473333,1403.076662471813,-6510.227019640569,888,2,125.199,
2889,2017-12-30T04:23:30Z,-33.19301667,148.09483333,1404.076662471813,-6509.227019640569,889,2,125.176,
2890,2017-12-30T04:23:31Z,-33.19280000,148.09495000,1405.076662471813,-6508.227019640569,890,2,125.153,
2891,2017-12-30T04:23:32Z,-33.19256667,148.09511667,1406.076662471813,-6507.227019640569,891,2,125.128,
2892,2017-12-30T04:23:33Z,-33.19233333,148.09526667,1407.076662471813,-6506.227019640569,892,2,125.103,
2893,2017-12-30T04:23:34Z,-33.19211667,148.09541667,1408.076662471813,-6505.227019640569,893,2,125.079,
2894,2017-12-30T04:23:35Z,-33.19193333,148.09555000,1409.076662471813,-6504.227019640569,894,2,125.06,
2895,2017-12-30T04:23:36Z,-33.19178333,148.09566667,1410.076662471813,-6503.227019640569,895,2,125.044,
2896,2017-12-30T04:23:37Z,-33.19163333,148.09581667,1411.076662471813,-6502.227019640569,896,2,125.028,
2897,2017-12-30T04:23:38Z,-33.19153333,148.09603333,1412.076662471813,-6501.227019640569,897,2,125.018,
2898,2017-12-30T04:23:39Z,-33.19146667,148.09625000,1413.076662471813,-6500.227019640569,898,2,125.012,
2899,2017-12-30T04:23:40Z,-33.19143333,148.09650000,1414.076662471813,-6499.227019640569,899,2,125.01,
2900,2017-12-30T04:23:41Z,-33.19145000,148.09671667,1415.076662471813,-6498.227019640569,900,2,125.013,
2901,2017-12-30T04:23:42Z,-33.19151667,148.09690000,1416.076662471813,-6497.227019640569,901,2,125.022,
2902,2017-12-30T04:23:43Z,-33.19161667,148.09703333,1417.076662471813,-6496.227019640569,902,2,125.034,
2903,2017-12-30T04:23:44Z,-33.19171667,148.09710000,1418.076662471813,-6495.227019640569,903,2,125.045,
2904,2017-12-30T04:23:45Z,-33.19180000,148.09711667,1419.076662471813,-6494.227019640569,904,2,125.054,
2905,2017-12-30T04:23:46Z,-33.19186667,148.09710000,1420.076662471813,-6493.227019640569,905,2,125.062,
2906,2017-12-30T04:23:47Z,-33.19193333,148.09706667,1421.076662471813,-6492.227019640569,906,2,125.069,
2907,2017-12-30T04:23:48Z,-33.19198333,148.09701667,1422.076662471813,-6491.227019640569,907,2,125.074,
2908,2017-12-30T04:23:49Z,-33.19200000,148.09695000,1423.076662471813,-6490.227019640569,908,2,125.076,
2909,2017-12-30T04:23:50Z,-33.19198333,148.09690000,1424.076662471813,-6489.227019640569,909,2,125.073,
2910,2017-12-30T04:23:51Z,-33.19193333,148.09685000,1425.076662471813,-6488.227019640569,910,2,125.068,
2911,2017-12-30T04:23:52Z,-33.19186667,148.09681667,1426.076662471813,-6487.227019640569,911,2,125.06,
2912,2017-12-30T04:23:53Z,-33.19175000,148.09680000,1427.076662471813,-6486.227019640569,912,2,125.047,
2913,2017-12-30T04:23:54Z,-33.19163333,148.09680000,1428.076662471813,-6485.227019640569,913,2,125.034,
2914,2017-12-30T04:23:55Z,-33.19148333,148.09680000,1429.076662471813,-6484.227019640569,914,2,125.017,
2915,2017-12-30T04:23:56Z,-33.19131667,148.09683333,1430.076662471813,-6483.227019640569,915,2,124.999,
2916,2017-12-30T04:23:57Z,-33.19115000,148.09685000,1431.076662471813,-6482.227019640569,916,2,124.981,
2917,2017-12-30T04:23:58Z,-33.19100000,148.09688333,1432.076662471813,-6481.227019640569,917,2,124.964,
2918,2017-12-30T04:23:59Z,-33.19081667,148.09693333,1433.076662471813,-6480.227019640569,918,2,124.944,
2919,2017-12-30T04:24:00Z,-33.19065000,148.09700000,1434.076662471813,-6479.227019640569,919,2,124.926,
2920,2017-12-30T04:24:01Z,-33.19050000,148.09708333,1435.076662471813,-6478.227019640569,920,2,124.91,
2921,2017-12-30T04:24:02Z,-33.19033333,148.09718333,1436.076662471813,-6477.227019640569,921,2,124.892,
2922,2017-12-30T04:24:03Z,-33.19016667,148.09730000,1437.076662471813,-6476.227019640569,922,2,124.874,
2923,2017-12-30T04:24:04Z,-33.19000000,148.09745000,1438.076662471813,-6475.227019640569,923,2,124.857,
2924,2017-12-30T04:24:05Z,-33.18986667,148.09765000,1439.076662471813,-6474.227019640569,924,2,124.843,
2925,2017-12-30T04:24:06Z,-33.18975000,148.09790000,1440.076662471813,-6473.227019640569,925,2,124.832,
2926,2017-12-30T04:24:07Z,-33.18968333,148.09815000,1441.076662471813,-6472.227019640569,926,2,124.826,
2927,2017-12-30T04:24:08Z,-33.18965000,148.09841667,1442.076662471813,-6471.227019640569,927,2,124.824,
2928,2017-12-30T04:24:09Z,-33.18966667,148.09866667,1443.076662471813,-6470.227019640569,928,2,124.827,
2929,2017-12-30T04:24:10Z,-33.18970000,148.09891667,1444.076662471813,-6469.227019640569,929,2,124.832,
2930,2017-12-30T04:24:11Z,-33.18975000,148.09911667,1445.076662471813,-6468.227019640569,930,2,124.839,
2931,2017-12-30T04:24:12Z,-33.18981667,148.09928333,1446.076662471813,-6467.227019640569,931,2,124.847,
2932,2017-12-30T04:24:13Z,-33.18988333,148.09943333,1447.076662471813,-6466.227019640569,932,2,124.856,
2933,2017-12-30T04:24:14Z,-33.18996667,148.09956667,1448.076662471813,-6465.227019640569,933,2,124.866,
2934,2017-12-30T04:24:15Z,-33.19003333,148.09965000,1449.076662471813,-6464.227019640569,934,2,124.874,
2935,2017-12-30T04:24:16Z,-33.19010000,148.09970000,1450.076662471813,-6463.227019640569,935,2,124.881,
2936,2017-12-30T04:24:17Z,-33.19015000,148.09971667,1451.076662471813,-6462.227019640569,936,2,124.887,
2937,2017-12-30T04:24:18Z,-33.19020000,148.09971667,1452.076662471813,-6461.227019640569,937,2,124.893,
2938,2017-12-30T04:24:19Z,-33.19023333,148.09966667,1453.076662471813,-6460.227019640569,938,2,124.896,
2939,2017-12-30T04:24:20Z,-33.19026667,148.09963333,1454.076662471813,-6459.227019640569,939,2,124.9,
2940,2017-12-30T04:24:21Z,-33.19030000,148.09958333,1455.076662471813,-6458.227019640569,940,2,124.903,
2941,2017-12-30T04:24:22Z,-33.19033333,148.09955000,1456.076662471813,-6457.227019640569,941,2,124.906,
2942,2017-12-30T04:24:23Z,-33.19033333,148.09951667,1457.076662471813,-6456.227019640569,942,2,124.906,
2943,2017-12-30T04:24:24Z,-33.19031667,148.09948333,1458.076662471813,-6455.227019640569,943,2,124.904,
2944,2017-12-30T04:24:25Z,-33.19028333,148.09945000,1459.076662471813,-6454.227019640569,944,2,124.9,
2945,2017-12-30T04:24:26Z,-33.19021667,148.09940000,1460.076662471813,-6453.227019640569,945,2,124.893,
2946,2017-12-30T04:24:27Z,-33.19013333,148.09933333,1461.076662471813,-6452.227019640569,946,2,124.883,
2947,2017-12-30T04:24:28Z,-33.19005000,148.09925000,1462.076662471813,-6451.227019640569,947,2,124.873,
2948,2017-12-30T04:24:29Z,-33.18998333,148.09916667,1463.076662471813,-6450.227019640569,948,2,124.865,
2949,2017-12-30T04:24:30Z,-33.18991667,148.09906667,1464.076662471813,-6449.227019640569,949,2,124.857,
2950,2017-12-30T04:24:31Z,-33.18986667,148.09900000,1465.076662471813,-6448.227019640569,950,2,124.851,
2951,2017-12-30T04:24:32Z,-33.18981667,148.09895000,1466.076662471813,-6447.227019640569,951,2,124.845,
2952,2017-12-30T04:24:33Z,-33.18978333,148.09890000,1467.076662471813,-6446.227019640569,952,2,124.841,
2953,2017-12-30T04:24:34Z,-33.18975000,148.09885000,1468.076662471813,-6445.227019640569,953,2,124.837,
2954,2017-12-30T04:24:35Z,-33.18975000,148.09880000,1469.076662471813,-6444.227019640569,954,2,124.837,
2955,2017-12-30T04:24:36Z,-33.18976667,148.09876667,1470.076662471813,-6443.227019640569,955,2,124.839,
2956,2017-12-30T04:24:37Z,-33.18978333,148.09873333,1471.076662471813,-6442.227019640569,956,2,124.84,
2957,2017-12-30T04:24:38Z,-33.18980000,148.09868333,1472.076662471813,-6441.227019640569,957,2,124.842,
2958,2017-12-30T04:24:39Z,-33.18981667,148.09865000,1473.076662471813,-6440.227019640569,958,2,124.844,
2959,2017-12-30T04:24:40Z,-33.18981667,148.09861667,1474.076662471813,-6439.227019640569,959,2,124.843,
2960,2017-12-30T04:24:41Z,-33.18983333,148.09858333,1475.076662471813,-6438.227019640569,960,2,124.845,
2961,2017-12-30T04:24:42Z,-33.18985000,148.09855000,1476.076662471813,-6437.227019640569,961,2,124.847,
2962,2017-12-30T04:24:43Z,-33.18986667,148.09851667,1477.076662471813,-6436.227019640569,962,2,124.848,
2963,2017-12-30T04:24:44Z,-33.18986667,148.09848333,1478.076662471813,-6435.227019640569,963,2,124.848,
2964,2017-12-30T04:24:45Z,-33.18985000,148.09845000,1479.076662471813,-6434.227019640569,964,2,124.846,
2965,2017-12-30T04:24:46Z,-33.18981667,148.09838333,1480.076662471813,-6433.227019640569,965,2,124.842,
2966,2017-12-30T04:24:47Z,-33.18976667,148.09830000,1481.076662471813,-6432.227019640569,966,2,124.836,
2967,2017-12-30T04:24:48Z,-33.18968333,148.09820000,1482.076662471813,-6431.227019640569,967,2,124.826,
2968,2017-12-30T04:24:49Z,-33.18960000,148.09811667,1483.076662471813,-6430.227019640569,968,2,124.816,
2969,2017-12-30T04:24:50Z,-33.18950000,148.09803333,1484.076662471813,-6429.227019640569,969,2,124.805,
2970,2017-12-30T04:24:51Z,-33.18941667,148.09798333,1485.076662471813,-6428.227019640569,970,2,124.795,
2971,2017-12-30T04:24:52Z,-33.18931667,148.09796667,1486.076662471813,-6427.227019640569,971,2,124.784,
2972,2017-12-30T04:24:53Z,-33.18921667,148.09795000,1487.076662471813,-6426.227019640569,972,2,124.773,
2973,2017-12-30T04:24:54Z,-33.18910000,148.09796667,1488.076662471813,-6425.227019640569,973,2,124.76,
2974,2017-12-30T04:24:55Z,-33.18898333,148.09805000,1489.076662471813,-6424.227019640569,974,2,124.747,
2975,2017-12-30T04:24:56Z,-33.18886667,148.09818333,1490.076662471813,-6423.227019640569,975,2,124.735,
2976,2017-12-30T04:24:57Z,-33.18876667,148.09835000,1491.076662471813,-6422.227019640569,976,2,124.725,
2977,2017-12-30T04:24:58Z,-33.18870000,148.09856667,1492.076662471813,-6421.227019640569,977,2,124.719,
2978,2017-12-30T04:24:59Z,-33.18870000,148.09880000,1493.076662471813,-6420.227019640569,978,2,124.721,
2979,2017-12-30T04:25:00Z,-33.18871667,148.09903333,1494.076662471813,-6419.227019640569,979,2,124.724,
2980,2017-12-30T04:25:01Z,-33.18878333,148.09923333,1495.076662471813,-6418.227019640569,980,2,124.733,
2981,2017-12-30T04:25:02Z,-33.18886667,148.09941667,1496.076662471813,-6417.227019640569,981,2,124.743,
2982,2017-12-30T04:25:03Z,-33.18896667,148.09955000,1497.076662471813,-6416.227019640569,982,2,124.755,
2983,2017-12-30T04:25:04Z,-33.18908333,148.09968333,1498.076662471813,-6415.227019640569,983,2,124.769,
2984,2017-12-30T04:25:05Z,-33.18920000,148.09978333,1499.076662471813,-6414.227019640569,984,2,124.782,
2985,2017-12-30T04:25:06Z,-33.18930000,148.09985000,1500.076662471813,-6413.227019640569,985,2,124.794,
2986,2017-12-30T04:25:07Z,-33.18941667,148.09983333,1501.076662471813,-6412.227019640569,986,2,124.806,
2987,2017-12-30T04:25:08Z,-33.18950000,148.09983333,1502.076662471813,-6411.227019640569,987,2,124.816,
2988,2017-12-30T04:25:09Z,-33.18958333,148.09981667,1503.076662471813,-6410.227019640569,988,2,124.825,
2989,2017-12-30T04:25:10Z,-33.18963333,148.09976667,1504.076662471813,-6409.227019640569,989,2,124.83,
2990,2017-12-30T04:25:11Z,-33.18968333,148.09973333,1505.076662471813,-6408.227019640569,990,2,124.835,
2991,2017-12-30T04:25:12Z,-33.18971667,148.09968333,1506.076662471813,-6407.227019640569,991,2,124.839,
2992,2017-12-30T04:25:13Z,-33.18971667,148.09960000,1507.076662471813,-6406.227019640569,992,2,124.838,
2993,2017-12-30T04:25:14Z,-33.18971667,148.09951667,1508.076662471813,-6405.227019640569,993,2,124.838,
2994,2017-12-30T04:25:15Z,-33.18968333,148.09943333,1509.076662471813,-6404.227019640569,994,2,124.834,
2995,2017-12-30T04:25:16Z,-33.18965000,148.09935000,1510.076662471813,-6403.227019640569,995,2,124.829,
2996,2017-12-30T04:25:17Z,-33.18961667,148.09925000,1511.076662471813,-6402.227019640569,996,2,124.825,
2997,2017-12-30T04:25:18Z,-33.18955000,148.09916667,1512.076662471813,-6401.227019640569,997,2,124.817,
2998,2017-12-30T04:25:19Z,-33.18948333,148.09908333,1513.076662471813,-6400.227019640569,998,2,124.809,
2999,2017-12-30T04:25:20Z,-33.18941667,148.09900000,1514.076662471813,-6399.227019640569,999,2,124.801,
3000,2017-12-30T04:25:21Z,-33.18933333,148.09895000,1515.076662471813,-6398.227019640569,1000,2,124.792,
3001,2017-12-30T04:25:22Z,-33.18925000,148.09890000,1516.076662471813,-6397.227019640569,1001,2,124.782,
3002,2017-12-30T04:25:23Z,-33.18913333,148.09885000,1517.076662471813,-6396.227019640569,1002,2,124.769,
3003,2017-12-30T04:25:24Z,-33.18903333,148.09881667,1518.076662471813,-6395.227019640569,1003,2,124.758,
3004,2017-12-30T04:25:25Z,-33.18891667,148.09880000,1519.076662471813,-6394.227019640569,1004,2,124.745,
3005,2017-12-30T04:25:26Z,-33.18880000,148.09880000,1520.076662471813,-6393.227019640569,1005,2,124.732,
3006,2017-12-30T04:25:27Z,-33.18866667,148.09880000,1521.076662471813,-6392.227019640569,1006,2,124.717,
3007,2017-12-30T04:25:28Z,-33.18855000,148.09881667,1522.076662471813,-6391.227019640569,1007,2,124.704,
3008,2017-12-30T04:25:29Z,-33.18841667,148.09881667,1523.076662471813,-6390.227019640569,1008,2,124.689,
3009,2017-12-30T04:25:30Z,-33.18830000,148.09880000,1524.076662471813,-6389.227019640569,1009,2,124.676,
3010,2017-12-30T04:25:31Z,-33.18818333,148.09878333,1525.076662471813,-6388.227019640569,1010,2,124.663,
3011,2017-12-30T04:25:32Z,-33.18806667,148.09880000,1526.076662471813,-6387.227019640569,1011,2,124.65,
3012,2017-12-30T04:25:33Z,-33.18796667,148.09881667,1527.076662471813,-6386.227019640569,1012,2,124.639,
3013,2017-12-30T04:25:34Z,-33.18785000,148.09886667,1528.076662471813,-6385.227019640569,1013,2,124.627,
3014,2017-12-30T04:25:35Z,-33.18773333,148.09896667,1529.076662471813,-6384.227019640569,1014,2,124.614,
3015,2017-12-30T04:25:36Z,-33.18761667,148.09913333,1530.076662471813,-6383.227019640569,1015,2,124.602,
3016,2017-12-30T04:25:37Z,-33.18753333,148.09931667,1531.076662471813,-6382.227019640569,1016,2,124.594,
3017,2017-12-30T04:25:38Z,-33.18750000,148.09955000,1532.076662471813,-6381.227019640569,1017,2,124.592,
3018,2017-12-30T04:25:39Z,-33.18750000,148.09978333,1533.076662471813,-6380.227019640569,1018,2,124.594,
3019,2017-12-30T04:25:40Z,-33.18756667,148.09998333,1534.076662471813,-6379.227019640569,1019,2,124.602,
3020,2017-12-30T04:25:41Z,-33.18766667,148.10016667,1535.076662471813,-6378.227019640569,1020,2,124.614,
3021,2017-12-30T04:25:42Z,-33.18778333,148.10028333,1536.076662471813,-6377.227019640569,1021,2,124.628,
3022,2017-12-30T04:25:43Z,-33.18791667,148.10035000,1537.076662471813,-6376.227019640569,1022,2,124.643,
3023,2017-12-30T04:25:44Z,-33.18801667,148.10036667,1538.076662471813,-6375.227019640569,1023,2,124.654,
3024,2017-12-30T04:25:45Z,-33.18811667,148.10033333,1539.076662471813,-6374.227019640569,1024,2,124.665,
3025,2017-12-30T04:25:46Z,-33.18816667,148.10028333,1540.076662471813,-6373.227019640569,1025,2,124.671,
3026,2017-12-30T04:25:47Z,-33.18820000,148.10021667,1541.076662471813,-6372.227019640569,1026,2,124.674,
3027,2017-12-30T04:25:48Z,-33.18820000,148.10015000,1542.076662471813,-6371.227019640569,1027,2,124.673,
3028,2017-12-30T04:25:49Z,-33.18820000,148.10010000,1543.076662471813,-6370.227019640569,1028,2,124.673,
3029,2017-12-30T04:25:50Z,-33.18815000,148.10003333,1544.076662471813,-6369.227019640569,1029,2,124.667,
3030,2017-12-30T04:25:51Z,-33.18808333,148.09998333,1545.076662471813,-6368.227019640569,1030,2,124.659,
3031,2017-12-30T04:25:52Z,-33.18798333,148.09995000,1546.076662471813,-6367.227019640569,1031,2,124.648,
3032,2017-12-30T04:25:53Z,-33.18788333,148.09993333,1547.076662471813,-6366.227019640569,1032,2,124.637,
3033,2017-12-30T04:25:54Z,-33.18778333,148.09993333,1548.076662471813,-6365.227019640569,1033,2,124.626,
3034,2017-12-30T04:25:55Z,-33.18766667,148.09993333,1549.076662471813,-6364.227019640569,1034,2,124.613,
3035,2017-12-30T04:25:56Z,-33.18755000,148.09995000,1550.076662471813,-6363.227019640569,1035,2,124.6,
3036,2017-12-30T04:25:57Z,-33.18745000,148.10000000,1551.076662471813,-6362.227019640569,1036,2,124.589,
3037,2017-12-30T04:25:58Z,-33.18735000,148.10005000,1552.076662471813,-6361.227019640569,1037,2,124.579,
3038,2017-12-30T04:25:59Z,-33.18723333,148.10008333,1553.076662471813,-6360.227019640569,1038,2,124.566,
3039,2017-12-30T04:26:00Z,-33.18710000,148.10011667,1554.076662471813,-6359.227019640569,1039,2,124.551,
3040,2017-12-30T04:26:01Z,-33.18698333,148.10018333,1555.076662471813,-6358.227019640569,1040,2,124.539,
3041,2017-12-30T04:26:02Z,-33.18686667,148.10028333,1556.076662471813,-6357.227019640569,1041,2,124.526,
3042,2017-12-30T04:26:03Z,-33.18675000,148.10040000,1557.076662471813,-6356.227019640569,1042,2,124.514,
3043,2017-12-30T04:26:04Z,-33.18665000,148.10058333,1558.076662471813,-6355.227019640569,1043,2,124.504,
3044,2017-12-30T04:26:05Z,-33.18658333,148.10081667,1559.076662471813,-6354.227019640569,1044,2,124.498,
3045,2017-12-30T04:26:06Z,-33.18655000,148.10106667,1560.076662471813,-6353.227019640569,1045,2,124.496,
3046,2017-12-30T04:26:07Z,-33.18651667,148.10131667,1561.076662471813,-6352.227019640569,1046,2,124.494,
3047,2017-12-30T04:26:08Z,-33.18651667,148.10158333,1562.076662471813,-6351.227019640569,1047,2,124.496,
3048,2017-12-30T04:26:09Z,-33.18655000,148.10183333,1563.076662471813,-6350.227019640569,1048,2,124.501,
3049,2017-12-30T04:26:10Z,-33.18660000,148.10206667,1564.076662471813,-6349.227019640569,1049,2,124.508,
3050,2017-12-30T04:26:11Z,-33.18668333,148.10226667,1565.076662471813,-6348.227019640569,1050,2,124.519,
3051,2017-12-30T04:26:12Z,-33.18678333,148.10243333,1566.076662471813,-6347.227019640569,1051,2,124.531,
3052,2017-12-30T04:26:13Z,-33.18691667,148.10255000,1567.076662471813,-6346.227019640569,1052,2,124.546,
3053,2017-12-30T04:26:14Z,-33.18705000,148.10263333,1568.076662471813,-6345.227019640569,1053,2,124.562,
3054,2017-12-30T04:26:15Z,-33.18718333,148.10265000,1569.076662471813,-6344.227019640569,1054,2,124.576,
3055,2017-12-30T04:26:16Z,-33.18730000,148.10265000,1570.076662471813,-6343.227019640569,1055,2,124.589,
3056,2017-12-30T04:26:17Z,-33.18738333,148.10261667,1571.076662471813,-6342.227019640569,1056,2,124.598,
3057,2017-12-30T04:26:18Z,-33.18746667,148.10256667,1572.076662471813,-6341.227019640569,1057,2,124.607,
3058,2017-12-30T04:26:19Z,-33.18751667,148.10251667,1573.076662471813,-6340.227019640569,1058,2,124.613,
3059,2017-12-30T04:26:20Z,-33.18755000,148.10246667,1574.076662471813,-6339.227019640569,1059,2,124.616,
3060,2017-12-30T04:26:21Z,-33.18756667,148.10243333,1575.076662471813,-6338.227019640569,1060,2,124.618,
3061,2017-12-30T04:26:22Z,-33.18753333,148.10236667,1576.076662471813,-6337.227019640569,1061,2,124.613,
3062,2017-12-30T04:26:23Z,-33.18746667,148.10233333,1577.076662471813,-6336.227019640569,1062,2,124.606,
3063,2017-12-30T04:26:24Z,-33.18735000,148.10233333,1578.076662471813,-6335.227019640569,1063,2,124.593,
3064,2017-12-30T04:26:25Z,-33.18723333,148.10235000,1579.076662471813,-6334.227019640569,1064,2,124.58,
3065,2017-12-30T04:26:26Z,-33.18711667,148.10238333,1580.076662471813,-6333.227019640569,1065,2,124.567,
3066,2017-12-30T04:26:27Z,-33.18698333,148.10246667,1581.076662471813,-6332.227019640569,1066,2,124.553,
3067,2017-12-30T04:26:28Z,-33.18685000,148.10258333,1582.076662471813,-6331.227019640569,1067,2,124.539,
3068,2017-12-30T04:26:29Z,-33.18673333,148.10273333,1583.076662471813,-6330.227019640569,1068,2,124.527,
3069,2017-12-30T04:26:30Z,-33.18663333,148.10293333,1584.076662471813,-6329.227019640569,1069,2,124.517,
3070,2017-12-30T04:26:31Z,-33.18655000,148.10313333,1585.076662471813,-6328.227019640569,1070,2,124.509,
3071,2017-12-30T04:26:32Z,-33.18646667,148.10335000,1586.076662471813,-6327.227019640569,1071,2,124.501,
3072,2017-12-30T04:26:33Z,-33.18638333,148.10358333,1587.076662471813,-6326.227019640569,1072,2,124.494,
3073,2017-12-30T04:26:34Z,-33.18631667,148.10380000,1588.076662471813,-6325.227019640569,1073,2,124.488,
3074,2017-12-30T04:26:35Z,-33.18623333,148.10403333,1589.076662471813,-6324.227019640569,1074,2,124.48,
3075,2017-12-30T04:26:36Z,-33.18616667,148.10425000,1590.076662471813,-6323.227019640569,1075,2,124.474,
3076,2017-12-30T04:26:37Z,-33.18613333,148.10448333,1591.076662471813,-6322.227019640569,1076,2,124.472,
3077,2017-12-30T04:26:38Z,-33.18611667,148.10473333,1592.076662471813,-6321.227019640569,1077,2,124.472,
3078,2017-12-30T04:26:39Z,-33.18613333,148.10496667,1593.076662471813,-6320.227019640569,1078,2,124.475,
3079,2017-12-30T04:26:40Z,-33.18616667,148.10520000,1594.076662471813,-6319.227019640569,1079,2,124.48,
3080,2017-12-30T04:26:41Z,-33.18623333,148.10541667,1595.076662471813,-6318.227019640569,1080,2,124.489,
3081,2017-12-30T04:26:42Z,-33.18630000,148.10558333,1596.076662471813,-6317.227019640569,1081,2,124.497,
3082,2017-12-30T04:26:43Z,-33.18640000,148.10568333,1597.076662471813,-6316.227019640569,1082,2,124.509,
3083,2017-12-30T04:26:44Z,-33.18651667,148.10573333,1598.076662471813,-6315.227019640569,1083,2,124.523,
3084,2017-12-30T04:26:45Z,-33.18661667,148.10575000,1599.076662471813,-6314.227019640569,1084,2,124.534,
3085,2017-12-30T04:26:46Z,-33.18670000,148.10573333,1600.076662471813,-6313.227019640569,1085,2,124.543,
3086,2017-12-30T04:26:47Z,-33.18676667,148.10568333,1601.076662471813,-6312.227019640569,1086,2,124.55,
3087,2017-12-30T04:26:48Z,-33.18681667,148.10561667,1602.076662471813,-6311.227019640569,1087,2,124.555,
3088,2017-12-30T04:26:49Z,-33.18683333,148.10555000,1603.076662471813,-6310.227019640569,1088,2,124.556,
3089,2017-12-30T04:26:50Z,-33.18681667,148.10548333,1604.076662471813,-6309.227019640569,1089,2,124.554,
3090,2017-12-30T04:26:51Z,-33.18675000,148.10543333,1605.076662471813,-6308.227019640569,1090,2,124.546,
3091,2017-12-30T04:26:52Z,-33.18666667,148.10540000,1606.076662471813,-6307.227019640569,1091,2,124.537,
3092,2017-12-30T04:26:53Z,-33.18656667,148.10540000,1607.076662471813,-6306.227019640569,1092,2,124.526,
3093,2017-12-30T04:26:54Z,-33.18645000,148.10541667,1608.076662471813,-6305.227019640569,1093,2,124.513,
3094,2017-12-30T04:26:55Z,-33.18631667,148.10548333,1609.076662471813,-6304.227019640569,1094,2,124.499,
3095,2017-12-30T04:26:56Z,-33.18616667,148.10560000,1610.076662471813,-6303.227019640569,1095,2,124.483,
3096,2017-12-30T04:26:57Z,-33.18603333,148.10578333,1611.076662471813,-6302.227019640569,1096,2,124.469,
3097,2017-12-30T04:26:58Z,-33.18593333,148.10600000,1612.076662471813,-6301.227019640569,1097,2,124.46,
3098,2017-12-30T04:26:59Z,-33.18583333,148.10623333,1613.076662471813,-6300.227019640569,1098,2,124.45,
3099,2017-12-30T04:27:00Z,-33.18575000,148.10648333,1614.076662471813,-6299.227019640569,1099,2,124.442,
3100,2017-12-30T04:27:01Z,-33.18570000,148.10675000,1615.076662471813,-6298.227019640569,1100,2,124.439,
3101,2017-12-30T04:27:02Z,-33.18566667,148.10703333,1616.076662471813,-6297.227019640569,1101,2,124.437,
3102,2017-12-30T04:27:03Z,-33.18563333,148.10730000,1617.076662471813,-6296.227019640569,1102,2,124.435,
3103,2017-12-30T04:27:04Z,-33.18563333,148.10758333,1618.076662471813,-6295.227019640569,1103,2,124.437,
3104,2017-12-30T04:27:05Z,-33.18565000,148.10783333,1619.076662471813,-6294.227019640569,1104,2,124.44,
3105,2017-12-30T04:27:06Z,-33.18566667,148.10810000,1620.076662471813,-6293.227019640569,1105,2,124.444,
3106,2017-12-30T04:27:07Z,-33.18571667,148.10833333,1621.076662471813,-6292.227019640569,1106,2,124.451,
3107,2017-12-30T04:27:08Z,-33.18576667,148.10855000,1622.076662471813,-6291.227019640569,1107,2,124.458,
3108,2017-12-30T04:27:09Z,-33.18585000,148.10873333,1623.076662471813,-6290.227019640569,1108,2,124.469,
3109,2017-12-30T04:27:10Z,-33.18593333,148.10888333,1624.076662471813,-6289.227019640569,1109,2,124.479,
3110,2017-12-30T04:27:11Z,-33.18605000,148.10900000,1625.076662471813,-6288.227019640569,1110,2,124.493,
3111,2017-12-30T04:27:12Z,-33.18616667,148.10906667,1626.076662471813,-6287.227019640569,1111,2,124.506,
3112,2017-12-30T04:27:13Z,-33.18628333,148.10910000,1627.076662471813,-6286.227019640569,1112,2,124.519,
3113,2017-12-30T04:27:14Z,-33.18640000,148.10908333,1628.076662471813,-6285.227019640569,1113,2,124.532,
3114,2017-12-30T04:27:15Z,-33.18646667,148.10903333,1629.076662471813,-6284.227019640569,1114,2,124.539,
3115,2017-12-30T04:27:16Z,-33.18651667,148.10898333,1630.076662471813,-6283.227019640569,1115,2,124.544,
3116,2017-12-30T04:27:17Z,-33.18655000,148.10891667,1631.076662471813,-6282.227019640569,1116,2,124.548,
3117,2017-12-30T04:27:18Z,-33.18656667,148.10885000,1632.076662471813,-6281.227019640569,1117,2,124.549,
3118,2017-12-30T04:27:19Z,-33.18653333,148.10875000,1633.076662471813,-6280.227019640569,1118,2,124.545,
3119,2017-12-30T04:27:20Z,-33.18643333,148.10866667,1634.076662471813,-6279.227019640569,1119,2,124.533,
3120,2017-12-30T04:27:21Z,-33.18631667,148.10863333,1635.076662471813,-6278.227019640569,1120,2,124.52,
3121,2017-12-30T04:27:22Z,-33.18618333,148.10860000,1636.076662471813,-6277.227019640569,1121,2,124.505,
3122,2017-12-30T04:27:23Z,-33.18601667,148.10861667,1637.076662471813,-6276.227019640569,1122,2,124.486,
3123,2017-12-30T04:27:24Z,-33.18585000,148.10866667,1638.076662471813,-6275.227019640569,1123,2,124.468,
3124,2017-12-30T04:27:25Z,-33.18570000,148.10873333,1639.076662471813,-6274.227019640569,1124,2,124.452,
3125,2017-12-30T04:27:26Z,-33.18555000,148.10881667,1640.076662471813,-6273.227019640569,1125,2,124.436,
3126,2017-12-30T04:27:27Z,-33.18540000,148.10891667,1641.076662471813,-6272.227019640569,1126,2,124.42,
3127,2017-12-30T04:27:28Z,-33.18526667,148.10903333,1642.076662471813,-6271.227019640569,1127,2,124.406,
3128,2017-12-30T04:27:29Z,-33.18513333,148.10916667,1643.076662471813,-6270.227019640569,1128,2,124.392,
3129,2017-12-30T04:27:30Z,-33.18501667,148.10933333,1644.076662471813,-6269.227019640569,1129,2,124.38,
3130,2017-12-30T04:27:31Z,-33.18493333,148.10953333,1645.076662471813,-6268.227019640569,1130,2,124.373,
3131,2017-12-30T04:27:32Z,-33.18488333,148.10975000,1646.076662471813,-6267.227019640569,1131,2,124.369,
3132,2017-12-30T04:27:33Z,-33.18488333,148.10998333,1647.076662471813,-6266.227019640569,1132,2,124.37,
3133,2017-12-30T04:27:34Z,-33.18496667,148.11018333,1648.076662471813,-6265.227019640569,1133,2,124.381,
3134,2017-12-30T04:27:35Z,-33.18506667,148.11033333,1649.076662471813,-6264.227019640569,1134,2,124.393,
3135,2017-12-30T04:27:36Z,-33.18520000,148.11040000,1650.076662471813,-6263.227019640569,1135,2,124.408,
3136,2017-12-30T04:27:37Z,-33.18530000,148.11043333,1651.076662471813,-6262.227019640569,1136,2,124.419,
3137,2017-12-30T04:27:38Z,-33.18536667,148.11040000,1652.076662471813,-6261.227019640569,1137,2,124.427,
3138,2017-12-30T04:27:39Z,-33.18538333,148.11036667,1653.076662471813,-6260.227019640569,1138,2,124.428,
3139,2017-12-30T04:27:40Z,-33.18536667,148.11033333,1654.076662471813,-6259.227019640569,1139,2,124.426,
3140,2017-12-30T04:27:41Z,-33.18528333,148.11033333,1655.076662471813,-6258.227019640569,1140,2,124.417,
3141,2017-12-30T04:27:42Z,-33.18515000,148.11031667,1656.076662471813,-6257.227019640569,1141,2,124.402,
3142,2017-12-30T04:27:43Z,-33.18501667,148.11035000,1657.076662471813,-6256.227019640569,1142,2,124.387,
3143,2017-12-30T04:27:44Z,-33.18486667,148.11040000,1658.076662471813,-6255.227019640569,1143,2,124.371,
3144,2017-12-30T04:27:45Z,-33.18471667,148.11046667,1659.076662471813,-6254.227019640569,1144,2,124.355,
3145,2017-12-30T04:27:46Z,-33.18456667,148.11060000,1660.076662471813,-6253.227019640569,1145,2,124.339,
3146,2017-12-30T04:27:47Z,-33.18441667,148.11073333,1661.076662471813,-6252.227019640569,1146,2,124.324,
3147,2017-12-30T04:27:48Z,-33.18430000,148.11093333,1662.076662471813,-6251.227019640569,1147,2,124.312,
3148,2017-12-30T04:27:49Z,-33.18421667,148.11120000,1663.076662471813,-6250.227019640569,1148,2,124.305,
3149,2017-12-30T04:27:50Z,-33.18416667,148.11148333,1664.076662471813,-6249.227019640569,1149,2,124.301,
3150,2017-12-30T04:27:51Z,-33.18418333,148.11173333,1665.076662471813,-6248.227019640569,1150,2,124.305,
3151,2017-12-30T04:27:52Z,-33.18423333,148.11196667,1666.076662471813,-6247.227019640569,1151,2,124.312,
3152,2017-12-30T04:27:53Z,-33.18431667,148.11215000,1667.076662471813,-6246.227019640569,1152,2,124.322,
3153,2017-12-30T04:27:54Z,-33.18441667,148.11231667,1668.076662471813,-6245.227019640569,1153,2,124.335,
3154,2017-12-30T04:27:55Z,-33.18451667,148.11241667,1669.076662471813,-6244.227019640569,1154,2,124.347,
3155,2017-12-30T04:27:56Z,-33.18461667,148.11243333,1670.076662471813,-6243.227019640569,1155,2,124.358,
3156,2017-12-30T04:27:57Z,-33.18466667,148.11238333,1671.076662471813,-6242.227019640569,1156,2,124.363,
3157,2017-12-30T04:27:58Z,-33.18466667,148.11231667,1672.076662471813,-6241.227019640569,1157,2,124.362,
3158,2017-12-30T04:27:59Z,-33.18465000,148.11223333,1673.076662471813,-6240.227019640569,1158,2,124.36,
3159,2017-12-30T04:28:00Z,-33.18456667,148.11218333,1674.076662471813,-6239.227019640569,1159,2,124.35,
3160,2017-12-30T04:28:01Z,-33.18445000,148.11216667,1675.076662471813,-6238.227019640569,1160,2,124.337,
3161,2017-12-30T04:28:02Z,-33.18431667,148.11221667,1676.076662471813,-6237.227019640569,1161,2,124.323,
3162,2017-12-30T04:28:03Z,-33.18418333,148.11228333,1677.076662471813,-6236.227019640569,1162,2,124.309,
3163,2017-12-30T04:28:04Z,-33.18403333,148.11240000,1678.076662471813,-6235.227019640569,1163,2,124.293,
3164,2017-12-30T04:28:05Z,-33.18391667,148.11255000,1679.076662471813,-6234.227019640569,1164,2,124.281,
3165,2017-12-30T04:28:06Z,-33.18383333,148.11276667,1680.076662471813,-6233.227019640569,1165,2,124.273,
3166,2017-12-30T04:28:07Z,-33.18381667,148.11305000,1681.076662471813,-6232.227019640569,1166,2,124.273,
3167,2017-12-30T04:28:08Z,-33.18381667,148.11330000,1682.076662471813,-6231.227019640569,1167,2,124.275,
3168,2017-12-30T04:28:09Z,-33.18383333,148.11355000,1683.076662471813,-6230.227019640569,1168,2,124.279,
3169,2017-12-30T04:28:10Z,-33.18385000,148.11378333,1684.076662471813,-6229.227019640569,1169,2,124.282,
3170,2017-12-30T04:28:11Z,-33.18390000,148.11400000,1685.076662471813,-6228.227019640569,1170,2,124.29,
3171,2017-12-30T04:28:12Z,-33.18393333,148.11421667,1686.076662471813,-6227.227019640569,1171,2,124.295,
3172,2017-12-30T04:28:13Z,-33.18396667,148.11445000,1687.076662471813,-6226.227019640569,1172,2,124.3,
3173,2017-12-30T04:28:14Z,-33.18400000,148.11468333,1688.076662471813,-6225.227019640569,1173,2,124.306,
3174,2017-12-30T04:28:15Z,-33.18401667,148.11491667,1689.076662471813,-6224.227019640569,1174,2,124.309,
3175,2017-12-30T04:28:16Z,-33.18406667,148.11513333,1690.076662471813,-6223.227019640569,1175,2,124.316,
3176,2017-12-30T04:28:17Z,-33.18413333,148.11530000,1691.076662471813,-6222.227019640569,1176,2,124.325,
3177,2017-12-30T04:28:18Z,-33.18421667,148.11543333,1692.076662471813,-6221.227019640569,1177,2,124.335,
3178,2017-12-30T04:28:19Z,-33.18431667,148.11550000,1693.076662471813,-6220.227019640569,1178,2,124.347,
3179,2017-12-30T04:28:20Z,-33.18441667,148.11550000,1694.076662471813,-6219.227019640569,1179,2,124.358,
3180,2017-12-30T04:28:21Z,-33.18448333,148.11543333,1695.076662471813,-6218.227019640569,1180,2,124.365,
3181,2017-12-30T04:28:22Z,-33.18451667,148.11535000,1696.076662471813,-6217.227019640569,1181,2,124.368,
3182,2017-12-30T04:28:23Z,-33.18450000,148.11523333,1697.076662471813,-6216.227019640569,1182,2,124.365,
3183,2017-12-30T04:28:24Z,-33.18446667,148.11513333,1698.076662471813,-6215.227019640569,1183,2,124.361,
3184,2017-12-30T04:28:25Z,-33.18440000,148.11505000,1699.076662471813,-6214.227019640569,1184,2,124.353,
3185,2017-12-30T04:28:26Z,-33.18431667,148.11496667,1700.076662471813,-6213.227019640569,1185,2,124.343,
3186,2017-12-30T04:28:27Z,-33.18423333,148.11491667,1701.076662471813,-6212.227019640569,1186,2,124.333,
3187,2017-12-30T04:28:28Z,-33.18413333,148.11485000,1702.076662471813,-6211.227019640569,1187,2,124.322,
3188,2017-12-30T04:28:29Z,-33.18401667,148.11480000,1703.076662471813,-6210.227019640569,1188,2,124.308,
3189,2017-12-30T04:28:30Z,-33.18388333,148.11475000,1704.076662471813,-6209.227019640569,1189,2,124.293,
3190,2017-12-30T04:28:31Z,-33.18371667,148.11475000,1705.076662471813,-6208.227019640569,1190,2,124.275,
3191,2017-12-30T04:28:32Z,-33.18353333,148.11480000,1706.076662471813,-6207.227019640569,1191,2,124.255,
3192,2017-12-30T04:28:33Z,-33.18335000,148.11485000,1707.076662471813,-6206.227019640569,1192,2,124.235,
3193,2017-12-30T04:28:34Z,-33.18318333,148.11490000,1708.076662471813,-6205.227019640569,1193,2,124.217,
3194,2017-12-30T04:28:35Z,-33.18305000,148.11496667,1709.076662471813,-6204.227019640569,1194,2,124.202,
3195,2017-12-30T04:28:36Z,-33.18291667,148.11501667,1710.076662471813,-6203.227019640569,1195,2,124.188,
3196,2017-12-30T04:28:37Z,-33.18278333,148.11508333,1711.076662471813,-6202.227019640569,1196,2,124.174,
3197,2017-12-30T04:28:38Z,-33.18265000,148.11518333,1712.076662471813,-6201.227019640569,1197,2,124.16,
3198,2017-12-30T04:28:39Z,-33.18253333,148.11530000,1713.076662471813,-6200.227019640569,1198,2,124.147,
3199,2017-12-30T04:28:40Z,-33.18238333,148.11548333,1714.076662471813,-6199.227019640569,1199,2,124.132,
3200,2017-12-30T04:28:41Z,-33.18226667,148.11568333,1715.076662471813,-6198.227019640569,1200,2,124.121,
3201,2017-12-30T04:28:42Z,-33.18220000,148.11593333,1716.076662471813,-6197.227019640569,1201,2,124.115,
3202,2017-12-30T04:28:43Z,-33.18216667,148.11618333,1717.076662471813,-6196.227019640569,1202,2,124.113,
3203,2017-12-30T04:28:44Z,-33.18218333,148.11645000,1718.076662471813,-6195.227019640569,1203,2,124.117,
3204,2017-12-30T04:28:45Z,-33.18223333,148.11668333,1719.076662471813,-6194.227019640569,1204,2,124.124,
3205,2017-12-30T04:28:46Z,-33.18233333,148.11690000,1720.076662471813,-6193.227019640569,1205,2,124.137,
3206,2017-12-30T04:28:47Z,-33.18245000,148.11706667,1721.076662471813,-6192.227019640569,1206,2,124.151,
3207,2017-12-30T04:28:48Z,-33.18258333,148.11718333,1722.076662471813,-6191.227019640569,1207,2,124.167,
3208,2017-12-30T04:28:49Z,-33.18273333,148.11725000,1723.076662471813,-6190.227019640569,1208,2,124.184,
3209,2017-12-30T04:28:50Z,-33.18285000,148.11728333,1724.076662471813,-6189.227019640569,1209,2,124.197,
3210,2017-12-30T04:28:51Z,-33.18296667,148.11728333,1725.076662471813,-6188.227019640569,1210,2,124.21,
3211,2017-12-30T04:28:52Z,-33.18308333,148.11725000,1726.076662471813,-6187.227019640569,1211,2,124.223,
3212,2017-12-30T04:28:53Z,-33.18316667,148.11721667,1727.076662471813,-6186.227019640569,1212,2,124.232,
3213,2017-12-30T04:28:54Z,-33.18325000,148.11718333,1728.076662471813,-6185.227019640569,1213,2,124.241,
3214,2017-12-30T04:28:55Z,-33.18333333,148.11715000,1729.076662471813,-6184.227019640569,1214,2,124.25,
3215,2017-12-30T04:28:56Z,-33.18343333,148.11711667,1730.076662471813,-6183.227019640569,1215,2,124.261,
3216,2017-12-30T04:28:57Z,-33.18353333,148.11710000,1731.076662471813,-6182.227019640569,1216,2,124.272,
3217,2017-12-30T04:28:58Z,-33.18361667,148.11708333,1732.076662471813,-6181.227019640569,1217,2,124.281,
3218,2017-12-30T04:28:59Z,-33.18371667,148.11708333,1733.076662471813,-6180.227019640569,1218,2,124.292,
3219,2017-12-30T04:29:00Z,-33.18380000,148.11706667,1734.076662471813,-6179.227019640569,1219,2,124.301,
3220,2017-12-30T04:29:01Z,-33.18390000,148.11705000,1735.076662471813,-6178.227019640569,1220,2,124.312,
3221,2017-12-30T04:29:02Z,-33.18400000,148.11703333,1736.076662471813,-6177.227019640569,1221,2,124.323,
3222,2017-12-30T04:29:03Z,-33.18410000,148.11701667,1737.076662471813,-6176.227019640569,1222,2,124.334,
3223,2017-12-30T04:29:04Z,-33.18418333,148.11698333,1738.076662471813,-6175.227019640569,1223,2,124.343,
3224,2017-12-30T04:29:05Z,-33.18428333,148.11696667,1739.076662471813,-6174.227019640569,1224,2,124.354,
3225,2017-12-30T04:29:06Z,-33.18438333,148.11695000,1740.076662471813,-6173.227019640569,1225,2,124.365,
3226,2017-12-30T04:29:07Z,-33.18448333,148.11691667,1741.076662471813,-6172.227019640569,1226,2,124.375,
3227,2017-12-30T04:29:08Z,-33.18456667,148.11690000,1742.076662471813,-6171.227019640569,1227,2,124.385,
3228,2017-12-30T04:29:09Z,-33.18465000,148.11686667,1743.076662471813,-6170.227019640569,1228,2,124.394,
3229,2017-12-30T04:29:10Z,-33.18473333,148.11681667,1744.076662471813,-6169.227019640569,1229,2,124.402,
3230,2017-12-30T04:29:11Z,-33.18478333,148.11676667,1745.076662471813,-6168.227019640569,1230,2,124.408,
3231,2017-12-30T04:29:12Z,-33.18483333,148.11673333,1746.076662471813,-6167.227019640569,1231,2,124.413,
3232,2017-12-30T04:29:13Z,-33.18486667,148.11666667,1747.076662471813,-6166.227019640569,1232,2,124.416,
3233,2017-12-30T04:29:14Z,-33.18488333,148.11656667,1748.076662471813,-6165.227019640569,1233,2,124.417,
3234,2017-12-30T04:29:15Z,-33.18488333,148.11648333,1749.076662471813,-6164.227019640569,1234,2,124.417,
3235,2017-12-30T04:29:16Z,-33.18488333,148.11638333,1750.076662471813,-6163.227019640569,1235,2,124.416,
3236,2017-12-30T04:29:17Z,-33.18486667,148.11630000,1751.076662471813,-6162.227019640569,1236,2,124.413,
3237,2017-12-30T04:29:18Z,-33.18485000,148.11623333,1752.076662471813,-6161.227019640569,1237,2,124.411,
3238,2017-12-30T04:29:19Z,-33.18483333,148.11615000,1753.076662471813,-6160.227019640569,1238,2,124.409,
3239,2017-12-30T04:29:20Z,-33.18480000,148.11610000,1754.076662471813,-6159.227019640569,1239,2,124.405,
3240,2017-12-30T04:29:21Z,-33.18478333,148.11603333,1755.076662471813,-6158.227019640569,1240,2,124.402,
3241,2017-12-30T04:29:22Z,-33.18478333,148.11598333,1756.076662471813,-6157.227019640569,1241,2,124.402,
3242,2017-12-30T04:29:23Z,-33.18480000,148.11588333,1757.076662471813,-6156.227019640569,1242,2,124.403,
3243,2017-12-30T04:29:24Z,-33.18481667,148.11580000,1758.076662471813,-6155.227019640569,1243,2,124.404,
3244,2017-12-30T04:29:25Z,-33.18481667,148.11573333,1759.076662471813,-6154.227019640569,1244,2,124.404,
3245,2017-12-30T04:29:26Z,-33.18481667,148.11566667,1760.076662471813,-6153.227019640569,1245,2,124.403,
3246,2017-12-30T04:29:27Z,-33.18478333,148.11563333,1761.076662471813,-6152.227019640569,1246,2,124.399,
3247,2017-12-30T04:29:28Z,-33.18473333,148.11556667,1762.076662471813,-6151.227019640569,1247,2,124.393,
3248,2017-12-30T04:29:29Z,-33.18465000,148.11551667,1763.076662471813,-6150.227019640569,1248,2,124.384,
3249,2017-12-30T04:29:30Z,-33.18456667,148.11545000,1764.076662471813,-6149.227019640569,1249,2,124.374,
3250,2017-12-30T04:29:31Z,-33.18446667,148.11536667,1765.076662471813,-6148.227019640569,1250,2,124.362,
3251,2017-12-30T04:29:32Z,-33.18438333,148.11530000,1766.076662471813,-6147.227019640569,1251,2,124.353,
3252,2017-12-30T04:29:33Z,-33.18430000,148.11523333,1767.076662471813,-6146.227019640569,1252,2,124.343,
3253,2017-12-30T04:29:34Z,-33.18421667,148.11515000,1768.076662471813,-6145.227019640569,1253,2,124.333,
3254,2017-12-30T04:29:35Z,-33.18413333,148.11505000,1769.076662471813,-6144.227019640569,1254,2,124.323,
3255,2017-12-30T04:29:36Z,-33.18405000,148.11496667,1770.076662471813,-6143.227019640569,1255,2,124.313,
3256,2017-12-30T04:29:37Z,-33.18398333,148.11488333,1771.076662471813,-6142.227019640569,1256,2,124.305,
3257,2017-12-30T04:29:38Z,-33.18391667,148.11480000,1772.076662471813,-6141.227019640569,1257,2,124.297,
3258,2017-12-30T04:29:39Z,-33.18386667,148.11470000,1773.076662471813,-6140.227019640569,1258,2,124.291,
3259,2017-12-30T04:29:40Z,-33.18381667,148.11463333,1774.076662471813,-6139.227019640569,1259,2,124.285,
3260,2017-12-30T04:29:41Z,-33.18375000,148.11455000,1775.076662471813,-6138.227019640569,1260,2,124.277,
3261,2017-12-30T04:29:42Z,-33.18370000,148.11448333,1776.076662471813,-6137.227019640569,1261,2,124.271,
3262,2017-12-30T04:29:43Z,-33.18363333,148.11441667,1777.076662471813,-6136.227019640569,1262,2,124.263,
3263,2017-12-30T04:29:44Z,-33.18356667,148.11436667,1778.076662471813,-6135.227019640569,1263,2,124.255,
3264,2017-12-30T04:29:45Z,-33.18346667,148.11431667,1779.076662471813,-6134.227019640569,1264,2,124.244,
3265,2017-12-30T04:29:46Z,-33.18336667,148.11426667,1780.076662471813,-6133.227019640569,1265,2,124.232,
3266,2017-12-30T04:29:47Z,-33.18325000,148.11421667,1781.076662471813,-6132.227019640569,1266,2,124.219,
3267,2017-12-30T04:29:48Z,-33.18313333,148.11416667,1782.076662471813,-6131.227019640569,1267,2,124.206,
3268,2017-12-30T04:29:49Z,-33.18300000,148.11413333,1783.076662471813,-6130.227019640569,1268,2,124.191,
3269,2017-12-30T04:29:50Z,-33.18285000,148.11411667,1784.076662471813,-6129.227019640569,1269,2,124.174,
3270,2017-12-30T04:29:51Z,-33.18268333,148.11410000,1785.076662471813,-6128.227019640569,1270,2,124.155,
3271,2017-12-30T04:29:52Z,-33.18251667,148.11411667,1786.076662471813,-6127.227019640569,1271,2,124.137,
3272,2017-12-30T04:29:53Z,-33.18233333,148.11413333,1787.076662471813,-6126.227019640569,1272,2,124.117,
3273,2017-12-30T04:29:54Z,-33.18215000,148.11416667,1788.076662471813,-6125.227019640569,1273,2,124.097,
3274,2017-12-30T04:29:55Z,-33.18196667,148.11418333,1789.076662471813,-6124.227019640569,1274,2,124.076,
3275,2017-12-30T04:29:56Z,-33.18176667,148.11420000,1790.076662471813,-6123.227019640569,1275,2,124.054,
3276,2017-12-30T04:29:57Z,-33.18158333,148.11425000,1791.076662471813,-6122.227019640569,1276,2,124.034,
3277,2017-12-30T04:29:58Z,-33.18138333,148.11430000,1792.076662471813,-6121.227019640569,1277,2,124.013,
3278,2017-12-30T04:29:59Z,-33.18120000,148.11435000,1793.076662471813,-6120.227019640569,1278,2,123.993,
3279,2017-12-30T04:30:00Z,-33.18101667,148.11443333,1794.076662471813,-6119.227019640569,1279,2,123.973,
3280,2017-12-30T04:30:01Z,-33.18085000,148.11456667,1795.076662471813,-6118.227019640569,1280,2,123.955,
3281,2017-12-30T04:30:02Z,-33.18066667,148.11475000,1796.076662471813,-6117.227019640569,1281,2,123.936,
3282,2017-12-30T04:30:03Z,-33.18051667,148.11493333,1797.076662471813,-6116.227019640569,1282,2,123.921,
3283,2017-12-30T04:30:04Z,-33.18038333,148.11515000,1798.076662471813,-6115.227019640569,1283,2,123.908,
3284,2017-12-30T04:30:05Z,-33.18030000,148.11538333,1799.076662471813,-6114.227019640569,1284,2,123.9,
3285,2017-12-30T04:30:06Z,-33.18030000,148.11561667,1800.076662471813,-6113.227019640569,1285,2,123.902,
3286,2017-12-30T04:30:07Z,-33.18033333,148.11580000,1801.076662471813,-6112.227019640569,1286,2,123.907,
3287,2017-12-30T04:30:08Z,-33.18041667,148.11593333,1802.076662471813,-6111.227019640569,1287,2,123.917,
3288,2017-12-30T04:30:09Z,-33.18048333,148.11600000,1803.076662471813,-6110.227019640569,1288,2,123.925,
3289,2017-12-30T04:30:10Z,-33.18056667,148.11605000,1804.076662471813,-6109.227019640569,1289,2,123.935,
3290,2017-12-30T04:30:11Z,-33.18063333,148.11603333,1805.076662471813,-6108.227019640569,1290,2,123.942,
3291,2017-12-30T04:30:12Z,-33.18066667,148.11601667,1806.076662471813,-6107.227019640569,1291,2,123.946,
3292,2017-12-30T04:30:13Z,-33.18068333,148.11598333,1807.076662471813,-6106.227019640569,1292,2,123.947,
3293,2017-12-30T04:30:14Z,-33.18065000,148.11595000,1808.076662471813,-6105.227019640569,1293,2,123.943,
3294,2017-12-30T04:30:15Z,-33.18060000,148.11591667,1809.076662471813,-6104.227019640569,1294,2,123.938,
3295,2017-12-30T04:30:16Z,-33.18051667,148.11588333,1810.076662471813,-6103.227019640569,1295,2,123.928,
3296,2017-12-30T04:30:17Z,-33.18040000,148.11586667,1811.076662471813,-6102.227019640569,1296,2,123.915,
3297,2017-12-30T04:30:18Z,-33.18026667,148.11585000,1812.076662471813,-6101.227019640569,1297,2,123.9,
3298,2017-12-30T04:30:19Z,-33.18011667,148.11585000,1813.076662471813,-6100.227019640569,1298,2,123.884,
3299,2017-12-30T04:30:20Z,-33.17995000,148.11586667,1814.076662471813,-6099.227019640569,1299,2,123.865,
3300,2017-12-30T04:30:21Z,-33.17978333,148.11590000,1815.076662471813,-6098.227019640569,1300,2,123.847,
3301,2017-12-30T04:30:22Z,-33.17960000,148.11596667,1816.076662471813,-6097.227019640569,1301,2,123.827,
3302,2017-12-30T04:30:23Z,-33.17940000,148.11606667,1817.076662471813,-6096.227019640569,1302,2,123.806,
3303,2017-12-30T04:30:24Z,-33.17921667,148.11620000,1818.076662471813,-6095.227019640569,1303,2,123.786,
3304,2017-12-30T04:30:25Z,-33.17903333,148.11636667,1819.076662471813,-6094.227019640569,1304,2,123.767,
3305,2017-12-30T04:30:26Z,-33.17888333,148.11658333,1820.076662471813,-6093.227019640569,1305,2,123.752,
3306,2017-12-30T04:30:27Z,-33.17873333,148.11680000,1821.076662471813,-6092.227019640569,1306,2,123.737,
3307,2017-12-30T04:30:28Z,-33.17863333,148.11705000,1822.076662471813,-6091.227019640569,1307,2,123.728,
3308,2017-12-30T04:30:29Z,-33.17856667,148.11730000,1823.076662471813,-6090.227019640569,1308,2,123.723,
3309,2017-12-30T04:30:30Z,-33.17855000,148.11753333,1824.076662471813,-6089.227019640569,1309,2,123.722,
3310,2017-12-30T04:30:31Z,-33.17856667,148.11776667,1825.076662471813,-6088.227019640569,1310,2,123.726,
3311,2017-12-30T04:30:32Z,-33.17861667,148.11796667,1826.076662471813,-6087.227019640569,1311,2,123.733,
3312,2017-12-30T04:30:33Z,-33.17866667,148.11815000,1827.076662471813,-6086.227019640569,1312,2,123.74,
3313,2017-12-30T04:30:34Z,-33.17873333,148.11833333,1828.076662471813,-6085.227019640569,1313,2,123.749,
3314,2017-12-30T04:30:35Z,-33.17881667,148.11850000,1829.076662471813,-6084.227019640569,1314,2,123.759,
3315,2017-12-30T04:30:36Z,-33.17888333,148.11866667,1830.076662471813,-6083.227019640569,1315,2,123.768,
3316,2017-12-30T04:30:37Z,-33.17896667,148.11881667,1831.076662471813,-6082.227019640569,1316,2,123.778,
3317,2017-12-30T04:30:38Z,-33.17903333,148.11891667,1832.076662471813,-6081.227019640569,1317,2,123.786,
3318,2017-12-30T04:30:39Z,-33.17910000,148.11896667,1833.076662471813,-6080.227019640569,1318,2,123.794,
3319,2017-12-30T04:30:40Z,-33.17913333,148.11896667,1834.076662471813,-6079.227019640569,1319,2,123.798,
3320,2017-12-30T04:30:41Z,-33.17915000,148.11893333,1835.076662471813,-6078.227019640569,1320,2,123.799,
3321,2017-12-30T04:30:42Z,-33.17911667,148.11890000,1836.076662471813,-6077.227019640569,1321,2,123.796,
3322,2017-12-30T04:30:43Z,-33.17906667,148.11883333,1837.076662471813,-6076.227019640569,1322,2,123.79,
3323,2017-12-30T04:30:44Z,-33.17900000,148.11878333,1838.076662471813,-6075.227019640569,1323,2,123.782,
3324,2017-12-30T04:30:45Z,-33.17891667,148.11871667,1839.076662471813,-6074.227019640569,1324,2,123.772,
3325,2017-12-30T04:30:46Z,-33.17881667,148.11866667,1840.076662471813,-6073.227019640569,1325,2,123.761,
3326,2017-12-30T04:30:47Z,-33.17871667,148.11861667,1841.076662471813,-6072.227019640569,1326,2,123.749,
3327,2017-12-30T04:30:48Z,-33.17863333,148.11856667,1842.076662471813,-6071.227019640569,1327,2,123.739,
3328,2017-12-30T04:30:49Z,-33.17853333,148.11851667,1843.076662471813,-6070.227019640569,1328,2,123.728,
3329,2017-12-30T04:30:50Z,-33.17841667,148.11848333,1844.076662471813,-6069.227019640569,1329,2,123.715,
3330,2017-12-30T04:30:51Z,-33.17830000,148.11846667,1845.076662471813,-6068.227019640569,1330,2,123.702,
3331,2017-12-30T04:30:52Z,-33.17816667,148.11845000,1846.076662471813,-6067.227019640569,1331,2,123.687,
3332,2017-12-30T04:30:53Z,-33.17803333,148.11841667,1847.076662471813,-6066.227019640569,1332,2,123.672,
3333,2017-12-30T04:30:54Z,-33.17790000,148.11841667,1848.076662471813,-6065.227019640569,1333,2,123.657,
3334,2017-12-30T04:30:55Z,-33.17775000,148.11840000,1849.076662471813,-6064.227019640569,1334,2,123.64,
3335,2017-12-30T04:30:56Z,-33.17758333,148.11841667,1850.076662471813,-6063.227019640569,1335,2,123.622,
3336,2017-12-30T04:30:57Z,-33.17740000,148.11843333,1851.076662471813,-6062.227019640569,1336,2,123.602,
3337,2017-12-30T04:30:58Z,-33.17723333,148.11845000,1852.076662471813,-6061.227019640569,1337,2,123.583,
3338,2017-12-30T04:30:59Z,-33.17705000,148.11850000,1853.076662471813,-6060.227019640569,1338,2,123.563,
3339,2017-12-30T04:31:00Z,-33.17688333,148.11855000,1854.076662471813,-6059.227019640569,1339,2,123.545,
3340,2017-12-30T04:31:01Z,-33.17670000,148.11863333,1855.076662471813,-6058.227019640569,1340,2,123.526,
3341,2017-12-30T04:31:02Z,-33.17653333,148.11875000,1856.076662471813,-6057.227019640569,1341,2,123.508,
3342,2017-12-30T04:31:03Z,-33.17638333,148.11890000,1857.076662471813,-6056.227019640569,1342,2,123.493,
3343,2017-12-30T04:31:04Z,-33.17626667,148.11910000,1858.076662471813,-6055.227019640569,1343,2,123.481,
3344,2017-12-30T04:31:05Z,-33.17621667,148.11930000,1859.076662471813,-6054.227019640569,1344,2,123.477,
3345,2017-12-30T04:31:06Z,-33.17620000,148.11951667,1860.076662471813,-6053.227019640569,1345,2,123.477,
3346,2017-12-30T04:31:07Z,-33.17621667,148.11970000,1861.076662471813,-6052.227019640569,1346,2,123.48,
3347,2017-12-30T04:31:08Z,-33.17628333,148.11986667,1862.076662471813,-6051.227019640569,1347,2,123.489,
3348,2017-12-30T04:31:09Z,-33.17635000,148.11996667,1863.076662471813,-6050.227019640569,1348,2,123.497,
3349,2017-12-30T04:31:10Z,-33.17643333,148.12000000,1864.076662471813,-6049.227019640569,1349,2,123.507,
3350,2017-12-30T04:31:11Z,-33.17650000,148.12000000,1865.076662471813,-6048.227019640569,1350,2,123.514,
3351,2017-12-30T04:31:12Z,-33.17656667,148.11998333,1866.076662471813,-6047.227019640569,1351,2,123.521,
3352,2017-12-30T04:31:13Z,-33.17660000,148.11995000,1867.076662471813,-6046.227019640569,1352,2,123.525,
3353,2017-12-30T04:31:14Z,-33.17660000,148.11993333,1868.076662471813,-6045.227019640569,1353,2,123.525,
3354,2017-12-30T04:31:15Z,-33.17658333,148.11990000,1869.076662471813,-6044.227019640569,1354,2,123.522,
3355,2017-12-30T04:31:16Z,-33.17653333,148.11985000,1870.076662471813,-6043.227019640569,1355,2,123.517,
3356,2017-12-30T04:31:17Z,-33.17645000,148.11981667,1871.076662471813,-6042.227019640569,1356,2,123.507,
3357,2017-12-30T04:31:18Z,-33.17633333,148.11978333,1872.076662471813,-6041.227019640569,1357,2,123.494,
3358,2017-12-30T04:31:19Z,-33.17620000,148.11976667,1873.076662471813,-6040.227019640569,1358,2,123.479,
3359,2017-12-30T04:31:20Z,-33.17605000,148.11976667,1874.076662471813,-6039.227019640569,1359,2,123.462,
3360,2017-12-30T04:31:21Z,-33.17588333,148.11978333,1875.076662471813,-6038.227019640569,1360,2,123.444,
3361,2017-12-30T04:31:22Z,-33.17571667,148.11980000,1876.076662471813,-6037.227019640569,1361,2,123.426,
3362,2017-12-30T04:31:23Z,-33.17551667,148.11988333,1877.076662471813,-6036.227019640569,1362,2,123.404,
3363,2017-12-30T04:31:24Z,-33.17533333,148.12000000,1878.076662471813,-6035.227019640569,1363,2,123.385,
3364,2017-12-30T04:31:25Z,-33.17515000,148.12018333,1879.076662471813,-6034.227019640569,1364,2,123.366,
3365,2017-12-30T04:31:26Z,-33.17498333,148.12038333,1880.076662471813,-6033.227019640569,1365,2,123.349,
3366,2017-12-30T04:31:27Z,-33.17486667,148.12061667,1881.076662471813,-6032.227019640569,1366,2,123.338,
3367,2017-12-30T04:31:28Z,-33.17478333,148.12085000,1882.076662471813,-6031.227019640569,1367,2,123.33,
3368,2017-12-30T04:31:29Z,-33.17475000,148.12108333,1883.076662471813,-6030.227019640569,1368,2,123.328,
3369,2017-12-30T04:31:30Z,-33.17475000,148.12131667,1884.076662471813,-6029.227019640569,1369,2,123.33,
3370,2017-12-30T04:31:31Z,-33.17476667,148.12153333,1885.076662471813,-6028.227019640569,1370,2,123.334,
3371,2017-12-30T04:31:32Z,-33.17481667,148.12171667,1886.076662471813,-6027.227019640569,1371,2,123.341,
3372,2017-12-30T04:31:33Z,-33.17488333,148.12188333,1887.076662471813,-6026.227019640569,1372,2,123.349,
3373,2017-12-30T04:31:34Z,-33.17496667,148.12201667,1888.076662471813,-6025.227019640569,1373,2,123.36,
3374,2017-12-30T04:31:35Z,-33.17505000,148.12211667,1889.076662471813,-6024.227019640569,1374,2,123.37,
3375,2017-12-30T04:31:36Z,-33.17513333,148.12218333,1890.076662471813,-6023.227019640569,1375,2,123.379,
3376,2017-12-30T04:31:37Z,-33.17521667,148.12223333,1891.076662471813,-6022.227019640569,1376,2,123.389,
3377,2017-12-30T04:31:38Z,-33.17526667,148.12223333,1892.076662471813,-6021.227019640569,1377,2,123.395,
3378,2017-12-30T04:31:39Z,-33.17531667,148.12221667,1893.076662471813,-6020.227019640569,1378,2,123.4,
3379,2017-12-30T04:31:40Z,-33.17533333,148.12220000,1894.076662471813,-6019.227019640569,1379,2,123.402,
3380,2017-12-30T04:31:41Z,-33.17533333,148.12216667,1895.076662471813,-6018.227019640569,1380,2,123.402,
3381,2017-12-30T04:31:42Z,-33.17531667,148.12211667,1896.076662471813,-6017.227019640569,1381,2,123.399,
3382,2017-12-30T04:31:43Z,-33.17530000,148.12206667,1897.076662471813,-6016.227019640569,1382,2,123.397,
3383,2017-12-30T04:31:44Z,-33.17525000,148.12201667,1898.076662471813,-6015.227019640569,1383,2,123.391,
3384,2017-12-30T04:31:45Z,-33.17520000,148.12195000,1899.076662471813,-6014.227019640569,1384,2,123.385,
3385,2017-12-30T04:31:46Z,-33.17516667,148.12188333,1900.076662471813,-6013.227019640569,1385,2,123.381,
3386,2017-12-30T04:31:47Z,-33.17510000,148.12181667,1901.076662471813,-6012.227019640569,1386,2,123.373,
3387,2017-12-30T04:31:48Z,-33.17503333,148.12175000,1902.076662471813,-6011.227019640569,1387,2,123.365,
3388,2017-12-30T04:31:49Z,-33.17496667,148.12168333,1903.076662471813,-6010.227019640569,1388,2,123.357,
3389,2017-12-30T04:31:50Z,-33.17490000,148.12161667,1904.076662471813,-6009.227019640569,1389,2,123.349,
3390,2017-12-30T04:31:51Z,-33.17483333,148.12155000,1905.076662471813,-6008.227019640569,1390,2,123.341,
3391,2017-12-30T04:31:52Z,-33.17476667,148.12148333,1906.076662471813,-6007.227019640569,1391,2,123.333,
3392,2017-12-30T04:31:53Z,-33.17470000,148.12141667,1907.076662471813,-6006.227019640569,1392,2,123.325,
3393,2017-12-30T04:31:54Z,-33.17461667,148.12133333,1908.076662471813,-6005.227019640569,1393,2,123.316,
3394,2017-12-30T04:31:55Z,-33.17455000,148.12126667,1909.076662471813,-6004.227019640569,1394,2,123.308,
3395,2017-12-30T04:31:56Z,-33.17446667,148.12120000,1910.076662471813,-6003.227019640569,1395,2,123.298,
3396,2017-12-30T04:31:57Z,-33.17438333,148.12111667,1911.076662471813,-6002.227019640569,1396,2,123.288,
3397,2017-12-30T04:31:58Z,-33.17430000,148.12105000,1912.076662471813,-6001.227019640569,1397,2,123.278,
3398,2017-12-30T04:31:59Z,-33.17420000,148.12098333,1913.076662471813,-6000.227019640569,1398,2,123.267,
3399,2017-12-30T04:32:00Z,-33.17410000,148.12090000,1914.076662471813,-5999.227019640569,1399,2,123.255,
3400,2017-12-30T04:32:01Z,-33.17401667,148.12083333,1915.076662471813,-5998.227019640569,1400,2,123.245,
3401,2017-12-30T04:32:02Z,-33.17391667,148.12075000,1916.076662471813,-5997.227019640569,1401,2,123.233,
3402,2017-12-30T04:32:03Z,-33.17383333,148.12068333,1917.076662471813,-5996.227019640569,1402,2,123.224,
3403,2017-12-30T04:32:04Z,-33.17376667,148.12058333,1918.076662471813,-5995.227019640569,1403,2,123.216,
3404,2017-12-30T04:32:05Z,-33.17370000,148.12050000,1919.076662471813,-5994.227019640569,1404,2,123.208,
3405,2017-12-30T04:32:06Z,-33.17365000,148.12040000,1920.076662471813,-5993.227019640569,1405,2,123.201,
3406,2017-12-30T04:32:07Z,-33.17360000,148.12030000,1921.076662471813,-5992.227019640569,1406,2,123.195,
3407,2017-12-30T04:32:08Z,-33.17355000,148.12021667,1922.076662471813,-5991.227019640569,1407,2,123.189,
3408,2017-12-30T04:32:09Z,-33.17350000,148.12013333,1923.076662471813,-5990.227019640569,1408,2,123.183,
3409,2017-12-30T04:32:10Z,-33.17346667,148.12005000,1924.076662471813,-5989.227019640569,1409,2,123.178,
3410,2017-12-30T04:32:11Z,-33.17340000,148.11996667,1925.076662471813,-5988.227019640569,1410,2,123.17,
3411,2017-12-30T04:32:12Z,-33.17335000,148.11988333,1926.076662471813,-5987.227019640569,1411,2,123.164,
3412,2017-12-30T04:32:13Z,-33.17328333,148.11981667,1927.076662471813,-5986.227019640569,1412,2,123.156,
3413,2017-12-30T04:32:14Z,-33.17320000,148.11973333,1928.076662471813,-5985.227019640569,1413,2,123.146,
3414,2017-12-30T04:32:15Z,-33.17313333,148.11966667,1929.076662471813,-5984.227019640569,1414,2,123.138,
3415,2017-12-30T04:32:16Z,-33.17306667,148.11960000,1930.076662471813,-5983.227019640569,1415,2,123.13,
3416,2017-12-30T04:32:17Z,-33.17300000,148.11953333,1931.076662471813,-5982.227019640569,1416,2,123.123,
3417,2017-12-30T04:32:18Z,-33.17293333,148.11945000,1932.076662471813,-5981.227019640569,1417,2,123.115,
3418,2017-12-30T04:32:19Z,-33.17286667,148.11938333,1933.076662471813,-5980.227019640569,1418,2,123.107,
3419,2017-12-30T04:32:20Z,-33.17280000,148.11931667,1934.076662471813,-5979.227019640569,1419,2,123.099,
3420,2017-12-30T04:32:21Z,-33.17275000,148.11925000,1935.076662471813,-5978.227019640569,1420,2,123.093,
3421,2017-12-30T04:32:22Z,-33.17270000,148.11918333,1936.076662471813,-5977.227019640569,1421,2,123.087,
3422,2017-12-30T04:32:23Z,-33.17265000,148.11910000,1937.076662471813,-5976.227019640569,1422,2,123.08,
3423,2017-12-30T04:32:24Z,-33.17260000,148.11903333,1938.076662471813,-5975.227019640569,1423,2,123.074,
3424,2017-12-30T04:32:25Z,-33.17256667,148.11896667,1939.076662471813,-5974.227019640569,1424,2,123.07,
3425,2017-12-30T04:32:26Z,-33.17253333,148.11888333,1940.076662471813,-5973.227019640569,1425,2,123.066,
3426,2017-12-30T04:32:27Z,-33.17251667,148.11880000,1941.076662471813,-5972.227019640569,1426,2,123.063,
3427,2017-12-30T04:32:28Z,-33.17248333,148.11873333,1942.076662471813,-5971.227019640569,1427,2,123.059,
3428,2017-12-30T04:32:29Z,-33.17243333,148.11868333,1943.076662471813,-5970.227019640569,1428,2,123.053,
3429,2017-12-30T04:32:30Z,-33.17240000,148.11861667,1944.076662471813,-5969.227019640569,1429,2,123.049,
3430,2017-12-30T04:32:31Z,-33.17236667,148.11855000,1945.076662471813,-5968.227019640569,1430,2,123.045,
3431,2017-12-30T04:32:32Z,-33.17233333,148.11846667,1946.076662471813,-5967.227019640569,1431,2,123.041,
3432,2017-12-30T04:32:33Z,-33.17230000,148.11838333,1947.076662471813,-5966.227019640569,1432,2,123.036,
3433,2017-12-30T04:32:34Z,-33.17226667,148.11828333,1948.076662471813,-5965.227019640569,1433,2,123.032,
3434,2017-12-30T04:32:35Z,-33.17223333,148.11820000,1949.076662471813,-5964.227019640569,1434,2,123.027,
3435,2017-12-30T04:32:36Z,-33.17220000,148.11810000,1950.076662471813,-5963.227019640569,1435,2,123.023,
3436,2017-12-30T04:32:37Z,-33.17215000,148.11800000,1951.076662471813,-5962.227019640569,1436,2,123.017,
3437,2017-12-30T04:32:38Z,-33.17210000,148.11790000,1952.076662471813,-5961.227019640569,1437,2,123.01,
3438,2017-12-30T04:32:39Z,-33.17205000,148.11780000,1953.076662471813,-5960.227019640569,1438,2,123.004,
3439,2017-12-30T04:32:40Z,-33.17200000,148.11771667,1954.076662471813,-5959.227019640569,1439,2,122.998,
3440,2017-12-30T04:32:41Z,-33.17193333,148.11761667,1955.076662471813,-5958.227019640569,1440,2,122.99,
3441,2017-12-30T04:32:42Z,-33.17186667,148.11755000,1956.076662471813,-5957.227019640569,1441,2,122.982,
3442,2017-12-30T04:32:43Z,-33.17178333,148.11746667,1957.076662471813,-5956.227019640569,1442,2,122.972,
3443,2017-12-30T04:32:44Z,-33.17170000,148.11740000,1958.076662471813,-5955.227019640569,1443,2,122.962,
3444,2017-12-30T04:32:45Z,-33.17163333,148.11731667,1959.076662471813,-5954.227019640569,1444,2,122.954,
3445,2017-12-30T04:32:46Z,-33.17155000,148.11723333,1960.076662471813,-5953.227019640569,1445,2,122.944,
3446,2017-12-30T04:32:47Z,-33.17148333,148.11716667,1961.076662471813,-5952.227019640569,1446,2,122.936,
3447,2017-12-30T04:32:48Z,-33.17143333,148.11710000,1962.076662471813,-5951.227019640569,1447,2,122.93,
3448,2017-12-30T04:32:49Z,-33.17135000,148.11703333,1963.076662471813,-5950.227019640569,1448,2,122.921,
3449,2017-12-30T04:32:50Z,-33.17128333,148.11696667,1964.076662471813,-5949.227019640569,1449,2,122.913,
3450,2017-12-30T04:32:51Z,-33.17120000,148.11690000,1965.076662471813,-5948.227019640569,1450,2,122.903,
3451,2017-12-30T04:32:52Z,-33.17111667,148.11683333,1966.076662471813,-5947.227019640569,1451,2,122.893,
3452,2017-12-30T04:32:53Z,-33.17103333,148.11675000,1967.076662471813,-5946.227019640569,1452,2,122.883,
3453,2017-12-30T04:32:54Z,-33.17095000,148.11668333,1968.076662471813,-5945.227019640569,1453,2,122.874,
3454,2017-12-30T04:32:55Z,-33.17086667,148.11660000,1969.076662471813,-5944.227019640569,1454,2,122.864,
3455,2017-12-30T04:32:56Z,-33.17078333,148.11651667,1970.076662471813,-5943.227019640569,1455,2,122.854,
3456,2017-12-30T04:32:57Z,-33.17070000,148.11643333,1971.076662471813,-5942.227019640569,1456,2,122.844,
3457,2017-12-30T04:32:58Z,-33.17061667,148.11635000,1972.076662471813,-5941.227019640569,1457,2,122.834,
3458,2017-12-30T04:32:59Z,-33.17051667,148.11626667,1973.076662471813,-5940.227019640569,1458,2,122.823,
3459,2017-12-30T04:33:00Z,-33.17043333,148.11616667,1974.076662471813,-5939.227019640569,1459,2,122.813,
3460,2017-12-30T04:33:01Z,-33.17033333,148.11606667,1975.076662471813,-5938.227019640569,1460,2,122.801,
3461,2017-12-30T04:33:02Z,-33.17023333,148.11595000,1976.076662471813,-5937.227019640569,1461,2,122.789,
3462,2017-12-30T04:33:03Z,-33.17010000,148.11586667,1977.076662471813,-5936.227019640569,1462,2,122.773,
3463,2017-12-30T04:33:04Z,-33.16996667,148.11578333,1978.076662471813,-5935.227019640569,1463,2,122.758,
3464,2017-12-30T04:33:05Z,-33.16981667,148.11573333,1979.076662471813,-5934.227019640569,1464,2,122.741,
3465,2017-12-30T04:33:06Z,-33.16965000,148.11570000,1980.076662471813,-5933.227019640569,1465,2,122.722,
3466,2017-12-30T04:33:07Z,-33.16950000,148.11566667,1981.076662471813,-5932.227019640569,1466,2,122.705,
3467,2017-12-30T04:33:08Z,-33.16933333,148.11563333,1982.076662471813,-5931.227019640569,1467,2,122.687,
3468,2017-12-30T04:33:09Z,-33.16918333,148.11563333,1983.076662471813,-5930.227019640569,1468,2,122.67,
3469,2017-12-30T04:33:10Z,-33.16901667,148.11563333,1984.076662471813,-5929.227019640569,1469,2,122.652,
3470,2017-12-30T04:33:11Z,-33.16883333,148.11565000,1985.076662471813,-5928.227019640569,1470,2,122.631,
3471,2017-12-30T04:33:12Z,-33.16866667,148.11566667,1986.076662471813,-5927.227019640569,1471,2,122.613,
3472,2017-12-30T04:33:13Z,-33.16850000,148.11568333,1987.076662471813,-5926.227019640569,1472,2,122.595,
3473,2017-12-30T04:33:14Z,-33.16833333,148.11570000,1988.076662471813,-5925.227019640569,1473,2,122.576,
3474,2017-12-30T04:33:15Z,-33.16816667,148.11571667,1989.076662471813,-5924.227019640569,1474,2,122.558,
3475,2017-12-30T04:33:16Z,-33.16801667,148.11573333,1990.076662471813,-5923.227019640569,1475,2,122.542,
3476,2017-12-30T04:33:17Z,-33.16786667,148.11575000,1991.076662471813,-5922.227019640569,1476,2,122.525,
3477,2017-12-30T04:33:18Z,-33.16770000,148.11576667,1992.076662471813,-5921.227019640569,1477,2,122.507,
3478,2017-12-30T04:33:19Z,-33.16753333,148.11581667,1993.076662471813,-5920.227019640569,1478,2,122.489,
3479,2017-12-30T04:33:20Z,-33.16736667,148.11586667,1994.076662471813,-5919.227019640569,1479,2,122.47,
3480,2017-12-30T04:33:21Z,-33.16718333,148.11593333,1995.076662471813,-5918.227019640569,1480,2,122.451,
3481,2017-12-30T04:33:22Z,-33.16700000,148.11598333,1996.076662471813,-5917.227019640569,1481,2,122.431,
3482,2017-12-30T04:33:23Z,-33.16681667,148.11606667,1997.076662471813,-5916.227019640569,1482,2,122.411,
3483,2017-12-30T04:33:24Z,-33.16663333,148.11615000,1998.076662471813,-5915.227019640569,1483,2,122.391,
3484,2017-12-30T04:33:25Z,-33.16645000,148.11623333,1999.076662471813,-5914.227019640569,1484,2,122.372,
3485,2017-12-30T04:33:26Z,-33.16626667,148.11635000,2000.076662471813,-5913.227019640569,1485,2,122.352,
3486,2017-12-30T04:33:27Z,-33.16608333,148.11645000,2001.076662471813,-5912.227019640569,1486,2,122.333,
3487,2017-12-30T04:33:28Z,-33.16591667,148.11656667,2002.076662471813,-5911.227019640569,1487,2,122.315,
3488,2017-12-30T04:33:29Z,-33.16575000,148.11666667,2003.076662471813,-5910.227019640569,1488,2,122.297,
3489,2017-12-30T04:33:30Z,-33.16556667,148.11676667,2004.076662471813,-5909.227019640569,1489,2,122.278,
3490,2017-12-30T04:33:31Z,-33.16538333,148.11686667,2005.076662471813,-5908.227019640569,1490,2,122.258,
3491,2017-12-30T04:33:32Z,-33.16520000,148.11696667,2006.076662471813,-5907.227019640569,1491,2,122.239,
3492,2017-12-30T04:33:33Z,-33.16501667,148.11705000,2007.076662471813,-5906.227019640569,1492,2,122.219,
3493,2017-12-30T04:33:34Z,-33.16483333,148.11713333,2008.076662471813,-5905.227019640569,1493,2,122.199,
3494,2017-12-30T04:33:35Z,-33.16465000,148.11720000,2009.076662471813,-5904.227019640569,1494,2,122.179,
3495,2017-12-30T04:33:36Z,-33.16446667,148.11725000,2010.076662471813,-5903.227019640569,1495,2,122.159,
3496,2017-12-30T04:33:37Z,-33.16426667,148.11731667,2011.076662471813,-5902.227019640569,1496,2,122.138,
3497,2017-12-30T04:33:38Z,-33.16408333,148.11735000,2012.076662471813,-5901.227019640569,1497,2,122.118,
3498,2017-12-30T04:33:39Z,-33.16390000,148.11740000,2013.076662471813,-5900.227019640569,1498,2,122.098,
3499,2017-12-30T04:33:40Z,-33.16370000,148.11743333,2014.076662471813,-5899.227019640569,1499,2,122.076,
3500,2017-12-30T04:33:41Z,-33.16351667,148.11748333,2015.076662471813,-5898.227019640569,1500,2,122.056,
3501,2017-12-30T04:33:42Z,-33.16333333,148.11753333,2016.076662471813,-5897.227019640569,1501,2,122.036,
3502,2017-12-30T04:33:43Z,-33.16315000,148.11760000,2017.076662471813,-5896.227019640569,1502,2,122.016,
3503,2017-12-30T04:33:44Z,-33.16296667,148.11768333,2018.076662471813,-5895.227019640569,1503,2,121.997,
3504,2017-12-30T04:33:45Z,-33.16276667,148.11776667,2019.076662471813,-5894.227019640569,1504,2,121.975,
3505,2017-12-30T04:33:46Z,-33.16258333,148.11783333,2020.076662471813,-5893.227019640569,1505,2,121.955,
3506,2017-12-30T04:33:47Z,-33.16241667,148.11786667,2021.076662471813,-5892.227019640569,1506,2,121.937,
3507,2017-12-30T04:33:48Z,-33.16223333,148.11788333,2022.076662471813,-5891.227019640569,1507,2,121.917,
3508,2017-12-30T04:33:49Z,-33.16206667,148.11788333,2023.076662471813,-5890.227019640569,1508,2,121.898,
3509,2017-12-30T04:33:50Z,-33.16188333,148.11788333,2024.076662471813,-5889.227019640569,1509,2,121.878,
3510,2017-12-30T04:33:51Z,-33.16171667,148.11786667,2025.076662471813,-5888.227019640569,1510,2,121.859,
3511,2017-12-30T04:33:52Z,-33.16153333,148.11786667,2026.076662471813,-5887.227019640569,1511,2,121.839,
3512,2017-12-30T04:33:53Z,-33.16135000,148.11785000,2027.076662471813,-5886.227019640569,1512,2,121.819,
3513,2017-12-30T04:33:54Z,-33.16116667,148.11785000,2028.076662471813,-5885.227019640569,1513,2,121.798,
3514,2017-12-30T04:33:55Z,-33.16098333,148.11785000,2029.076662471813,-5884.227019640569,1514,2,121.778,
3515,2017-12-30T04:33:56Z,-33.16080000,148.11786667,2030.076662471813,-5883.227019640569,1515,2,121.758,
3516,2017-12-30T04:33:57Z,-33.16061667,148.11791667,2031.076662471813,-5882.227019640569,1516,2,121.738,
3517,2017-12-30T04:33:58Z,-33.16041667,148.11796667,2032.076662471813,-5881.227019640569,1517,2,121.716,
3518,2017-12-30T04:33:59Z,-33.16023333,148.11803333,2033.076662471813,-5880.227019640569,1518,2,121.696,
3519,2017-12-30T04:34:00Z,-33.16003333,148.11811667,2034.076662471813,-5879.227019640569,1519,2,121.675,
3520,2017-12-30T04:34:01Z,-33.15985000,148.11821667,2035.076662471813,-5878.227019640569,1520,2,121.655,
3521,2017-12-30T04:34:02Z,-33.15965000,148.11830000,2036.076662471813,-5877.227019640569,1521,2,121.634,
3522,2017-12-30T04:34:03Z,-33.15945000,148.11838333,2037.076662471813,-5876.227019640569,1522,2,121.612,
3523,2017-12-30T04:34:04Z,-33.15925000,148.11845000,2038.076662471813,-5875.227019640569,1523,2,121.59,
3524,2017-12-30T04:34:05Z,-33.15906667,148.11851667,2039.076662471813,-5874.227019640569,1524,2,121.571,
3525,2017-12-30T04:34:06Z,-33.15886667,148.11856667,2040.076662471813,-5873.227019640569,1525,2,121.549,
3526,2017-12-30T04:34:07Z,-33.15866667,148.11861667,2041.076662471813,-5872.227019640569,1526,2,121.527,
3527,2017-12-30T04:34:08Z,-33.15846667,148.11865000,2042.076662471813,-5871.227019640569,1527,2,121.505,
3528,2017-12-30T04:34:09Z,-33.15826667,148.11868333,2043.076662471813,-5870.227019640569,1528,2,121.483,
3529,2017-12-30T04:34:10Z,-33.15808333,148.11870000,2044.076662471813,-5869.227019640569,1529,2,121.463,
3530,2017-12-30T04:34:11Z,-33.15790000,148.11873333,2045.076662471813,-5868.227019640569,1530,2,121.443,
3531,2017-12-30T04:34:12Z,-33.15773333,148.11878333,2046.076662471813,-5867.227019640569,1531,2,121.425,
3532,2017-12-30T04:34:13Z,-33.15756667,148.11885000,2047.076662471813,-5866.227019640569,1532,2,121.407,
3533,2017-12-30T04:34:14Z,-33.15740000,148.11895000,2048.076662471813,-5865.227019640569,1533,2,121.389,
3534,2017-12-30T04:34:15Z,-33.15725000,148.11908333,2049.076662471813,-5864.227019640569,1534,2,121.374,
3535,2017-12-30T04:34:16Z,-33.15711667,148.11926667,2050.076662471813,-5863.227019640569,1535,2,121.36,
3536,2017-12-30T04:34:17Z,-33.15701667,148.11948333,2051.076662471813,-5862.227019640569,1536,2,121.351,
3537,2017-12-30T04:34:18Z,-33.15695000,148.11971667,2052.076662471813,-5861.227019640569,1537,2,121.345,
3538,2017-12-30T04:34:19Z,-33.15695000,148.11995000,2053.076662471813,-5860.227019640569,1538,2,121.347,
3539,2017-12-30T04:34:20Z,-33.15698333,148.12018333,2054.076662471813,-5859.227019640569,1539,2,121.353,
3540,2017-12-30T04:34:21Z,-33.15705000,148.12035000,2055.076662471813,-5858.227019640569,1540,2,121.361,
3541,2017-12-30T04:34:22Z,-33.15715000,148.12050000,2056.076662471813,-5857.227019640569,1541,2,121.374,
3542,2017-12-30T04:34:23Z,-33.15723333,148.12060000,2057.076662471813,-5856.227019640569,1542,2,121.384,
3543,2017-12-30T04:34:24Z,-33.15733333,148.12068333,2058.076662471813,-5855.227019640569,1543,2,121.395,
3544,2017-12-30T04:34:25Z,-33.15740000,148.12071667,2059.076662471813,-5854.227019640569,1544,2,121.403,
3545,2017-12-30T04:34:26Z,-33.15746667,148.12070000,2060.076662471813,-5853.227019640569,1545,2,121.41,
3546,2017-12-30T04:34:27Z,-33.15753333,148.12066667,2061.076662471813,-5852.227019640569,1546,2,121.418,
3547,2017-12-30T04:34:28Z,-33.15755000,148.12060000,2062.076662471813,-5851.227019640569,1547,2,121.419,
3548,2017-12-30T04:34:29Z,-33.15755000,148.12051667,2063.076662471813,-5850.227019640569,1548,2,121.418,
3549,2017-12-30T04:34:30Z,-33.15748333,148.12041667,2064.076662471813,-5849.227019640569,1549,2,121.41,
3550,2017-12-30T04:34:31Z,-33.15736667,148.12033333,2065.076662471813,-5848.227019640569,1550,2,121.396,
3551,2017-12-30T04:34:32Z,-33.15721667,148.12026667,2066.076662471813,-5847.227019640569,1551,2,121.379,
3552,2017-12-30T04:34:33Z,-33.15705000,148.12025000,2067.076662471813,-5846.227019640569,1552,2,121.361,
3553,2017-12-30T04:34:34Z,-33.15688333,148.12023333,2068.076662471813,-5845.227019640569,1553,2,121.342,
3554,2017-12-30T04:34:35Z,-33.15670000,148.12028333,2069.076662471813,-5844.227019640569,1554,2,121.322,
3555,2017-12-30T04:34:36Z,-33.15653333,148.12038333,2070.076662471813,-5843.227019640569,1555,2,121.304,
3556,2017-12-30T04:34:37Z,-33.15638333,148.12051667,2071.076662471813,-5842.227019640569,1556,2,121.289,
3557,2017-12-30T04:34:38Z,-33.15623333,148.12066667,2072.076662471813,-5841.227019640569,1557,2,121.273,
3558,2017-12-30T04:34:39Z,-33.15611667,148.12086667,2073.076662471813,-5840.227019640569,1558,2,121.262,
3559,2017-12-30T04:34:40Z,-33.15601667,148.12108333,2074.076662471813,-5839.227019640569,1559,2,121.253,
3560,2017-12-30T04:34:41Z,-33.15595000,148.12131667,2075.076662471813,-5838.227019640569,1560,2,121.247,
3561,2017-12-30T04:34:42Z,-33.15590000,148.12156667,2076.076662471813,-5837.227019640569,1561,2,121.244,
3562,2017-12-30T04:34:43Z,-33.15588333,148.12181667,2077.076662471813,-5836.227019640569,1562,2,121.244,
3563,2017-12-30T04:34:44Z,-33.15588333,148.12205000,2078.076662471813,-5835.227019640569,1563,2,121.246,
3564,2017-12-30T04:34:45Z,-33.15590000,148.12225000,2079.076662471813,-5834.227019640569,1564,2,121.249,
3565,2017-12-30T04:34:46Z,-33.15593333,148.12241667,2080.076662471813,-5833.227019640569,1565,2,121.254,
3566,2017-12-30T04:34:47Z,-33.15600000,148.12253333,2081.076662471813,-5832.227019640569,1566,2,121.262,
3567,2017-12-30T04:34:48Z,-33.15606667,148.12261667,2082.076662471813,-5831.227019640569,1567,2,121.271,
3568,2017-12-30T04:34:49Z,-33.15613333,148.12261667,2083.076662471813,-5830.227019640569,1568,2,121.278,
3569,2017-12-30T04:34:50Z,-33.15618333,148.12258333,2084.076662471813,-5829.227019640569,1569,2,121.283,
3570,2017-12-30T04:34:51Z,-33.15621667,148.12251667,2085.076662471813,-5828.227019640569,1570,2,121.286,
3571,2017-12-30T04:34:52Z,-33.15620000,148.12243333,2086.076662471813,-5827.227019640569,1571,2,121.284,
3572,2017-12-30T04:34:53Z,-33.15618333,148.12233333,2087.076662471813,-5826.227019640569,1572,2,121.281,
3573,2017-12-30T04:34:54Z,-33.15611667,148.12225000,2088.076662471813,-5825.227019640569,1573,2,121.273,
3574,2017-12-30T04:34:55Z,-33.15605000,148.12216667,2089.076662471813,-5824.227019640569,1574,2,121.265,
3575,2017-12-30T04:34:56Z,-33.15595000,148.12210000,2090.076662471813,-5823.227019640569,1575,2,121.253,
3576,2017-12-30T04:34:57Z,-33.15581667,148.12206667,2091.076662471813,-5822.227019640569,1576,2,121.238,
3577,2017-12-30T04:34:58Z,-33.15566667,148.12205000,2092.076662471813,-5821.227019640569,1577,2,121.222,
3578,2017-12-30T04:34:59Z,-33.15548333,148.12206667,2093.076662471813,-5820.227019640569,1578,2,121.201,
3579,2017-12-30T04:35:00Z,-33.15530000,148.12208333,2094.076662471813,-5819.227019640569,1579,2,121.181,
3580,2017-12-30T04:35:01Z,-33.15511667,148.12211667,2095.076662471813,-5818.227019640569,1580,2,121.161,
3581,2017-12-30T04:35:02Z,-33.15493333,148.12216667,2096.076662471813,-5817.227019640569,1581,2,121.141,
3582,2017-12-30T04:35:03Z,-33.15475000,148.12221667,2097.076662471813,-5816.227019640569,1582,2,121.121,
3583,2017-12-30T04:35:04Z,-33.15458333,148.12226667,2098.076662471813,-5815.227019640569,1583,2,121.103,
3584,2017-12-30T04:35:05Z,-33.15440000,148.12230000,2099.076662471813,-5814.227019640569,1584,2,121.083,
3585,2017-12-30T04:35:06Z,-33.15421667,148.12235000,2100.076662471813,-5813.227019640569,1585,2,121.063,
3586,2017-12-30T04:35:07Z,-33.15401667,148.12241667,2101.076662471813,-5812.227019640569,1586,2,121.042,
3587,2017-12-30T04:35:08Z,-33.15381667,148.12250000,2102.076662471813,-5811.227019640569,1587,2,121.02,
3588,2017-12-30T04:35:09Z,-33.15361667,148.12256667,2103.076662471813,-5810.227019640569,1588,2,120.999,
3589,2017-12-30T04:35:10Z,-33.15341667,148.12265000,2104.076662471813,-5809.227019640569,1589,2,120.977,
3590,2017-12-30T04:35:11Z,-33.15321667,148.12270000,2105.076662471813,-5808.227019640569,1590,2,120.955,
3591,2017-12-30T04:35:12Z,-33.15303333,148.12276667,2106.076662471813,-5807.227019640569,1591,2,120.936,
3592,2017-12-30T04:35:13Z,-33.15285000,148.12283333,2107.076662471813,-5806.227019640569,1592,2,120.916,
3593,2017-12-30T04:35:14Z,-33.15265000,148.12290000,2108.076662471813,-5805.227019640569,1593,2,120.894,
3594,2017-12-30T04:35:15Z,-33.15246667,148.12296667,2109.076662471813,-5804.227019640569,1594,2,120.875,
3595,2017-12-30T04:35:16Z,-33.15228333,148.12303333,2110.076662471813,-5803.227019640569,1595,2,120.855,
3596,2017-12-30T04:35:17Z,-33.15210000,148.12308333,2111.076662471813,-5802.227019640569,1596,2,120.835,
3597,2017-12-30T04:35:18Z,-33.15191667,148.12311667,2112.076662471813,-5801.227019640569,1597,2,120.815,
3598,2017-12-30T04:35:19Z,-33.15175000,148.12315000,2113.076662471813,-5800.227019640569,1598,2,120.797,
3599,2017-12-30T04:35:20Z,-33.15156667,148.12318333,2114.076662471813,-5799.227019640569,1599,2,120.777,
3600,2017-12-30T04:35:21Z,-33.15138333,148.12321667,2115.076662471813,-5798.227019640569,1600,2,120.757,
3601,2017-12-30T04:35:22Z,-33.15120000,148.12323333,2116.076662471813,-5797.227019640569,1601,2,120.736,
3602,2017-12-30T04:35:23Z,-33.15100000,148.12326667,2117.076662471813,-5796.227019640569,1602,2,120.714,
3603,2017-12-30T04:35:24Z,-33.15083333,148.12330000,2118.076662471813,-5795.227019640569,1603,2,120.696,
3604,2017-12-30T04:35:25Z,-33.15065000,148.12333333,2119.076662471813,-5794.227019640569,1604,2,120.676,
3605,2017-12-30T04:35:26Z,-33.15046667,148.12336667,2120.076662471813,-5793.227019640569,1605,2,120.656,
3606,2017-12-30T04:35:27Z,-33.15026667,148.12340000,2121.076662471813,-5792.227019640569,1606,2,120.634,
3607,2017-12-30T04:35:28Z,-33.15008333,148.12343333,2122.076662471813,-5791.227019640569,1607,2,120.614,
3608,2017-12-30T04:35:29Z,-33.14990000,148.12348333,2123.076662471813,-5790.227019640569,1608,2,120.594,
3609,2017-12-30T04:35:30Z,-33.14971667,148.12351667,2124.076662471813,-5789.227019640569,1609,2,120.574,
3610,2017-12-30T04:35:31Z,-33.14951667,148.12356667,2125.076662471813,-5788.227019640569,1610,2,120.553,
3611,2017-12-30T04:35:32Z,-33.14933333,148.12360000,2126.076662471813,-5787.227019640569,1611,2,120.533,
3612,2017-12-30T04:35:33Z,-33.14916667,148.12365000,2127.076662471813,-5786.227019640569,1612,2,120.515,
3613,2017-12-30T04:35:34Z,-33.14898333,148.12370000,2128.076662471813,-5785.227019640569,1613,2,120.495,
3614,2017-12-30T04:35:35Z,-33.14881667,148.12373333,2129.076662471813,-5784.227019640569,1614,2,120.476,
3615,2017-12-30T04:35:36Z,-33.14861667,148.12375000,2130.076662471813,-5783.227019640569,1615,2,120.454,
3616,2017-12-30T04:35:37Z,-33.14843333,148.12380000,2131.076662471813,-5782.227019640569,1616,2,120.434,
3617,2017-12-30T04:35:38Z,-33.14825000,148.12385000,2132.076662471813,-5781.227019640569,1617,2,120.415,
3618,2017-12-30T04:35:39Z,-33.14806667,148.12391667,2133.076662471813,-5780.227019640569,1618,2,120.395,
3619,2017-12-30T04:35:40Z,-33.14790000,148.12400000,2134.076662471813,-5779.227019640569,1619,2,120.377,
3620,2017-12-30T04:35:41Z,-33.14771667,148.12408333,2135.076662471813,-5778.227019640569,1620,2,120.357,
3621,2017-12-30T04:35:42Z,-33.14753333,148.12416667,2136.076662471813,-5777.227019640569,1621,2,120.338,
3622,2017-12-30T04:35:43Z,-33.14735000,148.12425000,2137.076662471813,-5776.227019640569,1622,2,120.318,
3623,2017-12-30T04:35:44Z,-33.14716667,148.12433333,2138.076662471813,-5775.227019640569,1623,2,120.299,
3624,2017-12-30T04:35:45Z,-33.14698333,148.12441667,2139.076662471813,-5774.227019640569,1624,2,120.279,
3625,2017-12-30T04:35:46Z,-33.14680000,148.12448333,2140.076662471813,-5773.227019640569,1625,2,120.259,
3626,2017-12-30T04:35:47Z,-33.14660000,148.12451667,2141.076662471813,-5772.227019640569,1626,2,120.237,
3627,2017-12-30T04:35:48Z,-33.14643333,148.12455000,2142.076662471813,-5771.227019640569,1627,2,120.219,
3628,2017-12-30T04:35:49Z,-33.14625000,148.12458333,2143.076662471813,-5770.227019640569,1628,2,120.199,
3629,2017-12-30T04:35:50Z,-33.14606667,148.12461667,2144.076662471813,-5769.227019640569,1629,2,120.179,
3630,2017-12-30T04:35:51Z,-33.14586667,148.12466667,2145.076662471813,-5768.227019640569,1630,2,120.157,
3631,2017-12-30T04:35:52Z,-33.14568333,148.12470000,2146.076662471813,-5767.227019640569,1631,2,120.137,
3632,2017-12-30T04:35:53Z,-33.14550000,148.12475000,2147.076662471813,-5766.227019640569,1632,2,120.117,
3633,2017-12-30T04:35:54Z,-33.14531667,148.12481667,2148.076662471813,-5765.227019640569,1633,2,120.098,
3634,2017-12-30T04:35:55Z,-33.14513333,148.12486667,2149.076662471813,-5764.227019640569,1634,2,120.078,
3635,2017-12-30T04:35:56Z,-33.14495000,148.12491667,2150.076662471813,-5763.227019640569,1635,2,120.058,
3636,2017-12-30T04:35:57Z,-33.14476667,148.12496667,2151.076662471813,-5762.227019640569,1636,2,120.038,
3637,2017-12-30T04:35:58Z,-33.14460000,148.12500000,2152.076662471813,-5761.227019640569,1637,2,120.02,
3638,2017-12-30T04:35:59Z,-33.14443333,148.12505000,2153.076662471813,-5760.227019640569,1638,2,120.002,
3639,2017-12-30T04:36:00Z,-33.14425000,148.12508333,2154.076662471813,-5759.227019640569,1639,2,119.982,
3640,2017-12-30T04:36:01Z,-33.14408333,148.12513333,2155.076662471813,-5758.227019640569,1640,2,119.964,
3641,2017-12-30T04:36:02Z,-33.14390000,148.12518333,2156.076662471813,-5757.227019640569,1641,2,119.944,
3642,2017-12-30T04:36:03Z,-33.14370000,148.12521667,2157.076662471813,-5756.227019640569,1642,2,119.922,
3643,2017-12-30T04:36:04Z,-33.14351667,148.12526667,2158.076662471813,-5755.227019640569,1643,2,119.902,
3644,2017-12-30T04:36:05Z,-33.14331667,148.12530000,2159.076662471813,-5754.227019640569,1644,2,119.88,
3645,2017-12-30T04:36:06Z,-33.14313333,148.12535000,2160.076662471813,-5753.227019640569,1645,2,119.86,
3646,2017-12-30T04:36:07Z,-33.14295000,148.12538333,2161.076662471813,-5752.227019640569,1646,2,119.84,
3647,2017-12-30T04:36:08Z,-33.14275000,148.12543333,2162.076662471813,-5751.227019640569,1647,2,119.818,
3648,2017-12-30T04:36:09Z,-33.14256667,148.12548333,2163.076662471813,-5750.227019640569,1648,2,119.799,
3649,2017-12-30T04:36:10Z,-33.14236667,148.12553333,2164.076662471813,-5749.227019640569,1649,2,119.777,
3650,2017-12-30T04:36:11Z,-33.14216667,148.12558333,2165.076662471813,-5748.227019640569,1650,2,119.755,
3651,2017-12-30T04:36:12Z,-33.14198333,148.12565000,2166.076662471813,-5747.227019640569,1651,2,119.735,
3652,2017-12-30T04:36:13Z,-33.14180000,148.12571667,2167.076662471813,-5746.227019640569,1652,2,119.716,
3653,2017-12-30T04:36:14Z,-33.14160000,148.12578333,2168.076662471813,-5745.227019640569,1653,2,119.694,
3654,2017-12-30T04:36:15Z,-33.14141667,148.12585000,2169.076662471813,-5744.227019640569,1654,2,119.674,
3655,2017-12-30T04:36:16Z,-33.14121667,148.12590000,2170.076662471813,-5743.227019640569,1655,2,119.653,
3656,2017-12-30T04:36:17Z,-33.14101667,148.12595000,2171.076662471813,-5742.227019640569,1656,2,119.631,
3657,2017-12-30T04:36:18Z,-33.14083333,148.12601667,2172.076662471813,-5741.227019640569,1657,2,119.611,
3658,2017-12-30T04:36:19Z,-33.14065000,148.12606667,2173.076662471813,-5740.227019640569,1658,2,119.591,
3659,2017-12-30T04:36:20Z,-33.14045000,148.12611667,2174.076662471813,-5739.227019640569,1659,2,119.569,
3660,2017-12-30T04:36:21Z,-33.14026667,148.12616667,2175.076662471813,-5738.227019640569,1660,2,119.55,
3661,2017-12-30T04:36:22Z,-33.14008333,148.12621667,2176.076662471813,-5737.227019640569,1661,2,119.53,
3662,2017-12-30T04:36:23Z,-33.13990000,148.12628333,2177.076662471813,-5736.227019640569,1662,2,119.51,
3663,2017-12-30T04:36:24Z,-33.13973333,148.12633333,2178.076662471813,-5735.227019640569,1663,2,119.492,
3664,2017-12-30T04:36:25Z,-33.13956667,148.12640000,2179.076662471813,-5734.227019640569,1664,2,119.474,
3665,2017-12-30T04:36:26Z,-33.13940000,148.12645000,2180.076662471813,-5733.227019640569,1665,2,119.456,
3666,2017-12-30T04:36:27Z,-33.13923333,148.12651667,2181.076662471813,-5732.227019640569,1666,2,119.438,
3667,2017-12-30T04:36:28Z,-33.13905000,148.12655000,2182.076662471813,-5731.227019640569,1667,2,119.418,
3668,2017-12-30T04:36:29Z,-33.13888333,148.12660000,2183.076662471813,-5730.227019640569,1668,2,119.4,
3669,2017-12-30T04:36:30Z,-33.13870000,148.12663333,2184.076662471813,-5729.227019640569,1669,2,119.38,
3670,2017-12-30T04:36:31Z,-33.13853333,148.12666667,2185.076662471813,-5728.227019640569,1670,2,119.362,
3671,2017-12-30T04:36:32Z,-33.13835000,148.12668333,2186.076662471813,-5727.227019640569,1671,2,119.342,
3672,2017-12-30T04:36:33Z,-33.13816667,148.12670000,2187.076662471813,-5726.227019640569,1672,2,119.322,
3673,2017-12-30T04:36:34Z,-33.13798333,148.12671667,2188.076662471813,-5725.227019640569,1673,2,119.301,
3674,2017-12-30T04:36:35Z,-33.13778333,148.12673333,2189.076662471813,-5724.227019640569,1674,2,119.279,
3675,2017-12-30T04:36:36Z,-33.13758333,148.12675000,2190.076662471813,-5723.227019640569,1675,2,119.257,
3676,2017-12-30T04:36:37Z,-33.13738333,148.12676667,2191.076662471813,-5722.227019640569,1676,2,119.235,
3677,2017-12-30T04:36:38Z,-33.13718333,148.12676667,2192.076662471813,-5721.227019640569,1677,2,119.213,
3678,2017-12-30T04:36:39Z,-33.13700000,148.12678333,2193.076662471813,-5720.227019640569,1678,2,119.193,
3679,2017-12-30T04:36:40Z,-33.13678333,148.12680000,2194.076662471813,-5719.227019640569,1679,2,119.169,
3680,2017-12-30T04:36:41Z,-33.13656667,148.12680000,2195.076662471813,-5718.227019640569,1680,2,119.145,
3681,2017-12-30T04:36:42Z,-33.13635000,148.12680000,2196.076662471813,-5717.227019640569,1681,2,119.121,
3682,2017-12-30T04:36:43Z,-33.13610000,148.12676667,2197.076662471813,-5716.227019640569,1682,2,119.093,
3683,2017-12-30T04:36:44Z,-33.13588333,148.12683333,2198.076662471813,-5715.227019640569,1683,2,119.07,
3684,2017-12-30T04:36:45Z,-33.13568333,148.12696667,2199.076662471813,-5714.227019640569,1684,2,119.049,
3685,2017-12-30T04:36:46Z,-33.13553333,148.12715000,2200.076662471813,-5713.227019640569,1685,2,119.034,
3686,2017-12-30T04:36:47Z,-33.13541667,148.12738333,2201.076662471813,-5712.227019640569,1686,2,119.023,
3687,2017-12-30T04:36:48Z,-33.13538333,148.12763333,2202.076662471813,-5711.227019640569,1687,2,119.021,
3688,2017-12-30T04:36:49Z,-33.13540000,148.12785000,2203.076662471813,-5710.227019640569,1688,2,119.025,
3689,2017-12-30T04:36:50Z,-33.13546667,148.12805000,2204.076662471813,-5709.227019640569,1689,2,119.034,
3690,2017-12-30T04:36:51Z,-33.13556667,148.12816667,2205.076662471813,-5708.227019640569,1690,2,119.046,
3691,2017-12-30T04:36:52Z,-33.13566667,148.12821667,2206.076662471813,-5707.227019640569,1691,2,119.058,
3692,2017-12-30T04:36:53Z,-33.13575000,148.12820000,2207.076662471813,-5706.227019640569,1692,2,119.067,
3693,2017-12-30T04:36:54Z,-33.13576667,148.12815000,2208.076662471813,-5705.227019640569,1693,2,119.068,
3694,2017-12-30T04:36:55Z,-33.13573333,148.12806667,2209.076662471813,-5704.227019640569,1694,2,119.064,
3695,2017-12-30T04:36:56Z,-33.13566667,148.12800000,2210.076662471813,-5703.227019640569,1695,2,119.056,
3696,2017-12-30T04:36:57Z,-33.13555000,148.12795000,2211.076662471813,-5702.227019640569,1696,2,119.042,
3697,2017-12-30T04:36:58Z,-33.13540000,148.12791667,2212.076662471813,-5701.227019640569,1697,2,119.026,
3698,2017-12-30T04:36:59Z,-33.13521667,148.12793333,2213.076662471813,-5700.227019640569,1698,2,119.005,
3699,2017-12-30T04:37:00Z,-33.13503333,148.12798333,2214.076662471813,-5699.227019640569,1699,2,118.985,
3700,2017-12-30T04:37:01Z,-33.13483333,148.12805000,2215.076662471813,-5698.227019640569,1700,2,118.964,
3701,2017-12-30T04:37:02Z,-33.13465000,148.12815000,2216.076662471813,-5697.227019640569,1701,2,118.944,
3702,2017-12-30T04:37:03Z,-33.13446667,148.12828333,2217.076662471813,-5696.227019640569,1702,2,118.925,
3703,2017-12-30T04:37:04Z,-33.13430000,148.12843333,2218.076662471813,-5695.227019640569,1703,2,118.908,
3704,2017-12-30T04:37:05Z,-33.13420000,148.12863333,2219.076662471813,-5694.227019640569,1704,2,118.899,
3705,2017-12-30T04:37:06Z,-33.13413333,148.12886667,2220.076662471813,-5693.227019640569,1705,2,118.893,
3706,2017-12-30T04:37:07Z,-33.13413333,148.12910000,2221.076662471813,-5692.227019640569,1706,2,118.895,
3707,2017-12-30T04:37:08Z,-33.13418333,148.12931667,2222.076662471813,-5691.227019640569,1707,2,118.903,
3708,2017-12-30T04:37:09Z,-33.13428333,148.12948333,2223.076662471813,-5690.227019640569,1708,2,118.915,
3709,2017-12-30T04:37:10Z,-33.13440000,148.12958333,2224.076662471813,-5689.227019640569,1709,2,118.929,
3710,2017-12-30T04:37:11Z,-33.13450000,148.12963333,2225.076662471813,-5688.227019640569,1710,2,118.941,
3711,2017-12-30T04:37:12Z,-33.13458333,148.12963333,2226.076662471813,-5687.227019640569,1711,2,118.95,
3712,2017-12-30T04:37:13Z,-33.13463333,148.12960000,2227.076662471813,-5686.227019640569,1712,2,118.955,
3713,2017-12-30T04:37:14Z,-33.13466667,148.12953333,2228.076662471813,-5685.227019640569,1713,2,118.958,
3714,2017-12-30T04:37:15Z,-33.13465000,148.12946667,2229.076662471813,-5684.227019640569,1714,2,118.956,
3715,2017-12-30T04:37:16Z,-33.13460000,148.12940000,2230.076662471813,-5683.227019640569,1715,2,118.95,
3716,2017-12-30T04:37:17Z,-33.13450000,148.12933333,2231.076662471813,-5682.227019640569,1716,2,118.938,
3717,2017-12-30T04:37:18Z,-33.13435000,148.12930000,2232.076662471813,-5681.227019640569,1717,2,118.921,
3718,2017-12-30T04:37:19Z,-33.13418333,148.12928333,2233.076662471813,-5680.227019640569,1718,2,118.903,
3719,2017-12-30T04:37:20Z,-33.13400000,148.12931667,2234.076662471813,-5679.227019640569,1719,2,118.883,
3720,2017-12-30T04:37:21Z,-33.13381667,148.12938333,2235.076662471813,-5678.227019640569,1720,2,118.863,
3721,2017-12-30T04:37:22Z,-33.13363333,148.12946667,2236.076662471813,-5677.227019640569,1721,2,118.843,
3722,2017-12-30T04:37:23Z,-33.13346667,148.12960000,2237.076662471813,-5676.227019640569,1722,2,118.826,
3723,2017-12-30T04:37:24Z,-33.13333333,148.12978333,2238.076662471813,-5675.227019640569,1723,2,118.813,
3724,2017-12-30T04:37:25Z,-33.13323333,148.13001667,2239.076662471813,-5674.227019640569,1724,2,118.804,
3725,2017-12-30T04:37:26Z,-33.13320000,148.13026667,2240.076662471813,-5673.227019640569,1725,2,118.802,
3726,2017-12-30T04:37:27Z,-33.13320000,148.13053333,2241.076662471813,-5672.227019640569,1726,2,118.805,
3727,2017-12-30T04:37:28Z,-33.13321667,148.13078333,2242.076662471813,-5671.227019640569,1727,2,118.809,
3728,2017-12-30T04:37:29Z,-33.13326667,148.13101667,2243.076662471813,-5670.227019640569,1728,2,118.816,
3729,2017-12-30T04:37:30Z,-33.13335000,148.13123333,2244.076662471813,-5669.227019640569,1729,2,118.827,
3730,2017-12-30T04:37:31Z,-33.13346667,148.13140000,2245.076662471813,-5668.227019640569,1730,2,118.842,
3731,2017-12-30T04:37:32Z,-33.13358333,148.13151667,2246.076662471813,-5667.227019640569,1731,2,118.856,
3732,2017-12-30T04:37:33Z,-33.13368333,148.13158333,2247.076662471813,-5666.227019640569,1732,2,118.867,
3733,2017-12-30T04:37:34Z,-33.13378333,148.13160000,2248.076662471813,-5665.227019640569,1733,2,118.879,
3734,2017-12-30T04:37:35Z,-33.13385000,148.13156667,2249.076662471813,-5664.227019640569,1734,2,118.886,
3735,2017-12-30T04:37:36Z,-33.13391667,148.13150000,2250.076662471813,-5663.227019640569,1735,2,118.892,
3736,2017-12-30T04:37:37Z,-33.13393333,148.13141667,2251.076662471813,-5662.227019640569,1736,2,118.894,
3737,2017-12-30T04:37:38Z,-33.13393333,148.13133333,2252.076662471813,-5661.227019640569,1737,2,118.893,
3738,2017-12-30T04:37:39Z,-33.13391667,148.13126667,2253.076662471813,-5660.227019640569,1738,2,118.89,
3739,2017-12-30T04:37:40Z,-33.13383333,148.13118333,2254.076662471813,-5659.227019640569,1739,2,118.88,
3740,2017-12-30T04:37:41Z,-33.13373333,148.13111667,2255.076662471813,-5658.227019640569,1740,2,118.869,
3741,2017-12-30T04:37:42Z,-33.13360000,148.13108333,2256.076662471813,-5657.227019640569,1741,2,118.854,
3742,2017-12-30T04:37:43Z,-33.13343333,148.13106667,2257.076662471813,-5656.227019640569,1742,2,118.835,
3743,2017-12-30T04:37:44Z,-33.13325000,148.13108333,2258.076662471813,-5655.227019640569,1743,2,118.815,
3744,2017-12-30T04:37:45Z,-33.13306667,148.13116667,2259.076662471813,-5654.227019640569,1744,2,118.795,
3745,2017-12-30T04:37:46Z,-33.13290000,148.13131667,2260.076662471813,-5653.227019640569,1745,2,118.778,
3746,2017-12-30T04:37:47Z,-33.13275000,148.13148333,2261.076662471813,-5652.227019640569,1746,2,118.763,
3747,2017-12-30T04:37:48Z,-33.13261667,148.13166667,2262.076662471813,-5651.227019640569,1747,2,118.75,
3748,2017-12-30T04:37:49Z,-33.13251667,148.13186667,2263.076662471813,-5650.227019640569,1748,2,118.741,
3749,2017-12-30T04:37:50Z,-33.13246667,148.13210000,2264.076662471813,-5649.227019640569,1749,2,118.737,
3750,2017-12-30T04:37:51Z,-33.13245000,148.13235000,2265.076662471813,-5648.227019640569,1750,2,118.738,
3751,2017-12-30T04:37:52Z,-33.13248333,148.13258333,2266.076662471813,-5647.227019640569,1751,2,118.743,
3752,2017-12-30T04:37:53Z,-33.13256667,148.13278333,2267.076662471813,-5646.227019640569,1752,2,118.754,
3753,2017-12-30T04:37:54Z,-33.13266667,148.13295000,2268.076662471813,-5645.227019640569,1753,2,118.767,
3754,2017-12-30T04:37:55Z,-33.13278333,148.13306667,2269.076662471813,-5644.227019640569,1754,2,118.781,
3755,2017-12-30T04:37:56Z,-33.13290000,148.13315000,2270.076662471813,-5643.227019640569,1755,2,118.795,
3756,2017-12-30T04:37:57Z,-33.13301667,148.13321667,2271.076662471813,-5642.227019640569,1756,2,118.808,
3757,2017-12-30T04:37:58Z,-33.13313333,148.13325000,2272.076662471813,-5641.227019640569,1757,2,118.821,
3758,2017-12-30T04:37:59Z,-33.13321667,148.13328333,2273.076662471813,-5640.227019640569,1758,2,118.831,
3759,2017-12-30T04:38:00Z,-33.13330000,148.13328333,2274.076662471813,-5639.227019640569,1759,2,118.84,
3760,2017-12-30T04:38:01Z,-33.13336667,148.13326667,2275.076662471813,-5638.227019640569,1760,2,118.847,
3761,2017-12-30T04:38:02Z,-33.13340000,148.13325000,2276.076662471813,-5637.227019640569,1761,2,118.851,
3762,2017-12-30T04:38:03Z,-33.13340000,148.13320000,2277.076662471813,-5636.227019640569,1762,2,118.85,
3763,2017-12-30T04:38:04Z,-33.13333333,148.13315000,2278.076662471813,-5635.227019640569,1763,2,118.843,
3764,2017-12-30T04:38:05Z,-33.13318333,148.13313333,2279.076662471813,-5634.227019640569,1764,2,118.826,
3765,2017-12-30T04:38:06Z,-33.13300000,148.13320000,2280.076662471813,-5633.227019640569,1765,2,118.806,
3766,2017-12-30T04:38:07Z,-33.13280000,148.13335000,2281.076662471813,-5632.227019640569,1766,2,118.785,
3767,2017-12-30T04:38:08Z,-33.13266667,148.13355000,2282.076662471813,-5631.227019640569,1767,2,118.772,
3768,2017-12-30T04:38:09Z,-33.13256667,148.13378333,2283.076662471813,-5630.227019640569,1768,2,118.763,
3769,2017-12-30T04:38:10Z,-33.13253333,148.13400000,2284.076662471813,-5629.227019640569,1769,2,118.762,
3770,2017-12-30T04:38:11Z,-33.13253333,148.13423333,2285.076662471813,-5628.227019640569,1770,2,118.764,
3771,2017-12-30T04:38:12Z,-33.13260000,148.13440000,2286.076662471813,-5627.227019640569,1771,2,118.773,
3772,2017-12-30T04:38:13Z,-33.13266667,148.13455000,2287.076662471813,-5626.227019640569,1772,2,118.781,
3773,2017-12-30T04:38:14Z,-33.13276667,148.13463333,2288.076662471813,-5625.227019640569,1773,2,118.793,
3774,2017-12-30T04:38:15Z,-33.13285000,148.13465000,2289.076662471813,-5624.227019640569,1774,2,118.803,
3775,2017-12-30T04:38:16Z,-33.13293333,148.13461667,2290.076662471813,-5623.227019640569,1775,2,118.812,
3776,2017-12-30T04:38:17Z,-33.13296667,148.13456667,2291.076662471813,-5622.227019640569,1776,2,118.815,
3777,2017-12-30T04:38:18Z,-33.13296667,148.13450000,2292.076662471813,-5621.227019640569,1777,2,118.814,
3778,2017-12-30T04:38:19Z,-33.13293333,148.13443333,2293.076662471813,-5620.227019640569,1778,2,118.81,
3779,2017-12-30T04:38:20Z,-33.13286667,148.13436667,2294.076662471813,-5619.227019640569,1779,2,118.802,
3780,2017-12-30T04:38:21Z,-33.13275000,148.13431667,2295.076662471813,-5618.227019640569,1780,2,118.789,
3781,2017-12-30T04:38:22Z,-33.13260000,148.13431667,2296.076662471813,-5617.227019640569,1781,2,118.772,
3782,2017-12-30T04:38:23Z,-33.13241667,148.13433333,2297.076662471813,-5616.227019640569,1782,2,118.752,
3783,2017-12-30T04:38:24Z,-33.13223333,148.13443333,2298.076662471813,-5615.227019640569,1783,2,118.732,
3784,2017-12-30T04:38:25Z,-33.13205000,148.13455000,2299.076662471813,-5614.227019640569,1784,2,118.713,
3785,2017-12-30T04:38:26Z,-33.13190000,148.13473333,2300.076662471813,-5613.227019640569,1785,2,118.698,
3786,2017-12-30T04:38:27Z,-33.13176667,148.13493333,2301.076662471813,-5612.227019640569,1786,2,118.685,
3787,2017-12-30T04:38:28Z,-33.13166667,148.13513333,2302.076662471813,-5611.227019640569,1787,2,118.676,
3788,2017-12-30T04:38:29Z,-33.13161667,148.13535000,2303.076662471813,-5610.227019640569,1788,2,118.672,
3789,2017-12-30T04:38:30Z,-33.13160000,148.13556667,2304.076662471813,-5609.227019640569,1789,2,118.673,
3790,2017-12-30T04:38:31Z,-33.13163333,148.13576667,2305.076662471813,-5608.227019640569,1790,2,118.678,
3791,2017-12-30T04:38:32Z,-33.13171667,148.13595000,2306.076662471813,-5607.227019640569,1791,2,118.689,
3792,2017-12-30T04:38:33Z,-33.13181667,148.13611667,2307.076662471813,-5606.227019640569,1792,2,118.702,
3793,2017-12-30T04:38:34Z,-33.13191667,148.13621667,2308.076662471813,-5605.227019640569,1793,2,118.714,
3794,2017-12-30T04:38:35Z,-33.13205000,148.13628333,2309.076662471813,-5604.227019640569,1794,2,118.729,
3795,2017-12-30T04:38:36Z,-33.13215000,148.13631667,2310.076662471813,-5603.227019640569,1795,2,118.74,
3796,2017-12-30T04:38:37Z,-33.13223333,148.13631667,2311.076662471813,-5602.227019640569,1796,2,118.75,
3797,2017-12-30T04:38:38Z,-33.13228333,148.13626667,2312.076662471813,-5601.227019640569,1797,2,118.755,
3798,2017-12-30T04:38:39Z,-33.13230000,148.13620000,2313.076662471813,-5600.227019640569,1798,2,118.756,
3799,2017-12-30T04:38:40Z,-33.13226667,148.13613333,2314.076662471813,-5599.227019640569,1799,2,118.752,
3800,2017-12-30T04:38:41Z,-33.13216667,148.13606667,2315.076662471813,-5598.227019640569,1800,2,118.74,
3801,2017-12-30T04:38:42Z,-33.13203333,148.13603333,2316.076662471813,-5597.227019640569,1801,2,118.725,
3802,2017-12-30T04:38:43Z,-33.13188333,148.13598333,2317.076662471813,-5596.227019640569,1802,2,118.708,
3803,2017-12-30T04:38:44Z,-33.13171667,148.13598333,2318.076662471813,-5595.227019640569,1803,2,118.689,
3804,2017-12-30T04:38:45Z,-33.13155000,148.13600000,2319.076662471813,-5594.227019640569,1804,2,118.671,
3805,2017-12-30T04:38:46Z,-33.13136667,148.13606667,2320.076662471813,-5593.227019640569,1805,2,118.651,
3806,2017-12-30T04:38:47Z,-33.13118333,148.13616667,2321.076662471813,-5592.227019640569,1806,2,118.632,
3807,2017-12-30T04:38:48Z,-33.13101667,148.13631667,2322.076662471813,-5591.227019640569,1807,2,118.615,
3808,2017-12-30T04:38:49Z,-33.13086667,148.13650000,2323.076662471813,-5590.227019640569,1808,2,118.6,
3809,2017-12-30T04:38:50Z,-33.13078333,148.13670000,2324.076662471813,-5589.227019640569,1809,2,118.593,
3810,2017-12-30T04:38:51Z,-33.13075000,148.13693333,2325.076662471813,-5588.227019640569,1810,2,118.591,
3811,2017-12-30T04:38:52Z,-33.13078333,148.13713333,2326.076662471813,-5587.227019640569,1811,2,118.597,
3812,2017-12-30T04:38:53Z,-33.13086667,148.13726667,2327.076662471813,-5586.227019640569,1812,2,118.607,
3813,2017-12-30T04:38:54Z,-33.13098333,148.13735000,2328.076662471813,-5585.227019640569,1813,2,118.621,
3814,2017-12-30T04:38:55Z,-33.13108333,148.13735000,2329.076662471813,-5584.227019640569,1814,2,118.632,
3815,2017-12-30T04:38:56Z,-33.13118333,148.13731667,2330.076662471813,-5583.227019640569,1815,2,118.643,
3816,2017-12-30T04:38:57Z,-33.13125000,148.13725000,2331.076662471813,-5582.227019640569,1816,2,118.649,
3817,2017-12-30T04:38:58Z,-33.13128333,148.13718333,2332.076662471813,-5581.227019640569,1817,2,118.652,
3818,2017-12-30T04:38:59Z,-33.13125000,148.13710000,2333.076662471813,-5580.227019640569,1818,2,118.648,
3819,2017-12-30T04:39:00Z,-33.13118333,148.13701667,2334.076662471813,-5579.227019640569,1819,2,118.64,
3820,2017-12-30T04:39:01Z,-33.13106667,148.13696667,2335.076662471813,-5578.227019640569,1820,2,118.626,
3821,2017-12-30T04:39:02Z,-33.13090000,148.13693333,2336.076662471813,-5577.227019640569,1821,2,118.608,
3822,2017-12-30T04:39:03Z,-33.13073333,148.13696667,2337.076662471813,-5576.227019640569,1822,2,118.59,
3823,2017-12-30T04:39:04Z,-33.13055000,148.13703333,2338.076662471813,-5575.227019640569,1823,2,118.57,
3824,2017-12-30T04:39:05Z,-33.13036667,148.13713333,2339.076662471813,-5574.227019640569,1824,2,118.551,
3825,2017-12-30T04:39:06Z,-33.13018333,148.13730000,2340.076662471813,-5573.227019640569,1825,2,118.532,
3826,2017-12-30T04:39:07Z,-33.13003333,148.13748333,2341.076662471813,-5572.227019640569,1826,2,118.517,
3827,2017-12-30T04:39:08Z,-33.12991667,148.13770000,2342.076662471813,-5571.227019640569,1827,2,118.506,
3828,2017-12-30T04:39:09Z,-33.12986667,148.13791667,2343.076662471813,-5570.227019640569,1828,2,118.503,
3829,2017-12-30T04:39:10Z,-33.12986667,148.13815000,2344.076662471813,-5569.227019640569,1829,2,118.505,
3830,2017-12-30T04:39:11Z,-33.12990000,148.13835000,2345.076662471813,-5568.227019640569,1830,2,118.51,
3831,2017-12-30T04:39:12Z,-33.12996667,148.13851667,2346.076662471813,-5567.227019640569,1831,2,118.519,
3832,2017-12-30T04:39:13Z,-33.13006667,148.13863333,2347.076662471813,-5566.227019640569,1832,2,118.531,
3833,2017-12-30T04:39:14Z,-33.13016667,148.13871667,2348.076662471813,-5565.227019640569,1833,2,118.543,
3834,2017-12-30T04:39:15Z,-33.13026667,148.13875000,2349.076662471813,-5564.227019640569,1834,2,118.555,
3835,2017-12-30T04:39:16Z,-33.13036667,148.13875000,2350.076662471813,-5563.227019640569,1835,2,118.566,
3836,2017-12-30T04:39:17Z,-33.13043333,148.13871667,2351.076662471813,-5562.227019640569,1836,2,118.573,
3837,2017-12-30T04:39:18Z,-33.13046667,148.13866667,2352.076662471813,-5561.227019640569,1837,2,118.576,
3838,2017-12-30T04:39:19Z,-33.13043333,148.13860000,2353.076662471813,-5560.227019640569,1838,2,118.572,
3839,2017-12-30T04:39:20Z,-33.13035000,148.13853333,2354.076662471813,-5559.227019640569,1839,2,118.562,
3840,2017-12-30T04:39:21Z,-33.13023333,148.13850000,2355.076662471813,-5558.227019640569,1840,2,118.549,
3841,2017-12-30T04:39:22Z,-33.13006667,148.13850000,2356.076662471813,-5557.227019640569,1841,2,118.53,
3842,2017-12-30T04:39:23Z,-33.12990000,148.13853333,2357.076662471813,-5556.227019640569,1842,2,118.512,
3843,2017-12-30T04:39:24Z,-33.12973333,148.13866667,2358.076662471813,-5555.227019640569,1843,2,118.495,
3844,2017-12-30T04:39:25Z,-33.12956667,148.13883333,2359.076662471813,-5554.227019640569,1844,2,118.478,
3845,2017-12-30T04:39:26Z,-33.12945000,148.13906667,2360.076662471813,-5553.227019640569,1845,2,118.467,
3846,2017-12-30T04:39:27Z,-33.12938333,148.13928333,2361.076662471813,-5552.227019640569,1846,2,118.462,
3847,2017-12-30T04:39:28Z,-33.12935000,148.13953333,2362.076662471813,-5551.227019640569,1847,2,118.46,
3848,2017-12-30T04:39:29Z,-33.12936667,148.13975000,2363.076662471813,-5550.227019640569,1848,2,118.464,
3849,2017-12-30T04:39:30Z,-33.12943333,148.13995000,2364.076662471813,-5549.227019640569,1849,2,118.473,
3850,2017-12-30T04:39:31Z,-33.12953333,148.14010000,2365.076662471813,-5548.227019640569,1850,2,118.486,
3851,2017-12-30T04:39:32Z,-33.12965000,148.14020000,2366.076662471813,-5547.227019640569,1851,2,118.5,
3852,2017-12-30T04:39:33Z,-33.12976667,148.14026667,2367.076662471813,-5546.227019640569,1852,2,118.513,
3853,2017-12-30T04:39:34Z,-33.12988333,148.14031667,2368.076662471813,-5545.227019640569,1853,2,118.527,
3854,2017-12-30T04:39:35Z,-33.12998333,148.14035000,2369.076662471813,-5544.227019640569,1854,2,118.538,
3855,2017-12-30T04:39:36Z,-33.13008333,148.14026667,2370.076662471813,-5543.227019640569,1855,2,118.548,
3856,2017-12-30T04:39:37Z,-33.13013333,148.14020000,2371.076662471813,-5542.227019640569,1856,2,118.553,
3857,2017-12-30T04:39:38Z,-33.13015000,148.14011667,2372.076662471813,-5541.227019640569,1857,2,118.554,
3858,2017-12-30T04:39:39Z,-33.13011667,148.14003333,2373.076662471813,-5540.227019640569,1858,2,118.55,
3859,2017-12-30T04:39:40Z,-33.13003333,148.13996667,2374.076662471813,-5539.227019640569,1859,2,118.54,
3860,2017-12-30T04:39:41Z,-33.12991667,148.13991667,2375.076662471813,-5538.227019640569,1860,2,118.527,
3861,2017-12-30T04:39:42Z,-33.12976667,148.13990000,2376.076662471813,-5537.227019640569,1861,2,118.51,
3862,2017-12-30T04:39:43Z,-33.12960000,148.13991667,2377.076662471813,-5536.227019640569,1862,2,118.491,
3863,2017-12-30T04:39:44Z,-33.12941667,148.13996667,2378.076662471813,-5535.227019640569,1863,2,118.472,
3864,2017-12-30T04:39:45Z,-33.12923333,148.14005000,2379.076662471813,-5534.227019640569,1864,2,118.452,
3865,2017-12-30T04:39:46Z,-33.12906667,148.14018333,2380.076662471813,-5533.227019640569,1865,2,118.435,
3866,2017-12-30T04:39:47Z,-33.12891667,148.14036667,2381.076662471813,-5532.227019640569,1866,2,118.42,
3867,2017-12-30T04:39:48Z,-33.12881667,148.14058333,2382.076662471813,-5531.227019640569,1867,2,118.411,
3868,2017-12-30T04:39:49Z,-33.12876667,148.14081667,2383.076662471813,-5530.227019640569,1868,2,118.408,
3869,2017-12-30T04:39:50Z,-33.12873333,148.14106667,2384.076662471813,-5529.227019640569,1869,2,118.406,
3870,2017-12-30T04:39:51Z,-33.12873333,148.14130000,2385.076662471813,-5528.227019640569,1870,2,118.408,
3871,2017-12-30T04:39:52Z,-33.12875000,148.14153333,2386.076662471813,-5527.227019640569,1871,2,118.412,
3872,2017-12-30T04:39:53Z,-33.12878333,148.14175000,2387.076662471813,-5526.227019640569,1872,2,118.418,
3873,2017-12-30T04:39:54Z,-33.12883333,148.14196667,2388.076662471813,-5525.227019640569,1873,2,118.426,
3874,2017-12-30T04:39:55Z,-33.12890000,148.14215000,2389.076662471813,-5524.227019640569,1874,2,118.435,
3875,2017-12-30T04:39:56Z,-33.12900000,148.14230000,2390.076662471813,-5523.227019640569,1875,2,118.447,
3876,2017-12-30T04:39:57Z,-33.12908333,148.14241667,2391.076662471813,-5522.227019640569,1876,2,118.457,
3877,2017-12-30T04:39:58Z,-33.12920000,148.14251667,2392.076662471813,-5521.227019640569,1877,2,118.471,
3878,2017-12-30T04:39:59Z,-33.12930000,148.14256667,2393.076662471813,-5520.227019640569,1878,2,118.483,
3879,2017-12-30T04:40:00Z,-33.12940000,148.14258333,2394.076662471813,-5519.227019640569,1879,2,118.494,
3880,2017-12-30T04:40:01Z,-33.12948333,148.14248333,2395.076662471813,-5518.227019640569,1880,2,118.502,
3881,2017-12-30T04:40:02Z,-33.12951667,148.14238333,2396.076662471813,-5517.227019640569,1881,2,118.505,
3882,2017-12-30T04:40:03Z,-33.12951667,148.14230000,2397.076662471813,-5516.227019640569,1882,2,118.504,
3883,2017-12-30T04:40:04Z,-33.12945000,148.14220000,2398.076662471813,-5515.227019640569,1883,2,118.496,
3884,2017-12-30T04:40:05Z,-33.12935000,148.14211667,2399.076662471813,-5514.227019640569,1884,2,118.484,
3885,2017-12-30T04:40:06Z,-33.12921667,148.14206667,2400.076662471813,-5513.227019640569,1885,2,118.469,
3886,2017-12-30T04:40:07Z,-33.12905000,148.14203333,2401.076662471813,-5512.227019640569,1886,2,118.45,
3887,2017-12-30T04:40:08Z,-33.12888333,148.14200000,2402.076662471813,-5511.227019640569,1887,2,118.431,
3888,2017-12-30T04:40:09Z,-33.12871667,148.14200000,2403.076662471813,-5510.227019640569,1888,2,118.413,
3889,2017-12-30T04:40:10Z,-33.12855000,148.14200000,2404.076662471813,-5509.227019640569,1889,2,118.395,
3890,2017-12-30T04:40:11Z,-33.12836667,148.14203333,2405.076662471813,-5508.227019640569,1890,2,118.375,
3891,2017-12-30T04:40:12Z,-33.12820000,148.14213333,2406.076662471813,-5507.227019640569,1891,2,118.357,
3892,2017-12-30T04:40:13Z,-33.12805000,148.14226667,2407.076662471813,-5506.227019640569,1892,2,118.342,
3893,2017-12-30T04:40:14Z,-33.12793333,148.14246667,2408.076662471813,-5505.227019640569,1893,2,118.331,
3894,2017-12-30T04:40:15Z,-33.12786667,148.14270000,2409.076662471813,-5504.227019640569,1894,2,118.326,
3895,2017-12-30T04:40:16Z,-33.12785000,148.14295000,2410.076662471813,-5503.227019640569,1895,2,118.326,
3896,2017-12-30T04:40:17Z,-33.12788333,148.14318333,2411.076662471813,-5502.227019640569,1896,2,118.332,
3897,2017-12-30T04:40:18Z,-33.12793333,148.14341667,2412.076662471813,-5501.227019640569,1897,2,118.34,
3898,2017-12-30T04:40:19Z,-33.12800000,148.14361667,2413.076662471813,-5500.227019640569,1898,2,118.349,
3899,2017-12-30T04:40:20Z,-33.12810000,148.14378333,2414.076662471813,-5499.227019640569,1899,2,118.362,
3900,2017-12-30T04:40:21Z,-33.12820000,148.14391667,2415.076662471813,-5498.227019640569,1900,2,118.374,
3901,2017-12-30T04:40:22Z,-33.12833333,148.14401667,2416.076662471813,-5497.227019640569,1901,2,118.39,
3902,2017-12-30T04:40:23Z,-33.12846667,148.14408333,2417.076662471813,-5496.227019640569,1902,2,118.405,
3903,2017-12-30T04:40:24Z,-33.12858333,148.14410000,2418.076662471813,-5495.227019640569,1903,2,118.418,
3904,2017-12-30T04:40:25Z,-33.12870000,148.14410000,2419.076662471813,-5494.227019640569,1904,2,118.431,
3905,2017-12-30T04:40:26Z,-33.12878333,148.14406667,2420.076662471813,-5493.227019640569,1905,2,118.44,
3906,2017-12-30T04:40:27Z,-33.12881667,148.14400000,2421.076662471813,-5492.227019640569,1906,2,118.443,
3907,2017-12-30T04:40:28Z,-33.12880000,148.14391667,2422.076662471813,-5491.227019640569,1907,2,118.44,
3908,2017-12-30T04:40:29Z,-33.12875000,148.14383333,2423.076662471813,-5490.227019640569,1908,2,118.434,
3909,2017-12-30T04:40:30Z,-33.12868333,148.14376667,2424.076662471813,-5489.227019640569,1909,2,118.426,
3910,2017-12-30T04:40:31Z,-33.12860000,148.14368333,2425.076662471813,-5488.227019640569,1910,2,118.416,
3911,2017-12-30T04:40:32Z,-33.12850000,148.14363333,2426.076662471813,-5487.227019640569,1911,2,118.404,
3912,2017-12-30T04:40:33Z,-33.12840000,148.14358333,2427.076662471813,-5486.227019640569,1912,2,118.393,
3913,2017-12-30T04:40:34Z,-33.12830000,148.14353333,2428.076662471813,-5485.227019640569,1913,2,118.381,
3914,2017-12-30T04:40:35Z,-33.12818333,148.14348333,2429.076662471813,-5484.227019640569,1914,2,118.368,
3915,2017-12-30T04:40:36Z,-33.12803333,148.14345000,2430.076662471813,-5483.227019640569,1915,2,118.351,
3916,2017-12-30T04:40:37Z,-33.12788333,148.14343333,2431.076662471813,-5482.227019640569,1916,2,118.334,
3917,2017-12-30T04:40:38Z,-33.12771667,148.14341667,2432.076662471813,-5481.227019640569,1917,2,118.316,
3918,2017-12-30T04:40:39Z,-33.12753333,148.14341667,2433.076662471813,-5480.227019640569,1918,2,118.295,
3919,2017-12-30T04:40:40Z,-33.12736667,148.14343333,2434.076662471813,-5479.227019640569,1919,2,118.277,
3920,2017-12-30T04:40:41Z,-33.12721667,148.14341667,2435.076662471813,-5478.227019640569,1920,2,118.26,
3921,2017-12-30T04:40:42Z,-33.12708333,148.14341667,2436.076662471813,-5477.227019640569,1921,2,118.246,
3922,2017-12-30T04:40:43Z,-33.12695000,148.14341667,2437.076662471813,-5476.227019640569,1922,2,118.231,
3923,2017-12-30T04:40:44Z,-33.12681667,148.14340000,2438.076662471813,-5475.227019640569,1923,2,118.216,
3924,2017-12-30T04:40:45Z,-33.12665000,148.14340000,2439.076662471813,-5474.227019640569,1924,2,118.198,
3925,2017-12-30T04:40:46Z,-33.12648333,148.14340000,2440.076662471813,-5473.227019640569,1925,2,118.179,
3926,2017-12-30T04:40:47Z,-33.12631667,148.14340000,2441.076662471813,-5472.227019640569,1926,2,118.161,
3927,2017-12-30T04:40:48Z,-33.12615000,148.14340000,2442.076662471813,-5471.227019640569,1927,2,118.142,
3928,2017-12-30T04:40:49Z,-33.12600000,148.14340000,2443.076662471813,-5470.227019640569,1928,2,118.126,
3929,2017-12-30T04:40:50Z,-33.12583333,148.14340000,2444.076662471813,-5469.227019640569,1929,2,118.107,
3930,2017-12-30T04:40:51Z,-33.12568333,148.14341667,2445.076662471813,-5468.227019640569,1930,2,118.091,
3931,2017-12-30T04:40:52Z,-33.12553333,148.14343333,2446.076662471813,-5467.227019640569,1931,2,118.074,
3932,2017-12-30T04:40:53Z,-33.12538333,148.14346667,2447.076662471813,-5466.227019640569,1932,2,118.058,
3933,2017-12-30T04:40:54Z,-33.12523333,148.14350000,2448.076662471813,-5465.227019640569,1933,2,118.042,
3934,2017-12-30T04:40:55Z,-33.12508333,148.14355000,2449.076662471813,-5464.227019640569,1934,2,118.026,
3935,2017-12-30T04:40:56Z,-33.12493333,148.14360000,2450.076662471813,-5463.227019640569,1935,2,118.01,
3936,2017-12-30T04:40:57Z,-33.12476667,148.14365000,2451.076662471813,-5462.227019640569,1936,2,117.992,
3937,2017-12-30T04:40:58Z,-33.12460000,148.14371667,2452.076662471813,-5461.227019640569,1937,2,117.974,
3938,2017-12-30T04:40:59Z,-33.12445000,148.14376667,2453.076662471813,-5460.227019640569,1938,2,117.958,
3939,2017-12-30T04:41:00Z,-33.12428333,148.14383333,2454.076662471813,-5459.227019640569,1939,2,117.94,
3940,2017-12-30T04:41:01Z,-33.12411667,148.14391667,2455.076662471813,-5458.227019640569,1940,2,117.922,
3941,2017-12-30T04:41:02Z,-33.12395000,148.14400000,2456.076662471813,-5457.227019640569,1941,2,117.905,
3942,2017-12-30T04:41:03Z,-33.12378333,148.14408333,2457.076662471813,-5456.227019640569,1942,2,117.887,
3943,2017-12-30T04:41:04Z,-33.12360000,148.14415000,2458.076662471813,-5455.227019640569,1943,2,117.867,
3944,2017-12-30T04:41:05Z,-33.12341667,148.14420000,2459.076662471813,-5454.227019640569,1944,2,117.848,
3945,2017-12-30T04:41:06Z,-33.12325000,148.14423333,2460.076662471813,-5453.227019640569,1945,2,117.829,
3946,2017-12-30T04:41:07Z,-33.12306667,148.14425000,2461.076662471813,-5452.227019640569,1946,2,117.809,
3947,2017-12-30T04:41:08Z,-33.12291667,148.14426667,2462.076662471813,-5451.227019640569,1947,2,117.793,
3948,2017-12-30T04:41:09Z,-33.12275000,148.14428333,2463.076662471813,-5450.227019640569,1948,2,117.775,
3949,2017-12-30T04:41:10Z,-33.12258333,148.14430000,2464.076662471813,-5449.227019640569,1949,2,117.756,
3950,2017-12-30T04:41:11Z,-33.12240000,148.14431667,2465.076662471813,-5448.227019640569,1950,2,117.736,
3951,2017-12-30T04:41:12Z,-33.12220000,148.14433333,2466.076662471813,-5447.227019640569,1951,2,117.714,
3952,2017-12-30T04:41:13Z,-33.12201667,148.14436667,2467.076662471813,-5446.227019640569,1952,2,117.694,
3953,2017-12-30T04:41:14Z,-33.12181667,148.14440000,2468.076662471813,-5445.227019640569,1953,2,117.672,
3954,2017-12-30T04:41:15Z,-33.12165000,148.14443333,2469.076662471813,-5444.227019640569,1954,2,117.654,
3955,2017-12-30T04:41:16Z,-33.12146667,148.14446667,2470.076662471813,-5443.227019640569,1955,2,117.634,
3956,2017-12-30T04:41:17Z,-33.12128333,148.14450000,2471.076662471813,-5442.227019640569,1956,2,117.614,
3957,2017-12-30T04:41:18Z,-33.12110000,148.14455000,2472.076662471813,-5441.227019640569,1957,2,117.595,
3958,2017-12-30T04:41:19Z,-33.12091667,148.14458333,2473.076662471813,-5440.227019640569,1958,2,117.575,
3959,2017-12-30T04:41:20Z,-33.12075000,148.14461667,2474.076662471813,-5439.227019640569,1959,2,117.557,
3960,2017-12-30T04:41:21Z,-33.12058333,148.14468333,2475.076662471813,-5438.227019640569,1960,2,117.539,
3961,2017-12-30T04:41:22Z,-33.12041667,148.14475000,2476.076662471813,-5437.227019640569,1961,2,117.521,
3962,2017-12-30T04:41:23Z,-33.12025000,148.14481667,2477.076662471813,-5436.227019640569,1962,2,117.503,
3963,2017-12-30T04:41:24Z,-33.12008333,148.14491667,2478.076662471813,-5435.227019640569,1963,2,117.486,
3964,2017-12-30T04:41:25Z,-33.11990000,148.14500000,2479.076662471813,-5434.227019640569,1964,2,117.466,
3965,2017-12-30T04:41:26Z,-33.11973333,148.14508333,2480.076662471813,-5433.227019640569,1965,2,117.449,
3966,2017-12-30T04:41:27Z,-33.11955000,148.14515000,2481.076662471813,-5432.227019640569,1966,2,117.429,
3967,2017-12-30T04:41:28Z,-33.11940000,148.14521667,2482.076662471813,-5431.227019640569,1967,2,117.413,
3968,2017-12-30T04:41:29Z,-33.11923333,148.14525000,2483.076662471813,-5430.227019640569,1968,2,117.395,
3969,2017-12-30T04:41:30Z,-33.11908333,148.14528333,2484.076662471813,-5429.227019640569,1969,2,117.379,
3970,2017-12-30T04:41:31Z,-33.11891667,148.14531667,2485.076662471813,-5428.227019640569,1970,2,117.361,
3971,2017-12-30T04:41:32Z,-33.11876667,148.14531667,2486.076662471813,-5427.227019640569,1971,2,117.344,
3972,2017-12-30T04:41:33Z,-33.11861667,148.14533333,2487.076662471813,-5426.227019640569,1972,2,117.328,
3973,2017-12-30T04:41:34Z,-33.11845000,148.14531667,2488.076662471813,-5425.227019640569,1973,2,117.309,
3974,2017-12-30T04:41:35Z,-33.11828333,148.14531667,2489.076662471813,-5424.227019640569,1974,2,117.29,
3975,2017-12-30T04:41:36Z,-33.11811667,148.14528333,2490.076662471813,-5423.227019640569,1975,2,117.272,
3976,2017-12-30T04:41:37Z,-33.11795000,148.14526667,2491.076662471813,-5422.227019640569,1976,2,117.253,
3977,2017-12-30T04:41:38Z,-33.11778333,148.14523333,2492.076662471813,-5421.227019640569,1977,2,117.234,
3978,2017-12-30T04:41:39Z,-33.11761667,148.14520000,2493.076662471813,-5420.227019640569,1978,2,117.216,
3979,2017-12-30T04:41:40Z,-33.11745000,148.14518333,2494.076662471813,-5419.227019640569,1979,2,117.197,
3980,2017-12-30T04:41:41Z,-33.11730000,148.14518333,2495.076662471813,-5418.227019640569,1980,2,117.18,
3981,2017-12-30T04:41:42Z,-33.11713333,148.14520000,2496.076662471813,-5417.227019640569,1981,2,117.162,
3982,2017-12-30T04:41:43Z,-33.11696667,148.14521667,2497.076662471813,-5416.227019640569,1982,2,117.144,
3983,2017-12-30T04:41:44Z,-33.11680000,148.14523333,2498.076662471813,-5415.227019640569,1983,2,117.126,
3984,2017-12-30T04:41:45Z,-33.11665000,148.14526667,2499.076662471813,-5414.227019640569,1984,2,117.109,
3985,2017-12-30T04:41:46Z,-33.11648333,148.14530000,2500.076662471813,-5413.227019640569,1985,2,117.091,
3986,2017-12-30T04:41:47Z,-33.11631667,148.14535000,2501.076662471813,-5412.227019640569,1986,2,117.073,
3987,2017-12-30T04:41:48Z,-33.11613333,148.14541667,2502.076662471813,-5411.227019640569,1987,2,117.054,
3988,2017-12-30T04:41:49Z,-33.11595000,148.14550000,2503.076662471813,-5410.227019640569,1988,2,117.034,
3989,2017-12-30T04:41:50Z,-33.11578333,148.14556667,2504.076662471813,-5409.227019640569,1989,2,117.016,
3990,2017-12-30T04:41:51Z,-33.11561667,148.14565000,2505.076662471813,-5408.227019640569,1990,2,116.999,
3991,2017-12-30T04:41:52Z,-33.11545000,148.14573333,2506.076662471813,-5407.227019640569,1991,2,116.981,
3992,2017-12-30T04:41:53Z,-33.11530000,148.14581667,2507.076662471813,-5406.227019640569,1992,2,116.965,
3993,2017-12-30T04:41:54Z,-33.11513333,148.14588333,2508.076662471813,-5405.227019640569,1993,2,116.948,
3994,2017-12-30T04:41:55Z,-33.11495000,148.14598333,2509.076662471813,-5404.227019640569,1994,2,116.928,
3995,2017-12-30T04:41:56Z,-33.11478333,148.14606667,2510.076662471813,-5403.227019640569,1995,2,116.911,
3996,2017-12-30T04:41:57Z,-33.11460000,148.14615000,2511.076662471813,-5402.227019640569,1996,2,116.891,
3997,2017-12-30T04:41:58Z,-33.11441667,148.14623333,2512.076662471813,-5401.227019640569,1997,2,116.872,
3998,2017-12-30T04:41:59Z,-33.11421667,148.14631667,2513.076662471813,-5400.227019640569,1998,2,116.851,
3999,2017-12-30T04:42:00Z,-33.11405000,148.14640000,2514.076662471813,-5399.227019640569,1999,2,116.833,
4000,2017-12-30T04:42:01Z,-33.11386667,148.14646667,2515.076662471813,-5398.227019640569,2000,2,116.813,
4001,2017-12-30T04:42:02Z,-33.11368333,148.14655000,2516.076662471813,-5397.227019640569,2001,2,116.794,
4002,2017-12-30T04:42:03Z,-33.11350000,148.14661667,2517.076662471813,-5396.227019640569,2002,2,116.774,
4003,2017-12-30T04:42:04Z,-33.11333333,148.14668333,2518.076662471813,-5395.227019640569,2003,2,116.756,
4004,2017-12-30T04:42:05Z,-33.11318333,148.14675000,2519.076662471813,-5394.227019640569,2004,2,116.741,
4005,2017-12-30T04:42:06Z,-33.11303333,148.14681667,2520.076662471813,-5393.227019640569,2005,2,116.725,
4006,2017-12-30T04:42:07Z,-33.11286667,148.14688333,2521.076662471813,-5392.227019640569,2006,2,116.707,
4007,2017-12-30T04:42:08Z,-33.11271667,148.14693333,2522.076662471813,-5391.227019640569,2007,2,116.691,
4008,2017-12-30T04:42:09Z,-33.11255000,148.14696667,2523.076662471813,-5390.227019640569,2008,2,116.673,
4009,2017-12-30T04:42:10Z,-33.11238333,148.14701667,2524.076662471813,-5389.227019640569,2009,2,116.655,
4010,2017-12-30T04:42:11Z,-33.11221667,148.14705000,2525.076662471813,-5388.227019640569,2010,2,116.637,
4011,2017-12-30T04:42:12Z,-33.11206667,148.14706667,2526.076662471813,-5387.227019640569,2011,2,116.62,
4012,2017-12-30T04:42:13Z,-33.11193333,148.14706667,2527.076662471813,-5386.227019640569,2012,2,116.605,
4013,2017-12-30T04:42:14Z,-33.11178333,148.14705000,2528.076662471813,-5385.227019640569,2013,2,116.589,
4014,2017-12-30T04:42:15Z,-33.11165000,148.14703333,2529.076662471813,-5384.227019640569,2014,2,116.574,
4015,2017-12-30T04:42:16Z,-33.11150000,148.14701667,2530.076662471813,-5383.227019640569,2015,2,116.557,
4016,2017-12-30T04:42:17Z,-33.11135000,148.14700000,2531.076662471813,-5382.227019640569,2016,2,116.54,
4017,2017-12-30T04:42:18Z,-33.11121667,148.14700000,2532.076662471813,-5381.227019640569,2017,2,116.526,
4018,2017-12-30T04:42:19Z,-33.11106667,148.14701667,2533.076662471813,-5380.227019640569,2018,2,116.509,
4019,2017-12-30T04:42:20Z,-33.11091667,148.14701667,2534.076662471813,-5379.227019640569,2019,2,116.493,
4020,2017-12-30T04:42:21Z,-33.11076667,148.14703333,2535.076662471813,-5378.227019640569,2020,2,116.476,
4021,2017-12-30T04:42:22Z,-33.11060000,148.14705000,2536.076662471813,-5377.227019640569,2021,2,116.458,
4022,2017-12-30T04:42:23Z,-33.11043333,148.14706667,2537.076662471813,-5376.227019640569,2022,2,116.44,
4023,2017-12-30T04:42:24Z,-33.11026667,148.14708333,2538.076662471813,-5375.227019640569,2023,2,116.421,
4024,2017-12-30T04:42:25Z,-33.11008333,148.14713333,2539.076662471813,-5374.227019640569,2024,2,116.402,
4025,2017-12-30T04:42:26Z,-33.10990000,148.14718333,2540.076662471813,-5373.227019640569,2025,2,116.382,
4026,2017-12-30T04:42:27Z,-33.10973333,148.14725000,2541.076662471813,-5372.227019640569,2026,2,116.364,
4027,2017-12-30T04:42:28Z,-33.10955000,148.14730000,2542.076662471813,-5371.227019640569,2027,2,116.344,
4028,2017-12-30T04:42:29Z,-33.10936667,148.14736667,2543.076662471813,-5370.227019640569,2028,2,116.325,
4029,2017-12-30T04:42:30Z,-33.10918333,148.14743333,2544.076662471813,-5369.227019640569,2029,2,116.305,
4030,2017-12-30T04:42:31Z,-33.10898333,148.14750000,2545.076662471813,-5368.227019640569,2030,2,116.284,
4031,2017-12-30T04:42:32Z,-33.10880000,148.14758333,2546.076662471813,-5367.227019640569,2031,2,116.264,
4032,2017-12-30T04:42:33Z,-33.10861667,148.14765000,2547.076662471813,-5366.227019640569,2032,2,116.244,
4033,2017-12-30T04:42:34Z,-33.10845000,148.14773333,2548.076662471813,-5365.227019640569,2033,2,116.227,
4034,2017-12-30T04:42:35Z,-33.10828333,148.14781667,2549.076662471813,-5364.227019640569,2034,2,116.209,
4035,2017-12-30T04:42:36Z,-33.10813333,148.14788333,2550.076662471813,-5363.227019640569,2035,2,116.193,
4036,2017-12-30T04:42:37Z,-33.10795000,148.14793333,2551.076662471813,-5362.227019640569,2036,2,116.174,
4037,2017-12-30T04:42:38Z,-33.10778333,148.14798333,2552.076662471813,-5361.227019640569,2037,2,116.156,
4038,2017-12-30T04:42:39Z,-33.10760000,148.14803333,2553.076662471813,-5360.227019640569,2038,2,116.136,
4039,2017-12-30T04:42:40Z,-33.10741667,148.14808333,2554.076662471813,-5359.227019640569,2039,2,116.116,
4040,2017-12-30T04:42:41Z,-33.10723333,148.14815000,2555.076662471813,-5358.227019640569,2040,2,116.097,
4041,2017-12-30T04:42:42Z,-33.10706667,148.14821667,2556.076662471813,-5357.227019640569,2041,2,116.079,
4042,2017-12-30T04:42:43Z,-33.10690000,148.14828333,2557.076662471813,-5356.227019640569,2042,2,116.061,
4043,2017-12-30T04:42:44Z,-33.10675000,148.14835000,2558.076662471813,-5355.227019640569,2043,2,116.045,
4044,2017-12-30T04:42:45Z,-33.10660000,148.14841667,2559.076662471813,-5354.227019640569,2044,2,116.029,
4045,2017-12-30T04:42:46Z,-33.10643333,148.14848333,2560.076662471813,-5353.227019640569,2045,2,116.011,
4046,2017-12-30T04:42:47Z,-33.10626667,148.14853333,2561.076662471813,-5352.227019640569,2046,2,115.994,
4047,2017-12-30T04:42:48Z,-33.10608333,148.14860000,2562.076662471813,-5351.227019640569,2047,2,115.974,
4048,2017-12-30T04:42:49Z,-33.10590000,148.14866667,2563.076662471813,-5350.227019640569,2048,2,115.954,
4049,2017-12-30T04:42:50Z,-33.10571667,148.14873333,2564.076662471813,-5349.227019640569,2049,2,115.935,
4050,2017-12-30T04:42:51Z,-33.10553333,148.14880000,2565.076662471813,-5348.227019640569,2050,2,115.915,
4051,2017-12-30T04:42:52Z,-33.10536667,148.14886667,2566.076662471813,-5347.227019640569,2051,2,115.897,
4052,2017-12-30T04:42:53Z,-33.10518333,148.14891667,2567.076662471813,-5346.227019640569,2052,2,115.878,
4053,2017-12-30T04:42:54Z,-33.10500000,148.14898333,2568.076662471813,-5345.227019640569,2053,2,115.858,
4054,2017-12-30T04:42:55Z,-33.10481667,148.14905000,2569.076662471813,-5344.227019640569,2054,2,115.838,
4055,2017-12-30T04:42:56Z,-33.10463333,148.14911667,2570.076662471813,-5343.227019640569,2055,2,115.819,
4056,2017-12-30T04:42:57Z,-33.10445000,148.14916667,2571.076662471813,-5342.227019640569,2056,2,115.799,
4057,2017-12-30T04:42:58Z,-33.10428333,148.14923333,2572.076662471813,-5341.227019640569,2057,2,115.781,
4058,2017-12-30T04:42:59Z,-33.10410000,148.14930000,2573.076662471813,-5340.227019640569,2058,2,115.762,
4059,2017-12-30T04:43:00Z,-33.10391667,148.14938333,2574.076662471813,-5339.227019640569,2059,2,115.742,
4060,2017-12-30T04:43:01Z,-33.10373333,148.14946667,2575.076662471813,-5338.227019640569,2060,2,115.723,
4061,2017-12-30T04:43:02Z,-33.10355000,148.14953333,2576.076662471813,-5337.227019640569,2061,2,115.703,
4062,2017-12-30T04:43:03Z,-33.10336667,148.14961667,2577.076662471813,-5336.227019640569,2062,2,115.684,
4063,2017-12-30T04:43:04Z,-33.10320000,148.14970000,2578.076662471813,-5335.227019640569,2063,2,115.666,
4064,2017-12-30T04:43:05Z,-33.10303333,148.14978333,2579.076662471813,-5334.227019640569,2064,2,115.649,
4065,2017-12-30T04:43:06Z,-33.10288333,148.14986667,2580.076662471813,-5333.227019640569,2065,2,115.633,
4066,2017-12-30T04:43:07Z,-33.10271667,148.14995000,2581.076662471813,-5332.227019640569,2066,2,115.615,
4067,2017-12-30T04:43:08Z,-33.10255000,148.15001667,2582.076662471813,-5331.227019640569,2067,2,115.598,
4068,2017-12-30T04:43:09Z,-33.10240000,148.15010000,2583.076662471813,-5330.227019640569,2068,2,115.582,
4069,2017-12-30T04:43:10Z,-33.10223333,148.15018333,2584.076662471813,-5329.227019640569,2069,2,115.564,
4070,2017-12-30T04:43:11Z,-33.10206667,148.15028333,2585.076662471813,-5328.227019640569,2070,2,115.547,
4071,2017-12-30T04:43:12Z,-33.10190000,148.15035000,2586.076662471813,-5327.227019640569,2071,2,115.529,
4072,2017-12-30T04:43:13Z,-33.10171667,148.15043333,2587.076662471813,-5326.227019640569,2072,2,115.51,
4073,2017-12-30T04:43:14Z,-33.10155000,148.15048333,2588.076662471813,-5325.227019640569,2073,2,115.492,
4074,2017-12-30T04:43:15Z,-33.10136667,148.15055000,2589.076662471813,-5324.227019640569,2074,2,115.472,
4075,2017-12-30T04:43:16Z,-33.10120000,148.15060000,2590.076662471813,-5323.227019640569,2075,2,115.454,
4076,2017-12-30T04:43:17Z,-33.10103333,148.15061667,2591.076662471813,-5322.227019640569,2076,2,115.436,
4077,2017-12-30T04:43:18Z,-33.10088333,148.15065000,2592.076662471813,-5321.227019640569,2077,2,115.42,
4078,2017-12-30T04:43:19Z,-33.10071667,148.15063333,2593.076662471813,-5320.227019640569,2078,2,115.401,
4079,2017-12-30T04:43:20Z,-33.10056667,148.15063333,2594.076662471813,-5319.227019640569,2079,2,115.385,
4080,2017-12-30T04:43:21Z,-33.10040000,148.15060000,2595.076662471813,-5318.227019640569,2080,2,115.366,
4081,2017-12-30T04:43:22Z,-33.10023333,148.15058333,2596.076662471813,-5317.227019640569,2081,2,115.347,
4082,2017-12-30T04:43:23Z,-33.10006667,148.15056667,2597.076662471813,-5316.227019640569,2082,2,115.329,
4083,2017-12-30T04:43:24Z,-33.09990000,148.15056667,2598.076662471813,-5315.227019640569,2083,2,115.31,
4084,2017-12-30T04:43:25Z,-33.09973333,148.15056667,2599.076662471813,-5314.227019640569,2084,2,115.292,
4085,2017-12-30T04:43:26Z,-33.09956667,148.15056667,2600.076662471813,-5313.227019640569,2085,2,115.274,
4086,2017-12-30T04:43:27Z,-33.09938333,148.15056667,2601.076662471813,-5312.227019640569,2086,2,115.253,
4087,2017-12-30T04:43:28Z,-33.09921667,148.15058333,2602.076662471813,-5311.227019640569,2087,2,115.235,
4088,2017-12-30T04:43:29Z,-33.09903333,148.15060000,2603.076662471813,-5310.227019640569,2088,2,115.215,
4089,2017-12-30T04:43:30Z,-33.09885000,148.15063333,2604.076662471813,-5309.227019640569,2089,2,115.195,
4090,2017-12-30T04:43:31Z,-33.09866667,148.15065000,2605.076662471813,-5308.227019640569,2090,2,115.175,
4091,2017-12-30T04:43:32Z,-33.09848333,148.15068333,2606.076662471813,-5307.227019640569,2091,2,115.155,
4092,2017-12-30T04:43:33Z,-33.09831667,148.15071667,2607.076662471813,-5306.227019640569,2092,2,115.137,
4093,2017-12-30T04:43:34Z,-33.09813333,148.15073333,2608.076662471813,-5305.227019640569,2093,2,115.117,
4094,2017-12-30T04:43:35Z,-33.09795000,148.15075000,2609.076662471813,-5304.227019640569,2094,2,115.097,
4095,2017-12-30T04:43:36Z,-33.09776667,148.15078333,2610.076662471813,-5303.227019640569,2095,2,115.077,
4096,2017-12-30T04:43:37Z,-33.09758333,148.15081667,2611.076662471813,-5302.227019640569,2096,2,115.057,
4097,2017-12-30T04:43:38Z,-33.09741667,148.15085000,2612.076662471813,-5301.227019640569,2097,2,115.039,
4098,2017-12-30T04:43:39Z,-33.09723333,148.15086667,2613.076662471813,-5300.227019640569,2098,2,115.019,
4099,2017-12-30T04:43:40Z,-33.09705000,148.15091667,2614.076662471813,-5299.227019640569,2099,2,114.999,
4100,2017-12-30T04:43:41Z,-33.09686667,148.15096667,2615.076662471813,-5298.227019640569,2100,2,114.979,
4101,2017-12-30T04:43:42Z,-33.09666667,148.15101667,2616.076662471813,-5297.227019640569,2101,2,114.958,
4102,2017-12-30T04:43:43Z,-33.09648333,148.15105000,2617.076662471813,-5296.227019640569,2102,2,114.938,
4103,2017-12-30T04:43:44Z,-33.09630000,148.15110000,2618.076662471813,-5295.227019640569,2103,2,114.918,
4104,2017-12-30T04:43:45Z,-33.09611667,148.15115000,2619.076662471813,-5294.227019640569,2104,2,114.898,
4105,2017-12-30T04:43:46Z,-33.09593333,148.15118333,2620.076662471813,-5293.227019640569,2105,2,114.878,
4106,2017-12-30T04:43:47Z,-33.09573333,148.15123333,2621.076662471813,-5292.227019640569,2106,2,114.857,
4107,2017-12-30T04:43:48Z,-33.09555000,148.15130000,2622.076662471813,-5291.227019640569,2107,2,114.837,
4108,2017-12-30T04:43:49Z,-33.09536667,148.15136667,2623.076662471813,-5290.227019640569,2108,2,114.818,
4109,2017-12-30T04:43:50Z,-33.09518333,148.15145000,2624.076662471813,-5289.227019640569,2109,2,114.798,
4110,2017-12-30T04:43:51Z,-33.09500000,148.15153333,2625.076662471813,-5288.227019640569,2110,2,114.779,
4111,2017-12-30T04:43:52Z,-33.09481667,148.15161667,2626.076662471813,-5287.227019640569,2111,2,114.759,
4112,2017-12-30T04:43:53Z,-33.09465000,148.15166667,2627.076662471813,-5286.227019640569,2112,2,114.742,
4113,2017-12-30T04:43:54Z,-33.09448333,148.15173333,2628.076662471813,-5285.227019640569,2113,2,114.724,
4114,2017-12-30T04:43:55Z,-33.09431667,148.15178333,2629.076662471813,-5284.227019640569,2114,2,114.706,
4115,2017-12-30T04:43:56Z,-33.09413333,148.15185000,2630.076662471813,-5283.227019640569,2115,2,114.686,
4116,2017-12-30T04:43:57Z,-33.09395000,148.15191667,2631.076662471813,-5282.227019640569,2116,2,114.667,
4117,2017-12-30T04:43:58Z,-33.09378333,148.15196667,2632.076662471813,-5281.227019640569,2117,2,114.649,
4118,2017-12-30T04:43:59Z,-33.09360000,148.15201667,2633.076662471813,-5280.227019640569,2118,2,114.629,
4119,2017-12-30T04:44:00Z,-33.09341667,148.15206667,2634.076662471813,-5279.227019640569,2119,2,114.609,
4120,2017-12-30T04:44:01Z,-33.09325000,148.15210000,2635.076662471813,-5278.227019640569,2120,2,114.591,
4121,2017-12-30T04:44:02Z,-33.09306667,148.15215000,2636.076662471813,-5277.227019640569,2121,2,114.572,
4122,2017-12-30T04:44:03Z,-33.09290000,148.15220000,2637.076662471813,-5276.227019640569,2122,2,114.554,
4123,2017-12-30T04:44:04Z,-33.09271667,148.15223333,2638.076662471813,-5275.227019640569,2123,2,114.534,
4124,2017-12-30T04:44:05Z,-33.09253333,148.15228333,2639.076662471813,-5274.227019640569,2124,2,114.514,
4125,2017-12-30T04:44:06Z,-33.09236667,148.15231667,2640.076662471813,-5273.227019640569,2125,2,114.496,
4126,2017-12-30T04:44:07Z,-33.09218333,148.15235000,2641.076662471813,-5272.227019640569,2126,2,114.476,
4127,2017-12-30T04:44:08Z,-33.09200000,148.15236667,2642.076662471813,-5271.227019640569,2127,2,114.456,
4128,2017-12-30T04:44:09Z,-33.09181667,148.15238333,2643.076662471813,-5270.227019640569,2128,2,114.436,
4129,2017-12-30T04:44:10Z,-33.09165000,148.15240000,2644.076662471813,-5269.227019640569,2129,2,114.418,
4130,2017-12-30T04:44:11Z,-33.09146667,148.15240000,2645.076662471813,-5268.227019640569,2130,2,114.397,
4131,2017-12-30T04:44:12Z,-33.09130000,148.15241667,2646.076662471813,-5267.227019640569,2131,2,114.379,
4132,2017-12-30T04:44:13Z,-33.09113333,148.15241667,2647.076662471813,-5266.227019640569,2132,2,114.361,
4133,2017-12-30T04:44:14Z,-33.09098333,148.15241667,2648.076662471813,-5265.227019640569,2133,2,114.344,
4134,2017-12-30T04:44:15Z,-33.09081667,148.15241667,2649.076662471813,-5264.227019640569,2134,2,114.326,
4135,2017-12-30T04:44:16Z,-33.09066667,148.15240000,2650.076662471813,-5263.227019640569,2135,2,114.309,
4136,2017-12-30T04:44:17Z,-33.09050000,148.15240000,2651.076662471813,-5262.227019640569,2136,2,114.291,
4137,2017-12-30T04:44:18Z,-33.09033333,148.15238333,2652.076662471813,-5261.227019640569,2137,2,114.272,
4138,2017-12-30T04:44:19Z,-33.09018333,148.15235000,2653.076662471813,-5260.227019640569,2138,2,114.255,
4139,2017-12-30T04:44:20Z,-33.09001667,148.15231667,2654.076662471813,-5259.227019640569,2139,2,114.236,
4140,2017-12-30T04:44:21Z,-33.08986667,148.15228333,2655.076662471813,-5258.227019640569,2140,2,114.219,
4141,2017-12-30T04:44:22Z,-33.08970000,148.15226667,2656.076662471813,-5257.227019640569,2141,2,114.201,
4142,2017-12-30T04:44:23Z,-33.08953333,148.15225000,2657.076662471813,-5256.227019640569,2142,2,114.182,
4143,2017-12-30T04:44:24Z,-33.08936667,148.15223333,2658.076662471813,-5255.227019640569,2143,2,114.164,
4144,2017-12-30T04:44:25Z,-33.08920000,148.15220000,2659.076662471813,-5254.227019640569,2144,2,114.145,
4145,2017-12-30T04:44:26Z,-33.08903333,148.15218333,2660.076662471813,-5253.227019640569,2145,2,114.126,
4146,2017-12-30T04:44:27Z,-33.08888333,148.15215000,2661.076662471813,-5252.227019640569,2146,2,114.109,
4147,2017-12-30T04:44:28Z,-33.08875000,148.15211667,2662.076662471813,-5251.227019640569,2147,2,114.094,
4148,2017-12-30T04:44:29Z,-33.08860000,148.15206667,2663.076662471813,-5250.227019640569,2148,2,114.077,
4149,2017-12-30T04:44:30Z,-33.08846667,148.15201667,2664.076662471813,-5249.227019640569,2149,2,114.062,
4150,2017-12-30T04:44:31Z,-33.08833333,148.15198333,2665.076662471813,-5248.227019640569,2150,2,114.047,
4151,2017-12-30T04:44:32Z,-33.08818333,148.15193333,2666.076662471813,-5247.227019640569,2151,2,114.03,
4152,2017-12-30T04:44:33Z,-33.08803333,148.15188333,2667.076662471813,-5246.227019640569,2152,2,114.013,
4153,2017-12-30T04:44:34Z,-33.08788333,148.15183333,2668.076662471813,-5245.227019640569,2153,2,113.996,
4154,2017-12-30T04:44:35Z,-33.08775000,148.15178333,2669.076662471813,-5244.227019640569,2154,2,113.98,
4155,2017-12-30T04:44:36Z,-33.08760000,148.15173333,2670.076662471813,-5243.227019640569,2155,2,113.963,
4156,2017-12-30T04:44:37Z,-33.08745000,148.15171667,2671.076662471813,-5242.227019640569,2156,2,113.946,
4157,2017-12-30T04:44:38Z,-33.08730000,148.15170000,2672.076662471813,-5241.227019640569,2157,2,113.93,
4158,2017-12-30T04:44:39Z,-33.08711667,148.15170000,2673.076662471813,-5240.227019640569,2158,2,113.909,
4159,2017-12-30T04:44:40Z,-33.08695000,148.15173333,2674.076662471813,-5239.227019640569,2159,2,113.891,
4160,2017-12-30T04:44:41Z,-33.08675000,148.15178333,2675.076662471813,-5238.227019640569,2160,2,113.87,
4161,2017-12-30T04:44:42Z,-33.08658333,148.15183333,2676.076662471813,-5237.227019640569,2161,2,113.852,
4162,2017-12-30T04:44:43Z,-33.08640000,148.15188333,2677.076662471813,-5236.227019640569,2162,2,113.832,
4163,2017-12-30T04:44:44Z,-33.08621667,148.15191667,2678.076662471813,-5235.227019640569,2163,2,113.812,
4164,2017-12-30T04:44:45Z,-33.08603333,148.15196667,2679.076662471813,-5234.227019640569,2164,2,113.793,
4165,2017-12-30T04:44:46Z,-33.08583333,148.15200000,2680.076662471813,-5233.227019640569,2165,2,113.771,
4166,2017-12-30T04:44:47Z,-33.08563333,148.15206667,2681.076662471813,-5232.227019640569,2166,2,113.749,
4167,2017-12-30T04:44:48Z,-33.08545000,148.15213333,2682.076662471813,-5231.227019640569,2167,2,113.73,
4168,2017-12-30T04:44:49Z,-33.08525000,148.15220000,2683.076662471813,-5230.227019640569,2168,2,113.708,
4169,2017-12-30T04:44:50Z,-33.08506667,148.15225000,2684.076662471813,-5229.227019640569,2169,2,113.689,
4170,2017-12-30T04:44:51Z,-33.08488333,148.15230000,2685.076662471813,-5228.227019640569,2170,2,113.669,
4171,2017-12-30T04:44:52Z,-33.08470000,148.15235000,2686.076662471813,-5227.227019640569,2171,2,113.649,
4172,2017-12-30T04:44:53Z,-33.08453333,148.15240000,2687.076662471813,-5226.227019640569,2172,2,113.631,
4173,2017-12-30T04:44:54Z,-33.08435000,148.15245000,2688.076662471813,-5225.227019640569,2173,2,113.612,
4174,2017-12-30T04:44:55Z,-33.08418333,148.15251667,2689.076662471813,-5224.227019640569,2174,2,113.594,
4175,2017-12-30T04:44:56Z,-33.08401667,148.15256667,2690.076662471813,-5223.227019640569,2175,2,113.576,
4176,2017-12-30T04:44:57Z,-33.08383333,148.15261667,2691.076662471813,-5222.227019640569,2176,2,113.556,
4177,2017-12-30T04:44:58Z,-33.08365000,148.15266667,2692.076662471813,-5221.227019640569,2177,2,113.537,
4178,2017-12-30T04:44:59Z,-33.08346667,148.15270000,2693.076662471813,-5220.227019640569,2178,2,113.517,
4179,2017-12-30T04:45:00Z,-33.08328333,148.15275000,2694.076662471813,-5219.227019640569,2179,2,113.497,
4180,2017-12-30T04:45:01Z,-33.08310000,148.15280000,2695.076662471813,-5218.227019640569,2180,2,113.477,
4181,2017-12-30T04:45:02Z,-33.08291667,148.15285000,2696.076662471813,-5217.227019640569,2181,2,113.458,
4182,2017-12-30T04:45:03Z,-33.08273333,148.15291667,2697.076662471813,-5216.227019640569,2182,2,113.438,
4183,2017-12-30T04:45:04Z,-33.08256667,148.15298333,2698.076662471813,-5215.227019640569,2183,2,113.42,
4184,2017-12-30T04:45:05Z,-33.08238333,148.15303333,2699.076662471813,-5214.227019640569,2184,2,113.401,
4185,2017-12-30T04:45:06Z,-33.08218333,148.15310000,2700.076662471813,-5213.227019640569,2185,2,113.379,
4186,2017-12-30T04:45:07Z,-33.08200000,148.15316667,2701.076662471813,-5212.227019640569,2186,2,113.36,
4187,2017-12-30T04:45:08Z,-33.08181667,148.15323333,2702.076662471813,-5211.227019640569,2187,2,113.34,
4188,2017-12-30T04:45:09Z,-33.08163333,148.15328333,2703.076662471813,-5210.227019640569,2188,2,113.32,
4189,2017-12-30T04:45:10Z,-33.08145000,148.15333333,2704.076662471813,-5209.227019640569,2189,2,113.301,
4190,2017-12-30T04:45:11Z,-33.08125000,148.15340000,2705.076662471813,-5208.227019640569,2190,2,113.279,
4191,2017-12-30T04:45:12Z,-33.08106667,148.15346667,2706.076662471813,-5207.227019640569,2191,2,113.26,
4192,2017-12-30T04:45:13Z,-33.08090000,148.15351667,2707.076662471813,-5206.227019640569,2192,2,113.242,
4193,2017-12-30T04:45:14Z,-33.08071667,148.15358333,2708.076662471813,-5205.227019640569,2193,2,113.222,
4194,2017-12-30T04:45:15Z,-33.08053333,148.15365000,2709.076662471813,-5204.227019640569,2194,2,113.203,
4195,2017-12-30T04:45:16Z,-33.08035000,148.15368333,2710.076662471813,-5203.227019640569,2195,2,113.183,
4196,2017-12-30T04:45:17Z,-33.08015000,148.15373333,2711.076662471813,-5202.227019640569,2196,2,113.161,
4197,2017-12-30T04:45:18Z,-33.07996667,148.15378333,2712.076662471813,-5201.227019640569,2197,2,113.142,
4198,2017-12-30T04:45:19Z,-33.07978333,148.15383333,2713.076662471813,-5200.227019640569,2198,2,113.122,
4199,2017-12-30T04:45:20Z,-33.07960000,148.15388333,2714.076662471813,-5199.227019640569,2199,2,113.102,
4200,2017-12-30T04:45:21Z,-33.07943333,148.15393333,2715.076662471813,-5198.227019640569,2200,2,113.084,
4201,2017-12-30T04:45:22Z,-33.07925000,148.15398333,2716.076662471813,-5197.227019640569,2201,2,113.065,
4202,2017-12-30T04:45:23Z,-33.07906667,148.15403333,2717.076662471813,-5196.227019640569,2202,2,113.045,
4203,2017-12-30T04:45:24Z,-33.07888333,148.15406667,2718.076662471813,-5195.227019640569,2203,2,113.025,
4204,2017-12-30T04:45:25Z,-33.07871667,148.15411667,2719.076662471813,-5194.227019640569,2204,2,113.007,
4205,2017-12-30T04:45:26Z,-33.07855000,148.15415000,2720.076662471813,-5193.227019640569,2205,2,112.989,
4206,2017-12-30T04:45:27Z,-33.07838333,148.15416667,2721.076662471813,-5192.227019640569,2206,2,112.971,
4207,2017-12-30T04:45:28Z,-33.07821667,148.15420000,2722.076662471813,-5191.227019640569,2207,2,112.953,
4208,2017-12-30T04:45:29Z,-33.07805000,148.15423333,2723.076662471813,-5190.227019640569,2208,2,112.935,
4209,2017-12-30T04:45:30Z,-33.07786667,148.15426667,2724.076662471813,-5189.227019640569,2209,2,112.915,
4210,2017-12-30T04:45:31Z,-33.07770000,148.15430000,2725.076662471813,-5188.227019640569,2210,2,112.897,
4211,2017-12-30T04:45:32Z,-33.07751667,148.15433333,2726.076662471813,-5187.227019640569,2211,2,112.877,
4212,2017-12-30T04:45:33Z,-33.07735000,148.15436667,2727.076662471813,-5186.227019640569,2212,2,112.859,
4213,2017-12-30T04:45:34Z,-33.07718333,148.15438333,2728.076662471813,-5185.227019640569,2213,2,112.841,
4214,2017-12-30T04:45:35Z,-33.07703333,148.15441667,2729.076662471813,-5184.227019640569,2214,2,112.824,
4215,2017-12-30T04:45:36Z,-33.07686667,148.15445000,2730.076662471813,-5183.227019640569,2215,2,112.806,
4216,2017-12-30T04:45:37Z,-33.07673333,148.15446667,2731.076662471813,-5182.227019640569,2216,2,112.792,
4217,2017-12-30T04:45:38Z,-33.07658333,148.15450000,2732.076662471813,-5181.227019640569,2217,2,112.776,
4218,2017-12-30T04:45:39Z,-33.07643333,148.15453333,2733.076662471813,-5180.227019640569,2218,2,112.759,
4219,2017-12-30T04:45:40Z,-33.07628333,148.15456667,2734.076662471813,-5179.227019640569,2219,2,112.743,
4220,2017-12-30T04:45:41Z,-33.07613333,148.15460000,2735.076662471813,-5178.227019640569,2220,2,112.727,
4221,2017-12-30T04:45:42Z,-33.07596667,148.15465000,2736.076662471813,-5177.227019640569,2221,2,112.709,
4222,2017-12-30T04:45:43Z,-33.07581667,148.15471667,2737.076662471813,-5176.227019640569,2222,2,112.693,
4223,2017-12-30T04:45:44Z,-33.07565000,148.15480000,2738.076662471813,-5175.227019640569,2223,2,112.676,
4224,2017-12-30T04:45:45Z,-33.07550000,148.15486667,2739.076662471813,-5174.227019640569,2224,2,112.66,
4225,2017-12-30T04:45:46Z,-33.07533333,148.15495000,2740.076662471813,-5173.227019640569,2225,2,112.642,
4226,2017-12-30T04:45:47Z,-33.07518333,148.15501667,2741.076662471813,-5172.227019640569,2226,2,112.627,
4227,2017-12-30T04:45:48Z,-33.07501667,148.15510000,2742.076662471813,-5171.227019640569,2227,2,112.609,
4228,2017-12-30T04:45:49Z,-33.07485000,148.15516667,2743.076662471813,-5170.227019640569,2228,2,112.591,
4229,2017-12-30T04:45:50Z,-33.07466667,148.15521667,2744.076662471813,-5169.227019640569,2229,2,112.572,
4230,2017-12-30T04:45:51Z,-33.07448333,148.15526667,2745.076662471813,-5168.227019640569,2230,2,112.552,
4231,2017-12-30T04:45:52Z,-33.07430000,148.15530000,2746.076662471813,-5167.227019640569,2231,2,112.532,
4232,2017-12-30T04:45:53Z,-33.07411667,148.15533333,2747.076662471813,-5166.227019640569,2232,2,112.512,
4233,2017-12-30T04:45:54Z,-33.07393333,148.15538333,2748.076662471813,-5165.227019640569,2233,2,112.493,
4234,2017-12-30T04:45:55Z,-33.07376667,148.15541667,2749.076662471813,-5164.227019640569,2234,2,112.474,
4235,2017-12-30T04:45:56Z,-33.07358333,148.15545000,2750.076662471813,-5163.227019640569,2235,2,112.455,
4236,2017-12-30T04:45:57Z,-33.07341667,148.15550000,2751.076662471813,-5162.227019640569,2236,2,112.437,
4237,2017-12-30T04:45:58Z,-33.07325000,148.15553333,2752.076662471813,-5161.227019640569,2237,2,112.419,
4238,2017-12-30T04:45:59Z,-33.07308333,148.15555000,2753.076662471813,-5160.227019640569,2238,2,112.4,
4239,2017-12-30T04:46:00Z,-33.07291667,148.15558333,2754.076662471813,-5159.227019640569,2239,2,112.382,
4240,2017-12-30T04:46:01Z,-33.07275000,148.15560000,2755.076662471813,-5158.227019640569,2240,2,112.364,
4241,2017-12-30T04:46:02Z,-33.07258333,148.15561667,2756.076662471813,-5157.227019640569,2241,2,112.346,
4242,2017-12-30T04:46:03Z,-33.07243333,148.15560000,2757.076662471813,-5156.227019640569,2242,2,112.329,
4243,2017-12-30T04:46:04Z,-33.07230000,148.15555000,2758.076662471813,-5155.227019640569,2243,2,112.314,
4244,2017-12-30T04:46:05Z,-33.07216667,148.15550000,2759.076662471813,-5154.227019640569,2244,2,112.299,
4245,2017-12-30T04:46:06Z,-33.07201667,148.15545000,2760.076662471813,-5153.227019640569,2245,2,112.282,
4246,2017-12-30T04:46:07Z,-33.07188333,148.15540000,2761.076662471813,-5152.227019640569,2246,2,112.266,
4247,2017-12-30T04:46:08Z,-33.07173333,148.15533333,2762.076662471813,-5151.227019640569,2247,2,112.249,
4248,2017-12-30T04:46:09Z,-33.07158333,148.15528333,2763.076662471813,-5150.227019640569,2248,2,112.232,
4249,2017-12-30T04:46:10Z,-33.07141667,148.15525000,2764.076662471813,-5149.227019640569,2249,2,112.213,
4250,2017-12-30T04:46:11Z,-33.07126667,148.15520000,2765.076662471813,-5148.227019640569,2250,2,112.196,
4251,2017-12-30T04:46:12Z,-33.07110000,148.15518333,2766.076662471813,-5147.227019640569,2251,2,112.177,
4252,2017-12-30T04:46:13Z,-33.07095000,148.15516667,2767.076662471813,-5146.227019640569,2252,2,112.161,
4253,2017-12-30T04:46:14Z,-33.07080000,148.15516667,2768.076662471813,-5145.227019640569,2253,2,112.144,
4254,2017-12-30T04:46:15Z,-33.07063333,148.15518333,2769.076662471813,-5144.227019640569,2254,2,112.126,
4255,2017-12-30T04:46:16Z,-33.07048333,148.15520000,2770.076662471813,-5143.227019640569,2255,2,112.11,
4256,2017-12-30T04:46:17Z,-33.07031667,148.15521667,2771.076662471813,-5142.227019640569,2256,2,112.091,
4257,2017-12-30T04:46:18Z,-33.07016667,148.15523333,2772.076662471813,-5141.227019640569,2257,2,112.075,
4258,2017-12-30T04:46:19Z,-33.07000000,148.15526667,2773.076662471813,-5140.227019640569,2258,2,112.057,
4259,2017-12-30T04:46:20Z,-33.06981667,148.15530000,2774.076662471813,-5139.227019640569,2259,2,112.037,
4260,2017-12-30T04:46:21Z,-33.06965000,148.15533333,2775.076662471813,-5138.227019640569,2260,2,112.019,
4261,2017-12-30T04:46:22Z,-33.06948333,148.15538333,2776.076662471813,-5137.227019640569,2261,2,112.001,
4262,2017-12-30T04:46:23Z,-33.06930000,148.15541667,2777.076662471813,-5136.227019640569,2262,2,111.981,
4263,2017-12-30T04:46:24Z,-33.06913333,148.15543333,2778.076662471813,-5135.227019640569,2263,2,111.963,
4264,2017-12-30T04:46:25Z,-33.06896667,148.15543333,2779.076662471813,-5134.227019640569,2264,2,111.945,
4265,2017-12-30T04:46:26Z,-33.06878333,148.15545000,2780.076662471813,-5133.227019640569,2265,2,111.925,
4266,2017-12-30T04:46:27Z,-33.06861667,148.15545000,2781.076662471813,-5132.227019640569,2266,2,111.906,
4267,2017-12-30T04:46:28Z,-33.06843333,148.15546667,2782.076662471813,-5131.227019640569,2267,2,111.886,
4268,2017-12-30T04:46:29Z,-33.06825000,148.15550000,2783.076662471813,-5130.227019640569,2268,2,111.866,
4269,2017-12-30T04:46:30Z,-33.06806667,148.15551667,2784.076662471813,-5129.227019640569,2269,2,111.846,
4270,2017-12-30T04:46:31Z,-33.06790000,148.15551667,2785.076662471813,-5128.227019640569,2270,2,111.828,
4271,2017-12-30T04:46:32Z,-33.06773333,148.15551667,2786.076662471813,-5127.227019640569,2271,2,111.809,
4272,2017-12-30T04:46:33Z,-33.06756667,148.15550000,2787.076662471813,-5126.227019640569,2272,2,111.791,
4273,2017-12-30T04:46:34Z,-33.06738333,148.15548333,2788.076662471813,-5125.227019640569,2273,2,111.77,
4274,2017-12-30T04:46:35Z,-33.06720000,148.15546667,2789.076662471813,-5124.227019640569,2274,2,111.75,
4275,2017-12-30T04:46:36Z,-33.06703333,148.15545000,2790.076662471813,-5123.227019640569,2275,2,111.731,
4276,2017-12-30T04:46:37Z,-33.06686667,148.15543333,2791.076662471813,-5122.227019640569,2276,2,111.713,
4277,2017-12-30T04:46:38Z,-33.06670000,148.15541667,2792.076662471813,-5121.227019640569,2277,2,111.694,
4278,2017-12-30T04:46:39Z,-33.06651667,148.15541667,2793.076662471813,-5120.227019640569,2278,2,111.674,
4279,2017-12-30T04:46:40Z,-33.06635000,148.15541667,2794.076662471813,-5119.227019640569,2279,2,111.655,
4280,2017-12-30T04:46:41Z,-33.06616667,148.15541667,2795.076662471813,-5118.227019640569,2280,2,111.635,
4281,2017-12-30T04:46:42Z,-33.06600000,148.15541667,2796.076662471813,-5117.227019640569,2281,2,111.617,
4282,2017-12-30T04:46:43Z,-33.06581667,148.15543333,2797.076662471813,-5116.227019640569,2282,2,111.597,
4283,2017-12-30T04:46:44Z,-33.06563333,148.15545000,2798.076662471813,-5115.227019640569,2283,2,111.577,
4284,2017-12-30T04:46:45Z,-33.06543333,148.15546667,2799.076662471813,-5114.227019640569,2284,2,111.555,
4285,2017-12-30T04:46:46Z,-33.06525000,148.15548333,2800.076662471813,-5113.227019640569,2285,2,111.535,
4286,2017-12-30T04:46:47Z,-33.06506667,148.15548333,2801.076662471813,-5112.227019640569,2286,2,111.514,
4287,2017-12-30T04:46:48Z,-33.06486667,148.15548333,2802.076662471813,-5111.227019640569,2287,2,111.492,
4288,2017-12-30T04:46:49Z,-33.06468333,148.15548333,2803.076662471813,-5110.227019640569,2288,2,111.472,
4289,2017-12-30T04:46:50Z,-33.06450000,148.15548333,2804.076662471813,-5109.227019640569,2289,2,111.452,
4290,2017-12-30T04:46:51Z,-33.06431667,148.15548333,2805.076662471813,-5108.227019640569,2290,2,111.432,
4291,2017-12-30T04:46:52Z,-33.06413333,148.15548333,2806.076662471813,-5107.227019640569,2291,2,111.411,
4292,2017-12-30T04:46:53Z,-33.06395000,148.15546667,2807.076662471813,-5106.227019640569,2292,2,111.391,
4293,2017-12-30T04:46:54Z,-33.06378333,148.15545000,2808.076662471813,-5105.227019640569,2293,2,111.372,
4294,2017-12-30T04:46:55Z,-33.06360000,148.15543333,2809.076662471813,-5104.227019640569,2294,2,111.352,
4295,2017-12-30T04:46:56Z,-33.06343333,148.15540000,2810.076662471813,-5103.227019640569,2295,2,111.333,
4296,2017-12-30T04:46:57Z,-33.06325000,148.15538333,2811.076662471813,-5102.227019640569,2296,2,111.313,
4297,2017-12-30T04:46:58Z,-33.06306667,148.15535000,2812.076662471813,-5101.227019640569,2297,2,111.292,
4298,2017-12-30T04:46:59Z,-33.06288333,148.15531667,2813.076662471813,-5100.227019640569,2298,2,111.272,
4299,2017-12-30T04:47:00Z,-33.06271667,148.15530000,2814.076662471813,-5099.227019640569,2299,2,111.253,
4300,2017-12-30T04:47:01Z,-33.06253333,148.15528333,2815.076662471813,-5098.227019640569,2300,2,111.233,
4301,2017-12-30T04:47:02Z,-33.06235000,148.15526667,2816.076662471813,-5097.227019640569,2301,2,111.212,
4302,2017-12-30T04:47:03Z,-33.06216667,148.15525000,2817.076662471813,-5096.227019640569,2302,2,111.192,
4303,2017-12-30T04:47:04Z,-33.06196667,148.15525000,2818.076662471813,-5095.227019640569,2303,2,111.17,
4304,2017-12-30T04:47:05Z,-33.06176667,148.15523333,2819.076662471813,-5094.227019640569,2304,2,111.147,
4305,2017-12-30T04:47:06Z,-33.06158333,148.15523333,2820.076662471813,-5093.227019640569,2305,2,111.127,
4306,2017-12-30T04:47:07Z,-33.06138333,148.15523333,2821.076662471813,-5092.227019640569,2306,2,111.105,
4307,2017-12-30T04:47:08Z,-33.06120000,148.15525000,2822.076662471813,-5091.227019640569,2307,2,111.085,
4308,2017-12-30T04:47:09Z,-33.06103333,148.15526667,2823.076662471813,-5090.227019640569,2308,2,111.067,
4309,2017-12-30T04:47:10Z,-33.06085000,148.15528333,2824.076662471813,-5089.227019640569,2309,2,111.047,
4310,2017-12-30T04:47:11Z,-33.06068333,148.15528333,2825.076662471813,-5088.227019640569,2310,2,111.028,
4311,2017-12-30T04:47:12Z,-33.06048333,148.15528333,2826.076662471813,-5087.227019640569,2311,2,111.006,
4312,2017-12-30T04:47:13Z,-33.06028333,148.15528333,2827.076662471813,-5086.227019640569,2312,2,110.984,
4313,2017-12-30T04:47:14Z,-33.06008333,148.15528333,2828.076662471813,-5085.227019640569,2313,2,110.962,
4314,2017-12-30T04:47:15Z,-33.05990000,148.15528333,2829.076662471813,-5084.227019640569,2314,2,110.942,
4315,2017-12-30T04:47:16Z,-33.05971667,148.15528333,2830.076662471813,-5083.227019640569,2315,2,110.922,
4316,2017-12-30T04:47:17Z,-33.05951667,148.15528333,2831.076662471813,-5082.227019640569,2316,2,110.899,
4317,2017-12-30T04:47:18Z,-33.05931667,148.15528333,2832.076662471813,-5081.227019640569,2317,2,110.877,
4318,2017-12-30T04:47:19Z,-33.05911667,148.15528333,2833.076662471813,-5080.227019640569,2318,2,110.855,
4319,2017-12-30T04:47:20Z,-33.05891667,148.15526667,2834.076662471813,-5079.227019640569,2319,2,110.833,
4320,2017-12-30T04:47:21Z,-33.05873333,148.15528333,2835.076662471813,-5078.227019640569,2320,2,110.813,
4321,2017-12-30T04:47:22Z,-33.05851667,148.15526667,2836.076662471813,-5077.227019640569,2321,2,110.789,
4322,2017-12-30T04:47:23Z,-33.05831667,148.15526667,2837.076662471813,-5076.227019640569,2322,2,110.767,
4323,2017-12-30T04:47:24Z,-33.05811667,148.15526667,2838.076662471813,-5075.227019640569,2323,2,110.745,
4324,2017-12-30T04:47:25Z,-33.05791667,148.15526667,2839.076662471813,-5074.227019640569,2324,2,110.723,
4325,2017-12-30T04:47:26Z,-33.05773333,148.15526667,2840.076662471813,-5073.227019640569,2325,2,110.702,
4326,2017-12-30T04:47:27Z,-33.05753333,148.15526667,2841.076662471813,-5072.227019640569,2326,2,110.68,
4327,2017-12-30T04:47:28Z,-33.05733333,148.15528333,2842.076662471813,-5071.227019640569,2327,2,110.658,
4328,2017-12-30T04:47:29Z,-33.05713333,148.15528333,2843.076662471813,-5070.227019640569,2328,2,110.636,
4329,2017-12-30T04:47:30Z,-33.05695000,148.15528333,2844.076662471813,-5069.227019640569,2329,2,110.616,
4330,2017-12-30T04:47:31Z,-33.05675000,148.15526667,2845.076662471813,-5068.227019640569,2330,2,110.594,
4331,2017-12-30T04:47:32Z,-33.05656667,148.15526667,2846.076662471813,-5067.227019640569,2331,2,110.574,
4332,2017-12-30T04:47:33Z,-33.05636667,148.15525000,2847.076662471813,-5066.227019640569,2332,2,110.551,
4333,2017-12-30T04:47:34Z,-33.05618333,148.15521667,2848.076662471813,-5065.227019640569,2333,2,110.531,
4334,2017-12-30T04:47:35Z,-33.05600000,148.15518333,2849.076662471813,-5064.227019640569,2334,2,110.51,
4335,2017-12-30T04:47:36Z,-33.05581667,148.15515000,2850.076662471813,-5063.227019640569,2335,2,110.489,
4336,2017-12-30T04:47:37Z,-33.05563333,148.15511667,2851.076662471813,-5062.227019640569,2336,2,110.469,
4337,2017-12-30T04:47:38Z,-33.05543333,148.15508333,2852.076662471813,-5061.227019640569,2337,2,110.446,
4338,2017-12-30T04:47:39Z,-33.05525000,148.15506667,2853.076662471813,-5060.227019640569,2338,2,110.426,
4339,2017-12-30T04:47:40Z,-33.05505000,148.15505000,2854.076662471813,-5059.227019640569,2339,2,110.404,
4340,2017-12-30T04:47:41Z,-33.05485000,148.15503333,2855.076662471813,-5058.227019640569,2340,2,110.381,
4341,2017-12-30T04:47:42Z,-33.05465000,148.15501667,2856.076662471813,-5057.227019640569,2341,2,110.359,
4342,2017-12-30T04:47:43Z,-33.05446667,148.15500000,2857.076662471813,-5056.227019640569,2342,2,110.339,
4343,2017-12-30T04:47:44Z,-33.05426667,148.15496667,2858.076662471813,-5055.227019640569,2343,2,110.316,
4344,2017-12-30T04:47:45Z,-33.05410000,148.15495000,2859.076662471813,-5054.227019640569,2344,2,110.298,
4345,2017-12-30T04:47:46Z,-33.05391667,148.15493333,2860.076662471813,-5053.227019640569,2345,2,110.277,
4346,2017-12-30T04:47:47Z,-33.05376667,148.15490000,2861.076662471813,-5052.227019640569,2346,2,110.26,
4347,2017-12-30T04:47:48Z,-33.05360000,148.15485000,2862.076662471813,-5051.227019640569,2347,2,110.241,
4348,2017-12-30T04:47:49Z,-33.05343333,148.15480000,2863.076662471813,-5050.227019640569,2348,2,110.222,
4349,2017-12-30T04:47:50Z,-33.05328333,148.15476667,2864.076662471813,-5049.227019640569,2349,2,110.206,
4350,2017-12-30T04:47:51Z,-33.05311667,148.15471667,2865.076662471813,-5048.227019640569,2350,2,110.187,
4351,2017-12-30T04:47:52Z,-33.05296667,148.15468333,2866.076662471813,-5047.227019640569,2351,2,110.17,
4352,2017-12-30T04:47:53Z,-33.05280000,148.15466667,2867.076662471813,-5046.227019640569,2352,2,110.151,
4353,2017-12-30T04:47:54Z,-33.05265000,148.15465000,2868.076662471813,-5045.227019640569,2353,2,110.134,
4354,2017-12-30T04:47:55Z,-33.05248333,148.15465000,2869.076662471813,-5044.227019640569,2354,2,110.116,
4355,2017-12-30T04:47:56Z,-33.05230000,148.15465000,2870.076662471813,-5043.227019640569,2355,2,110.096,
4356,2017-12-30T04:47:57Z,-33.05213333,148.15466667,2871.076662471813,-5042.227019640569,2356,2,110.077,
4357,2017-12-30T04:47:58Z,-33.05195000,148.15466667,2872.076662471813,-5041.227019640569,2357,2,110.057,
4358,2017-12-30T04:47:59Z,-33.05178333,148.15468333,2873.076662471813,-5040.227019640569,2358,2,110.039,
4359,2017-12-30T04:48:00Z,-33.05163333,148.15470000,2874.076662471813,-5039.227019640569,2359,2,110.023,
4360,2017-12-30T04:48:01Z,-33.05146667,148.15470000,2875.076662471813,-5038.227019640569,2360,2,110.004,
4361,2017-12-30T04:48:02Z,-33.05130000,148.15471667,2876.076662471813,-5037.227019640569,2361,2,109.986,
4362,2017-12-30T04:48:03Z,-33.05113333,148.15473333,2877.076662471813,-5036.227019640569,2362,2,109.968,
4363,2017-12-30T04:48:04Z,-33.05095000,148.15475000,2878.076662471813,-5035.227019640569,2363,2,109.948,
4364,2017-12-30T04:48:05Z,-33.05078333,148.15476667,2879.076662471813,-5034.227019640569,2364,2,109.93,
4365,2017-12-30T04:48:06Z,-33.05060000,148.15478333,2880.076662471813,-5033.227019640569,2365,2,109.909,
4366,2017-12-30T04:48:07Z,-33.05043333,148.15480000,2881.076662471813,-5032.227019640569,2366,2,109.891,
4367,2017-12-30T04:48:08Z,-33.05026667,148.15480000,2882.076662471813,-5031.227019640569,2367,2,109.873,
4368,2017-12-30T04:48:09Z,-33.05008333,148.15480000,2883.076662471813,-5030.227019640569,2368,2,109.853,
4369,2017-12-30T04:48:10Z,-33.04991667,148.15481667,2884.076662471813,-5029.227019640569,2369,2,109.834,
4370,2017-12-30T04:48:11Z,-33.04975000,148.15481667,2885.076662471813,-5028.227019640569,2370,2,109.816,
4371,2017-12-30T04:48:12Z,-33.04958333,148.15483333,2886.076662471813,-5027.227019640569,2371,2,109.798,
4372,2017-12-30T04:48:13Z,-33.04941667,148.15485000,2887.076662471813,-5026.227019640569,2372,2,109.78,
4373,2017-12-30T04:48:14Z,-33.04926667,148.15486667,2888.076662471813,-5025.227019640569,2373,2,109.763,
4374,2017-12-30T04:48:15Z,-33.04908333,148.15488333,2889.076662471813,-5024.227019640569,2374,2,109.743,
4375,2017-12-30T04:48:16Z,-33.04891667,148.15491667,2890.076662471813,-5023.227019640569,2375,2,109.725,
4376,2017-12-30T04:48:17Z,-33.04876667,148.15493333,2891.076662471813,-5022.227019640569,2376,2,109.709,
4377,2017-12-30T04:48:18Z,-33.04860000,148.15495000,2892.076662471813,-5021.227019640569,2377,2,109.691,
4378,2017-12-30T04:48:19Z,-33.04843333,148.15495000,2893.076662471813,-5020.227019640569,2378,2,109.672,
4379,2017-12-30T04:48:20Z,-33.04828333,148.15495000,2894.076662471813,-5019.227019640569,2379,2,109.656,
4380,2017-12-30T04:48:21Z,-33.04811667,148.15495000,2895.076662471813,-5018.227019640569,2380,2,109.637,
4381,2017-12-30T04:48:22Z,-33.04796667,148.15493333,2896.076662471813,-5017.227019640569,2381,2,109.62,
4382,2017-12-30T04:48:23Z,-33.04780000,148.15493333,2897.076662471813,-5016.227019640569,2382,2,109.602,
4383,2017-12-30T04:48:24Z,-33.04763333,148.15491667,2898.076662471813,-5015.227019640569,2383,2,109.583,
4384,2017-12-30T04:48:25Z,-33.04746667,148.15493333,2899.076662471813,-5014.227019640569,2384,2,109.565,
4385,2017-12-30T04:48:26Z,-33.04730000,148.15493333,2900.076662471813,-5013.227019640569,2385,2,109.547,
4386,2017-12-30T04:48:27Z,-33.04713333,148.15495000,2901.076662471813,-5012.227019640569,2386,2,109.529,
4387,2017-12-30T04:48:28Z,-33.04698333,148.15496667,2902.076662471813,-5011.227019640569,2387,2,109.512,
4388,2017-12-30T04:48:29Z,-33.04681667,148.15498333,2903.076662471813,-5010.227019640569,2388,2,109.494,
4389,2017-12-30T04:48:30Z,-33.04666667,148.15498333,2904.076662471813,-5009.227019640569,2389,2,109.477,
4390,2017-12-30T04:48:31Z,-33.04651667,148.15498333,2905.076662471813,-5008.227019640569,2390,2,109.461,
4391,2017-12-30T04:48:32Z,-33.04636667,148.15498333,2906.076662471813,-5007.227019640569,2391,2,109.444,
4392,2017-12-30T04:48:33Z,-33.04620000,148.15496667,2907.076662471813,-5006.227019640569,2392,2,109.426,
4393,2017-12-30T04:48:34Z,-33.04605000,148.15496667,2908.076662471813,-5005.227019640569,2393,2,109.409,
4394,2017-12-30T04:48:35Z,-33.04591667,148.15495000,2909.076662471813,-5004.227019640569,2394,2,109.394,
4395,2017-12-30T04:48:36Z,-33.04575000,148.15495000,2910.076662471813,-5003.227019640569,2395,2,109.376,
4396,2017-12-30T04:48:37Z,-33.04560000,148.15495000,2911.076662471813,-5002.227019640569,2396,2,109.359,
4397,2017-12-30T04:48:38Z,-33.04545000,148.15495000,2912.076662471813,-5001.227019640569,2397,2,109.343,
4398,2017-12-30T04:48:39Z,-33.04528333,148.15493333,2913.076662471813,-5000.227019640569,2398,2,109.324,
4399,2017-12-30T04:48:40Z,-33.04511667,148.15493333,2914.076662471813,-4999.227019640569,2399,2,109.306,
4400,2017-12-30T04:48:41Z,-33.04496667,148.15493333,2915.076662471813,-4998.227019640569,2400,2,109.289,
4401,2017-12-30T04:48:42Z,-33.04480000,148.15493333,2916.076662471813,-4997.227019640569,2401,2,109.271,
4402,2017-12-30T04:48:43Z,-33.04463333,148.15493333,2917.076662471813,-4996.227019640569,2402,2,109.252,
4403,2017-12-30T04:48:44Z,-33.04446667,148.15495000,2918.076662471813,-4995.227019640569,2403,2,109.234,
4404,2017-12-30T04:48:45Z,-33.04430000,148.15495000,2919.076662471813,-4994.227019640569,2404,2,109.216,
4405,2017-12-30T04:48:46Z,-33.04413333,148.15495000,2920.076662471813,-4993.227019640569,2405,2,109.197,
4406,2017-12-30T04:48:47Z,-33.04396667,148.15496667,2921.076662471813,-4992.227019640569,2406,2,109.179,
4407,2017-12-30T04:48:48Z,-33.04380000,148.15498333,2922.076662471813,-4991.227019640569,2407,2,109.161,
4408,2017-12-30T04:48:49Z,-33.04363333,148.15501667,2923.076662471813,-4990.227019640569,2408,2,109.143,
4409,2017-12-30T04:48:50Z,-33.04346667,148.15503333,2924.076662471813,-4989.227019640569,2409,2,109.125,
4410,2017-12-30T04:48:51Z,-33.04330000,148.15505000,2925.076662471813,-4988.227019640569,2410,2,109.107,
4411,2017-12-30T04:48:52Z,-33.04313333,148.15505000,2926.076662471813,-4987.227019640569,2411,2,109.088,
4412,2017-12-30T04:48:53Z,-33.04295000,148.15505000,2927.076662471813,-4986.227019640569,2412,2,109.068,
4413,2017-12-30T04:48:54Z,-33.04278333,148.15505000,2928.076662471813,-4985.227019640569,2413,2,109.05,
4414,2017-12-30T04:48:55Z,-33.04263333,148.15505000,2929.076662471813,-4984.227019640569,2414,2,109.033,
4415,2017-12-30T04:48:56Z,-33.04246667,148.15506667,2930.076662471813,-4983.227019640569,2415,2,109.015,
4416,2017-12-30T04:48:57Z,-33.04230000,148.15506667,2931.076662471813,-4982.227019640569,2416,2,108.996,
4417,2017-12-30T04:48:58Z,-33.04213333,148.15508333,2932.076662471813,-4981.227019640569,2417,2,108.978,
4418,2017-12-30T04:48:59Z,-33.04198333,148.15510000,2933.076662471813,-4980.227019640569,2418,2,108.962,
4419,2017-12-30T04:49:00Z,-33.04183333,148.15510000,2934.076662471813,-4979.227019640569,2419,2,108.945,
4420,2017-12-30T04:49:01Z,-33.04166667,148.15511667,2935.076662471813,-4978.227019640569,2420,2,108.927,
4421,2017-12-30T04:49:02Z,-33.04150000,148.15513333,2936.076662471813,-4977.227019640569,2421,2,108.909,
4422,2017-12-30T04:49:03Z,-33.04133333,148.15513333,2937.076662471813,-4976.227019640569,2422,2,108.89,
4423,2017-12-30T04:49:04Z,-33.04118333,148.15513333,2938.076662471813,-4975.227019640569,2423,2,108.874,
4424,2017-12-30T04:49:05Z,-33.04101667,148.15513333,2939.076662471813,-4974.227019640569,2424,2,108.855,
4425,2017-12-30T04:49:06Z,-33.04085000,148.15511667,2940.076662471813,-4973.227019640569,2425,2,108.837,
4426,2017-12-30T04:49:07Z,-33.04070000,148.15510000,2941.076662471813,-4972.227019640569,2426,2,108.82,
4427,2017-12-30T04:49:08Z,-33.04055000,148.15508333,2942.076662471813,-4971.227019640569,2427,2,108.803,
4428,2017-12-30T04:49:09Z,-33.04040000,148.15506667,2943.076662471813,-4970.227019640569,2428,2,108.787,
4429,2017-12-30T04:49:10Z,-33.04025000,148.15506667,2944.076662471813,-4969.227019640569,2429,2,108.77,
4430,2017-12-30T04:49:11Z,-33.04010000,148.15505000,2945.076662471813,-4968.227019640569,2430,2,108.753,
4431,2017-12-30T04:49:12Z,-33.03995000,148.15505000,2946.076662471813,-4967.227019640569,2431,2,108.737,
4432,2017-12-30T04:49:13Z,-33.03978333,148.15503333,2947.076662471813,-4966.227019640569,2432,2,108.718,
4433,2017-12-30T04:49:14Z,-33.03961667,148.15501667,2948.076662471813,-4965.227019640569,2433,2,108.7,
4434,2017-12-30T04:49:15Z,-33.03945000,148.15501667,2949.076662471813,-4964.227019640569,2434,2,108.681,
4435,2017-12-30T04:49:16Z,-33.03926667,148.15503333,2950.076662471813,-4963.227019640569,2435,2,108.661,
4436,2017-12-30T04:49:17Z,-33.03910000,148.15505000,2951.076662471813,-4962.227019640569,2436,2,108.643,
4437,2017-12-30T04:49:18Z,-33.03893333,148.15505000,2952.076662471813,-4961.227019640569,2437,2,108.625,
4438,2017-12-30T04:49:19Z,-33.03878333,148.15505000,2953.076662471813,-4960.227019640569,2438,2,108.608,
4439,2017-12-30T04:49:20Z,-33.03861667,148.15503333,2954.076662471813,-4959.227019640569,2439,2,108.589,
4440,2017-12-30T04:49:21Z,-33.03846667,148.15503333,2955.076662471813,-4958.227019640569,2440,2,108.573,
4441,2017-12-30T04:49:22Z,-33.03831667,148.15503333,2956.076662471813,-4957.227019640569,2441,2,108.556,
4442,2017-12-30T04:49:23Z,-33.03815000,148.15501667,2957.076662471813,-4956.227019640569,2442,2,108.538,
4443,2017-12-30T04:49:24Z,-33.03800000,148.15501667,2958.076662471813,-4955.227019640569,2443,2,108.521,
4444,2017-12-30T04:49:25Z,-33.03785000,148.15501667,2959.076662471813,-4954.227019640569,2444,2,108.505,
4445,2017-12-30T04:49:26Z,-33.03768333,148.15501667,2960.076662471813,-4953.227019640569,2445,2,108.486,
4446,2017-12-30T04:49:27Z,-33.03751667,148.15501667,2961.076662471813,-4952.227019640569,2446,2,108.468,
4447,2017-12-30T04:49:28Z,-33.03736667,148.15501667,2962.076662471813,-4951.227019640569,2447,2,108.451,
4448,2017-12-30T04:49:29Z,-33.03720000,148.15501667,2963.076662471813,-4950.227019640569,2448,2,108.433,
4449,2017-12-30T04:49:30Z,-33.03703333,148.15501667,2964.076662471813,-4949.227019640569,2449,2,108.414,
4450,2017-12-30T04:49:31Z,-33.03686667,148.15500000,2965.076662471813,-4948.227019640569,2450,2,108.396,
4451,2017-12-30T04:49:32Z,-33.03670000,148.15498333,2966.076662471813,-4947.227019640569,2451,2,108.377,
4452,2017-12-30T04:49:33Z,-33.03655000,148.15498333,2967.076662471813,-4946.227019640569,2452,2,108.361,
4453,2017-12-30T04:49:34Z,-33.03638333,148.15498333,2968.076662471813,-4945.227019640569,2453,2,108.342,
4454,2017-12-30T04:49:35Z,-33.03621667,148.15498333,2969.076662471813,-4944.227019640569,2454,2,108.324,
4455,2017-12-30T04:49:36Z,-33.03605000,148.15498333,2970.076662471813,-4943.227019640569,2455,2,108.306,
4456,2017-12-30T04:49:37Z,-33.03588333,148.15496667,2971.076662471813,-4942.227019640569,2456,2,108.287,
4457,2017-12-30T04:49:38Z,-33.03571667,148.15495000,2972.076662471813,-4941.227019640569,2457,2,108.268,
4458,2017-12-30T04:49:39Z,-33.03556667,148.15495000,2973.076662471813,-4940.227019640569,2458,2,108.252,
4459,2017-12-30T04:49:40Z,-33.03541667,148.15493333,2974.076662471813,-4939.227019640569,2459,2,108.235,
4460,2017-12-30T04:49:41Z,-33.03526667,148.15493333,2975.076662471813,-4938.227019640569,2460,2,108.218,
4461,2017-12-30T04:49:42Z,-33.03513333,148.15491667,2976.076662471813,-4937.227019640569,2461,2,108.204,
4462,2017-12-30T04:49:43Z,-33.03500000,148.15490000,2977.076662471813,-4936.227019640569,2462,2,108.189,
4463,2017-12-30T04:49:44Z,-33.03486667,148.15486667,2978.076662471813,-4935.227019640569,2463,2,108.174,
4464,2017-12-30T04:49:45Z,-33.03471667,148.15481667,2979.076662471813,-4934.227019640569,2464,2,108.156,
4465,2017-12-30T04:49:46Z,-33.03458333,148.15478333,2980.076662471813,-4933.227019640569,2465,2,108.141,
4466,2017-12-30T04:49:47Z,-33.03445000,148.15473333,2981.076662471813,-4932.227019640569,2466,2,108.126,
4467,2017-12-30T04:49:48Z,-33.03431667,148.15470000,2982.076662471813,-4931.227019640569,2467,2,108.111,
4468,2017-12-30T04:49:49Z,-33.03418333,148.15466667,2983.076662471813,-4930.227019640569,2468,2,108.096,
4469,2017-12-30T04:49:50Z,-33.03403333,148.15463333,2984.076662471813,-4929.227019640569,2469,2,108.079,
4470,2017-12-30T04:49:51Z,-33.03388333,148.15460000,2985.076662471813,-4928.227019640569,2470,2,108.062,
4471,2017-12-30T04:49:52Z,-33.03373333,148.15456667,2986.076662471813,-4927.227019640569,2471,2,108.045,
4472,2017-12-30T04:49:53Z,-33.03358333,148.15453333,2987.076662471813,-4926.227019640569,2472,2,108.028,
4473,2017-12-30T04:49:54Z,-33.03341667,148.15450000,2988.076662471813,-4925.227019640569,2473,2,108.009,
4474,2017-12-30T04:49:55Z,-33.03326667,148.15446667,2989.076662471813,-4924.227019640569,2474,2,107.992,
4475,2017-12-30T04:49:56Z,-33.03310000,148.15443333,2990.076662471813,-4923.227019640569,2475,2,107.974,
4476,2017-12-30T04:49:57Z,-33.03295000,148.15440000,2991.076662471813,-4922.227019640569,2476,2,107.957,
4477,2017-12-30T04:49:58Z,-33.03280000,148.15436667,2992.076662471813,-4921.227019640569,2477,2,107.94,
4478,2017-12-30T04:49:59Z,-33.03265000,148.15435000,2993.076662471813,-4920.227019640569,2478,2,107.923,
4479,2017-12-30T04:50:00Z,-33.03250000,148.15431667,2994.076662471813,-4919.227019640569,2479,2,107.906,
4480,2017-12-30T04:50:01Z,-33.03235000,148.15428333,2995.076662471813,-4918.227019640569,2480,2,107.889,
4481,2017-12-30T04:50:02Z,-33.03221667,148.15423333,2996.076662471813,-4917.227019640569,2481,2,107.874,
4482,2017-12-30T04:50:03Z,-33.03206667,148.15420000,2997.076662471813,-4916.227019640569,2482,2,107.857,
4483,2017-12-30T04:50:04Z,-33.03193333,148.15416667,2998.076662471813,-4915.227019640569,2483,2,107.842,
4484,2017-12-30T04:50:05Z,-33.03178333,148.15411667,2999.076662471813,-4914.227019640569,2484,2,107.825,
4485,2017-12-30T04:50:06Z,-33.03165000,148.15408333,3000.076662471813,-4913.227019640569,2485,2,107.81,
4486,2017-12-30T04:50:07Z,-33.03151667,148.15403333,3001.076662471813,-4912.227019640569,2486,2,107.794,
4487,2017-12-30T04:50:08Z,-33.03135000,148.15400000,3002.076662471813,-4911.227019640569,2487,2,107.776,
4488,2017-12-30T04:50:09Z,-33.03120000,148.15398333,3003.076662471813,-4910.227019640569,2488,2,107.759,
4489,2017-12-30T04:50:10Z,-33.03103333,148.15395000,3004.076662471813,-4909.227019640569,2489,2,107.74,
4490,2017-12-30T04:50:11Z,-33.03086667,148.15393333,3005.076662471813,-4908.227019640569,2490,2,107.722,
4491,2017-12-30T04:50:12Z,-33.03070000,148.15391667,3006.076662471813,-4907.227019640569,2491,2,107.703,
4492,2017-12-30T04:50:13Z,-33.03053333,148.15390000,3007.076662471813,-4906.227019640569,2492,2,107.684,
4493,2017-12-30T04:50:14Z,-33.03038333,148.15390000,3008.076662471813,-4905.227019640569,2493,2,107.668,
4494,2017-12-30T04:50:15Z,-33.03021667,148.15388333,3009.076662471813,-4904.227019640569,2494,2,107.649,
4495,2017-12-30T04:50:16Z,-33.03008333,148.15388333,3010.076662471813,-4903.227019640569,2495,2,107.635,
4496,2017-12-30T04:50:17Z,-33.02993333,148.15386667,3011.076662471813,-4902.227019640569,2496,2,107.618,
4497,2017-12-30T04:50:18Z,-33.02976667,148.15385000,3012.076662471813,-4901.227019640569,2497,2,107.599,
4498,2017-12-30T04:50:19Z,-33.02961667,148.15381667,3013.076662471813,-4900.227019640569,2498,2,107.582,
4499,2017-12-30T04:50:20Z,-33.02945000,148.15378333,3014.076662471813,-4899.227019640569,2499,2,107.563,
4500,2017-12-30T04:50:21Z,-33.02928333,148.15375000,3015.076662471813,-4898.227019640569,2500,2,107.545,
4501,2017-12-30T04:50:22Z,-33.02913333,148.15373333,3016.076662471813,-4897.227019640569,2501,2,107.528,
4502,2017-12-30T04:50:23Z,-33.02896667,148.15371667,3017.076662471813,-4896.227019640569,2502,2,107.509,
4503,2017-12-30T04:50:24Z,-33.02881667,148.15370000,3018.076662471813,-4895.227019640569,2503,2,107.493,
4504,2017-12-30T04:50:25Z,-33.02865000,148.15368333,3019.076662471813,-4894.227019640569,2504,2,107.474,
4505,2017-12-30T04:50:26Z,-33.02850000,148.15366667,3020.076662471813,-4893.227019640569,2505,2,107.457,
4506,2017-12-30T04:50:27Z,-33.02833333,148.15363333,3021.076662471813,-4892.227019640569,2506,2,107.439,
4507,2017-12-30T04:50:28Z,-33.02818333,148.15360000,3022.076662471813,-4891.227019640569,2507,2,107.422,
4508,2017-12-30T04:50:29Z,-33.02801667,148.15358333,3023.076662471813,-4890.227019640569,2508,2,107.403,
4509,2017-12-30T04:50:30Z,-33.02786667,148.15355000,3024.076662471813,-4889.227019640569,2509,2,107.386,
4510,2017-12-30T04:50:31Z,-33.02770000,148.15353333,3025.076662471813,-4888.227019640569,2510,2,107.368,
4511,2017-12-30T04:50:32Z,-33.02755000,148.15350000,3026.076662471813,-4887.227019640569,2511,2,107.351,
4512,2017-12-30T04:50:33Z,-33.02740000,148.15348333,3027.076662471813,-4886.227019640569,2512,2,107.334,
4513,2017-12-30T04:50:34Z,-33.02725000,148.15346667,3028.076662471813,-4885.227019640569,2513,2,107.317,
4514,2017-12-30T04:50:35Z,-33.02710000,148.15343333,3029.076662471813,-4884.227019640569,2514,2,107.3,
4515,2017-12-30T04:50:36Z,-33.02693333,148.15341667,3030.076662471813,-4883.227019640569,2515,2,107.282,
4516,2017-12-30T04:50:37Z,-33.02678333,148.15338333,3031.076662471813,-4882.227019640569,2516,2,107.265,
4517,2017-12-30T04:50:38Z,-33.02661667,148.15335000,3032.076662471813,-4881.227019640569,2517,2,107.246,
4518,2017-12-30T04:50:39Z,-33.02646667,148.15331667,3033.076662471813,-4880.227019640569,2518,2,107.229,
4519,2017-12-30T04:50:40Z,-33.02630000,148.15330000,3034.076662471813,-4879.227019640569,2519,2,107.21,
4520,2017-12-30T04:50:41Z,-33.02615000,148.15326667,3035.076662471813,-4878.227019640569,2520,2,107.193,
4521,2017-12-30T04:50:42Z,-33.02598333,148.15325000,3036.076662471813,-4877.227019640569,2521,2,107.175,
4522,2017-12-30T04:50:43Z,-33.02583333,148.15321667,3037.076662471813,-4876.227019640569,2522,2,107.158,
4523,2017-12-30T04:50:44Z,-33.02568333,148.15318333,3038.076662471813,-4875.227019640569,2523,2,107.141,
4524,2017-12-30T04:50:45Z,-33.02553333,148.15315000,3039.076662471813,-4874.227019640569,2524,2,107.124,
4525,2017-12-30T04:50:46Z,-33.02536667,148.15313333,3040.076662471813,-4873.227019640569,2525,2,107.105,
4526,2017-12-30T04:50:47Z,-33.02521667,148.15310000,3041.076662471813,-4872.227019640569,2526,2,107.089,
4527,2017-12-30T04:50:48Z,-33.02506667,148.15308333,3042.076662471813,-4871.227019640569,2527,2,107.072,
4528,2017-12-30T04:50:49Z,-33.02491667,148.15305000,3043.076662471813,-4870.227019640569,2528,2,107.055,
4529,2017-12-30T04:50:50Z,-33.02475000,148.15303333,3044.076662471813,-4869.227019640569,2529,2,107.036,
4530,2017-12-30T04:50:51Z,-33.02458333,148.15301667,3045.076662471813,-4868.227019640569,2530,2,107.018,
4531,2017-12-30T04:50:52Z,-33.02440000,148.15301667,3046.076662471813,-4867.227019640569,2531,2,106.997,
4532,2017-12-30T04:50:53Z,-33.02421667,148.15303333,3047.076662471813,-4866.227019640569,2532,2,106.977,
4533,2017-12-30T04:50:54Z,-33.02401667,148.15305000,3048.076662471813,-4865.227019640569,2533,2,106.955,
4534,2017-12-30T04:50:55Z,-33.02385000,148.15305000,3049.076662471813,-4864.227019640569,2534,2,106.937,
4535,2017-12-30T04:50:56Z,-33.02366667,148.15306667,3050.076662471813,-4863.227019640569,2535,2,106.917,
4536,2017-12-30T04:50:57Z,-33.02346667,148.15308333,3051.076662471813,-4862.227019640569,2536,2,106.895,
4537,2017-12-30T04:50:58Z,-33.02326667,148.15310000,3052.076662471813,-4861.227019640569,2537,2,106.873,
4538,2017-12-30T04:50:59Z,-33.02306667,148.15311667,3053.076662471813,-4860.227019640569,2538,2,106.851,
4539,2017-12-30T04:51:00Z,-33.02288333,148.15311667,3054.076662471813,-4859.227019640569,2539,2,106.831,
4540,2017-12-30T04:51:01Z,-33.02268333,148.15311667,3055.076662471813,-4858.227019640569,2540,2,106.809,
4541,2017-12-30T04:51:02Z,-33.02250000,148.15311667,3056.076662471813,-4857.227019640569,2541,2,106.789,
4542,2017-12-30T04:51:03Z,-33.02233333,148.15308333,3057.076662471813,-4856.227019640569,2542,2,106.77,
4543,2017-12-30T04:51:04Z,-33.02216667,148.15306667,3058.076662471813,-4855.227019640569,2543,2,106.751,
4544,2017-12-30T04:51:05Z,-33.02200000,148.15305000,3059.076662471813,-4854.227019640569,2544,2,106.733,
4545,2017-12-30T04:51:06Z,-33.02181667,148.15305000,3060.076662471813,-4853.227019640569,2545,2,106.713,
4546,2017-12-30T04:51:07Z,-33.02163333,148.15305000,3061.076662471813,-4852.227019640569,2546,2,106.692,
4547,2017-12-30T04:51:08Z,-33.02141667,148.15305000,3062.076662471813,-4851.227019640569,2547,2,106.669,
4548,2017-12-30T04:51:09Z,-33.02121667,148.15305000,3063.076662471813,-4850.227019640569,2548,2,106.646,
4549,2017-12-30T04:51:10Z,-33.02103333,148.15305000,3064.076662471813,-4849.227019640569,2549,2,106.626,
4550,2017-12-30T04:51:11Z,-33.02085000,148.15303333,3065.076662471813,-4848.227019640569,2550,2,106.606,
4551,2017-12-30T04:51:12Z,-33.02068333,148.15301667,3066.076662471813,-4847.227019640569,2551,2,106.587,
4552,2017-12-30T04:51:13Z,-33.02053333,148.15300000,3067.076662471813,-4846.227019640569,2552,2,106.57,
4553,2017-12-30T04:51:14Z,-33.02036667,148.15298333,3068.076662471813,-4845.227019640569,2553,2,106.552,
4554,2017-12-30T04:51:15Z,-33.02020000,148.15295000,3069.076662471813,-4844.227019640569,2554,2,106.533,
4555,2017-12-30T04:51:16Z,-33.02003333,148.15291667,3070.076662471813,-4843.227019640569,2555,2,106.514,
4556,2017-12-30T04:51:17Z,-33.01986667,148.15288333,3071.076662471813,-4842.227019640569,2556,2,106.496,
4557,2017-12-30T04:51:18Z,-33.01968333,148.15286667,3072.076662471813,-4841.227019640569,2557,2,106.475,
4558,2017-12-30T04:51:19Z,-33.01950000,148.15285000,3073.076662471813,-4840.227019640569,2558,2,106.455,
4559,2017-12-30T04:51:20Z,-33.01931667,148.15285000,3074.076662471813,-4839.227019640569,2559,2,106.434,
4560,2017-12-30T04:51:21Z,-33.01913333,148.15283333,3075.076662471813,-4838.227019640569,2560,2,106.414,
4561,2017-12-30T04:51:22Z,-33.01893333,148.15280000,3076.076662471813,-4837.227019640569,2561,2,106.392,
4562,2017-12-30T04:51:23Z,-33.01875000,148.15278333,3077.076662471813,-4836.227019640569,2562,2,106.371,
4563,2017-12-30T04:51:24Z,-33.01858333,148.15276667,3078.076662471813,-4835.227019640569,2563,2,106.353,
4564,2017-12-30T04:51:25Z,-33.01840000,148.15275000,3079.076662471813,-4834.227019640569,2564,2,106.332,
4565,2017-12-30T04:51:26Z,-33.01821667,148.15275000,3080.076662471813,-4833.227019640569,2565,2,106.312,
4566,2017-12-30T04:51:27Z,-33.01803333,148.15273333,3081.076662471813,-4832.227019640569,2566,2,106.291,
4567,2017-12-30T04:51:28Z,-33.01785000,148.15271667,3082.076662471813,-4831.227019640569,2567,2,106.271,
4568,2017-12-30T04:51:29Z,-33.01766667,148.15270000,3083.076662471813,-4830.227019640569,2568,2,106.251,
4569,2017-12-30T04:51:30Z,-33.01748333,148.15266667,3084.076662471813,-4829.227019640569,2569,2,106.23,
4570,2017-12-30T04:51:31Z,-33.01728333,148.15265000,3085.076662471813,-4828.227019640569,2570,2,106.208,
4571,2017-12-30T04:51:32Z,-33.01710000,148.15263333,3086.076662471813,-4827.227019640569,2571,2,106.187,
4572,2017-12-30T04:51:33Z,-33.01691667,148.15261667,3087.076662471813,-4826.227019640569,2572,2,106.167,
4573,2017-12-30T04:51:34Z,-33.01673333,148.15261667,3088.076662471813,-4825.227019640569,2573,2,106.147,
4574,2017-12-30T04:51:35Z,-33.01656667,148.15260000,3089.076662471813,-4824.227019640569,2574,2,106.128,
4575,2017-12-30T04:51:36Z,-33.01641667,148.15258333,3090.076662471813,-4823.227019640569,2575,2,106.111,
4576,2017-12-30T04:51:37Z,-33.01625000,148.15258333,3091.076662471813,-4822.227019640569,2576,2,106.093,
4577,2017-12-30T04:51:38Z,-33.01608333,148.15256667,3092.076662471813,-4821.227019640569,2577,2,106.074,
4578,2017-12-30T04:51:39Z,-33.01591667,148.15255000,3093.076662471813,-4820.227019640569,2578,2,106.056,
4579,2017-12-30T04:51:40Z,-33.01573333,148.15255000,3094.076662471813,-4819.227019640569,2579,2,106.036,
4580,2017-12-30T04:51:41Z,-33.01555000,148.15255000,3095.076662471813,-4818.227019640569,2580,2,106.015,
4581,2017-12-30T04:51:42Z,-33.01536667,148.15255000,3096.076662471813,-4817.227019640569,2581,2,105.995,
4582,2017-12-30T04:51:43Z,-33.01518333,148.15256667,3097.076662471813,-4816.227019640569,2582,2,105.975,
4583,2017-12-30T04:51:44Z,-33.01500000,148.15256667,3098.076662471813,-4815.227019640569,2583,2,105.955,
4584,2017-12-30T04:51:45Z,-33.01481667,148.15258333,3099.076662471813,-4814.227019640569,2584,2,105.935,
4585,2017-12-30T04:51:46Z,-33.01463333,148.15260000,3100.076662471813,-4813.227019640569,2585,2,105.915,
4586,2017-12-30T04:51:47Z,-33.01445000,148.15260000,3101.076662471813,-4812.227019640569,2586,2,105.894,
4587,2017-12-30T04:51:48Z,-33.01426667,148.15261667,3102.076662471813,-4811.227019640569,2587,2,105.874,
4588,2017-12-30T04:51:49Z,-33.01408333,148.15261667,3103.076662471813,-4810.227019640569,2588,2,105.854,
4589,2017-12-30T04:51:50Z,-33.01390000,148.15261667,3104.076662471813,-4809.227019640569,2589,2,105.834,
4590,2017-12-30T04:51:51Z,-33.01371667,148.15263333,3105.076662471813,-4808.227019640569,2590,2,105.814,
4591,2017-12-30T04:51:52Z,-33.01351667,148.15265000,3106.076662471813,-4807.227019640569,2591,2,105.792,
4592,2017-12-30T04:51:53Z,-33.01331667,148.15266667,3107.076662471813,-4806.227019640569,2592,2,105.77,
4593,2017-12-30T04:51:54Z,-33.01311667,148.15266667,3108.076662471813,-4805.227019640569,2593,2,105.748,
4594,2017-12-30T04:51:55Z,-33.01293333,148.15268333,3109.076662471813,-4804.227019640569,2594,2,105.728,
4595,2017-12-30T04:51:56Z,-33.01275000,148.15266667,3110.076662471813,-4803.227019640569,2595,2,105.708,
4596,2017-12-30T04:51:57Z,-33.01258333,148.15266667,3111.076662471813,-4802.227019640569,2596,2,105.689,
4597,2017-12-30T04:51:58Z,-33.01240000,148.15266667,3112.076662471813,-4801.227019640569,2597,2,105.669,
4598,2017-12-30T04:51:59Z,-33.01221667,148.15266667,3113.076662471813,-4800.227019640569,2598,2,105.649,
4599,2017-12-30T04:52:00Z,-33.01203333,148.15266667,3114.076662471813,-4799.227019640569,2599,2,105.629,
4600,2017-12-30T04:52:01Z,-33.01185000,148.15266667,3115.076662471813,-4798.227019640569,2600,2,105.608,
4601,2017-12-30T04:52:02Z,-33.01166667,148.15268333,3116.076662471813,-4797.227019640569,2601,2,105.588,
4602,2017-12-30T04:52:03Z,-33.01148333,148.15270000,3117.076662471813,-4796.227019640569,2602,2,105.568,
4603,2017-12-30T04:52:04Z,-33.01131667,148.15271667,3118.076662471813,-4795.227019640569,2603,2,105.55,
4604,2017-12-30T04:52:05Z,-33.01116667,148.15276667,3119.076662471813,-4794.227019640569,2604,2,105.534,
4605,2017-12-30T04:52:06Z,-33.01100000,148.15283333,3120.076662471813,-4793.227019640569,2605,2,105.516,
4606,2017-12-30T04:52:07Z,-33.01085000,148.15293333,3121.076662471813,-4792.227019640569,2606,2,105.501,
4607,2017-12-30T04:52:08Z,-33.01070000,148.15305000,3122.076662471813,-4791.227019640569,2607,2,105.486,
4608,2017-12-30T04:52:09Z,-33.01055000,148.15320000,3123.076662471813,-4790.227019640569,2608,2,105.471,
4609,2017-12-30T04:52:10Z,-33.01041667,148.15338333,3124.076662471813,-4789.227019640569,2609,2,105.458,
4610,2017-12-30T04:52:11Z,-33.01031667,148.15360000,3125.076662471813,-4788.227019640569,2610,2,105.45,
4611,2017-12-30T04:52:12Z,-33.01026667,148.15383333,3126.076662471813,-4787.227019640569,2611,2,105.447,
4612,2017-12-30T04:52:13Z,-33.01026667,148.15406667,3127.076662471813,-4786.227019640569,2612,2,105.45,
4613,2017-12-30T04:52:14Z,-33.01031667,148.15428333,3128.076662471813,-4785.227019640569,2613,2,105.458,
4614,2017-12-30T04:52:15Z,-33.01038333,148.15446667,3129.076662471813,-4784.227019640569,2614,2,105.467,
4615,2017-12-30T04:52:16Z,-33.01046667,148.15461667,3130.076662471813,-4783.227019640569,2615,2,105.478,
4616,2017-12-30T04:52:17Z,-33.01056667,148.15473333,3131.076662471813,-4782.227019640569,2616,2,105.49,
4617,2017-12-30T04:52:18Z,-33.01066667,148.15480000,3132.076662471813,-4781.227019640569,2617,2,105.502,
4618,2017-12-30T04:52:19Z,-33.01076667,148.15485000,3133.076662471813,-4780.227019640569,2618,2,105.514,
4619,2017-12-30T04:52:20Z,-33.01086667,148.15483333,3134.076662471813,-4779.227019640569,2619,2,105.525,
4620,2017-12-30T04:52:21Z,-33.01095000,148.15480000,3135.076662471813,-4778.227019640569,2620,2,105.533,
4621,2017-12-30T04:52:22Z,-33.01100000,148.15476667,3136.076662471813,-4777.227019640569,2621,2,105.539,
4622,2017-12-30T04:52:23Z,-33.01101667,148.15470000,3137.076662471813,-4776.227019640569,2622,2,105.54,
4623,2017-12-30T04:52:24Z,-33.01100000,148.15465000,3138.076662471813,-4775.227019640569,2623,2,105.537,
4624,2017-12-30T04:52:25Z,-33.01095000,148.15458333,3139.076662471813,-4774.227019640569,2624,2,105.531,
4625,2017-12-30T04:52:26Z,-33.01086667,148.15450000,3140.076662471813,-4773.227019640569,2625,2,105.521,
4626,2017-12-30T04:52:27Z,-33.01078333,148.15441667,3141.076662471813,-4772.227019640569,2626,2,105.511,
4627,2017-12-30T04:52:28Z,-33.01068333,148.15435000,3142.076662471813,-4771.227019640569,2627,2,105.499,
4628,2017-12-30T04:52:29Z,-33.01058333,148.15428333,3143.076662471813,-4770.227019640569,2628,2,105.487,
4629,2017-12-30T04:52:30Z,-33.01048333,148.15421667,3144.076662471813,-4769.227019640569,2629,2,105.475,
4630,2017-12-30T04:52:31Z,-33.01036667,148.15415000,3145.076662471813,-4768.227019640569,2630,2,105.462,
4631,2017-12-30T04:52:32Z,-33.01026667,148.15410000,3146.076662471813,-4767.227019640569,2631,2,105.45,
4632,2017-12-30T04:52:33Z,-33.01015000,148.15405000,3147.076662471813,-4766.227019640569,2632,2,105.437,
4633,2017-12-30T04:52:34Z,-33.01001667,148.15403333,3148.076662471813,-4765.227019640569,2633,2,105.422,
4634,2017-12-30T04:52:35Z,-33.00988333,148.15403333,3149.076662471813,-4764.227019640569,2634,2,105.407,
4635,2017-12-30T04:52:36Z,-33.00971667,148.15408333,3150.076662471813,-4763.227019640569,2635,2,105.389,
4636,2017-12-30T04:52:37Z,-33.00955000,148.15415000,3151.076662471813,-4762.227019640569,2636,2,105.371,
4637,2017-12-30T04:52:38Z,-33.00940000,148.15426667,3152.076662471813,-4761.227019640569,2637,2,105.356,
4638,2017-12-30T04:52:39Z,-33.00925000,148.15443333,3153.076662471813,-4760.227019640569,2638,2,105.342,
4639,2017-12-30T04:52:40Z,-33.00910000,148.15461667,3154.076662471813,-4759.227019640569,2639,2,105.327,
4640,2017-12-30T04:52:41Z,-33.00898333,148.15483333,3155.076662471813,-4758.227019640569,2640,2,105.317,
4641,2017-12-30T04:52:42Z,-33.00888333,148.15506667,3156.076662471813,-4757.227019640569,2641,2,105.308,
4642,2017-12-30T04:52:43Z,-33.00878333,148.15531667,3157.076662471813,-4756.227019640569,2642,2,105.3,
4643,2017-12-30T04:52:44Z,-33.00868333,148.15556667,3158.076662471813,-4755.227019640569,2643,2,105.292,
4644,2017-12-30T04:52:45Z,-33.00855000,148.15581667,3159.076662471813,-4754.227019640569,2644,2,105.28,
4645,2017-12-30T04:52:46Z,-33.00843333,148.15603333,3160.076662471813,-4753.227019640569,2645,2,105.27,
4646,2017-12-30T04:52:47Z,-33.00830000,148.15625000,3161.076662471813,-4752.227019640569,2646,2,105.258,
4647,2017-12-30T04:52:48Z,-33.00820000,148.15648333,3162.076662471813,-4751.227019640569,2647,2,105.25,
4648,2017-12-30T04:52:49Z,-33.00810000,148.15671667,3163.076662471813,-4750.227019640569,2648,2,105.241,
4649,2017-12-30T04:52:50Z,-33.00801667,148.15695000,3164.076662471813,-4749.227019640569,2649,2,105.235,
4650,2017-12-30T04:52:51Z,-33.00793333,148.15718333,3165.076662471813,-4748.227019640569,2650,2,105.228,
4651,2017-12-30T04:52:52Z,-33.00785000,148.15740000,3166.076662471813,-4747.227019640569,2651,2,105.222,
4652,2017-12-30T04:52:53Z,-33.00775000,148.15763333,3167.076662471813,-4746.227019640569,2652,2,105.214,
4653,2017-12-30T04:52:54Z,-33.00763333,148.15785000,3168.076662471813,-4745.227019640569,2653,2,105.203,
4654,2017-12-30T04:52:55Z,-33.00750000,148.15806667,3169.076662471813,-4744.227019640569,2654,2,105.191,
4655,2017-12-30T04:52:56Z,-33.00736667,148.15826667,3170.076662471813,-4743.227019640569,2655,2,105.179,
4656,2017-12-30T04:52:57Z,-33.00723333,148.15848333,3171.076662471813,-4742.227019640569,2656,2,105.167,
4657,2017-12-30T04:52:58Z,-33.00710000,148.15868333,3172.076662471813,-4741.227019640569,2657,2,105.154,
4658,2017-12-30T04:52:59Z,-33.00696667,148.15888333,3173.076662471813,-4740.227019640569,2658,2,105.142,
4659,2017-12-30T04:53:00Z,-33.00683333,148.15908333,3174.076662471813,-4739.227019640569,2659,2,105.13,
4660,2017-12-30T04:53:01Z,-33.00668333,148.15930000,3175.076662471813,-4738.227019640569,2660,2,105.116,
4661,2017-12-30T04:53:02Z,-33.00655000,148.15950000,3176.076662471813,-4737.227019640569,2661,2,105.103,
4662,2017-12-30T04:53:03Z,-33.00643333,148.15971667,3177.076662471813,-4736.227019640569,2662,2,105.093,
4663,2017-12-30T04:53:04Z,-33.00631667,148.15993333,3178.076662471813,-4735.227019640569,2663,2,105.083,
4664,2017-12-30T04:53:05Z,-33.00625000,148.16015000,3179.076662471813,-4734.227019640569,2664,2,105.078,
4665,2017-12-30T04:53:06Z,-33.00620000,148.16038333,3180.076662471813,-4733.227019640569,2665,2,105.075,
4666,2017-12-30T04:53:07Z,-33.00618333,148.16060000,3181.076662471813,-4732.227019640569,2666,2,105.076,
4667,2017-12-30T04:53:08Z,-33.00620000,148.16083333,3182.076662471813,-4731.227019640569,2667,2,105.081,
4668,2017-12-30T04:53:09Z,-33.00625000,148.16103333,3183.076662471813,-4730.227019640569,2668,2,105.089,
4669,2017-12-30T04:53:10Z,-33.00630000,148.16121667,3184.076662471813,-4729.227019640569,2669,2,105.097,
4670,2017-12-30T04:53:11Z,-33.00636667,148.16136667,3185.076662471813,-4728.227019640569,2670,2,105.106,
4671,2017-12-30T04:53:12Z,-33.00646667,148.16148333,3186.076662471813,-4727.227019640569,2671,2,105.118,
4672,2017-12-30T04:53:13Z,-33.00655000,148.16156667,3187.076662471813,-4726.227019640569,2672,2,105.128,
4673,2017-12-30T04:53:14Z,-33.00665000,148.16161667,3188.076662471813,-4725.227019640569,2673,2,105.14,
4674,2017-12-30T04:53:15Z,-33.00675000,148.16165000,3189.076662471813,-4724.227019640569,2674,2,105.151,
4675,2017-12-30T04:53:16Z,-33.00681667,148.16163333,3190.076662471813,-4723.227019640569,2675,2,105.159,
4676,2017-12-30T04:53:17Z,-33.00688333,148.16158333,3191.076662471813,-4722.227019640569,2676,2,105.165,
4677,2017-12-30T04:53:18Z,-33.00695000,148.16151667,3192.076662471813,-4721.227019640569,2677,2,105.172,
4678,2017-12-30T04:53:19Z,-33.00698333,148.16143333,3193.076662471813,-4720.227019640569,2678,2,105.175,
4679,2017-12-30T04:53:20Z,-33.00703333,148.16135000,3194.076662471813,-4719.227019640569,2679,2,105.179,
4680,2017-12-30T04:53:21Z,-33.00706667,148.16128333,3195.076662471813,-4718.227019640569,2680,2,105.182,
4681,2017-12-30T04:53:22Z,-33.00711667,148.16121667,3196.076662471813,-4717.227019640569,2681,2,105.187,
4682,2017-12-30T04:53:23Z,-33.00715000,148.16115000,3197.076662471813,-4716.227019640569,2682,2,105.19,
4683,2017-12-30T04:53:24Z,-33.00718333,148.16110000,3198.076662471813,-4715.227019640569,2683,2,105.193,
4684,2017-12-30T04:53:25Z,-33.00720000,148.16103333,3199.076662471813,-4714.227019640569,2684,2,105.194,
4685,2017-12-30T04:53:26Z,-33.00723333,148.16096667,3200.076662471813,-4713.227019640569,2685,2,105.196,
4686,2017-12-30T04:53:27Z,-33.00726667,148.16090000,3201.076662471813,-4712.227019640569,2686,2,105.199,
4687,2017-12-30T04:53:28Z,-33.00730000,148.16085000,3202.076662471813,-4711.227019640569,2687,2,105.202,
4688,2017-12-30T04:53:29Z,-33.00735000,148.16080000,3203.076662471813,-4710.227019640569,2688,2,105.207,
4689,2017-12-30T04:53:30Z,-33.00740000,148.16075000,3204.076662471813,-4709.227019640569,2689,2,105.212,
4690,2017-12-30T04:53:31Z,-33.00745000,148.16071667,3205.076662471813,-4708.227019640569,2690,2,105.217,
4691,2017-12-30T04:53:32Z,-33.00750000,148.16068333,3206.076662471813,-4707.227019640569,2691,2,105.222,
4692,2017-12-30T04:53:33Z,-33.00753333,148.16065000,3207.076662471813,-4706.227019640569,2692,2,105.226,
4693,2017-12-30T04:53:34Z,-33.00758333,148.16061667,3208.076662471813,-4705.227019640569,2693,2,105.231,
4694,2017-12-30T04:53:35Z,-33.00763333,148.16058333,3209.076662471813,-4704.227019640569,2694,2,105.236,
4695,2017-12-30T04:53:36Z,-33.00766667,148.16053333,3210.076662471813,-4703.227019640569,2695,2,105.239,
4696,2017-12-30T04:53:37Z,-33.00770000,148.16050000,3211.076662471813,-4702.227019640569,2696,2,105.242,
4697,2017-12-30T04:53:38Z,-33.00773333,148.16045000,3212.076662471813,-4701.227019640569,2697,2,105.245,
4698,2017-12-30T04:53:39Z,-33.00776667,148.16038333,3213.076662471813,-4700.227019640569,2698,2,105.248,
4699,2017-12-30T04:53:40Z,-33.00778333,148.16031667,3214.076662471813,-4699.227019640569,2699,2,105.249,
4700,2017-12-30T04:53:41Z,-33.00781667,148.16025000,3215.076662471813,-4698.227019640569,2700,2,105.252,
4701,2017-12-30T04:53:42Z,-33.00786667,148.16018333,3216.076662471813,-4697.227019640569,2701,2,105.257,
4702,2017-12-30T04:53:43Z,-33.00790000,148.16011667,3217.076662471813,-4696.227019640569,2702,2,105.26,
4703,2017-12-30T04:53:44Z,-33.00795000,148.16006667,3218.076662471813,-4695.227019640569,2703,2,105.265,
4704,2017-12-30T04:53:45Z,-33.00800000,148.16001667,3219.076662471813,-4694.227019640569,2704,2,105.27,
4705,2017-12-30T04:53:46Z,-33.00805000,148.15996667,3220.076662471813,-4693.227019640569,2705,2,105.274,
4706,2017-12-30T04:53:47Z,-33.00810000,148.15990000,3221.076662471813,-4692.227019640569,2706,2,105.279,
4707,2017-12-30T04:53:48Z,-33.00815000,148.15985000,3222.076662471813,-4691.227019640569,2707,2,105.284,
4708,2017-12-30T04:53:49Z,-33.00820000,148.15978333,3223.076662471813,-4690.227019640569,2708,2,105.289,
4709,2017-12-30T04:53:50Z,-33.00825000,148.15971667,3224.076662471813,-4689.227019640569,2709,2,105.294,
4710,2017-12-30T04:53:51Z,-33.00828333,148.15961667,3225.076662471813,-4688.227019640569,2710,2,105.296,
4711,2017-12-30T04:53:52Z,-33.00833333,148.15955000,3226.076662471813,-4687.227019640569,2711,2,105.301,
4712,2017-12-30T04:53:53Z,-33.00836667,148.15946667,3227.076662471813,-4686.227019640569,2712,2,105.303,
4713,2017-12-30T04:53:54Z,-33.00841667,148.15938333,3228.076662471813,-4685.227019640569,2713,2,105.308,
4714,2017-12-30T04:53:55Z,-33.00846667,148.15931667,3229.076662471813,-4684.227019640569,2714,2,105.313,
4715,2017-12-30T04:53:56Z,-33.00853333,148.15926667,3230.076662471813,-4683.227019640569,2715,2,105.319,
4716,2017-12-30T04:53:57Z,-33.00860000,148.15920000,3231.076662471813,-4682.227019640569,2716,2,105.326,
4717,2017-12-30T04:53:58Z,-33.00868333,148.15915000,3232.076662471813,-4681.227019640569,2717,2,105.335,
4718,2017-12-30T04:53:59Z,-33.00875000,148.15908333,3233.076662471813,-4680.227019640569,2718,2,105.341,
4719,2017-12-30T04:54:00Z,-33.00883333,148.15903333,3234.076662471813,-4679.227019640569,2719,2,105.35,
4720,2017-12-30T04:54:01Z,-33.00890000,148.15895000,3235.076662471813,-4678.227019640569,2720,2,105.356,
4721,2017-12-30T04:54:02Z,-33.00893333,148.15888333,3236.076662471813,-4677.227019640569,2721,2,105.359,
4722,2017-12-30T04:54:03Z,-33.00896667,148.15878333,3237.076662471813,-4676.227019640569,2722,2,105.361,
4723,2017-12-30T04:54:04Z,-33.00896667,148.15868333,3238.076662471813,-4675.227019640569,2723,2,105.36,
4724,2017-12-30T04:54:05Z,-33.00891667,148.15860000,3239.076662471813,-4674.227019640569,2724,2,105.354,
4725,2017-12-30T04:54:06Z,-33.00883333,148.15853333,3240.076662471813,-4673.227019640569,2725,2,105.344,
4726,2017-12-30T04:54:07Z,-33.00873333,148.15848333,3241.076662471813,-4672.227019640569,2726,2,105.332,
4727,2017-12-30T04:54:08Z,-33.00858333,148.15848333,3242.076662471813,-4671.227019640569,2727,2,105.316,
4728,2017-12-30T04:54:09Z,-33.00841667,148.15851667,3243.076662471813,-4670.227019640569,2728,2,105.298,
4729,2017-12-30T04:54:10Z,-33.00825000,148.15858333,3244.076662471813,-4669.227019640569,2729,2,105.28,
4730,2017-12-30T04:54:11Z,-33.00808333,148.15873333,3245.076662471813,-4668.227019640569,2730,2,105.263,
4731,2017-12-30T04:54:12Z,-33.00796667,148.15891667,3246.076662471813,-4667.227019640569,2731,2,105.253,
4732,2017-12-30T04:54:13Z,-33.00788333,148.15913333,3247.076662471813,-4666.227019640569,2732,2,105.246,
4733,2017-12-30T04:54:14Z,-33.00783333,148.15936667,3248.076662471813,-4665.227019640569,2733,2,105.243,
4734,2017-12-30T04:54:15Z,-33.00780000,148.15960000,3249.076662471813,-4664.227019640569,2734,2,105.242,
4735,2017-12-30T04:54:16Z,-33.00780000,148.15981667,3250.076662471813,-4663.227019640569,2735,2,105.245,
4736,2017-12-30T04:54:17Z,-33.00783333,148.16003333,3251.076662471813,-4662.227019640569,2736,2,105.251,
4737,2017-12-30T04:54:18Z,-33.00788333,148.16021667,3252.076662471813,-4661.227019640569,2737,2,105.259,
4738,2017-12-30T04:54:19Z,-33.00796667,148.16036667,3253.076662471813,-4660.227019640569,2738,2,105.27,
4739,2017-12-30T04:54:20Z,-33.00808333,148.16048333,3254.076662471813,-4659.227019640569,2739,2,105.284,
4740,2017-12-30T04:54:21Z,-33.00820000,148.16056667,3255.076662471813,-4658.227019640569,2740,2,105.298,
4741,2017-12-30T04:54:22Z,-33.00833333,148.16065000,3256.076662471813,-4657.227019640569,2741,2,105.314,
4742,2017-12-30T04:54:23Z,-33.00845000,148.16070000,3257.076662471813,-4656.227019640569,2742,2,105.327,
4743,2017-12-30T04:54:24Z,-33.00855000,148.16075000,3258.076662471813,-4655.227019640569,2743,2,105.339,
4744,2017-12-30T04:54:25Z,-33.00865000,148.16078333,3259.076662471813,-4654.227019640569,2744,2,105.35,
4745,2017-12-30T04:54:26Z,-33.00876667,148.16078333,3260.076662471813,-4653.227019640569,2745,2,105.363,
4746,2017-12-30T04:54:27Z,-33.00888333,148.16078333,3261.076662471813,-4652.227019640569,2746,2,105.376,
4747,2017-12-30T04:54:28Z,-33.00898333,148.16078333,3262.076662471813,-4651.227019640569,2747,2,105.387,
4748,2017-12-30T04:54:29Z,-33.00910000,148.16080000,3263.076662471813,-4650.227019640569,2748,2,105.4,
4749,2017-12-30T04:54:30Z,-33.00921667,148.16081667,3264.076662471813,-4649.227019640569,2749,2,105.413,
4750,2017-12-30T04:54:31Z,-33.00931667,148.16083333,3265.076662471813,-4648.227019640569,2750,2,105.425,
4751,2017-12-30T04:54:32Z,-33.00940000,148.16086667,3266.076662471813,-4647.227019640569,2751,2,105.434,
4752,2017-12-30T04:54:33Z,-33.00948333,148.16086667,3267.076662471813,-4646.227019640569,2752,2,105.443,
4753,2017-12-30T04:54:34Z,-33.00953333,148.16085000,3268.076662471813,-4645.227019640569,2753,2,105.449,
4754,2017-12-30T04:54:35Z,-33.00956667,148.16083333,3269.076662471813,-4644.227019640569,2754,2,105.452,
4755,2017-12-30T04:54:36Z,-33.00956667,148.16078333,3270.076662471813,-4643.227019640569,2755,2,105.452,
4756,2017-12-30T04:54:37Z,-33.00953333,148.16073333,3271.076662471813,-4642.227019640569,2756,2,105.447,
4757,2017-12-30T04:54:38Z,-33.00945000,148.16066667,3272.076662471813,-4641.227019640569,2757,2,105.437,
4758,2017-12-30T04:54:39Z,-33.00931667,148.16061667,3273.076662471813,-4640.227019640569,2758,2,105.422,
4759,2017-12-30T04:54:40Z,-33.00918333,148.16060000,3274.076662471813,-4639.227019640569,2759,2,105.407,
4760,2017-12-30T04:54:41Z,-33.00901667,148.16058333,3275.076662471813,-4638.227019640569,2760,2,105.388,
4761,2017-12-30T04:54:42Z,-33.00883333,148.16060000,3276.076662471813,-4637.227019640569,2761,2,105.368,
4762,2017-12-30T04:54:43Z,-33.00865000,148.16065000,3277.076662471813,-4636.227019640569,2762,2,105.349,
4763,2017-12-30T04:54:44Z,-33.00846667,148.16075000,3278.076662471813,-4635.227019640569,2763,2,105.33,
4764,2017-12-30T04:54:45Z,-33.00830000,148.16090000,3279.076662471813,-4634.227019640569,2764,2,105.313,
4765,2017-12-30T04:54:46Z,-33.00815000,148.16110000,3280.076662471813,-4633.227019640569,2765,2,105.299,
4766,2017-12-30T04:54:47Z,-33.00803333,148.16131667,3281.076662471813,-4632.227019640569,2766,2,105.289,
4767,2017-12-30T04:54:48Z,-33.00795000,148.16155000,3282.076662471813,-4631.227019640569,2767,2,105.283,
4768,2017-12-30T04:54:49Z,-33.00791667,148.16180000,3283.076662471813,-4630.227019640569,2768,2,105.282,
4769,2017-12-30T04:54:50Z,-33.00790000,148.16203333,3284.076662471813,-4629.227019640569,2769,2,105.283,
4770,2017-12-30T04:54:51Z,-33.00790000,148.16228333,3285.076662471813,-4628.227019640569,2770,2,105.286,
4771,2017-12-30T04:54:52Z,-33.00791667,148.16251667,3286.076662471813,-4627.227019640569,2771,2,105.291,
4772,2017-12-30T04:54:53Z,-33.00795000,148.16275000,3287.076662471813,-4626.227019640569,2772,2,105.297,
4773,2017-12-30T04:54:54Z,-33.00798333,148.16295000,3288.076662471813,-4625.227019640569,2773,2,105.303,
4774,2017-12-30T04:54:55Z,-33.00805000,148.16315000,3289.076662471813,-4624.227019640569,2774,2,105.313,
4775,2017-12-30T04:54:56Z,-33.00811667,148.16335000,3290.076662471813,-4623.227019640569,2775,2,105.323,
4776,2017-12-30T04:54:57Z,-33.00820000,148.16353333,3291.076662471813,-4622.227019640569,2776,2,105.334,
4777,2017-12-30T04:54:58Z,-33.00828333,148.16371667,3292.076662471813,-4621.227019640569,2777,2,105.346,
4778,2017-12-30T04:54:59Z,-33.00836667,148.16388333,3293.076662471813,-4620.227019640569,2778,2,105.357,
4779,2017-12-30T04:55:00Z,-33.00845000,148.16406667,3294.076662471813,-4619.227019640569,2779,2,105.369,
4780,2017-12-30T04:55:01Z,-33.00851667,148.16425000,3295.076662471813,-4618.227019640569,2780,2,105.378,
4781,2017-12-30T04:55:02Z,-33.00858333,148.16441667,3296.076662471813,-4617.227019640569,2781,2,105.388,
4782,2017-12-30T04:55:03Z,-33.00865000,148.16455000,3297.076662471813,-4616.227019640569,2782,2,105.397,
4783,2017-12-30T04:55:04Z,-33.00871667,148.16466667,3298.076662471813,-4615.227019640569,2783,2,105.405,
4784,2017-12-30T04:55:05Z,-33.00880000,148.16475000,3299.076662471813,-4614.227019640569,2784,2,105.416,
4785,2017-12-30T04:55:06Z,-33.00888333,148.16478333,3300.076662471813,-4613.227019640569,2785,2,105.425,
4786,2017-12-30T04:55:07Z,-33.00895000,148.16476667,3301.076662471813,-4612.227019640569,2786,2,105.432,
4787,2017-12-30T04:55:08Z,-33.00898333,148.16473333,3302.076662471813,-4611.227019640569,2787,2,105.436,
4788,2017-12-30T04:55:09Z,-33.00898333,148.16466667,3303.076662471813,-4610.227019640569,2788,2,105.435,
4789,2017-12-30T04:55:10Z,-33.00893333,148.16460000,3304.076662471813,-4609.227019640569,2789,2,105.428,
4790,2017-12-30T04:55:11Z,-33.00883333,148.16453333,3305.076662471813,-4608.227019640569,2790,2,105.417,
4791,2017-12-30T04:55:12Z,-33.00870000,148.16448333,3306.076662471813,-4607.227019640569,2791,2,105.401,
4792,2017-12-30T04:55:13Z,-33.00853333,148.16450000,3307.076662471813,-4606.227019640569,2792,2,105.383,
4793,2017-12-30T04:55:14Z,-33.00835000,148.16455000,3308.076662471813,-4605.227019640569,2793,2,105.363,
4794,2017-12-30T04:55:15Z,-33.00816667,148.16465000,3309.076662471813,-4604.227019640569,2794,2,105.345,
4795,2017-12-30T04:55:16Z,-33.00801667,148.16480000,3310.076662471813,-4603.227019640569,2795,2,105.33,
4796,2017-12-30T04:55:17Z,-33.00790000,148.16500000,3311.076662471813,-4602.227019640569,2796,2,105.319,
4797,2017-12-30T04:55:18Z,-33.00783333,148.16521667,3312.076662471813,-4601.227019640569,2797,2,105.315,
4798,2017-12-30T04:55:19Z,-33.00778333,148.16546667,3313.076662471813,-4600.227019640569,2798,2,105.312,
4799,2017-12-30T04:55:20Z,-33.00776667,148.16570000,3314.076662471813,-4599.227019640569,2799,2,105.314,
4800,2017-12-30T04:55:21Z,-33.00778333,148.16593333,3315.076662471813,-4598.227019640569,2800,2,105.318,
4801,2017-12-30T04:55:22Z,-33.00780000,148.16618333,3316.076662471813,-4597.227019640569,2801,2,105.323,
4802,2017-12-30T04:55:23Z,-33.00783333,148.16640000,3317.076662471813,-4596.227019640569,2802,2,105.33,
4803,2017-12-30T04:55:24Z,-33.00788333,148.16658333,3318.076662471813,-4595.227019640569,2803,2,105.337,
4804,2017-12-30T04:55:25Z,-33.00795000,148.16675000,3319.076662471813,-4594.227019640569,2804,2,105.347,
4805,2017-12-30T04:55:26Z,-33.00803333,148.16688333,3320.076662471813,-4593.227019640569,2805,2,105.358,
4806,2017-12-30T04:55:27Z,-33.00810000,148.16696667,3321.076662471813,-4592.227019640569,2806,2,105.366,
4807,2017-12-30T04:55:28Z,-33.00816667,148.16700000,3322.076662471813,-4591.227019640569,2807,2,105.374,
4808,2017-12-30T04:55:29Z,-33.00821667,148.16701667,3323.076662471813,-4590.227019640569,2808,2,105.38,
4809,2017-12-30T04:55:30Z,-33.00823333,148.16698333,3324.076662471813,-4589.227019640569,2809,2,105.381,
4810,2017-12-30T04:55:31Z,-33.00825000,148.16691667,3325.076662471813,-4588.227019640569,2810,2,105.382,
4811,2017-12-30T04:55:32Z,-33.00825000,148.16683333,3326.076662471813,-4587.227019640569,2811,2,105.381,
4812,2017-12-30T04:55:33Z,-33.00821667,148.16673333,3327.076662471813,-4586.227019640569,2812,2,105.376,
4813,2017-12-30T04:55:34Z,-33.00816667,148.16663333,3328.076662471813,-4585.227019640569,2813,2,105.369,
4814,2017-12-30T04:55:35Z,-33.00810000,148.16658333,3329.076662471813,-4584.227019640569,2814,2,105.361,
4815,2017-12-30T04:55:36Z,-33.00803333,148.16648333,3330.076662471813,-4583.227019640569,2815,2,105.353,
4816,2017-12-30T04:55:37Z,-33.00793333,148.16641667,3331.076662471813,-4582.227019640569,2816,2,105.341,
4817,2017-12-30T04:55:38Z,-33.00781667,148.16633333,3332.076662471813,-4581.227019640569,2817,2,105.327,
4818,2017-12-30T04:55:39Z,-33.00766667,148.16628333,3333.076662471813,-4580.227019640569,2818,2,105.31,
4819,2017-12-30T04:55:40Z,-33.00751667,148.16625000,3334.076662471813,-4579.227019640569,2819,2,105.293,
4820,2017-12-30T04:55:41Z,-33.00735000,148.16626667,3335.076662471813,-4578.227019640569,2820,2,105.275,
4821,2017-12-30T04:55:42Z,-33.00718333,148.16631667,3336.076662471813,-4577.227019640569,2821,2,105.257,
4822,2017-12-30T04:55:43Z,-33.00701667,148.16640000,3337.076662471813,-4576.227019640569,2822,2,105.24,
4823,2017-12-30T04:55:44Z,-33.00688333,148.16655000,3338.076662471813,-4575.227019640569,2823,2,105.227,
4824,2017-12-30T04:55:45Z,-33.00678333,148.16673333,3339.076662471813,-4574.227019640569,2824,2,105.218,
4825,2017-12-30T04:55:46Z,-33.00670000,148.16695000,3340.076662471813,-4573.227019640569,2825,2,105.212,
4826,2017-12-30T04:55:47Z,-33.00663333,148.16718333,3341.076662471813,-4572.227019640569,2826,2,105.207,
4827,2017-12-30T04:55:48Z,-33.00658333,148.16743333,3342.076662471813,-4571.227019640569,2827,2,105.205,
4828,2017-12-30T04:55:49Z,-33.00655000,148.16766667,3343.076662471813,-4570.227019640569,2828,2,105.204,
4829,2017-12-30T04:55:50Z,-33.00653333,148.16791667,3344.076662471813,-4569.227019640569,2829,2,105.206,
4830,2017-12-30T04:55:51Z,-33.00653333,148.16816667,3345.076662471813,-4568.227019640569,2830,2,105.209,
4831,2017-12-30T04:55:52Z,-33.00655000,148.16840000,3346.076662471813,-4567.227019640569,2831,2,105.214,
4832,2017-12-30T04:55:53Z,-33.00658333,148.16861667,3347.076662471813,-4566.227019640569,2832,2,105.22,
4833,2017-12-30T04:55:54Z,-33.00661667,148.16881667,3348.076662471813,-4565.227019640569,2833,2,105.226,
4834,2017-12-30T04:55:55Z,-33.00668333,148.16900000,3349.076662471813,-4564.227019640569,2834,2,105.236,
4835,2017-12-30T04:55:56Z,-33.00676667,148.16915000,3350.076662471813,-4563.227019640569,2835,2,105.247,
4836,2017-12-30T04:55:57Z,-33.00685000,148.16931667,3351.076662471813,-4562.227019640569,2836,2,105.258,
4837,2017-12-30T04:55:58Z,-33.00691667,148.16950000,3352.076662471813,-4561.227019640569,2837,2,105.268,
4838,2017-12-30T04:55:59Z,-33.00698333,148.16968333,3353.076662471813,-4560.227019640569,2838,2,105.278,
4839,2017-12-30T04:56:00Z,-33.00706667,148.16986667,3354.076662471813,-4559.227019640569,2839,2,105.289,
4840,2017-12-30T04:56:01Z,-33.00713333,148.17006667,3355.076662471813,-4558.227019640569,2840,2,105.299,
4841,2017-12-30T04:56:02Z,-33.00721667,148.17023333,3356.076662471813,-4557.227019640569,2841,2,105.31,
4842,2017-12-30T04:56:03Z,-33.00728333,148.17041667,3357.076662471813,-4556.227019640569,2842,2,105.32,
4843,2017-12-30T04:56:04Z,-33.00735000,148.17058333,3358.076662471813,-4555.227019640569,2843,2,105.33,
4844,2017-12-30T04:56:05Z,-33.00741667,148.17078333,3359.076662471813,-4554.227019640569,2844,2,105.34,
4845,2017-12-30T04:56:06Z,-33.00746667,148.17096667,3360.076662471813,-4553.227019640569,2845,2,105.347,
4846,2017-12-30T04:56:07Z,-33.00751667,148.17118333,3361.076662471813,-4552.227019640569,2846,2,105.356,
4847,2017-12-30T04:56:08Z,-33.00756667,148.17138333,3362.076662471813,-4551.227019640569,2847,2,105.364,
4848,2017-12-30T04:56:09Z,-33.00761667,148.17156667,3363.076662471813,-4550.227019640569,2848,2,105.372,
4849,2017-12-30T04:56:10Z,-33.00766667,148.17176667,3364.076662471813,-4549.227019640569,2849,2,105.38,
4850,2017-12-30T04:56:11Z,-33.00773333,148.17193333,3365.076662471813,-4548.227019640569,2850,2,105.389,
4851,2017-12-30T04:56:12Z,-33.00780000,148.17208333,3366.076662471813,-4547.227019640569,2851,2,105.399,
4852,2017-12-30T04:56:13Z,-33.00790000,148.17220000,3367.076662471813,-4546.227019640569,2852,2,105.411,
4853,2017-12-30T04:56:14Z,-33.00798333,148.17228333,3368.076662471813,-4545.227019640569,2853,2,105.421,
4854,2017-12-30T04:56:15Z,-33.00808333,148.17233333,3369.076662471813,-4544.227019640569,2854,2,105.433,
4855,2017-12-30T04:56:16Z,-33.00815000,148.17233333,3370.076662471813,-4543.227019640569,2855,2,105.44,
4856,2017-12-30T04:56:17Z,-33.00818333,148.17226667,3371.076662471813,-4542.227019640569,2856,2,105.443,
4857,2017-12-30T04:56:18Z,-33.00816667,148.17218333,3372.076662471813,-4541.227019640569,2857,2,105.44,
4858,2017-12-30T04:56:19Z,-33.00811667,148.17211667,3373.076662471813,-4540.227019640569,2858,2,105.434,
4859,2017-12-30T04:56:20Z,-33.00800000,148.17206667,3374.076662471813,-4539.227019640569,2859,2,105.42,
4860,2017-12-30T04:56:21Z,-33.00785000,148.17205000,3375.076662471813,-4538.227019640569,2860,2,105.404,
4861,2017-12-30T04:56:22Z,-33.00768333,148.17206667,3376.076662471813,-4537.227019640569,2861,2,105.386,
4862,2017-12-30T04:56:23Z,-33.00750000,148.17213333,3377.076662471813,-4536.227019640569,2862,2,105.366,
4863,2017-12-30T04:56:24Z,-33.00733333,148.17223333,3378.076662471813,-4535.227019640569,2863,2,105.349,
4864,2017-12-30T04:56:25Z,-33.00718333,148.17238333,3379.076662471813,-4534.227019640569,2864,2,105.335,
4865,2017-12-30T04:56:26Z,-33.00705000,148.17258333,3380.076662471813,-4533.227019640569,2865,2,105.323,
4866,2017-12-30T04:56:27Z,-33.00695000,148.17280000,3381.076662471813,-4532.227019640569,2866,2,105.314,
4867,2017-12-30T04:56:28Z,-33.00688333,148.17303333,3382.076662471813,-4531.227019640569,2867,2,105.31,
4868,2017-12-30T04:56:29Z,-33.00686667,148.17326667,3383.076662471813,-4530.227019640569,2868,2,105.311,
4869,2017-12-30T04:56:30Z,-33.00688333,148.17348333,3384.076662471813,-4529.227019640569,2869,2,105.316,
4870,2017-12-30T04:56:31Z,-33.00691667,148.17366667,3385.076662471813,-4528.227019640569,2870,2,105.322,
4871,2017-12-30T04:56:32Z,-33.00698333,148.17385000,3386.076662471813,-4527.227019640569,2871,2,105.331,
4872,2017-12-30T04:56:33Z,-33.00706667,148.17400000,3387.076662471813,-4526.227019640569,2872,2,105.343,
4873,2017-12-30T04:56:34Z,-33.00718333,148.17410000,3388.076662471813,-4525.227019640569,2873,2,105.357,
4874,2017-12-30T04:56:35Z,-33.00728333,148.17416667,3389.076662471813,-4524.227019640569,2874,2,105.369,
4875,2017-12-30T04:56:36Z,-33.00740000,148.17420000,3390.076662471813,-4523.227019640569,2875,2,105.382,
4876,2017-12-30T04:56:37Z,-33.00750000,148.17421667,3391.076662471813,-4522.227019640569,2876,2,105.393,
4877,2017-12-30T04:56:38Z,-33.00760000,148.17423333,3392.076662471813,-4521.227019640569,2877,2,105.404,
4878,2017-12-30T04:56:39Z,-33.00766667,148.17423333,3393.076662471813,-4520.227019640569,2878,2,105.412,
4879,2017-12-30T04:56:40Z,-33.00773333,148.17425000,3394.076662471813,-4519.227019640569,2879,2,105.419,
4880,2017-12-30T04:56:41Z,-33.00778333,148.17426667,3395.076662471813,-4518.227019640569,2880,2,105.425,
4881,2017-12-30T04:56:42Z,-33.00783333,148.17428333,3396.076662471813,-4517.227019640569,2881,2,105.431,
4882,2017-12-30T04:56:43Z,-33.00788333,148.17428333,3397.076662471813,-4516.227019640569,2882,2,105.436,
4883,2017-12-30T04:56:44Z,-33.00793333,148.17428333,3398.076662471813,-4515.227019640569,2883,2,105.442,
4884,2017-12-30T04:56:45Z,-33.00796667,148.17423333,3399.076662471813,-4514.227019640569,2884,2,105.445,
4885,2017-12-30T04:56:46Z,-33.00798333,148.17418333,3400.076662471813,-4513.227019640569,2885,2,105.446,
4886,2017-12-30T04:56:47Z,-33.00795000,148.17411667,3401.076662471813,-4512.227019640569,2886,2,105.441,
4887,2017-12-30T04:56:48Z,-33.00790000,148.17403333,3402.076662471813,-4511.227019640569,2887,2,105.435,
4888,2017-12-30T04:56:49Z,-33.00780000,148.17395000,3403.076662471813,-4510.227019640569,2888,2,105.423,
4889,2017-12-30T04:56:50Z,-33.00765000,148.17391667,3404.076662471813,-4509.227019640569,2889,2,105.406,
4890,2017-12-30T04:56:51Z,-33.00748333,148.17390000,3405.076662471813,-4508.227019640569,2890,2,105.387,
4891,2017-12-30T04:56:52Z,-33.00730000,148.17390000,3406.076662471813,-4507.227019640569,2891,2,105.367,
4892,2017-12-30T04:56:53Z,-33.00710000,148.17395000,3407.076662471813,-4506.227019640569,2892,2,105.346,
4893,2017-12-30T04:56:54Z,-33.00691667,148.17403333,3408.076662471813,-4505.227019640569,2893,2,105.326,
4894,2017-12-30T04:56:55Z,-33.00673333,148.17415000,3409.076662471813,-4504.227019640569,2894,2,105.308,
4895,2017-12-30T04:56:56Z,-33.00655000,148.17430000,3410.076662471813,-4503.227019640569,2895,2,105.29,
4896,2017-12-30T04:56:57Z,-33.00640000,148.17446667,3411.076662471813,-4502.227019640569,2896,2,105.275,
4897,2017-12-30T04:56:58Z,-33.00625000,148.17463333,3412.076662471813,-4501.227019640569,2897,2,105.261,
4898,2017-12-30T04:56:59Z,-33.00613333,148.17485000,3413.076662471813,-4500.227019640569,2898,2,105.251,
4899,2017-12-30T04:57:00Z,-33.00603333,148.17508333,3414.076662471813,-4499.227019640569,2899,2,105.243,
4900,2017-12-30T04:57:01Z,-33.00596667,148.17533333,3415.076662471813,-4498.227019640569,2900,2,105.239,
4901,2017-12-30T04:57:02Z,-33.00593333,148.17556667,3416.076662471813,-4497.227019640569,2901,2,105.238,
4902,2017-12-30T04:57:03Z,-33.00593333,148.17581667,3417.076662471813,-4496.227019640569,2902,2,105.241,
4903,2017-12-30T04:57:04Z,-33.00595000,148.17603333,3418.076662471813,-4495.227019640569,2903,2,105.246,
4904,2017-12-30T04:57:05Z,-33.00598333,148.17625000,3419.076662471813,-4494.227019640569,2904,2,105.252,
4905,2017-12-30T04:57:06Z,-33.00603333,148.17643333,3420.076662471813,-4493.227019640569,2905,2,105.26,
4906,2017-12-30T04:57:07Z,-33.00610000,148.17660000,3421.076662471813,-4492.227019640569,2906,2,105.27,
4907,2017-12-30T04:57:08Z,-33.00618333,148.17670000,3422.076662471813,-4491.227019640569,2907,2,105.28,
4908,2017-12-30T04:57:09Z,-33.00626667,148.17676667,3423.076662471813,-4490.227019640569,2908,2,105.29,
4909,2017-12-30T04:57:10Z,-33.00633333,148.17676667,3424.076662471813,-4489.227019640569,2909,2,105.298,
4910,2017-12-30T04:57:11Z,-33.00636667,148.17671667,3425.076662471813,-4488.227019640569,2910,2,105.301,
4911,2017-12-30T04:57:12Z,-33.00636667,148.17665000,3426.076662471813,-4487.227019640569,2911,2,105.3,
4912,2017-12-30T04:57:13Z,-33.00633333,148.17656667,3427.076662471813,-4486.227019640569,2912,2,105.295,
4913,2017-12-30T04:57:14Z,-33.00626667,148.17648333,3428.076662471813,-4485.227019640569,2913,2,105.287,
4914,2017-12-30T04:57:15Z,-33.00615000,148.17643333,3429.076662471813,-4484.227019640569,2914,2,105.273,
4915,2017-12-30T04:57:16Z,-33.00601667,148.17640000,3430.076662471813,-4483.227019640569,2915,2,105.258,
4916,2017-12-30T04:57:17Z,-33.00585000,148.17638333,3431.076662471813,-4482.227019640569,2916,2,105.239,
4917,2017-12-30T04:57:18Z,-33.00566667,148.17641667,3432.076662471813,-4481.227019640569,2917,2,105.22,
4918,2017-12-30T04:57:19Z,-33.00548333,148.17648333,3433.076662471813,-4480.227019640569,2918,2,105.2,
4919,2017-12-30T04:57:20Z,-33.00530000,148.17660000,3434.076662471813,-4479.227019640569,2919,2,105.182,
4920,2017-12-30T04:57:21Z,-33.00513333,148.17675000,3435.076662471813,-4478.227019640569,2920,2,105.165,
4921,2017-12-30T04:57:22Z,-33.00501667,148.17696667,3436.076662471813,-4477.227019640569,2921,2,105.155,
4922,2017-12-30T04:57:23Z,-33.00491667,148.17718333,3437.076662471813,-4476.227019640569,2922,2,105.147,
4923,2017-12-30T04:57:24Z,-33.00483333,148.17743333,3438.076662471813,-4475.227019640569,2923,2,105.141,
4924,2017-12-30T04:57:25Z,-33.00481667,148.17766667,3439.076662471813,-4474.227019640569,2924,2,105.142,
4925,2017-12-30T04:57:26Z,-33.00481667,148.17788333,3440.076662471813,-4473.227019640569,2925,2,105.145,
4926,2017-12-30T04:57:27Z,-33.00486667,148.17808333,3441.076662471813,-4472.227019640569,2926,2,105.153,
4927,2017-12-30T04:57:28Z,-33.00495000,148.17825000,3442.076662471813,-4471.227019640569,2927,2,105.165,
4928,2017-12-30T04:57:29Z,-33.00505000,148.17836667,3443.076662471813,-4470.227019640569,2928,2,105.177,
4929,2017-12-30T04:57:30Z,-33.00515000,148.17846667,3444.076662471813,-4469.227019640569,2929,2,105.19,
4930,2017-12-30T04:57:31Z,-33.00526667,148.17853333,3445.076662471813,-4468.227019640569,2930,2,105.203,
4931,2017-12-30T04:57:32Z,-33.00538333,148.17856667,3446.076662471813,-4467.227019640569,2931,2,105.217,
4932,2017-12-30T04:57:33Z,-33.00546667,148.17856667,3447.076662471813,-4466.227019640569,2932,2,105.226,
4933,2017-12-30T04:57:34Z,-33.00555000,148.17856667,3448.076662471813,-4465.227019640569,2933,2,105.235,
4934,2017-12-30T04:57:35Z,-33.00560000,148.17853333,3449.076662471813,-4464.227019640569,2934,2,105.24,
4935,2017-12-30T04:57:36Z,-33.00565000,148.17848333,3450.076662471813,-4463.227019640569,2935,2,105.245,
4936,2017-12-30T04:57:37Z,-33.00570000,148.17845000,3451.076662471813,-4462.227019640569,2936,2,105.25,
4937,2017-12-30T04:57:38Z,-33.00575000,148.17840000,3452.076662471813,-4461.227019640569,2937,2,105.255,
4938,2017-12-30T04:57:39Z,-33.00578333,148.17836667,3453.076662471813,-4460.227019640569,2938,2,105.258,
4939,2017-12-30T04:57:40Z,-33.00585000,148.17835000,3454.076662471813,-4459.227019640569,2939,2,105.265,
4940,2017-12-30T04:57:41Z,-33.00591667,148.17835000,3455.076662471813,-4458.227019640569,2940,2,105.273,
4941,2017-12-30T04:57:42Z,-33.00598333,148.17835000,3456.076662471813,-4457.227019640569,2941,2,105.28,
4942,2017-12-30T04:57:43Z,-33.00605000,148.17831667,3457.076662471813,-4456.227019640569,2942,2,105.287,
4943,2017-12-30T04:57:44Z,-33.00610000,148.17828333,3458.076662471813,-4455.227019640569,2943,2,105.292,
4944,2017-12-30T04:57:45Z,-33.00615000,148.17825000,3459.076662471813,-4454.227019640569,2944,2,105.297,
4945,2017-12-30T04:57:46Z,-33.00618333,148.17820000,3460.076662471813,-4453.227019640569,2945,2,105.3,
4946,2017-12-30T04:57:47Z,-33.00621667,148.17813333,3461.076662471813,-4452.227019640569,2946,2,105.303,
4947,2017-12-30T04:57:48Z,-33.00625000,148.17808333,3462.076662471813,-4451.227019640569,2947,2,105.306,
4948,2017-12-30T04:57:49Z,-33.00626667,148.17801667,3463.076662471813,-4450.227019640569,2948,2,105.307,
4949,2017-12-30T04:57:50Z,-33.00628333,148.17793333,3464.076662471813,-4449.227019640569,2949,2,105.307,
4950,2017-12-30T04:57:51Z,-33.00626667,148.17786667,3465.076662471813,-4448.227019640569,2950,2,105.305,
4951,2017-12-30T04:57:52Z,-33.00625000,148.17778333,3466.076662471813,-4447.227019640569,2951,2,105.302,
4952,2017-12-30T04:57:53Z,-33.00620000,148.17770000,3467.076662471813,-4446.227019640569,2952,2,105.295,
4953,2017-12-30T04:57:54Z,-33.00615000,148.17761667,3468.076662471813,-4445.227019640569,2953,2,105.289,
4954,2017-12-30T04:57:55Z,-33.00610000,148.17753333,3469.076662471813,-4444.227019640569,2954,2,105.282,
4955,2017-12-30T04:57:56Z,-33.00603333,148.17745000,3470.076662471813,-4443.227019640569,2955,2,105.274,
4956,2017-12-30T04:57:57Z,-33.00595000,148.17735000,3471.076662471813,-4442.227019640569,2956,2,105.263,
4957,2017-12-30T04:57:58Z,-33.00586667,148.17728333,3472.076662471813,-4441.227019640569,2957,2,105.253,
4958,2017-12-30T04:57:59Z,-33.00578333,148.17720000,3473.076662471813,-4440.227019640569,2958,2,105.243,
4959,2017-12-30T04:58:00Z,-33.00570000,148.17711667,3474.076662471813,-4439.227019640569,2959,2,105.233,
4960,2017-12-30T04:58:01Z,-33.00560000,148.17703333,3475.076662471813,-4438.227019640569,2960,2,105.22,
4961,2017-12-30T04:58:02Z,-33.00550000,148.17695000,3476.076662471813,-4437.227019640569,2961,2,105.208,
4962,2017-12-30T04:58:03Z,-33.00538333,148.17686667,3477.076662471813,-4436.227019640569,2962,2,105.194,
4963,2017-12-30T04:58:04Z,-33.00528333,148.17680000,3478.076662471813,-4435.227019640569,2963,2,105.182,
4964,2017-12-30T04:58:05Z,-33.00516667,148.17675000,3479.076662471813,-4434.227019640569,2964,2,105.169,
4965,2017-12-30T04:58:06Z,-33.00505000,148.17670000,3480.076662471813,-4433.227019640569,2965,2,105.155,
4966,2017-12-30T04:58:07Z,-33.00491667,148.17668333,3481.076662471813,-4432.227019640569,2966,2,105.141,
4967,2017-12-30T04:58:08Z,-33.00478333,148.17668333,3482.076662471813,-4431.227019640569,2967,2,105.126,
4968,2017-12-30T04:58:09Z,-33.00461667,148.17673333,3483.076662471813,-4430.227019640569,2968,2,105.108,
4969,2017-12-30T04:58:10Z,-33.00446667,148.17681667,3484.076662471813,-4429.227019640569,2969,2,105.093,
4970,2017-12-30T04:58:11Z,-33.00431667,148.17695000,3485.076662471813,-4428.227019640569,2970,2,105.078,
4971,2017-12-30T04:58:12Z,-33.00418333,148.17710000,3486.076662471813,-4427.227019640569,2971,2,105.065,
4972,2017-12-30T04:58:13Z,-33.00408333,148.17730000,3487.076662471813,-4426.227019640569,2972,2,105.057,
4973,2017-12-30T04:58:14Z,-33.00401667,148.17750000,3488.076662471813,-4425.227019640569,2973,2,105.052,
4974,2017-12-30T04:58:15Z,-33.00400000,148.17771667,3489.076662471813,-4424.227019640569,2974,2,105.053,
4975,2017-12-30T04:58:16Z,-33.00401667,148.17791667,3490.076662471813,-4423.227019640569,2975,2,105.058,
4976,2017-12-30T04:58:17Z,-33.00408333,148.17808333,3491.076662471813,-4422.227019640569,2976,2,105.067,
4977,2017-12-30T04:58:18Z,-33.00418333,148.17821667,3492.076662471813,-4421.227019640569,2977,2,105.08,
4978,2017-12-30T04:58:19Z,-33.00428333,148.17831667,3493.076662471813,-4420.227019640569,2978,2,105.092,
4979,2017-12-30T04:58:20Z,-33.00438333,148.17835000,3494.076662471813,-4419.227019640569,2979,2,105.104,
4980,2017-12-30T04:58:21Z,-33.00450000,148.17836667,3495.076662471813,-4418.227019640569,2980,2,105.117,
4981,2017-12-30T04:58:22Z,-33.00458333,148.17836667,3496.076662471813,-4417.227019640569,2981,2,105.126,
4982,2017-12-30T04:58:23Z,-33.00465000,148.17833333,3497.076662471813,-4416.227019640569,2982,2,105.133,
4983,2017-12-30T04:58:24Z,-33.00468333,148.17826667,3498.076662471813,-4415.227019640569,2983,2,105.136,
4984,2017-12-30T04:58:25Z,-33.00466667,148.17820000,3499.076662471813,-4414.227019640569,2984,2,105.133,
4985,2017-12-30T04:58:26Z,-33.00463333,148.17811667,3500.076662471813,-4413.227019640569,2985,2,105.128,
4986,2017-12-30T04:58:27Z,-33.00458333,148.17803333,3501.076662471813,-4412.227019640569,2986,2,105.122,
4987,2017-12-30T04:58:28Z,-33.00446667,148.17796667,3502.076662471813,-4411.227019640569,2987,2,105.108,
4988,2017-12-30T04:58:29Z,-33.00433333,148.17791667,3503.076662471813,-4410.227019640569,2988,2,105.093,
4989,2017-12-30T04:58:30Z,-33.00420000,148.17790000,3504.076662471813,-4409.227019640569,2989,2,105.078,
4990,2017-12-30T04:58:31Z,-33.00403333,148.17790000,3505.076662471813,-4408.227019640569,2990,2,105.059,
4991,2017-12-30T04:58:32Z,-33.00386667,148.17793333,3506.076662471813,-4407.227019640569,2991,2,105.041,
4992,2017-12-30T04:58:33Z,-33.00368333,148.17800000,3507.076662471813,-4406.227019640569,2992,2,105.022,
4993,2017-12-30T04:58:34Z,-33.00353333,148.17811667,3508.076662471813,-4405.227019640569,2993,2,105.007,
4994,2017-12-30T04:58:35Z,-33.00338333,148.17828333,3509.076662471813,-4404.227019640569,2994,2,104.993,
4995,2017-12-30T04:58:36Z,-33.00325000,148.17850000,3510.076662471813,-4403.227019640569,2995,2,104.981,
4996,2017-12-30T04:58:37Z,-33.00316667,148.17871667,3511.076662471813,-4402.227019640569,2996,2,104.975,
4997,2017-12-30T04:58:38Z,-33.00313333,148.17895000,3512.076662471813,-4401.227019640569,2997,2,104.974,
4998,2017-12-30T04:58:39Z,-33.00311667,148.17915000,3513.076662471813,-4400.227019640569,2998,2,104.975,
4999,2017-12-30T04:58:40Z,-33.00315000,148.17933333,3514.076662471813,-4399.227019640569,2999,2,104.981,
5000,2017-12-30T04:58:41Z,-33.00320000,148.17950000,3515.076662471813,-4398.227019640569,3000,2,104.989,
5001,2017-12-30T04:58:42Z,-33.00330000,148.17965000,3516.076662471813,-4397.227019640569,3001,2,105.002,
5002,2017-12-30T04:58:43Z,-33.00340000,148.17975000,3517.076662471813,-4396.227019640569,3002,2,105.014,
5003,2017-12-30T04:58:44Z,-33.00353333,148.17980000,3518.076662471813,-4395.227019640569,3003,2,105.03,
5004,2017-12-30T04:58:45Z,-33.00366667,148.17983333,3519.076662471813,-4394.227019640569,3004,2,105.045,
5005,2017-12-30T04:58:46Z,-33.00378333,148.17983333,3520.076662471813,-4393.227019640569,3005,2,105.057,
5006,2017-12-30T04:58:47Z,-33.00388333,148.17981667,3521.076662471813,-4392.227019640569,3006,2,105.068,
5007,2017-12-30T04:58:48Z,-33.00396667,148.17976667,3522.076662471813,-4391.227019640569,3007,2,105.077,
5008,2017-12-30T04:58:49Z,-33.00400000,148.17971667,3523.076662471813,-4390.227019640569,3008,2,105.08,
5009,2017-12-30T04:58:50Z,-33.00400000,148.17965000,3524.076662471813,-4389.227019640569,3009,2,105.079,
5010,2017-12-30T04:58:51Z,-33.00396667,148.17956667,3525.076662471813,-4388.227019640569,3010,2,105.074,
5011,2017-12-30T04:58:52Z,-33.00390000,148.17946667,3526.076662471813,-4387.227019640569,3011,2,105.065,
5012,2017-12-30T04:58:53Z,-33.00381667,148.17940000,3527.076662471813,-4386.227019640569,3012,2,105.055,
5013,2017-12-30T04:58:54Z,-33.00370000,148.17935000,3528.076662471813,-4385.227019640569,3013,2,105.042,
5014,2017-12-30T04:58:55Z,-33.00355000,148.17931667,3529.076662471813,-4384.227019640569,3014,2,105.025,
5015,2017-12-30T04:58:56Z,-33.00340000,148.17931667,3530.076662471813,-4383.227019640569,3015,2,105.008,
5016,2017-12-30T04:58:57Z,-33.00323333,148.17931667,3531.076662471813,-4382.227019640569,3016,2,104.99,
5017,2017-12-30T04:58:58Z,-33.00306667,148.17936667,3532.076662471813,-4381.227019640569,3017,2,104.972,
5018,2017-12-30T04:58:59Z,-33.00288333,148.17943333,3533.076662471813,-4380.227019640569,3018,2,104.953,
5019,2017-12-30T04:59:00Z,-33.00271667,148.17953333,3534.076662471813,-4379.227019640569,3019,2,104.936,
5020,2017-12-30T04:59:01Z,-33.00256667,148.17966667,3535.076662471813,-4378.227019640569,3020,2,104.921,
5021,2017-12-30T04:59:02Z,-33.00241667,148.17983333,3536.076662471813,-4377.227019640569,3021,2,104.907,
5022,2017-12-30T04:59:03Z,-33.00228333,148.18003333,3537.076662471813,-4376.227019640569,3022,2,104.895,
5023,2017-12-30T04:59:04Z,-33.00218333,148.18026667,3538.076662471813,-4375.227019640569,3023,2,104.887,
5024,2017-12-30T04:59:05Z,-33.00208333,148.18050000,3539.076662471813,-4374.227019640569,3024,2,104.879,
5025,2017-12-30T04:59:06Z,-33.00203333,148.18075000,3540.076662471813,-4373.227019640569,3025,2,104.877,
5026,2017-12-30T04:59:07Z,-33.00198333,148.18098333,3541.076662471813,-4372.227019640569,3026,2,104.875,
5027,2017-12-30T04:59:08Z,-33.00198333,148.18121667,3542.076662471813,-4371.227019640569,3027,2,104.878,
5028,2017-12-30T04:59:09Z,-33.00201667,148.18140000,3543.076662471813,-4370.227019640569,3028,2,104.884,
5029,2017-12-30T04:59:10Z,-33.00208333,148.18156667,3544.076662471813,-4369.227019640569,3029,2,104.894,
5030,2017-12-30T04:59:11Z,-33.00216667,148.18170000,3545.076662471813,-4368.227019640569,3030,2,104.905,
5031,2017-12-30T04:59:12Z,-33.00226667,148.18178333,3546.076662471813,-4367.227019640569,3031,2,104.917,
5032,2017-12-30T04:59:13Z,-33.00236667,148.18183333,3547.076662471813,-4366.227019640569,3032,2,104.929,
5033,2017-12-30T04:59:14Z,-33.00245000,148.18183333,3548.076662471813,-4365.227019640569,3033,2,104.938,
5034,2017-12-30T04:59:15Z,-33.00251667,148.18181667,3549.076662471813,-4364.227019640569,3034,2,104.945,
5035,2017-12-30T04:59:16Z,-33.00255000,148.18175000,3550.076662471813,-4363.227019640569,3035,2,104.948,
5036,2017-12-30T04:59:17Z,-33.00256667,148.18170000,3551.076662471813,-4362.227019640569,3036,2,104.949,
5037,2017-12-30T04:59:18Z,-33.00253333,148.18163333,3552.076662471813,-4361.227019640569,3037,2,104.944,
5038,2017-12-30T04:59:19Z,-33.00250000,148.18155000,3553.076662471813,-4360.227019640569,3038,2,104.939,
5039,2017-12-30T04:59:20Z,-33.00241667,148.18150000,3554.076662471813,-4359.227019640569,3039,2,104.93,
5040,2017-12-30T04:59:21Z,-33.00228333,148.18146667,3555.076662471813,-4358.227019640569,3040,2,104.914,
5041,2017-12-30T04:59:22Z,-33.00211667,148.18146667,3556.076662471813,-4357.227019640569,3041,2,104.896,
5042,2017-12-30T04:59:23Z,-33.00193333,148.18155000,3557.076662471813,-4356.227019640569,3042,2,104.877,
5043,2017-12-30T04:59:24Z,-33.00176667,148.18165000,3558.076662471813,-4355.227019640569,3043,2,104.86,
5044,2017-12-30T04:59:25Z,-33.00160000,148.18180000,3559.076662471813,-4354.227019640569,3044,2,104.844,
5045,2017-12-30T04:59:26Z,-33.00145000,148.18200000,3560.076662471813,-4353.227019640569,3045,2,104.83,
5046,2017-12-30T04:59:27Z,-33.00131667,148.18220000,3561.076662471813,-4352.227019640569,3046,2,104.818,
5047,2017-12-30T04:59:28Z,-33.00118333,148.18241667,3562.076662471813,-4351.227019640569,3047,2,104.806,
5048,2017-12-30T04:59:29Z,-33.00106667,148.18263333,3563.076662471813,-4350.227019640569,3048,2,104.796,
5049,2017-12-30T04:59:30Z,-33.00100000,148.18285000,3564.076662471813,-4349.227019640569,3049,2,104.792,
5050,2017-12-30T04:59:31Z,-33.00096667,148.18308333,3565.076662471813,-4348.227019640569,3050,2,104.792,
5051,2017-12-30T04:59:32Z,-33.00096667,148.18330000,3566.076662471813,-4347.227019640569,3051,2,104.794,
5052,2017-12-30T04:59:33Z,-33.00100000,148.18348333,3567.076662471813,-4346.227019640569,3052,2,104.801,
5053,2017-12-30T04:59:34Z,-33.00106667,148.18365000,3568.076662471813,-4345.227019640569,3053,2,104.81,
5054,2017-12-30T04:59:35Z,-33.00116667,148.18380000,3569.076662471813,-4344.227019640569,3054,2,104.823,
5055,2017-12-30T04:59:36Z,-33.00128333,148.18390000,3570.076662471813,-4343.227019640569,3055,2,104.838,
5056,2017-12-30T04:59:37Z,-33.00140000,148.18395000,3571.076662471813,-4342.227019640569,3056,2,104.851,
5057,2017-12-30T04:59:38Z,-33.00151667,148.18395000,3572.076662471813,-4341.227019640569,3057,2,104.864,
5058,2017-12-30T04:59:39Z,-33.00160000,148.18391667,3573.076662471813,-4340.227019640569,3058,2,104.873,
5059,2017-12-30T04:59:40Z,-33.00166667,148.18388333,3574.076662471813,-4339.227019640569,3059,2,104.879,
5060,2017-12-30T04:59:41Z,-33.00173333,148.18383333,3575.076662471813,-4338.227019640569,3060,2,104.886,
5061,2017-12-30T04:59:42Z,-33.00175000,148.18376667,3576.076662471813,-4337.227019640569,3061,2,104.887,
5062,2017-12-30T04:59:43Z,-33.00173333,148.18368333,3577.076662471813,-4336.227019640569,3062,2,104.884,
5063,2017-12-30T04:59:44Z,-33.00166667,148.18360000,3578.076662471813,-4335.227019640569,3063,2,104.876,
5064,2017-12-30T04:59:45Z,-33.00155000,148.18355000,3579.076662471813,-4334.227019640569,3064,2,104.862,
5065,2017-12-30T04:59:46Z,-33.00141667,148.18351667,3580.076662471813,-4333.227019640569,3065,2,104.847,
5066,2017-12-30T04:59:47Z,-33.00125000,148.18348333,3581.076662471813,-4332.227019640569,3066,2,104.828,
5067,2017-12-30T04:59:48Z,-33.00108333,148.18346667,3582.076662471813,-4331.227019640569,3067,2,104.81,
5068,2017-12-30T04:59:49Z,-33.00091667,148.18348333,3583.076662471813,-4330.227019640569,3068,2,104.792,
5069,2017-12-30T04:59:50Z,-33.00073333,148.18351667,3584.076662471813,-4329.227019640569,3069,2,104.772,
5070,2017-12-30T04:59:51Z,-33.00056667,148.18355000,3585.076662471813,-4328.227019640569,3070,2,104.754,
5071,2017-12-30T04:59:52Z,-33.00038333,148.18361667,3586.076662471813,-4327.227019640569,3071,2,104.735,
5072,2017-12-30T04:59:53Z,-33.00021667,148.18370000,3587.076662471813,-4326.227019640569,3072,2,104.717,
5073,2017-12-30T04:59:54Z,-33.00005000,148.18380000,3588.076662471813,-4325.227019640569,3073,2,104.701,
5074,2017-12-30T04:59:55Z,-32.99988333,148.18393333,3589.076662471813,-4324.227019640569,3074,2,104.684,
5075,2017-12-30T04:59:56Z,-32.99975000,148.18410000,3590.076662471813,-4323.227019640569,3075,2,104.672,
5076,2017-12-30T04:59:57Z,-32.99963333,148.18428333,3591.076662471813,-4322.227019640569,3076,2,104.661,
5077,2017-12-30T04:59:58Z,-32.99953333,148.18448333,3592.076662471813,-4321.227019640569,3077,2,104.653,
5078,2017-12-30T04:59:59Z,-32.99946667,148.18468333,3593.076662471813,-4320.227019640569,3078,2,104.649,
5079,2017-12-30T05:00:00Z,-32.99943333,148.18491667,3594.076662471813,-4319.227019640569,3079,2,104.648,
5080,2017-12-30T05:00:01Z,-32.99943333,148.18513333,3595.076662471813,-4318.227019640569,3080,2,104.651,
5081,2017-12-30T05:00:02Z,-32.99946667,148.18533333,3596.076662471813,-4317.227019640569,3081,2,104.658,
5082,2017-12-30T05:00:03Z,-32.99953333,148.18551667,3597.076662471813,-4316.227019640569,3082,2,104.667,
5083,2017-12-30T05:00:04Z,-32.99960000,148.18568333,3598.076662471813,-4315.227019640569,3083,2,104.677,
5084,2017-12-30T05:00:05Z,-32.99968333,148.18583333,3599.076662471813,-4314.227019640569,3084,2,104.688,
5085,2017-12-30T05:00:06Z,-32.99978333,148.18593333,3600.076662471813,-4313.227019640569,3085,2,104.701,
5086,2017-12-30T05:00:07Z,-32.99990000,148.18600000,3601.076662471813,-4312.227019640569,3086,2,104.714,
5087,2017-12-30T05:00:08Z,-33.00000000,148.18601667,3602.076662471813,-4311.227019640569,3087,2,104.726,
5088,2017-12-30T05:00:09Z,-33.00010000,148.18600000,3603.076662471813,-4310.227019640569,3088,2,104.736,
5089,2017-12-30T05:00:10Z,-33.00015000,148.18596667,3604.076662471813,-4309.227019640569,3089,2,104.741,
5090,2017-12-30T05:00:11Z,-33.00016667,148.18591667,3605.076662471813,-4308.227019640569,3090,2,104.743,
5091,2017-12-30T05:00:12Z,-33.00018333,148.18585000,3606.076662471813,-4307.227019640569,3091,2,104.744,
5092,2017-12-30T05:00:13Z,-33.00013333,148.18576667,3607.076662471813,-4306.227019640569,3092,2,104.737,
5093,2017-12-30T05:00:14Z,-33.00005000,148.18568333,3608.076662471813,-4305.227019640569,3093,2,104.727,
5094,2017-12-30T05:00:15Z,-32.99993333,148.18565000,3609.076662471813,-4304.227019640569,3094,2,104.713,
5095,2017-12-30T05:00:16Z,-32.99981667,148.18563333,3610.076662471813,-4303.227019640569,3095,2,104.7,
5096,2017-12-30T05:00:17Z,-32.99968333,148.18563333,3611.076662471813,-4302.227019640569,3096,2,104.686,
5097,2017-12-30T05:00:18Z,-32.99953333,148.18563333,3612.076662471813,-4301.227019640569,3097,2,104.669,
5098,2017-12-30T05:00:19Z,-32.99936667,148.18565000,3613.076662471813,-4300.227019640569,3098,2,104.651,
5099,2017-12-30T05:00:20Z,-32.99920000,148.18571667,3614.076662471813,-4299.227019640569,3099,2,104.634,
5100,2017-12-30T05:00:21Z,-32.99903333,148.18578333,3615.076662471813,-4298.227019640569,3100,2,104.616,
5101,2017-12-30T05:00:22Z,-32.99885000,148.18588333,3616.076662471813,-4297.227019640569,3101,2,104.597,
5102,2017-12-30T05:00:23Z,-32.99870000,148.18600000,3617.076662471813,-4296.227019640569,3102,2,104.583,
5103,2017-12-30T05:00:24Z,-32.99853333,148.18615000,3618.076662471813,-4295.227019640569,3103,2,104.566,
5104,2017-12-30T05:00:25Z,-32.99840000,148.18631667,3619.076662471813,-4294.227019640569,3104,2,104.554,
5105,2017-12-30T05:00:26Z,-32.99828333,148.18650000,3620.076662471813,-4293.227019640569,3105,2,104.544,
5106,2017-12-30T05:00:27Z,-32.99818333,148.18671667,3621.076662471813,-4292.227019640569,3106,2,104.536,
5107,2017-12-30T05:00:28Z,-32.99813333,148.18693333,3622.076662471813,-4291.227019640569,3107,2,104.533,
5108,2017-12-30T05:00:29Z,-32.99811667,148.18716667,3623.076662471813,-4290.227019640569,3108,2,104.535,
5109,2017-12-30T05:00:30Z,-32.99813333,148.18736667,3624.076662471813,-4289.227019640569,3109,2,104.539,
5110,2017-12-30T05:00:31Z,-32.99821667,148.18751667,3625.076662471813,-4288.227019640569,3110,2,104.551,
5111,2017-12-30T05:00:32Z,-32.99831667,148.18763333,3626.076662471813,-4287.227019640569,3111,2,104.563,
5112,2017-12-30T05:00:33Z,-32.99841667,148.18771667,3627.076662471813,-4286.227019640569,3112,2,104.575,
5113,2017-12-30T05:00:34Z,-32.99851667,148.18773333,3628.076662471813,-4285.227019640569,3113,2,104.587,
5114,2017-12-30T05:00:35Z,-32.99861667,148.18773333,3629.076662471813,-4284.227019640569,3114,2,104.598,
5115,2017-12-30T05:00:36Z,-32.99870000,148.18771667,3630.076662471813,-4283.227019640569,3115,2,104.607,
5116,2017-12-30T05:00:37Z,-32.99876667,148.18766667,3631.076662471813,-4282.227019640569,3116,2,104.613,
5117,2017-12-30T05:00:38Z,-32.99880000,148.18761667,3632.076662471813,-4281.227019640569,3117,2,104.616,
5118,2017-12-30T05:00:39Z,-32.99876667,148.18756667,3633.076662471813,-4280.227019640569,3118,2,104.612,
5119,2017-12-30T05:00:40Z,-32.99870000,148.18750000,3634.076662471813,-4279.227019640569,3119,2,104.604,
5120,2017-12-30T05:00:41Z,-32.99856667,148.18746667,3635.076662471813,-4278.227019640569,3120,2,104.588,
5121,2017-12-30T05:00:42Z,-32.99840000,148.18746667,3636.076662471813,-4277.227019640569,3121,2,104.57,
5122,2017-12-30T05:00:43Z,-32.99823333,148.18751667,3637.076662471813,-4276.227019640569,3122,2,104.552,
5123,2017-12-30T05:00:44Z,-32.99803333,148.18758333,3638.076662471813,-4275.227019640569,3123,2,104.531,
5124,2017-12-30T05:00:45Z,-32.99785000,148.18768333,3639.076662471813,-4274.227019640569,3124,2,104.513,
5125,2017-12-30T05:00:46Z,-32.99768333,148.18781667,3640.076662471813,-4273.227019640569,3125,2,104.496,
5126,2017-12-30T05:00:47Z,-32.99751667,148.18795000,3641.076662471813,-4272.227019640569,3126,2,104.48,
5127,2017-12-30T05:00:48Z,-32.99736667,148.18813333,3642.076662471813,-4271.227019640569,3127,2,104.466,
5128,2017-12-30T05:00:49Z,-32.99723333,148.18831667,3643.076662471813,-4270.227019640569,3128,2,104.454,
5129,2017-12-30T05:00:50Z,-32.99715000,148.18855000,3644.076662471813,-4269.227019640569,3129,2,104.448,
5130,2017-12-30T05:00:51Z,-32.99711667,148.18880000,3645.076662471813,-4268.227019640569,3130,2,104.448,
5131,2017-12-30T05:00:52Z,-32.99711667,148.18905000,3646.076662471813,-4267.227019640569,3131,2,104.451,
5132,2017-12-30T05:00:53Z,-32.99716667,148.18926667,3647.076662471813,-4266.227019640569,3132,2,104.46,
5133,2017-12-30T05:00:54Z,-32.99725000,148.18945000,3648.076662471813,-4265.227019640569,3133,2,104.472,
5134,2017-12-30T05:00:55Z,-32.99735000,148.18958333,3649.076662471813,-4264.227019640569,3134,2,104.485,
5135,2017-12-30T05:00:56Z,-32.99745000,148.18966667,3650.076662471813,-4263.227019640569,3135,2,104.497,
5136,2017-12-30T05:00:57Z,-32.99755000,148.18971667,3651.076662471813,-4262.227019640569,3136,2,104.509,
5137,2017-12-30T05:00:58Z,-32.99763333,148.18971667,3652.076662471813,-4261.227019640569,3137,2,104.518,
5138,2017-12-30T05:00:59Z,-32.99771667,148.18968333,3653.076662471813,-4260.227019640569,3138,2,104.526,
5139,2017-12-30T05:01:00Z,-32.99776667,148.18965000,3654.076662471813,-4259.227019640569,3139,2,104.531,
5140,2017-12-30T05:01:01Z,-32.99780000,148.18958333,3655.076662471813,-4258.227019640569,3140,2,104.534,
5141,2017-12-30T05:01:02Z,-32.99780000,148.18951667,3656.076662471813,-4257.227019640569,3141,2,104.533,
5142,2017-12-30T05:01:03Z,-32.99776667,148.18943333,3657.076662471813,-4256.227019640569,3142,2,104.528,
5143,2017-12-30T05:01:04Z,-32.99771667,148.18936667,3658.076662471813,-4255.227019640569,3143,2,104.522,
5144,2017-12-30T05:01:05Z,-32.99763333,148.18930000,3659.076662471813,-4254.227019640569,3144,2,104.512,
5145,2017-12-30T05:01:06Z,-32.99751667,148.18923333,3660.076662471813,-4253.227019640569,3145,2,104.498,
5146,2017-12-30T05:01:07Z,-32.99738333,148.18920000,3661.076662471813,-4252.227019640569,3146,2,104.483,
5147,2017-12-30T05:01:08Z,-32.99725000,148.18918333,3662.076662471813,-4251.227019640569,3147,2,104.468,
5148,2017-12-30T05:01:09Z,-32.99708333,148.18918333,3663.076662471813,-4250.227019640569,3148,2,104.45,
5149,2017-12-30T05:01:10Z,-32.99691667,148.18921667,3664.076662471813,-4249.227019640569,3149,2,104.432,
5150,2017-12-30T05:01:11Z,-32.99673333,148.18930000,3665.076662471813,-4248.227019640569,3150,2,104.413,
5151,2017-12-30T05:01:12Z,-32.99655000,148.18941667,3666.076662471813,-4247.227019640569,3151,2,104.394,
5152,2017-12-30T05:01:13Z,-32.99640000,148.18958333,3667.076662471813,-4246.227019640569,3152,2,104.38,
5153,2017-12-30T05:01:14Z,-32.99626667,148.18980000,3668.076662471813,-4245.227019640569,3153,2,104.369,
5154,2017-12-30T05:01:15Z,-32.99616667,148.19001667,3669.076662471813,-4244.227019640569,3154,2,104.361,
5155,2017-12-30T05:01:16Z,-32.99610000,148.19026667,3670.076662471813,-4243.227019640569,3155,2,104.357,
5156,2017-12-30T05:01:17Z,-32.99608333,148.19050000,3671.076662471813,-4242.227019640569,3156,2,104.359,
5157,2017-12-30T05:01:18Z,-32.99613333,148.19071667,3672.076662471813,-4241.227019640569,3157,2,104.367,
5158,2017-12-30T05:01:19Z,-32.99620000,148.19090000,3673.076662471813,-4240.227019640569,3158,2,104.377,
5159,2017-12-30T05:01:20Z,-32.99630000,148.19101667,3674.076662471813,-4239.227019640569,3159,2,104.39,
5160,2017-12-30T05:01:21Z,-32.99640000,148.19110000,3675.076662471813,-4238.227019640569,3160,2,104.402,
5161,2017-12-30T05:01:22Z,-32.99650000,148.19113333,3676.076662471813,-4237.227019640569,3161,2,104.413,
5162,2017-12-30T05:01:23Z,-32.99656667,148.19113333,3677.076662471813,-4236.227019640569,3162,2,104.421,
5163,2017-12-30T05:01:24Z,-32.99663333,148.19110000,3678.076662471813,-4235.227019640569,3163,2,104.428,
5164,2017-12-30T05:01:25Z,-32.99666667,148.19105000,3679.076662471813,-4234.227019640569,3164,2,104.431,
5165,2017-12-30T05:01:26Z,-32.99666667,148.19098333,3680.076662471813,-4233.227019640569,3165,2,104.43,
5166,2017-12-30T05:01:27Z,-32.99665000,148.19091667,3681.076662471813,-4232.227019640569,3166,2,104.427,
5167,2017-12-30T05:01:28Z,-32.99660000,148.19085000,3682.076662471813,-4231.227019640569,3167,2,104.42,
5168,2017-12-30T05:01:29Z,-32.99653333,148.19078333,3683.076662471813,-4230.227019640569,3168,2,104.412,
5169,2017-12-30T05:01:30Z,-32.99643333,148.19073333,3684.076662471813,-4229.227019640569,3169,2,104.4,
5170,2017-12-30T05:01:31Z,-32.99631667,148.19066667,3685.076662471813,-4228.227019640569,3170,2,104.387,
5171,2017-12-30T05:01:32Z,-32.99618333,148.19063333,3686.076662471813,-4227.227019640569,3171,2,104.371,
5172,2017-12-30T05:01:33Z,-32.99603333,148.19058333,3687.076662471813,-4226.227019640569,3172,2,104.354,
5173,2017-12-30T05:01:34Z,-32.99588333,148.19055000,3688.076662471813,-4225.227019640569,3173,2,104.337,
5174,2017-12-30T05:01:35Z,-32.99575000,148.19051667,3689.076662471813,-4224.227019640569,3174,2,104.322,
5175,2017-12-30T05:01:36Z,-32.99560000,148.19050000,3690.076662471813,-4223.227019640569,3175,2,104.305,
5176,2017-12-30T05:01:37Z,-32.99546667,148.19046667,3691.076662471813,-4222.227019640569,3176,2,104.29,
5177,2017-12-30T05:01:38Z,-32.99531667,148.19045000,3692.076662471813,-4221.227019640569,3177,2,104.274,
5178,2017-12-30T05:01:39Z,-32.99516667,148.19041667,3693.076662471813,-4220.227019640569,3178,2,104.257,
5179,2017-12-30T05:01:40Z,-32.99501667,148.19038333,3694.076662471813,-4219.227019640569,3179,2,104.24,
5180,2017-12-30T05:01:41Z,-32.99485000,148.19033333,3695.076662471813,-4218.227019640569,3180,2,104.221,
5181,2017-12-30T05:01:42Z,-32.99470000,148.19026667,3696.076662471813,-4217.227019640569,3181,2,104.203,
5182,2017-12-30T05:01:43Z,-32.99455000,148.19021667,3697.076662471813,-4216.227019640569,3182,2,104.186,
5183,2017-12-30T05:01:44Z,-32.99438333,148.19018333,3698.076662471813,-4215.227019640569,3183,2,104.167,
5184,2017-12-30T05:01:45Z,-32.99420000,148.19015000,3699.076662471813,-4214.227019640569,3184,2,104.147,
5185,2017-12-30T05:01:46Z,-32.99401667,148.19010000,3700.076662471813,-4213.227019640569,3185,2,104.126,
5186,2017-12-30T05:01:47Z,-32.99383333,148.19006667,3701.076662471813,-4212.227019640569,3186,2,104.105,
5187,2017-12-30T05:01:48Z,-32.99366667,148.19001667,3702.076662471813,-4211.227019640569,3187,2,104.086,
5188,2017-12-30T05:01:49Z,-32.99348333,148.18998333,3703.076662471813,-4210.227019640569,3188,2,104.066,
5189,2017-12-30T05:01:50Z,-32.99330000,148.18998333,3704.076662471813,-4209.227019640569,3189,2,104.045,
5190,2017-12-30T05:01:51Z,-32.99311667,148.18998333,3705.076662471813,-4208.227019640569,3190,2,104.025,
5191,2017-12-30T05:01:52Z,-32.99295000,148.19000000,3706.076662471813,-4207.227019640569,3191,2,104.007,
5192,2017-12-30T05:01:53Z,-32.99276667,148.19001667,3707.076662471813,-4206.227019640569,3192,2,103.987,
5193,2017-12-30T05:01:54Z,-32.99258333,148.19003333,3708.076662471813,-4205.227019640569,3193,2,103.967,
5194,2017-12-30T05:01:55Z,-32.99238333,148.19003333,3709.076662471813,-4204.227019640569,3194,2,103.945,
5195,2017-12-30T05:01:56Z,-32.99218333,148.19003333,3710.076662471813,-4203.227019640569,3195,2,103.923,
5196,2017-12-30T05:01:57Z,-32.99200000,148.19005000,3711.076662471813,-4202.227019640569,3196,2,103.903,
5197,2017-12-30T05:01:58Z,-32.99181667,148.19005000,3712.076662471813,-4201.227019640569,3197,2,103.883,
5198,2017-12-30T05:01:59Z,-32.99165000,148.19006667,3713.076662471813,-4200.227019640569,3198,2,103.865,
5199,2017-12-30T05:02:00Z,-32.99146667,148.19008333,3714.076662471813,-4199.227019640569,3199,2,103.845,
5200,2017-12-30T05:02:01Z,-32.99128333,148.19011667,3715.076662471813,-4198.227019640569,3200,2,103.826,
5201,2017-12-30T05:02:02Z,-32.99110000,148.19011667,3716.076662471813,-4197.227019640569,3201,2,103.806,
5202,2017-12-30T05:02:03Z,-32.99090000,148.19011667,3717.076662471813,-4196.227019640569,3202,2,103.784,
5203,2017-12-30T05:02:04Z,-32.99071667,148.19013333,3718.076662471813,-4195.227019640569,3203,2,103.764,
5204,2017-12-30T05:02:05Z,-32.99053333,148.19015000,3719.076662471813,-4194.227019640569,3204,2,103.744,
5205,2017-12-30T05:02:06Z,-32.99033333,148.19016667,3720.076662471813,-4193.227019640569,3205,2,103.722,
5206,2017-12-30T05:02:07Z,-32.99013333,148.19018333,3721.076662471813,-4192.227019640569,3206,2,103.7,
5207,2017-12-30T05:02:08Z,-32.98993333,148.19020000,3722.076662471813,-4191.227019640569,3207,2,103.679,
5208,2017-12-30T05:02:09Z,-32.98975000,148.19021667,3723.076662471813,-4190.227019640569,3208,2,103.659,
5209,2017-12-30T05:02:10Z,-32.98956667,148.19023333,3724.076662471813,-4189.227019640569,3209,2,103.639,
5210,2017-12-30T05:02:11Z,-32.98938333,148.19025000,3725.076662471813,-4188.227019640569,3210,2,103.619,
5211,2017-12-30T05:02:12Z,-32.98920000,148.19026667,3726.076662471813,-4187.227019640569,3211,2,103.599,
5212,2017-12-30T05:02:13Z,-32.98901667,148.19030000,3727.076662471813,-4186.227019640569,3212,2,103.579,
5213,2017-12-30T05:02:14Z,-32.98885000,148.19033333,3728.076662471813,-4185.227019640569,3213,2,103.562,
5214,2017-12-30T05:02:15Z,-32.98868333,148.19036667,3729.076662471813,-4184.227019640569,3214,2,103.544,
5215,2017-12-30T05:02:16Z,-32.98850000,148.19038333,3730.076662471813,-4183.227019640569,3215,2,103.524,
5216,2017-12-30T05:02:17Z,-32.98833333,148.19041667,3731.076662471813,-4182.227019640569,3216,2,103.506,
5217,2017-12-30T05:02:18Z,-32.98816667,148.19043333,3732.076662471813,-4181.227019640569,3217,2,103.488,
5218,2017-12-30T05:02:19Z,-32.98801667,148.19045000,3733.076662471813,-4180.227019640569,3218,2,103.472,
5219,2017-12-30T05:02:20Z,-32.98786667,148.19046667,3734.076662471813,-4179.227019640569,3219,2,103.455,
5220,2017-12-30T05:02:21Z,-32.98770000,148.19046667,3735.076662471813,-4178.227019640569,3220,2,103.437,
5221,2017-12-30T05:02:22Z,-32.98755000,148.19048333,3736.076662471813,-4177.227019640569,3221,2,103.421,
5222,2017-12-30T05:02:23Z,-32.98736667,148.19048333,3737.076662471813,-4176.227019640569,3222,2,103.401,
5223,2017-12-30T05:02:24Z,-32.98718333,148.19050000,3738.076662471813,-4175.227019640569,3223,2,103.381,
5224,2017-12-30T05:02:25Z,-32.98700000,148.19050000,3739.076662471813,-4174.227019640569,3224,2,103.361,
5225,2017-12-30T05:02:26Z,-32.98681667,148.19051667,3740.076662471813,-4173.227019640569,3225,2,103.341,
5226,2017-12-30T05:02:27Z,-32.98665000,148.19053333,3741.076662471813,-4172.227019640569,3226,2,103.323,
5227,2017-12-30T05:02:28Z,-32.98648333,148.19053333,3742.076662471813,-4171.227019640569,3227,2,103.304,
5228,2017-12-30T05:02:29Z,-32.98631667,148.19053333,3743.076662471813,-4170.227019640569,3228,2,103.286,
5229,2017-12-30T05:02:30Z,-32.98615000,148.19053333,3744.076662471813,-4169.227019640569,3229,2,103.268,
5230,2017-12-30T05:02:31Z,-32.98595000,148.19055000,3745.076662471813,-4168.227019640569,3230,2,103.246,
5231,2017-12-30T05:02:32Z,-32.98576667,148.19056667,3746.076662471813,-4167.227019640569,3231,2,103.226,
5232,2017-12-30T05:02:33Z,-32.98560000,148.19058333,3747.076662471813,-4166.227019640569,3232,2,103.208,
5233,2017-12-30T05:02:34Z,-32.98541667,148.19060000,3748.076662471813,-4165.227019640569,3233,2,103.188,
5234,2017-12-30T05:02:35Z,-32.98521667,148.19063333,3749.076662471813,-4164.227019640569,3234,2,103.167,
5235,2017-12-30T05:02:36Z,-32.98501667,148.19066667,3750.076662471813,-4163.227019640569,3235,2,103.145,
5236,2017-12-30T05:02:37Z,-32.98483333,148.19070000,3751.076662471813,-4162.227019640569,3236,2,103.126,
5237,2017-12-30T05:02:38Z,-32.98463333,148.19071667,3752.076662471813,-4161.227019640569,3237,2,103.104,
5238,2017-12-30T05:02:39Z,-32.98446667,148.19073333,3753.076662471813,-4160.227019640569,3238,2,103.086,
5239,2017-12-30T05:02:40Z,-32.98430000,148.19075000,3754.076662471813,-4159.227019640569,3239,2,103.068,
5240,2017-12-30T05:02:41Z,-32.98413333,148.19075000,3755.076662471813,-4158.227019640569,3240,2,103.049,
5241,2017-12-30T05:02:42Z,-32.98396667,148.19075000,3756.076662471813,-4157.227019640569,3241,2,103.031,
5242,2017-12-30T05:02:43Z,-32.98380000,148.19071667,3757.076662471813,-4156.227019640569,3242,2,103.012,
5243,2017-12-30T05:02:44Z,-32.98363333,148.19070000,3758.076662471813,-4155.227019640569,3243,2,102.994,
5244,2017-12-30T05:02:45Z,-32.98346667,148.19066667,3759.076662471813,-4154.227019640569,3244,2,102.975,
5245,2017-12-30T05:02:46Z,-32.98330000,148.19063333,3760.076662471813,-4153.227019640569,3245,2,102.956,
5246,2017-12-30T05:02:47Z,-32.98313333,148.19058333,3761.076662471813,-4152.227019640569,3246,2,102.937,
5247,2017-12-30T05:02:48Z,-32.98296667,148.19055000,3762.076662471813,-4151.227019640569,3247,2,102.918,
5248,2017-12-30T05:02:49Z,-32.98280000,148.19050000,3763.076662471813,-4150.227019640569,3248,2,102.899,
5249,2017-12-30T05:02:50Z,-32.98263333,148.19046667,3764.076662471813,-4149.227019640569,3249,2,102.881,
5250,2017-12-30T05:02:51Z,-32.98246667,148.19041667,3765.076662471813,-4148.227019640569,3250,2,102.862,
5251,2017-12-30T05:02:52Z,-32.98230000,148.19038333,3766.076662471813,-4147.227019640569,3251,2,102.843,
5252,2017-12-30T05:02:53Z,-32.98213333,148.19036667,3767.076662471813,-4146.227019640569,3252,2,102.824,
5253,2017-12-30T05:02:54Z,-32.98198333,148.19033333,3768.076662471813,-4145.227019640569,3253,2,102.807,
5254,2017-12-30T05:02:55Z,-32.98183333,148.19030000,3769.076662471813,-4144.227019640569,3254,2,102.79,
5255,2017-12-30T05:02:56Z,-32.98168333,148.19028333,3770.076662471813,-4143.227019640569,3255,2,102.774,
5256,2017-12-30T05:02:57Z,-32.98153333,148.19023333,3771.076662471813,-4142.227019640569,3256,2,102.756,
5257,2017-12-30T05:02:58Z,-32.98138333,148.19021667,3772.076662471813,-4141.227019640569,3257,2,102.74,
5258,2017-12-30T05:02:59Z,-32.98121667,148.19018333,3773.076662471813,-4140.227019640569,3258,2,102.721,
5259,2017-12-30T05:03:00Z,-32.98105000,148.19016667,3774.076662471813,-4139.227019640569,3259,2,102.702,
5260,2017-12-30T05:03:01Z,-32.98088333,148.19015000,3775.076662471813,-4138.227019640569,3260,2,102.684,
5261,2017-12-30T05:03:02Z,-32.98071667,148.19013333,3776.076662471813,-4137.227019640569,3261,2,102.665,
5262,2017-12-30T05:03:03Z,-32.98055000,148.19008333,3777.076662471813,-4136.227019640569,3262,2,102.646,
5263,2017-12-30T05:03:04Z,-32.98038333,148.19005000,3778.076662471813,-4135.227019640569,3263,2,102.627,
5264,2017-12-30T05:03:05Z,-32.98023333,148.19001667,3779.076662471813,-4134.227019640569,3264,2,102.61,
5265,2017-12-30T05:03:06Z,-32.98006667,148.19000000,3780.076662471813,-4133.227019640569,3265,2,102.592,
5266,2017-12-30T05:03:07Z,-32.97988333,148.18996667,3781.076662471813,-4132.227019640569,3266,2,102.571,
5267,2017-12-30T05:03:08Z,-32.97970000,148.18995000,3782.076662471813,-4131.227019640569,3267,2,102.551,
5268,2017-12-30T05:03:09Z,-32.97953333,148.18993333,3783.076662471813,-4130.227019640569,3268,2,102.532,
5269,2017-12-30T05:03:10Z,-32.97935000,148.18993333,3784.076662471813,-4129.227019640569,3269,2,102.512,
5270,2017-12-30T05:03:11Z,-32.97916667,148.18993333,3785.076662471813,-4128.227019640569,3270,2,102.492,
5271,2017-12-30T05:03:12Z,-32.97898333,148.18991667,3786.076662471813,-4127.227019640569,3271,2,102.472,
5272,2017-12-30T05:03:13Z,-32.97880000,148.18993333,3787.076662471813,-4126.227019640569,3272,2,102.452,
5273,2017-12-30T05:03:14Z,-32.97861667,148.18993333,3788.076662471813,-4125.227019640569,3273,2,102.432,
5274,2017-12-30T05:03:15Z,-32.97843333,148.18993333,3789.076662471813,-4124.227019640569,3274,2,102.412,
5275,2017-12-30T05:03:16Z,-32.97826667,148.18993333,3790.076662471813,-4123.227019640569,3275,2,102.393,
5276,2017-12-30T05:03:17Z,-32.97808333,148.18993333,3791.076662471813,-4122.227019640569,3276,2,102.373,
5277,2017-12-30T05:03:18Z,-32.97790000,148.18993333,3792.076662471813,-4121.227019640569,3277,2,102.353,
5278,2017-12-30T05:03:19Z,-32.97771667,148.18993333,3793.076662471813,-4120.227019640569,3278,2,102.333,
5279,2017-12-30T05:03:20Z,-32.97753333,148.18993333,3794.076662471813,-4119.227019640569,3279,2,102.313,
5280,2017-12-30T05:03:21Z,-32.97735000,148.18993333,3795.076662471813,-4118.227019640569,3280,2,102.293,
5281,2017-12-30T05:03:22Z,-32.97716667,148.18993333,3796.076662471813,-4117.227019640569,3281,2,102.272,
5282,2017-12-30T05:03:23Z,-32.97698333,148.18995000,3797.076662471813,-4116.227019640569,3282,2,102.253,
5283,2017-12-30T05:03:24Z,-32.97680000,148.18996667,3798.076662471813,-4115.227019640569,3283,2,102.233,
5284,2017-12-30T05:03:25Z,-32.97661667,148.18996667,3799.076662471813,-4114.227019640569,3284,2,102.213,
5285,2017-12-30T05:03:26Z,-32.97643333,148.18998333,3800.076662471813,-4113.227019640569,3285,2,102.193,
5286,2017-12-30T05:03:27Z,-32.97625000,148.19000000,3801.076662471813,-4112.227019640569,3286,2,102.173,
5287,2017-12-30T05:03:28Z,-32.97606667,148.19000000,3802.076662471813,-4111.227019640569,3287,2,102.153,
5288,2017-12-30T05:03:29Z,-32.97590000,148.19000000,3803.076662471813,-4110.227019640569,3288,2,102.134,
5289,2017-12-30T05:03:30Z,-32.97571667,148.19000000,3804.076662471813,-4109.227019640569,3289,2,102.114,
5290,2017-12-30T05:03:31Z,-32.97555000,148.19000000,3805.076662471813,-4108.227019640569,3290,2,102.096,
5291,2017-12-30T05:03:32Z,-32.97536667,148.19000000,3806.076662471813,-4107.227019640569,3291,2,102.076,
5292,2017-12-30T05:03:33Z,-32.97520000,148.19000000,3807.076662471813,-4106.227019640569,3292,2,102.057,
5293,2017-12-30T05:03:34Z,-32.97501667,148.19001667,3808.076662471813,-4105.227019640569,3293,2,102.038,
5294,2017-12-30T05:03:35Z,-32.97485000,148.19003333,3809.076662471813,-4104.227019640569,3294,2,102.019,
5295,2017-12-30T05:03:36Z,-32.97468333,148.19005000,3810.076662471813,-4103.227019640569,3295,2,102.001,
5296,2017-12-30T05:03:37Z,-32.97451667,148.19006667,3811.076662471813,-4102.227019640569,3296,2,101.983,
5297,2017-12-30T05:03:38Z,-32.97435000,148.19008333,3812.076662471813,-4101.227019640569,3297,2,101.965,
5298,2017-12-30T05:03:39Z,-32.97418333,148.19010000,3813.076662471813,-4100.227019640569,3298,2,101.947,
5299,2017-12-30T05:03:40Z,-32.97401667,148.19011667,3814.076662471813,-4099.227019640569,3299,2,101.929,
5300,2017-12-30T05:03:41Z,-32.97386667,148.19015000,3815.076662471813,-4098.227019640569,3300,2,101.913,
5301,2017-12-30T05:03:42Z,-32.97373333,148.19018333,3816.076662471813,-4097.227019640569,3301,2,101.899,
5302,2017-12-30T05:03:43Z,-32.97358333,148.19021667,3817.076662471813,-4096.227019640569,3302,2,101.883,
5303,2017-12-30T05:03:44Z,-32.97345000,148.19025000,3818.076662471813,-4095.227019640569,3303,2,101.869,
5304,2017-12-30T05:03:45Z,-32.97330000,148.19026667,3819.076662471813,-4094.227019640569,3304,2,101.853,
5305,2017-12-30T05:03:46Z,-32.97315000,148.19030000,3820.076662471813,-4093.227019640569,3305,2,101.837,
5306,2017-12-30T05:03:47Z,-32.97298333,148.19033333,3821.076662471813,-4092.227019640569,3306,2,101.819,
5307,2017-12-30T05:03:48Z,-32.97281667,148.19038333,3822.076662471813,-4091.227019640569,3307,2,101.801,
5308,2017-12-30T05:03:49Z,-32.97265000,148.19045000,3823.076662471813,-4090.227019640569,3308,2,101.784,
5309,2017-12-30T05:03:50Z,-32.97246667,148.19053333,3824.076662471813,-4089.227019640569,3309,2,101.765,
5310,2017-12-30T05:03:51Z,-32.97230000,148.19061667,3825.076662471813,-4088.227019640569,3310,2,101.748,
5311,2017-12-30T05:03:52Z,-32.97211667,148.19070000,3826.076662471813,-4087.227019640569,3311,2,101.729,
5312,2017-12-30T05:03:53Z,-32.97195000,148.19078333,3827.076662471813,-4086.227019640569,3312,2,101.712,
5313,2017-12-30T05:03:54Z,-32.97178333,148.19085000,3828.076662471813,-4085.227019640569,3313,2,101.695,
5314,2017-12-30T05:03:55Z,-32.97160000,148.19088333,3829.076662471813,-4084.227019640569,3314,2,101.675,
5315,2017-12-30T05:03:56Z,-32.97145000,148.19090000,3830.076662471813,-4083.227019640569,3315,2,101.659,
5316,2017-12-30T05:03:57Z,-32.97128333,148.19091667,3831.076662471813,-4082.227019640569,3316,2,101.641,
5317,2017-12-30T05:03:58Z,-32.97113333,148.19093333,3832.076662471813,-4081.227019640569,3317,2,101.625,
5318,2017-12-30T05:03:59Z,-32.97096667,148.19093333,3833.076662471813,-4080.227019640569,3318,2,101.606,
5319,2017-12-30T05:04:00Z,-32.97081667,148.19095000,3834.076662471813,-4079.227019640569,3319,2,101.59,
5320,2017-12-30T05:04:01Z,-32.97066667,148.19096667,3835.076662471813,-4078.227019640569,3320,2,101.574,
5321,2017-12-30T05:04:02Z,-32.97051667,148.19098333,3836.076662471813,-4077.227019640569,3321,2,101.558,
5322,2017-12-30T05:04:03Z,-32.97035000,148.19100000,3837.076662471813,-4076.227019640569,3322,2,101.54,
5323,2017-12-30T05:04:04Z,-32.97020000,148.19101667,3838.076662471813,-4075.227019640569,3323,2,101.523,
5324,2017-12-30T05:04:05Z,-32.97003333,148.19103333,3839.076662471813,-4074.227019640569,3324,2,101.505,
5325,2017-12-30T05:04:06Z,-32.96988333,148.19103333,3840.076662471813,-4073.227019640569,3325,2,101.489,
5326,2017-12-30T05:04:07Z,-32.96973333,148.19103333,3841.076662471813,-4072.227019640569,3326,2,101.472,
5327,2017-12-30T05:04:08Z,-32.96960000,148.19103333,3842.076662471813,-4071.227019640569,3327,2,101.458,
5328,2017-12-30T05:04:09Z,-32.96945000,148.19103333,3843.076662471813,-4070.227019640569,3328,2,101.441,
5329,2017-12-30T05:04:10Z,-32.96931667,148.19103333,3844.076662471813,-4069.227019640569,3329,2,101.427,
5330,2017-12-30T05:04:11Z,-32.96916667,148.19105000,3845.076662471813,-4068.227019640569,3330,2,101.41,
5331,2017-12-30T05:04:12Z,-32.96900000,148.19106667,3846.076662471813,-4067.227019640569,3331,2,101.392,
5332,2017-12-30T05:04:13Z,-32.96883333,148.19106667,3847.076662471813,-4066.227019640569,3332,2,101.374,
5333,2017-12-30T05:04:14Z,-32.96866667,148.19110000,3848.076662471813,-4065.227019640569,3333,2,101.356,
5334,2017-12-30T05:04:15Z,-32.96850000,148.19111667,3849.076662471813,-4064.227019640569,3334,2,101.338,
5335,2017-12-30T05:04:16Z,-32.96833333,148.19115000,3850.076662471813,-4063.227019640569,3335,2,101.32,
5336,2017-12-30T05:04:17Z,-32.96816667,148.19118333,3851.076662471813,-4062.227019640569,3336,2,101.303,
5337,2017-12-30T05:04:18Z,-32.96801667,148.19120000,3852.076662471813,-4061.227019640569,3337,2,101.286,
5338,2017-12-30T05:04:19Z,-32.96786667,148.19120000,3853.076662471813,-4060.227019640569,3338,2,101.27,
5339,2017-12-30T05:04:20Z,-32.96770000,148.19118333,3854.076662471813,-4059.227019640569,3339,2,101.251,
5340,2017-12-30T05:04:21Z,-32.96753333,148.19116667,3855.076662471813,-4058.227019640569,3340,2,101.233,
5341,2017-12-30T05:04:22Z,-32.96736667,148.19115000,3856.076662471813,-4057.227019640569,3341,2,101.214,
5342,2017-12-30T05:04:23Z,-32.96718333,148.19115000,3857.076662471813,-4056.227019640569,3342,2,101.194,
5343,2017-12-30T05:04:24Z,-32.96701667,148.19113333,3858.076662471813,-4055.227019640569,3343,2,101.176,
5344,2017-12-30T05:04:25Z,-32.96686667,148.19111667,3859.076662471813,-4054.227019640569,3344,2,101.159,
5345,2017-12-30T05:04:26Z,-32.96670000,148.19110000,3860.076662471813,-4053.227019640569,3345,2,101.14,
5346,2017-12-30T05:04:27Z,-32.96655000,148.19110000,3861.076662471813,-4052.227019640569,3346,2,101.124,
5347,2017-12-30T05:04:28Z,-32.96640000,148.19110000,3862.076662471813,-4051.227019640569,3347,2,101.107,
5348,2017-12-30T05:04:29Z,-32.96623333,148.19111667,3863.076662471813,-4050.227019640569,3348,2,101.089,
5349,2017-12-30T05:04:30Z,-32.96606667,148.19115000,3864.076662471813,-4049.227019640569,3349,2,101.072,
5350,2017-12-30T05:04:31Z,-32.96590000,148.19118333,3865.076662471813,-4048.227019640569,3350,2,101.054,
5351,2017-12-30T05:04:32Z,-32.96571667,148.19121667,3866.076662471813,-4047.227019640569,3351,2,101.034,
5352,2017-12-30T05:04:33Z,-32.96553333,148.19125000,3867.076662471813,-4046.227019640569,3352,2,101.015,
5353,2017-12-30T05:04:34Z,-32.96536667,148.19126667,3868.076662471813,-4045.227019640569,3353,2,100.997,
5354,2017-12-30T05:04:35Z,-32.96520000,148.19130000,3869.076662471813,-4044.227019640569,3354,2,100.979,
5355,2017-12-30T05:04:36Z,-32.96503333,148.19131667,3870.076662471813,-4043.227019640569,3355,2,100.961,
5356,2017-12-30T05:04:37Z,-32.96486667,148.19135000,3871.076662471813,-4042.227019640569,3356,2,100.943,
5357,2017-12-30T05:04:38Z,-32.96470000,148.19138333,3872.076662471813,-4041.227019640569,3357,2,100.925,
5358,2017-12-30T05:04:39Z,-32.96453333,148.19141667,3873.076662471813,-4040.227019640569,3358,2,100.907,
5359,2017-12-30T05:04:40Z,-32.96435000,148.19145000,3874.076662471813,-4039.227019640569,3359,2,100.888,
5360,2017-12-30T05:04:41Z,-32.96418333,148.19150000,3875.076662471813,-4038.227019640569,3360,2,100.87,
5361,2017-12-30T05:04:42Z,-32.96401667,148.19155000,3876.076662471813,-4037.227019640569,3361,2,100.853,
5362,2017-12-30T05:04:43Z,-32.96385000,148.19160000,3877.076662471813,-4036.227019640569,3362,2,100.835,
5363,2017-12-30T05:04:44Z,-32.96370000,148.19163333,3878.076662471813,-4035.227019640569,3363,2,100.819,
5364,2017-12-30T05:04:45Z,-32.96353333,148.19165000,3879.076662471813,-4034.227019640569,3364,2,100.801,
5365,2017-12-30T05:04:46Z,-32.96338333,148.19168333,3880.076662471813,-4033.227019640569,3365,2,100.785,
5366,2017-12-30T05:04:47Z,-32.96321667,148.19170000,3881.076662471813,-4032.227019640569,3366,2,100.767,
5367,2017-12-30T05:04:48Z,-32.96306667,148.19171667,3882.076662471813,-4031.227019640569,3367,2,100.751,
5368,2017-12-30T05:04:49Z,-32.96291667,148.19173333,3883.076662471813,-4030.227019640569,3368,2,100.735,
5369,2017-12-30T05:04:50Z,-32.96276667,148.19173333,3884.076662471813,-4029.227019640569,3369,2,100.718,
5370,2017-12-30T05:04:51Z,-32.96261667,148.19171667,3885.076662471813,-4028.227019640569,3370,2,100.701,
5371,2017-12-30T05:04:52Z,-32.96246667,148.19170000,3886.076662471813,-4027.227019640569,3371,2,100.685,
5372,2017-12-30T05:04:53Z,-32.96230000,148.19168333,3887.076662471813,-4026.227019640569,3372,2,100.666,
5373,2017-12-30T05:04:54Z,-32.96213333,148.19165000,3888.076662471813,-4025.227019640569,3373,2,100.647,
5374,2017-12-30T05:04:55Z,-32.96196667,148.19163333,3889.076662471813,-4024.227019640569,3374,2,100.629,
5375,2017-12-30T05:04:56Z,-32.96180000,148.19161667,3890.076662471813,-4023.227019640569,3375,2,100.61,
5376,2017-12-30T05:04:57Z,-32.96165000,148.19163333,3891.076662471813,-4022.227019640569,3376,2,100.594,
5377,2017-12-30T05:04:58Z,-32.96150000,148.19165000,3892.076662471813,-4021.227019640569,3377,2,100.578,
5378,2017-12-30T05:04:59Z,-32.96133333,148.19166667,3893.076662471813,-4020.227019640569,3378,2,100.56,
5379,2017-12-30T05:05:00Z,-32.96116667,148.19170000,3894.076662471813,-4019.227019640569,3379,2,100.542,
5380,2017-12-30T05:05:01Z,-32.96100000,148.19173333,3895.076662471813,-4018.227019640569,3380,2,100.524,
5381,2017-12-30T05:05:02Z,-32.96083333,148.19176667,3896.076662471813,-4017.227019640569,3381,2,100.506,
5382,2017-12-30T05:05:03Z,-32.96066667,148.19181667,3897.076662471813,-4016.227019640569,3382,2,100.489,
5383,2017-12-30T05:05:04Z,-32.96048333,148.19186667,3898.076662471813,-4015.227019640569,3383,2,100.47,
5384,2017-12-30T05:05:05Z,-32.96028333,148.19190000,3899.076662471813,-4014.227019640569,3384,2,100.448,
5385,2017-12-30T05:05:06Z,-32.96010000,148.19195000,3900.076662471813,-4013.227019640569,3385,2,100.429,
5386,2017-12-30T05:05:07Z,-32.95991667,148.19201667,3901.076662471813,-4012.227019640569,3386,2,100.41,
5387,2017-12-30T05:05:08Z,-32.95973333,148.19205000,3902.076662471813,-4011.227019640569,3387,2,100.39,
5388,2017-12-30T05:05:09Z,-32.95955000,148.19210000,3903.076662471813,-4010.227019640569,3388,2,100.371,
5389,2017-12-30T05:05:10Z,-32.95936667,148.19213333,3904.076662471813,-4009.227019640569,3389,2,100.351,
5390,2017-12-30T05:05:11Z,-32.95921667,148.19215000,3905.076662471813,-4008.227019640569,3390,2,100.335,
5391,2017-12-30T05:05:12Z,-32.95905000,148.19216667,3906.076662471813,-4007.227019640569,3391,2,100.317,
5392,2017-12-30T05:05:13Z,-32.95890000,148.19218333,3907.076662471813,-4006.227019640569,3392,2,100.301,
5393,2017-12-30T05:05:14Z,-32.95873333,148.19218333,3908.076662471813,-4005.227019640569,3393,2,100.282,
5394,2017-12-30T05:05:15Z,-32.95856667,148.19218333,3909.076662471813,-4004.227019640569,3394,2,100.264,
5395,2017-12-30T05:05:16Z,-32.95840000,148.19220000,3910.076662471813,-4003.227019640569,3395,2,100.246,
5396,2017-12-30T05:05:17Z,-32.95823333,148.19220000,3911.076662471813,-4002.227019640569,3396,2,100.228,
5397,2017-12-30T05:05:18Z,-32.95806667,148.19221667,3912.076662471813,-4001.227019640569,3397,2,100.21,
5398,2017-12-30T05:05:19Z,-32.95790000,148.19221667,3913.076662471813,-4000.227019640569,3398,2,100.191,
5399,2017-12-30T05:05:20Z,-32.95773333,148.19221667,3914.076662471813,-3999.227019640569,3399,2,100.173,
5400,2017-12-30T05:05:21Z,-32.95758333,148.19221667,3915.076662471813,-3998.227019640569,3400,2,100.157,
5401,2017-12-30T05:05:22Z,-32.95741667,148.19221667,3916.076662471813,-3997.227019640569,3401,2,100.138,
5402,2017-12-30T05:05:23Z,-32.95726667,148.19223333,3917.076662471813,-3996.227019640569,3402,2,100.122,
5403,2017-12-30T05:05:24Z,-32.95711667,148.19225000,3918.076662471813,-3995.227019640569,3403,2,100.106,
5404,2017-12-30T05:05:25Z,-32.95698333,148.19225000,3919.076662471813,-3994.227019640569,3404,2,100.091,
5405,2017-12-30T05:05:26Z,-32.95681667,148.19226667,3920.076662471813,-3993.227019640569,3405,2,100.073,
5406,2017-12-30T05:05:27Z,-32.95666667,148.19228333,3921.076662471813,-3992.227019640569,3406,2,100.057,
5407,2017-12-30T05:05:28Z,-32.95650000,148.19226667,3922.076662471813,-3991.227019640569,3407,2,100.038,
5408,2017-12-30T05:05:29Z,-32.95633333,148.19225000,3923.076662471813,-3990.227019640569,3408,2,100.02,
5409,2017-12-30T05:05:30Z,-32.95616667,148.19223333,3924.076662471813,-3989.227019640569,3409,2,100.001,
5410,2017-12-30T05:05:31Z,-32.95600000,148.19223333,3925.076662471813,-3988.227019640569,3410,2,99.983,
5411,2017-12-30T05:05:32Z,-32.95585000,148.19226667,3926.076662471813,-3987.227019640569,3411,2,99.967,
5412,2017-12-30T05:05:33Z,-32.95568333,148.19230000,3927.076662471813,-3986.227019640569,3412,2,99.949,
5413,2017-12-30T05:05:34Z,-32.95553333,148.19235000,3928.076662471813,-3985.227019640569,3413,2,99.934,
5414,2017-12-30T05:05:35Z,-32.95538333,148.19240000,3929.076662471813,-3984.227019640569,3414,2,99.918,
5415,2017-12-30T05:05:36Z,-32.95525000,148.19243333,3930.076662471813,-3983.227019640569,3415,2,99.904,
5416,2017-12-30T05:05:37Z,-32.95511667,148.19245000,3931.076662471813,-3982.227019640569,3416,2,99.889,
5417,2017-12-30T05:05:38Z,-32.95496667,148.19243333,3932.076662471813,-3981.227019640569,3417,2,99.873,
5418,2017-12-30T05:05:39Z,-32.95483333,148.19241667,3933.076662471813,-3980.227019640569,3418,2,99.858,
5419,2017-12-30T05:05:40Z,-32.95468333,148.19240000,3934.076662471813,-3979.227019640569,3419,2,99.841,
5420,2017-12-30T05:05:41Z,-32.95453333,148.19240000,3935.076662471813,-3978.227019640569,3420,2,99.825,
5421,2017-12-30T05:05:42Z,-32.95440000,148.19240000,3936.076662471813,-3977.227019640569,3421,2,99.81,
5422,2017-12-30T05:05:43Z,-32.95425000,148.19241667,3937.076662471813,-3976.227019640569,3422,2,99.794,
5423,2017-12-30T05:05:44Z,-32.95411667,148.19243333,3938.076662471813,-3975.227019640569,3423,2,99.779,
5424,2017-12-30T05:05:45Z,-32.95396667,148.19245000,3939.076662471813,-3974.227019640569,3424,2,99.763,
5425,2017-12-30T05:05:46Z,-32.95383333,148.19248333,3940.076662471813,-3973.227019640569,3425,2,99.749,
5426,2017-12-30T05:05:47Z,-32.95370000,148.19250000,3941.076662471813,-3972.227019640569,3426,2,99.735,
5427,2017-12-30T05:05:48Z,-32.95356667,148.19250000,3942.076662471813,-3971.227019640569,3427,2,99.72,
5428,2017-12-30T05:05:49Z,-32.95345000,148.19251667,3943.076662471813,-3970.227019640569,3428,2,99.708,
5429,2017-12-30T05:05:50Z,-32.95333333,148.19251667,3944.076662471813,-3969.227019640569,3429,2,99.695,
5430,2017-12-30T05:05:51Z,-32.95321667,148.19251667,3945.076662471813,-3968.227019640569,3430,2,99.682,
5431,2017-12-30T05:05:52Z,-32.95308333,148.19251667,3946.076662471813,-3967.227019640569,3431,2,99.667,
5432,2017-12-30T05:05:53Z,-32.95296667,148.19253333,3947.076662471813,-3966.227019640569,3432,2,99.655,
5433,2017-12-30T05:05:54Z,-32.95283333,148.19253333,3948.076662471813,-3965.227019640569,3433,2,99.64,
5434,2017-12-30T05:05:55Z,-32.95270000,148.19256667,3949.076662471813,-3964.227019640569,3434,2,99.626,
5435,2017-12-30T05:05:56Z,-32.95255000,148.19258333,3950.076662471813,-3963.227019640569,3435,2,99.61,
5436,2017-12-30T05:05:57Z,-32.95240000,148.19261667,3951.076662471813,-3962.227019640569,3436,2,99.594,
5437,2017-12-30T05:05:58Z,-32.95225000,148.19266667,3952.076662471813,-3961.227019640569,3437,2,99.578,
5438,2017-12-30T05:05:59Z,-32.95210000,148.19270000,3953.076662471813,-3960.227019640569,3438,2,99.562,
5439,2017-12-30T05:06:00Z,-32.95196667,148.19276667,3954.076662471813,-3959.227019640569,3439,2,99.549,
5440,2017-12-30T05:06:01Z,-32.95181667,148.19281667,3955.076662471813,-3958.227019640569,3440,2,99.533,
5441,2017-12-30T05:06:02Z,-32.95166667,148.19286667,3956.076662471813,-3957.227019640569,3441,2,99.517,
5442,2017-12-30T05:06:03Z,-32.95151667,148.19291667,3957.076662471813,-3956.227019640569,3442,2,99.502,
5443,2017-12-30T05:06:04Z,-32.95136667,148.19295000,3958.076662471813,-3955.227019640569,3443,2,99.486,
5444,2017-12-30T05:06:05Z,-32.95121667,148.19296667,3959.076662471813,-3954.227019640569,3444,2,99.469,
5445,2017-12-30T05:06:06Z,-32.95108333,148.19295000,3960.076662471813,-3953.227019640569,3445,2,99.455,
5446,2017-12-30T05:06:07Z,-32.95095000,148.19295000,3961.076662471813,-3952.227019640569,3446,2,99.44,
5447,2017-12-30T05:06:08Z,-32.95081667,148.19293333,3962.076662471813,-3951.227019640569,3447,2,99.425,
5448,2017-12-30T05:06:09Z,-32.95068333,148.19291667,3963.076662471813,-3950.227019640569,3448,2,99.41,
5449,2017-12-30T05:06:10Z,-32.95055000,148.19290000,3964.076662471813,-3949.227019640569,3449,2,99.395,
5450,2017-12-30T05:06:11Z,-32.95040000,148.19290000,3965.076662471813,-3948.227019640569,3450,2,99.379,
5451,2017-12-30T05:06:12Z,-32.95023333,148.19291667,3966.076662471813,-3947.227019640569,3451,2,99.361,
5452,2017-12-30T05:06:13Z,-32.95006667,148.19293333,3967.076662471813,-3946.227019640569,3452,2,99.343,
5453,2017-12-30T05:06:14Z,-32.94990000,148.19295000,3968.076662471813,-3945.227019640569,3453,2,99.325,
5454,2017-12-30T05:06:15Z,-32.94975000,148.19298333,3969.076662471813,-3944.227019640569,3454,2,99.309,
5455,2017-12-30T05:06:16Z,-32.94958333,148.19301667,3970.076662471813,-3943.227019640569,3455,2,99.291,
5456,2017-12-30T05:06:17Z,-32.94941667,148.19305000,3971.076662471813,-3942.227019640569,3456,2,99.273,
5457,2017-12-30T05:06:18Z,-32.94926667,148.19311667,3972.076662471813,-3941.227019640569,3457,2,99.258,
5458,2017-12-30T05:06:19Z,-32.94908333,148.19318333,3973.076662471813,-3940.227019640569,3458,2,99.239,
5459,2017-12-30T05:06:20Z,-32.94890000,148.19326667,3974.076662471813,-3939.227019640569,3459,2,99.22,
5460,2017-12-30T05:06:21Z,-32.94873333,148.19333333,3975.076662471813,-3938.227019640569,3460,2,99.203,
5461,2017-12-30T05:06:22Z,-32.94856667,148.19338333,3976.076662471813,-3937.227019640569,3461,2,99.185,
5462,2017-12-30T05:06:23Z,-32.94840000,148.19343333,3977.076662471813,-3936.227019640569,3462,2,99.168,
5463,2017-12-30T05:06:24Z,-32.94826667,148.19345000,3978.076662471813,-3935.227019640569,3463,2,99.153,
5464,2017-12-30T05:06:25Z,-32.94813333,148.19345000,3979.076662471813,-3934.227019640569,3464,2,99.139,
5465,2017-12-30T05:06:26Z,-32.94801667,148.19343333,3980.076662471813,-3933.227019640569,3465,2,99.126,
5466,2017-12-30T05:06:27Z,-32.94788333,148.19341667,3981.076662471813,-3932.227019640569,3466,2,99.111,
5467,2017-12-30T05:06:28Z,-32.94775000,148.19338333,3982.076662471813,-3931.227019640569,3467,2,99.096,
5468,2017-12-30T05:06:29Z,-32.94761667,148.19335000,3983.076662471813,-3930.227019640569,3468,2,99.08,
5469,2017-12-30T05:06:30Z,-32.94748333,148.19333333,3984.076662471813,-3929.227019640569,3469,2,99.066,
5470,2017-12-30T05:06:31Z,-32.94733333,148.19333333,3985.076662471813,-3928.227019640569,3470,2,99.049,
5471,2017-12-30T05:06:32Z,-32.94718333,148.19333333,3986.076662471813,-3927.227019640569,3471,2,99.033,
5472,2017-12-30T05:06:33Z,-32.94700000,148.19336667,3987.076662471813,-3926.227019640569,3472,2,99.013,
5473,2017-12-30T05:06:34Z,-32.94681667,148.19341667,3988.076662471813,-3925.227019640569,3473,2,98.994,
5474,2017-12-30T05:06:35Z,-32.94663333,148.19346667,3989.076662471813,-3924.227019640569,3474,2,98.974,
5475,2017-12-30T05:06:36Z,-32.94645000,148.19351667,3990.076662471813,-3923.227019640569,3475,2,98.955,
5476,2017-12-30T05:06:37Z,-32.94626667,148.19356667,3991.076662471813,-3922.227019640569,3476,2,98.936,
5477,2017-12-30T05:06:38Z,-32.94610000,148.19361667,3992.076662471813,-3921.227019640569,3477,2,98.918,
5478,2017-12-30T05:06:39Z,-32.94593333,148.19366667,3993.076662471813,-3920.227019640569,3478,2,98.901,
5479,2017-12-30T05:06:40Z,-32.94578333,148.19370000,3994.076662471813,-3919.227019640569,3479,2,98.885,
5480,2017-12-30T05:06:41Z,-32.94561667,148.19371667,3995.076662471813,-3918.227019640569,3480,2,98.867,
5481,2017-12-30T05:06:42Z,-32.94548333,148.19375000,3996.076662471813,-3917.227019640569,3481,2,98.853,
5482,2017-12-30T05:06:43Z,-32.94531667,148.19378333,3997.076662471813,-3916.227019640569,3482,2,98.835,
5483,2017-12-30T05:06:44Z,-32.94516667,148.19380000,3998.076662471813,-3915.227019640569,3483,2,98.819,
5484,2017-12-30T05:06:45Z,-32.94501667,148.19383333,3999.076662471813,-3914.227019640569,3484,2,98.803,
5485,2017-12-30T05:06:46Z,-32.94486667,148.19385000,4000.076662471813,-3913.227019640569,3485,2,98.787,
5486,2017-12-30T05:06:47Z,-32.94473333,148.19388333,4001.076662471813,-3912.227019640569,3486,2,98.772,
5487,2017-12-30T05:06:48Z,-32.94458333,148.19388333,4002.076662471813,-3911.227019640569,3487,2,98.756,
5488,2017-12-30T05:06:49Z,-32.94443333,148.19388333,4003.076662471813,-3910.227019640569,3488,2,98.74,
5489,2017-12-30T05:06:50Z,-32.94428333,148.19386667,4004.076662471813,-3909.227019640569,3489,2,98.723,
5490,2017-12-30T05:06:51Z,-32.94413333,148.19385000,4005.076662471813,-3908.227019640569,3490,2,98.706,
5491,2017-12-30T05:06:52Z,-32.94400000,148.19381667,4006.076662471813,-3907.227019640569,3491,2,98.691,
5492,2017-12-30T05:06:53Z,-32.94386667,148.19380000,4007.076662471813,-3906.227019640569,3492,2,98.676,
5493,2017-12-30T05:06:54Z,-32.94371667,148.19378333,4008.076662471813,-3905.227019640569,3493,2,98.659,
5494,2017-12-30T05:06:55Z,-32.94358333,148.19378333,4009.076662471813,-3904.227019640569,3494,2,98.645,
5495,2017-12-30T05:06:56Z,-32.94343333,148.19378333,4010.076662471813,-3903.227019640569,3495,2,98.628,
5496,2017-12-30T05:06:57Z,-32.94328333,148.19376667,4011.076662471813,-3902.227019640569,3496,2,98.612,
5497,2017-12-30T05:06:58Z,-32.94315000,148.19375000,4012.076662471813,-3901.227019640569,3497,2,98.597,
5498,2017-12-30T05:06:59Z,-32.94300000,148.19373333,4013.076662471813,-3900.227019640569,3498,2,98.58,
5499,2017-12-30T05:07:00Z,-32.94285000,148.19370000,4014.076662471813,-3899.227019640569,3499,2,98.563,
5500,2017-12-30T05:07:01Z,-32.94270000,148.19368333,4015.076662471813,-3898.227019640569,3500,2,98.546,
5501,2017-12-30T05:07:02Z,-32.94255000,148.19368333,4016.076662471813,-3897.227019640569,3501,2,98.53,
5502,2017-12-30T05:07:03Z,-32.94238333,148.19366667,4017.076662471813,-3896.227019640569,3502,2,98.511,
5503,2017-12-30T05:07:04Z,-32.94223333,148.19366667,4018.076662471813,-3895.227019640569,3503,2,98.495,
5504,2017-12-30T05:07:05Z,-32.94206667,148.19365000,4019.076662471813,-3894.227019640569,3504,2,98.476,
5505,2017-12-30T05:07:06Z,-32.94193333,148.19365000,4020.076662471813,-3893.227019640569,3505,2,98.462,
5506,2017-12-30T05:07:07Z,-32.94176667,148.19361667,4021.076662471813,-3892.227019640569,3506,2,98.443,
5507,2017-12-30T05:07:08Z,-32.94161667,148.19360000,4022.076662471813,-3891.227019640569,3507,2,98.426,
5508,2017-12-30T05:07:09Z,-32.94146667,148.19358333,4023.076662471813,-3890.227019640569,3508,2,98.41,
5509,2017-12-30T05:07:10Z,-32.94131667,148.19356667,4024.076662471813,-3889.227019640569,3509,2,98.393,
5510,2017-12-30T05:07:11Z,-32.94113333,148.19355000,4025.076662471813,-3888.227019640569,3510,2,98.373,
5511,2017-12-30T05:07:12Z,-32.94096667,148.19355000,4026.076662471813,-3887.227019640569,3511,2,98.354,
5512,2017-12-30T05:07:13Z,-32.94080000,148.19355000,4027.076662471813,-3886.227019640569,3512,2,98.336,
5513,2017-12-30T05:07:14Z,-32.94065000,148.19356667,4028.076662471813,-3885.227019640569,3513,2,98.32,
5514,2017-12-30T05:07:15Z,-32.94050000,148.19358333,4029.076662471813,-3884.227019640569,3514,2,98.304,
5515,2017-12-30T05:07:16Z,-32.94033333,148.19360000,4030.076662471813,-3883.227019640569,3515,2,98.286,
5516,2017-12-30T05:07:17Z,-32.94016667,148.19361667,4031.076662471813,-3882.227019640569,3516,2,98.268,
5517,2017-12-30T05:07:18Z,-32.93996667,148.19363333,4032.076662471813,-3881.227019640569,3517,2,98.246,
5518,2017-12-30T05:07:19Z,-32.93978333,148.19363333,4033.076662471813,-3880.227019640569,3518,2,98.226,
5519,2017-12-30T05:07:20Z,-32.93960000,148.19361667,4034.076662471813,-3879.227019640569,3519,2,98.205,
5520,2017-12-30T05:07:21Z,-32.93943333,148.19360000,4035.076662471813,-3878.227019640569,3520,2,98.187,
5521,2017-12-30T05:07:22Z,-32.93926667,148.19360000,4036.076662471813,-3877.227019640569,3521,2,98.169,
5522,2017-12-30T05:07:23Z,-32.93910000,148.19360000,4037.076662471813,-3876.227019640569,3522,2,98.15,
5523,2017-12-30T05:07:24Z,-32.93893333,148.19360000,4038.076662471813,-3875.227019640569,3523,2,98.132,
5524,2017-12-30T05:07:25Z,-32.93878333,148.19361667,4039.076662471813,-3874.227019640569,3524,2,98.116,
5525,2017-12-30T05:07:26Z,-32.93863333,148.19363333,4040.076662471813,-3873.227019640569,3525,2,98.1,
5526,2017-12-30T05:07:27Z,-32.93846667,148.19370000,4041.076662471813,-3872.227019640569,3526,2,98.083,
5527,2017-12-30T05:07:28Z,-32.93831667,148.19378333,4042.076662471813,-3871.227019640569,3527,2,98.067,
5528,2017-12-30T05:07:29Z,-32.93816667,148.19391667,4043.076662471813,-3870.227019640569,3528,2,98.053,
5529,2017-12-30T05:07:30Z,-32.93805000,148.19410000,4044.076662471813,-3869.227019640569,3529,2,98.043,
5530,2017-12-30T05:07:31Z,-32.93796667,148.19430000,4045.076662471813,-3868.227019640569,3530,2,98.037,
5531,2017-12-30T05:07:32Z,-32.93791667,148.19451667,4046.076662471813,-3867.227019640569,3531,2,98.035,
5532,2017-12-30T05:07:33Z,-32.93790000,148.19473333,4047.076662471813,-3866.227019640569,3532,2,98.037,
5533,2017-12-30T05:07:34Z,-32.93793333,148.19495000,4048.076662471813,-3865.227019640569,3533,2,98.044,
5534,2017-12-30T05:07:35Z,-32.93800000,148.19511667,4049.076662471813,-3864.227019640569,3534,2,98.054,
5535,2017-12-30T05:07:36Z,-32.93808333,148.19525000,4050.076662471813,-3863.227019640569,3535,2,98.065,
5536,2017-12-30T05:07:37Z,-32.93818333,148.19533333,4051.076662471813,-3862.227019640569,3536,2,98.077,
5537,2017-12-30T05:07:38Z,-32.93830000,148.19538333,4052.076662471813,-3861.227019640569,3537,2,98.091,
5538,2017-12-30T05:07:39Z,-32.93841667,148.19541667,4053.076662471813,-3860.227019640569,3538,2,98.104,
5539,2017-12-30T05:07:40Z,-32.93848333,148.19541667,4054.076662471813,-3859.227019640569,3539,2,98.111,
5540,2017-12-30T05:07:41Z,-32.93855000,148.19543333,4055.076662471813,-3858.227019640569,3540,2,98.119,
5541,2017-12-30T05:07:42Z,-32.93860000,148.19543333,4056.076662471813,-3857.227019640569,3541,2,98.124,
5542,2017-12-30T05:07:43Z,-32.93865000,148.19543333,4057.076662471813,-3856.227019640569,3542,2,98.13,
5543,2017-12-30T05:07:44Z,-32.93868333,148.19541667,4058.076662471813,-3855.227019640569,3543,2,98.133,
5544,2017-12-30T05:07:45Z,-32.93870000,148.19538333,4059.076662471813,-3854.227019640569,3544,2,98.134,
5545,2017-12-30T05:07:46Z,-32.93868333,148.19535000,4060.076662471813,-3853.227019640569,3545,2,98.132,
5546,2017-12-30T05:07:47Z,-32.93866667,148.19530000,4061.076662471813,-3852.227019640569,3546,2,98.129,
5547,2017-12-30T05:07:48Z,-32.93863333,148.19523333,4062.076662471813,-3851.227019640569,3547,2,98.125,
5548,2017-12-30T05:07:49Z,-32.93855000,148.19516667,4063.076662471813,-3850.227019640569,3548,2,98.115,
5549,2017-12-30T05:07:50Z,-32.93848333,148.19508333,4064.076662471813,-3849.227019640569,3549,2,98.106,
5550,2017-12-30T05:07:51Z,-32.93845000,148.19498333,4065.076662471813,-3848.227019640569,3550,2,98.101,
5551,2017-12-30T05:07:52Z,-32.93843333,148.19490000,4066.076662471813,-3847.227019640569,3551,2,98.098,
5552,2017-12-30T05:07:53Z,-32.93841667,148.19485000,4067.076662471813,-3846.227019640569,3552,2,98.095,
5553,2017-12-30T05:07:54Z,-32.93841667,148.19478333,4068.076662471813,-3845.227019640569,3553,2,98.094,
5554,2017-12-30T05:07:55Z,-32.93841667,148.19473333,4069.076662471813,-3844.227019640569,3554,2,98.093,
5555,2017-12-30T05:07:56Z,-32.93843333,148.19470000,4070.076662471813,-3843.227019640569,3555,2,98.094,
5556,2017-12-30T05:07:57Z,-32.93845000,148.19466667,4071.076662471813,-3842.227019640569,3556,2,98.096,
5557,2017-12-30T05:07:58Z,-32.93846667,148.19461667,4072.076662471813,-3841.227019640569,3557,2,98.097,
5558,2017-12-30T05:07:59Z,-32.93848333,148.19458333,4073.076662471813,-3840.227019640569,3558,2,98.098,
5559,2017-12-30T05:08:00Z,-32.93848333,148.19455000,4074.076662471813,-3839.227019640569,3559,2,98.098,
5560,2017-12-30T05:08:01Z,-32.93848333,148.19451667,4075.076662471813,-3838.227019640569,3560,2,98.097,
5561,2017-12-30T05:08:02Z,-32.93848333,148.19446667,4076.076662471813,-3837.227019640569,3561,2,98.096,
5562,2017-12-30T05:08:03Z,-32.93848333,148.19441667,4077.076662471813,-3836.227019640569,3562,2,98.096,
5563,2017-12-30T05:08:04Z,-32.93846667,148.19436667,4078.076662471813,-3835.227019640569,3563,2,98.093,
5564,2017-12-30T05:08:05Z,-32.93848333,148.19430000,4079.076662471813,-3834.227019640569,3564,2,98.094,
5565,2017-12-30T05:08:06Z,-32.93848333,148.19423333,4080.076662471813,-3833.227019640569,3565,2,98.093,
5566,2017-12-30T05:08:07Z,-32.93850000,148.19416667,4081.076662471813,-3832.227019640569,3566,2,98.093,
5567,2017-12-30T05:08:08Z,-32.93851667,148.19410000,4082.076662471813,-3831.227019640569,3567,2,98.094,
5568,2017-12-30T05:08:09Z,-32.93851667,148.19405000,4083.076662471813,-3830.227019640569,3568,2,98.093,
5569,2017-12-30T05:08:10Z,-32.93851667,148.19400000,4084.076662471813,-3829.227019640569,3569,2,98.093,
5570,2017-12-30T05:08:11Z,-32.93850000,148.19393333,4085.076662471813,-3828.227019640569,3570,2,98.09,
5571,2017-12-30T05:08:12Z,-32.93846667,148.19388333,4086.076662471813,-3827.227019640569,3571,2,98.085,
5572,2017-12-30T05:08:13Z,-32.93845000,148.19381667,4087.076662471813,-3826.227019640569,3572,2,98.083,
5573,2017-12-30T05:08:14Z,-32.93841667,148.19375000,4088.076662471813,-3825.227019640569,3573,2,98.078,
5574,2017-12-30T05:08:15Z,-32.93838333,148.19370000,4089.076662471813,-3824.227019640569,3574,2,98.073,
5575,2017-12-30T05:08:16Z,-32.93835000,148.19365000,4090.076662471813,-3823.227019640569,3575,2,98.069,
5576,2017-12-30T05:08:17Z,-32.93831667,148.19358333,4091.076662471813,-3822.227019640569,3576,2,98.064,
5577,2017-12-30T05:08:18Z,-32.93828333,148.19353333,4092.076662471813,-3821.227019640569,3577,2,98.06,
5578,2017-12-30T05:08:19Z,-32.93823333,148.19348333,4093.076662471813,-3820.227019640569,3578,2,98.054,
5579,2017-12-30T05:08:20Z,-32.93820000,148.19341667,4094.076662471813,-3819.227019640569,3579,2,98.049,
5580,2017-12-30T05:08:21Z,-32.93813333,148.19338333,4095.076662471813,-3818.227019640569,3580,2,98.041,
5581,2017-12-30T05:08:22Z,-32.93806667,148.19333333,4096.076662471813,-3817.227019640569,3581,2,98.033,
5582,2017-12-30T05:08:23Z,-32.93800000,148.19328333,4097.076662471813,-3816.227019640569,3582,2,98.025,
5583,2017-12-30T05:08:24Z,-32.93791667,148.19323333,4098.076662471813,-3815.227019640569,3583,2,98.015,
5584,2017-12-30T05:08:25Z,-32.93785000,148.19318333,4099.076662471813,-3814.227019640569,3584,2,98.007,
5585,2017-12-30T05:08:26Z,-32.93776667,148.19313333,4100.076662471813,-3813.227019640569,3585,2,97.997,
5586,2017-12-30T05:08:27Z,-32.93768333,148.19306667,4101.076662471813,-3812.227019640569,3586,2,97.987,
5587,2017-12-30T05:08:28Z,-32.93758333,148.19298333,4102.076662471813,-3811.227019640569,3587,2,97.975,
5588,2017-12-30T05:08:29Z,-32.93748333,148.19293333,4103.076662471813,-3810.227019640569,3588,2,97.963,
5589,2017-12-30T05:08:30Z,-32.93738333,148.19286667,4104.076662471813,-3809.227019640569,3589,2,97.951,
5590,2017-12-30T05:08:31Z,-32.93726667,148.19281667,4105.076662471813,-3808.227019640569,3590,2,97.937,
5591,2017-12-30T05:08:32Z,-32.93713333,148.19275000,4106.076662471813,-3807.227019640569,3591,2,97.922,
5592,2017-12-30T05:08:33Z,-32.93700000,148.19270000,4107.076662471813,-3806.227019640569,3592,2,97.906,
5593,2017-12-30T05:08:34Z,-32.93683333,148.19266667,4108.076662471813,-3805.227019640569,3593,2,97.887,
5594,2017-12-30T05:08:35Z,-32.93666667,148.19263333,4109.076662471813,-3804.227019640569,3594,2,97.869,
5595,2017-12-30T05:08:36Z,-32.93650000,148.19261667,4110.076662471813,-3803.227019640569,3595,2,97.85,
5596,2017-12-30T05:08:37Z,-32.93633333,148.19260000,4111.076662471813,-3802.227019640569,3596,2,97.832,
5597,2017-12-30T05:08:38Z,-32.93616667,148.19256667,4112.076662471813,-3801.227019640569,3597,2,97.813,
5598,2017-12-30T05:08:39Z,-32.93601667,148.19253333,4113.076662471813,-3800.227019640569,3598,2,97.796,
5599,2017-12-30T05:08:40Z,-32.93586667,148.19248333,4114.076662471813,-3799.227019640569,3599,2,97.779,
5600,2017-12-30T05:08:41Z,-32.93573333,148.19240000,4115.076662471813,-3798.227019640569,3600,2,97.763,
5601,2017-12-30T05:08:42Z,-32.93566667,148.19230000,4116.076662471813,-3797.227019640569,3601,2,97.754,
5602,2017-12-30T05:08:43Z,-32.93563333,148.19220000,4117.076662471813,-3796.227019640569,3602,2,97.749,
5603,2017-12-30T05:08:44Z,-32.93561667,148.19213333,4118.076662471813,-3795.227019640569,3603,2,97.746,
5604,2017-12-30T05:08:45Z,-32.93565000,148.19205000,4119.076662471813,-3794.227019640569,3604,2,97.748,
5605,2017-12-30T05:08:46Z,-32.93566667,148.19196667,4120.076662471813,-3793.227019640569,3605,2,97.749,
5606,2017-12-30T05:08:47Z,-32.93570000,148.19190000,4121.076662471813,-3792.227019640569,3606,2,97.751,
5607,2017-12-30T05:08:48Z,-32.93575000,148.19183333,4122.076662471813,-3791.227019640569,3607,2,97.756,
5608,2017-12-30T05:08:49Z,-32.93581667,148.19180000,4123.076662471813,-3790.227019640569,3608,2,97.763,
5609,2017-12-30T05:08:50Z,-32.93588333,148.19176667,4124.076662471813,-3789.227019640569,3609,2,97.769,
5610,2017-12-30T05:08:51Z,-32.93593333,148.19173333,4125.076662471813,-3788.227019640569,3610,2,97.774,
5611,2017-12-30T05:08:52Z,-32.93598333,148.19168333,4126.076662471813,-3787.227019640569,3611,2,97.779,
5612,2017-12-30T05:08:53Z,-32.93600000,148.19161667,4127.076662471813,-3786.227019640569,3612,2,97.78,
5613,2017-12-30T05:08:54Z,-32.93601667,148.19151667,4128.076662471813,-3785.227019640569,3613,2,97.78,
5614,2017-12-30T05:08:55Z,-32.93601667,148.19143333,4129.076662471813,-3784.227019640569,3614,2,97.779,
5615,2017-12-30T05:08:56Z,-32.93601667,148.19131667,4130.076662471813,-3783.227019640569,3615,2,97.777,
5616,2017-12-30T05:08:57Z,-32.93603333,148.19123333,4131.076662471813,-3782.227019640569,3616,2,97.778,
5617,2017-12-30T05:08:58Z,-32.93605000,148.19113333,4132.076662471813,-3781.227019640569,3617,2,97.778,
5618,2017-12-30T05:08:59Z,-32.93608333,148.19101667,4133.076662471813,-3780.227019640569,3618,2,97.78,
5619,2017-12-30T05:09:00Z,-32.93613333,148.19093333,4134.076662471813,-3779.227019640569,3619,2,97.784,
5620,2017-12-30T05:09:01Z,-32.93620000,148.19086667,4135.076662471813,-3778.227019640569,3620,2,97.79,
5621,2017-12-30T05:09:02Z,-32.93628333,148.19081667,4136.076662471813,-3777.227019640569,3621,2,97.799,
5622,2017-12-30T05:09:03Z,-32.93636667,148.19078333,4137.076662471813,-3776.227019640569,3622,2,97.807,
5623,2017-12-30T05:09:04Z,-32.93645000,148.19073333,4138.076662471813,-3775.227019640569,3623,2,97.816,
5624,2017-12-30T05:09:05Z,-32.93650000,148.19068333,4139.076662471813,-3774.227019640569,3624,2,97.82,
5625,2017-12-30T05:09:06Z,-32.93651667,148.19065000,4140.076662471813,-3773.227019640569,3625,2,97.822,
5626,2017-12-30T05:09:07Z,-32.93651667,148.19060000,4141.076662471813,-3772.227019640569,3626,2,97.821,
5627,2017-12-30T05:09:08Z,-32.93648333,148.19053333,4142.076662471813,-3771.227019640569,3627,2,97.816,
5628,2017-12-30T05:09:09Z,-32.93643333,148.19048333,4143.076662471813,-3770.227019640569,3628,2,97.81,
5629,2017-12-30T05:09:10Z,-32.93636667,148.19043333,4144.076662471813,-3769.227019640569,3629,2,97.802,
5630,2017-12-30T05:09:11Z,-32.93625000,148.19040000,4145.076662471813,-3768.227019640569,3630,2,97.788,
5631,2017-12-30T05:09:12Z,-32.93611667,148.19040000,4146.076662471813,-3767.227019640569,3631,2,97.774,
5632,2017-12-30T05:09:13Z,-32.93596667,148.19043333,4147.076662471813,-3766.227019640569,3632,2,97.758,
5633,2017-12-30T05:09:14Z,-32.93581667,148.19050000,4148.076662471813,-3765.227019640569,3633,2,97.742,
5634,2017-12-30T05:09:15Z,-32.93566667,148.19061667,4149.076662471813,-3764.227019640569,3634,2,97.728,
5635,2017-12-30T05:09:16Z,-32.93553333,148.19075000,4150.076662471813,-3763.227019640569,3635,2,97.715,
5636,2017-12-30T05:09:17Z,-32.93540000,148.19091667,4151.076662471813,-3762.227019640569,3636,2,97.703,
5637,2017-12-30T05:09:18Z,-32.93530000,148.19113333,4152.076662471813,-3761.227019640569,3637,2,97.696,
5638,2017-12-30T05:09:19Z,-32.93520000,148.19138333,4153.076662471813,-3760.227019640569,3638,2,97.688,
5639,2017-12-30T05:09:20Z,-32.93510000,148.19163333,4154.076662471813,-3759.227019640569,3639,2,97.681,
5640,2017-12-30T05:09:21Z,-32.93501667,148.19186667,4155.076662471813,-3758.227019640569,3640,2,97.676,
5641,2017-12-30T05:09:22Z,-32.93493333,148.19210000,4156.076662471813,-3757.227019640569,3641,2,97.67,
5642,2017-12-30T05:09:23Z,-32.93485000,148.19233333,4157.076662471813,-3756.227019640569,3642,2,97.665,
5643,2017-12-30T05:09:24Z,-32.93476667,148.19256667,4158.076662471813,-3755.227019640569,3643,2,97.659,
5644,2017-12-30T05:09:25Z,-32.93468333,148.19278333,4159.076662471813,-3754.227019640569,3644,2,97.653,
5645,2017-12-30T05:09:26Z,-32.93458333,148.19300000,4160.076662471813,-3753.227019640569,3645,2,97.646,
5646,2017-12-30T05:09:27Z,-32.93450000,148.19323333,4161.076662471813,-3752.227019640569,3646,2,97.64,
5647,2017-12-30T05:09:28Z,-32.93441667,148.19345000,4162.076662471813,-3751.227019640569,3647,2,97.635,
5648,2017-12-30T05:09:29Z,-32.93433333,148.19366667,4163.076662471813,-3750.227019640569,3648,2,97.629,
5649,2017-12-30T05:09:30Z,-32.93426667,148.19390000,4164.076662471813,-3749.227019640569,3649,2,97.625,
5650,2017-12-30T05:09:31Z,-32.93420000,148.19413333,4165.076662471813,-3748.227019640569,3650,2,97.622,
5651,2017-12-30T05:09:32Z,-32.93416667,148.19438333,4166.076662471813,-3747.227019640569,3651,2,97.622,
5652,2017-12-30T05:09:33Z,-32.93411667,148.19461667,4167.076662471813,-3746.227019640569,3652,2,97.62,
5653,2017-12-30T05:09:34Z,-32.93408333,148.19485000,4168.076662471813,-3745.227019640569,3653,2,97.62,
5654,2017-12-30T05:09:35Z,-32.93405000,148.19510000,4169.076662471813,-3744.227019640569,3654,2,97.62,
5655,2017-12-30T05:09:36Z,-32.93401667,148.19533333,4170.076662471813,-3743.227019640569,3655,2,97.62,
5656,2017-12-30T05:09:37Z,-32.93398333,148.19558333,4171.076662471813,-3742.227019640569,3656,2,97.621,
5657,2017-12-30T05:09:38Z,-32.93396667,148.19581667,4172.076662471813,-3741.227019640569,3657,2,97.623,
5658,2017-12-30T05:09:39Z,-32.93395000,148.19605000,4173.076662471813,-3740.227019640569,3658,2,97.624,
5659,2017-12-30T05:09:40Z,-32.93395000,148.19630000,4174.076662471813,-3739.227019640569,3659,2,97.628,
5660,2017-12-30T05:09:41Z,-32.93393333,148.19653333,4175.076662471813,-3738.227019640569,3660,2,97.63,
5661,2017-12-30T05:09:42Z,-32.93393333,148.19675000,4176.076662471813,-3737.227019640569,3661,2,97.634,
5662,2017-12-30T05:09:43Z,-32.93396667,148.19695000,4177.076662471813,-3736.227019640569,3662,2,97.641,
5663,2017-12-30T05:09:44Z,-32.93400000,148.19715000,4178.076662471813,-3735.227019640569,3663,2,97.647,
5664,2017-12-30T05:09:45Z,-32.93405000,148.19733333,4179.076662471813,-3734.227019640569,3664,2,97.656,
5665,2017-12-30T05:09:46Z,-32.93411667,148.19750000,4180.076662471813,-3733.227019640569,3665,2,97.666,
5666,2017-12-30T05:09:47Z,-32.93418333,148.19763333,4181.076662471813,-3732.227019640569,3666,2,97.675,
5667,2017-12-30T05:09:48Z,-32.93426667,148.19773333,4182.076662471813,-3731.227019640569,3667,2,97.686,
5668,2017-12-30T05:09:49Z,-32.93435000,148.19780000,4183.076662471813,-3730.227019640569,3668,2,97.696,
5669,2017-12-30T05:09:50Z,-32.93443333,148.19781667,4184.076662471813,-3729.227019640569,3669,2,97.705,
5670,2017-12-30T05:09:51Z,-32.93450000,148.19778333,4185.076662471813,-3728.227019640569,3670,2,97.712,
5671,2017-12-30T05:09:52Z,-32.93451667,148.19773333,4186.076662471813,-3727.227019640569,3671,2,97.713,
5672,2017-12-30T05:09:53Z,-32.93451667,148.19765000,4187.076662471813,-3726.227019640569,3672,2,97.712,
5673,2017-12-30T05:09:54Z,-32.93448333,148.19758333,4188.076662471813,-3725.227019640569,3673,2,97.707,
5674,2017-12-30T05:09:55Z,-32.93440000,148.19751667,4189.076662471813,-3724.227019640569,3674,2,97.697,
5675,2017-12-30T05:09:56Z,-32.93430000,148.19748333,4190.076662471813,-3723.227019640569,3675,2,97.686,
5676,2017-12-30T05:09:57Z,-32.93418333,148.19746667,4191.076662471813,-3722.227019640569,3676,2,97.672,
5677,2017-12-30T05:09:58Z,-32.93403333,148.19746667,4192.076662471813,-3721.227019640569,3677,2,97.656,
5678,2017-12-30T05:09:59Z,-32.93388333,148.19750000,4193.076662471813,-3720.227019640569,3678,2,97.64,
5679,2017-12-30T05:10:00Z,-32.93371667,148.19755000,4194.076662471813,-3719.227019640569,3679,2,97.623,
5680,2017-12-30T05:10:01Z,-32.93355000,148.19765000,4195.076662471813,-3718.227019640569,3680,2,97.606,
5681,2017-12-30T05:10:02Z,-32.93341667,148.19780000,4196.076662471813,-3717.227019640569,3681,2,97.594,
5682,2017-12-30T05:10:03Z,-32.93328333,148.19800000,4197.076662471813,-3716.227019640569,3682,2,97.582,
5683,2017-12-30T05:10:04Z,-32.93320000,148.19820000,4198.076662471813,-3715.227019640569,3683,2,97.577,
5684,2017-12-30T05:10:05Z,-32.93313333,148.19843333,4199.076662471813,-3714.227019640569,3684,2,97.573,
5685,2017-12-30T05:10:06Z,-32.93310000,148.19866667,4200.076662471813,-3713.227019640569,3685,2,97.573,
5686,2017-12-30T05:10:07Z,-32.93306667,148.19890000,4201.076662471813,-3712.227019640569,3686,2,97.573,
5687,2017-12-30T05:10:08Z,-32.93305000,148.19915000,4202.076662471813,-3711.227019640569,3687,2,97.575,
5688,2017-12-30T05:10:09Z,-32.93303333,148.19938333,4203.076662471813,-3710.227019640569,3688,2,97.577,
5689,2017-12-30T05:10:10Z,-32.93301667,148.19963333,4204.076662471813,-3709.227019640569,3689,2,97.58,
5690,2017-12-30T05:10:11Z,-32.93300000,148.19986667,4205.076662471813,-3708.227019640569,3690,2,97.581,
5691,2017-12-30T05:10:12Z,-32.93301667,148.20011667,4206.076662471813,-3707.227019640569,3691,2,97.587,
5692,2017-12-30T05:10:13Z,-32.93303333,148.20035000,4207.076662471813,-3706.227019640569,3692,2,97.593,
5693,2017-12-30T05:10:14Z,-32.93306667,148.20058333,4208.076662471813,-3705.227019640569,3693,2,97.6,
5694,2017-12-30T05:10:15Z,-32.93313333,148.20076667,4209.076662471813,-3704.227019640569,3694,2,97.611,
5695,2017-12-30T05:10:16Z,-32.93321667,148.20093333,4210.076662471813,-3703.227019640569,3695,2,97.623,
5696,2017-12-30T05:10:17Z,-32.93331667,148.20106667,4211.076662471813,-3702.227019640569,3696,2,97.636,
5697,2017-12-30T05:10:18Z,-32.93341667,148.20115000,4212.076662471813,-3701.227019640569,3697,2,97.648,
5698,2017-12-30T05:10:19Z,-32.93350000,148.20118333,4213.076662471813,-3700.227019640569,3698,2,97.658,
5699,2017-12-30T05:10:20Z,-32.93355000,148.20115000,4214.076662471813,-3699.227019640569,3699,2,97.663,
5700,2017-12-30T05:10:21Z,-32.93358333,148.20108333,4215.076662471813,-3698.227019640569,3700,2,97.665,
5701,2017-12-30T05:10:22Z,-32.93356667,148.20100000,4216.076662471813,-3697.227019640569,3701,2,97.662,
5702,2017-12-30T05:10:23Z,-32.93353333,148.20090000,4217.076662471813,-3696.227019640569,3702,2,97.657,
5703,2017-12-30T05:10:24Z,-32.93345000,148.20083333,4218.076662471813,-3695.227019640569,3703,2,97.646,
5704,2017-12-30T05:10:25Z,-32.93333333,148.20076667,4219.076662471813,-3694.227019640569,3704,2,97.633,
5705,2017-12-30T05:10:26Z,-32.93320000,148.20073333,4220.076662471813,-3693.227019640569,3705,2,97.617,
5706,2017-12-30T05:10:27Z,-32.93305000,148.20071667,4221.076662471813,-3692.227019640569,3706,2,97.601,
5707,2017-12-30T05:10:28Z,-32.93286667,148.20076667,4222.076662471813,-3691.227019640569,3707,2,97.582,
5708,2017-12-30T05:10:29Z,-32.93268333,148.20085000,4223.076662471813,-3690.227019640569,3708,2,97.563,
5709,2017-12-30T05:10:30Z,-32.93251667,148.20098333,4224.076662471813,-3689.227019640569,3709,2,97.547,
5710,2017-12-30T05:10:31Z,-32.93238333,148.20116667,4225.076662471813,-3688.227019640569,3710,2,97.535,
5711,2017-12-30T05:10:32Z,-32.93228333,148.20140000,4226.076662471813,-3687.227019640569,3711,2,97.528,
5712,2017-12-30T05:10:33Z,-32.93221667,148.20165000,4227.076662471813,-3686.227019640569,3712,2,97.525,
5713,2017-12-30T05:10:34Z,-32.93218333,148.20191667,4228.076662471813,-3685.227019640569,3713,2,97.525,
5714,2017-12-30T05:10:35Z,-32.93218333,148.20216667,4229.076662471813,-3684.227019640569,3714,2,97.53,
5715,2017-12-30T05:10:36Z,-32.93220000,148.20240000,4230.076662471813,-3683.227019640569,3715,2,97.535,
5716,2017-12-30T05:10:37Z,-32.93223333,148.20261667,4231.076662471813,-3682.227019640569,3716,2,97.542,
5717,2017-12-30T05:10:38Z,-32.93228333,148.20281667,4232.076662471813,-3681.227019640569,3717,2,97.551,
5718,2017-12-30T05:10:39Z,-32.93236667,148.20300000,4233.076662471813,-3680.227019640569,3718,2,97.563,
5719,2017-12-30T05:10:40Z,-32.93246667,148.20311667,4234.076662471813,-3679.227019640569,3719,2,97.576,
5720,2017-12-30T05:10:41Z,-32.93256667,148.20320000,4235.076662471813,-3678.227019640569,3720,2,97.589,
5721,2017-12-30T05:10:42Z,-32.93265000,148.20320000,4236.076662471813,-3677.227019640569,3721,2,97.598,
5722,2017-12-30T05:10:43Z,-32.93271667,148.20318333,4237.076662471813,-3676.227019640569,3722,2,97.605,
5723,2017-12-30T05:10:44Z,-32.93278333,148.20311667,4238.076662471813,-3675.227019640569,3723,2,97.611,
5724,2017-12-30T05:10:45Z,-32.93280000,148.20305000,4239.076662471813,-3674.227019640569,3724,2,97.612,
5725,2017-12-30T05:10:46Z,-32.93280000,148.20296667,4240.076662471813,-3673.227019640569,3725,2,97.61,
5726,2017-12-30T05:10:47Z,-32.93275000,148.20286667,4241.076662471813,-3672.227019640569,3726,2,97.603,
5727,2017-12-30T05:10:48Z,-32.93268333,148.20280000,4242.076662471813,-3671.227019640569,3727,2,97.595,
5728,2017-12-30T05:10:49Z,-32.93260000,148.20273333,4243.076662471813,-3670.227019640569,3728,2,97.585,
5729,2017-12-30T05:10:50Z,-32.93248333,148.20271667,4244.076662471813,-3669.227019640569,3729,2,97.571,
5730,2017-12-30T05:10:51Z,-32.93233333,148.20271667,4245.076662471813,-3668.227019640569,3730,2,97.555,
5731,2017-12-30T05:10:52Z,-32.93216667,148.20275000,4246.076662471813,-3667.227019640569,3731,2,97.537,
5732,2017-12-30T05:10:53Z,-32.93198333,148.20281667,4247.076662471813,-3666.227019640569,3732,2,97.518,
5733,2017-12-30T05:10:54Z,-32.93180000,148.20291667,4248.076662471813,-3665.227019640569,3733,2,97.5,
5734,2017-12-30T05:10:55Z,-32.93161667,148.20303333,4249.076662471813,-3664.227019640569,3734,2,97.482,
5735,2017-12-30T05:10:56Z,-32.93143333,148.20318333,4250.076662471813,-3663.227019640569,3735,2,97.464,
5736,2017-12-30T05:10:57Z,-32.93126667,148.20338333,4251.076662471813,-3662.227019640569,3736,2,97.449,
5737,2017-12-30T05:10:58Z,-32.93115000,148.20358333,4252.076662471813,-3661.227019640569,3737,2,97.44,
5738,2017-12-30T05:10:59Z,-32.93105000,148.20381667,4253.076662471813,-3660.227019640569,3738,2,97.433,
5739,2017-12-30T05:11:00Z,-32.93098333,148.20406667,4254.076662471813,-3659.227019640569,3739,2,97.43,
5740,2017-12-30T05:11:01Z,-32.93096667,148.20431667,4255.076662471813,-3658.227019640569,3740,2,97.432,
5741,2017-12-30T05:11:02Z,-32.93096667,148.20455000,4256.076662471813,-3657.227019640569,3741,2,97.436,
5742,2017-12-30T05:11:03Z,-32.93103333,148.20475000,4257.076662471813,-3656.227019640569,3742,2,97.446,
5743,2017-12-30T05:11:04Z,-32.93111667,148.20491667,4258.076662471813,-3655.227019640569,3743,2,97.458,
5744,2017-12-30T05:11:05Z,-32.93121667,148.20505000,4259.076662471813,-3654.227019640569,3744,2,97.472,
5745,2017-12-30T05:11:06Z,-32.93130000,148.20511667,4260.076662471813,-3653.227019640569,3745,2,97.482,
5746,2017-12-30T05:11:07Z,-32.93138333,148.20513333,4261.076662471813,-3652.227019640569,3746,2,97.491,
5747,2017-12-30T05:11:08Z,-32.93143333,148.20510000,4262.076662471813,-3651.227019640569,3747,2,97.496,
5748,2017-12-30T05:11:09Z,-32.93146667,148.20503333,4263.076662471813,-3650.227019640569,3748,2,97.499,
5749,2017-12-30T05:11:10Z,-32.93145000,148.20496667,4264.076662471813,-3649.227019640569,3749,2,97.496,
5750,2017-12-30T05:11:11Z,-32.93141667,148.20488333,4265.076662471813,-3648.227019640569,3750,2,97.491,
5751,2017-12-30T05:11:12Z,-32.93133333,148.20481667,4266.076662471813,-3647.227019640569,3751,2,97.48,
5752,2017-12-30T05:11:13Z,-32.93120000,148.20478333,4267.076662471813,-3646.227019640569,3752,2,97.465,
5753,2017-12-30T05:11:14Z,-32.93103333,148.20478333,4268.076662471813,-3645.227019640569,3753,2,97.447,
5754,2017-12-30T05:11:15Z,-32.93085000,148.20481667,4269.076662471813,-3644.227019640569,3754,2,97.428,
5755,2017-12-30T05:11:16Z,-32.93066667,148.20488333,4270.076662471813,-3643.227019640569,3755,2,97.409,
5756,2017-12-30T05:11:17Z,-32.93046667,148.20498333,4271.076662471813,-3642.227019640569,3756,2,97.388,
5757,2017-12-30T05:11:18Z,-32.93028333,148.20510000,4272.076662471813,-3641.227019640569,3757,2,97.37,
5758,2017-12-30T05:11:19Z,-32.93008333,148.20523333,4273.076662471813,-3640.227019640569,3758,2,97.351,
5759,2017-12-30T05:11:20Z,-32.92991667,148.20538333,4274.076662471813,-3639.227019640569,3759,2,97.335,
5760,2017-12-30T05:11:21Z,-32.92975000,148.20555000,4275.076662471813,-3638.227019640569,3760,2,97.319,
5761,2017-12-30T05:11:22Z,-32.92960000,148.20571667,4276.076662471813,-3637.227019640569,3761,2,97.306,
5762,2017-12-30T05:11:23Z,-32.92948333,148.20591667,4277.076662471813,-3636.227019640569,3762,2,97.296,
5763,2017-12-30T05:11:24Z,-32.92940000,148.20611667,4278.076662471813,-3635.227019640569,3763,2,97.29,
5764,2017-12-30T05:11:25Z,-32.92933333,148.20635000,4279.076662471813,-3634.227019640569,3764,2,97.287,
5765,2017-12-30T05:11:26Z,-32.92933333,148.20656667,4280.076662471813,-3633.227019640569,3765,2,97.291,
5766,2017-12-30T05:11:27Z,-32.92936667,148.20678333,4281.076662471813,-3632.227019640569,3766,2,97.298,
5767,2017-12-30T05:11:28Z,-32.92941667,148.20698333,4282.076662471813,-3631.227019640569,3767,2,97.307,
5768,2017-12-30T05:11:29Z,-32.92950000,148.20715000,4283.076662471813,-3630.227019640569,3768,2,97.318,
5769,2017-12-30T05:11:30Z,-32.92960000,148.20726667,4284.076662471813,-3629.227019640569,3769,2,97.331,
5770,2017-12-30T05:11:31Z,-32.92968333,148.20735000,4285.076662471813,-3628.227019640569,3770,2,97.342,
5771,2017-12-30T05:11:32Z,-32.92976667,148.20738333,4286.076662471813,-3627.227019640569,3771,2,97.351,
5772,2017-12-30T05:11:33Z,-32.92983333,148.20738333,4287.076662471813,-3626.227019640569,3772,2,97.359,
5773,2017-12-30T05:11:34Z,-32.92990000,148.20735000,4288.076662471813,-3625.227019640569,3773,2,97.365,
5774,2017-12-30T05:11:35Z,-32.92991667,148.20730000,4289.076662471813,-3624.227019640569,3774,2,97.366,
5775,2017-12-30T05:11:36Z,-32.92995000,148.20723333,4290.076662471813,-3623.227019640569,3775,2,97.369,
5776,2017-12-30T05:11:37Z,-32.92991667,148.20716667,4291.076662471813,-3622.227019640569,3776,2,97.364,
5777,2017-12-30T05:11:38Z,-32.92983333,148.20711667,4292.076662471813,-3621.227019640569,3777,2,97.354,
5778,2017-12-30T05:11:39Z,-32.92970000,148.20705000,4293.076662471813,-3620.227019640569,3778,2,97.339,
5779,2017-12-30T05:11:40Z,-32.92953333,148.20703333,4294.076662471813,-3619.227019640569,3779,2,97.32,
5780,2017-12-30T05:11:41Z,-32.92936667,148.20701667,4295.076662471813,-3618.227019640569,3780,2,97.302,
5781,2017-12-30T05:11:42Z,-32.92918333,148.20701667,4296.076662471813,-3617.227019640569,3781,2,97.282,
5782,2017-12-30T05:11:43Z,-32.92901667,148.20701667,4297.076662471813,-3616.227019640569,3782,2,97.263,
5783,2017-12-30T05:11:44Z,-32.92886667,148.20698333,4298.076662471813,-3615.227019640569,3783,2,97.246,
5784,2017-12-30T05:11:45Z,-32.92871667,148.20696667,4299.076662471813,-3614.227019640569,3784,2,97.23,
5785,2017-12-30T05:11:46Z,-32.92853333,148.20695000,4300.076662471813,-3613.227019640569,3785,2,97.209,
5786,2017-12-30T05:11:47Z,-32.92836667,148.20693333,4301.076662471813,-3612.227019640569,3786,2,97.191,
5787,2017-12-30T05:11:48Z,-32.92818333,148.20690000,4302.076662471813,-3611.227019640569,3787,2,97.17,
5788,2017-12-30T05:11:49Z,-32.92800000,148.20690000,4303.076662471813,-3610.227019640569,3788,2,97.15,
5789,2017-12-30T05:11:50Z,-32.92781667,148.20693333,4304.076662471813,-3609.227019640569,3789,2,97.131,
5790,2017-12-30T05:11:51Z,-32.92761667,148.20698333,4305.076662471813,-3608.227019640569,3790,2,97.11,
5791,2017-12-30T05:11:52Z,-32.92741667,148.20703333,4306.076662471813,-3607.227019640569,3791,2,97.088,
5792,2017-12-30T05:11:53Z,-32.92721667,148.20703333,4307.076662471813,-3606.227019640569,3792,2,97.067,
5793,2017-12-30T05:11:54Z,-32.92705000,148.20701667,4308.076662471813,-3605.227019640569,3793,2,97.048,
5794,2017-12-30T05:11:55Z,-32.92686667,148.20700000,4309.076662471813,-3604.227019640569,3794,2,97.028,
5795,2017-12-30T05:11:56Z,-32.92668333,148.20698333,4310.076662471813,-3603.227019640569,3795,2,97.007,
5796,2017-12-30T05:11:57Z,-32.92648333,148.20698333,4311.076662471813,-3602.227019640569,3796,2,96.986,
5797,2017-12-30T05:11:58Z,-32.92630000,148.20696667,4312.076662471813,-3601.227019640569,3797,2,96.965,
5798,2017-12-30T05:11:59Z,-32.92611667,148.20695000,4313.076662471813,-3600.227019640569,3798,2,96.945,
5799,2017-12-30T05:12:00Z,-32.92591667,148.20691667,4314.076662471813,-3599.227019640569,3799,2,96.922,
5800,2017-12-30T05:12:01Z,-32.92573333,148.20686667,4315.076662471813,-3598.227019640569,3800,2,96.902,
5801,2017-12-30T05:12:02Z,-32.92555000,148.20681667,4316.076662471813,-3597.227019640569,3801,2,96.881,
5802,2017-12-30T05:12:03Z,-32.92536667,148.20676667,4317.076662471813,-3596.227019640569,3802,2,96.86,
5803,2017-12-30T05:12:04Z,-32.92518333,148.20675000,4318.076662471813,-3595.227019640569,3803,2,96.839,
5804,2017-12-30T05:12:05Z,-32.92500000,148.20673333,4319.076662471813,-3594.227019640569,3804,2,96.819,
5805,2017-12-30T05:12:06Z,-32.92481667,148.20673333,4320.076662471813,-3593.227019640569,3805,2,96.799,
5806,2017-12-30T05:12:07Z,-32.92465000,148.20675000,4321.076662471813,-3592.227019640569,3806,2,96.781,
5807,2017-12-30T05:12:08Z,-32.92446667,148.20675000,4322.076662471813,-3591.227019640569,3807,2,96.761,
5808,2017-12-30T05:12:09Z,-32.92430000,148.20678333,4323.076662471813,-3590.227019640569,3808,2,96.743,
5809,2017-12-30T05:12:10Z,-32.92411667,148.20680000,4324.076662471813,-3589.227019640569,3809,2,96.724,
5810,2017-12-30T05:12:11Z,-32.92395000,148.20683333,4325.076662471813,-3588.227019640569,3810,2,96.706,
5811,2017-12-30T05:12:12Z,-32.92376667,148.20686667,4326.076662471813,-3587.227019640569,3811,2,96.686,
5812,2017-12-30T05:12:13Z,-32.92360000,148.20688333,4327.076662471813,-3586.227019640569,3812,2,96.668,
5813,2017-12-30T05:12:14Z,-32.92341667,148.20691667,4328.076662471813,-3585.227019640569,3813,2,96.649,
5814,2017-12-30T05:12:15Z,-32.92323333,148.20695000,4329.076662471813,-3584.227019640569,3814,2,96.629,
5815,2017-12-30T05:12:16Z,-32.92305000,148.20695000,4330.076662471813,-3583.227019640569,3815,2,96.609,
5816,2017-12-30T05:12:17Z,-32.92286667,148.20695000,4331.076662471813,-3582.227019640569,3816,2,96.589,
5817,2017-12-30T05:12:18Z,-32.92268333,148.20695000,4332.076662471813,-3581.227019640569,3817,2,96.569,
5818,2017-12-30T05:12:19Z,-32.92251667,148.20693333,4333.076662471813,-3580.227019640569,3818,2,96.551,
5819,2017-12-30T05:12:20Z,-32.92235000,148.20691667,4334.076662471813,-3579.227019640569,3819,2,96.532,
5820,2017-12-30T05:12:21Z,-32.92218333,148.20690000,4335.076662471813,-3578.227019640569,3820,2,96.514,
5821,2017-12-30T05:12:22Z,-32.92200000,148.20688333,4336.076662471813,-3577.227019640569,3821,2,96.493,
5822,2017-12-30T05:12:23Z,-32.92180000,148.20690000,4337.076662471813,-3576.227019640569,3822,2,96.472,
5823,2017-12-30T05:12:24Z,-32.92161667,148.20691667,4338.076662471813,-3575.227019640569,3823,2,96.452,
5824,2017-12-30T05:12:25Z,-32.92141667,148.20693333,4339.076662471813,-3574.227019640569,3824,2,96.43,
5825,2017-12-30T05:12:26Z,-32.92123333,148.20695000,4340.076662471813,-3573.227019640569,3825,2,96.411,
5826,2017-12-30T05:12:27Z,-32.92105000,148.20696667,4341.076662471813,-3572.227019640569,3826,2,96.391,
5827,2017-12-30T05:12:28Z,-32.92086667,148.20698333,4342.076662471813,-3571.227019640569,3827,2,96.371,
5828,2017-12-30T05:12:29Z,-32.92066667,148.20700000,4343.076662471813,-3570.227019640569,3828,2,96.349,
5829,2017-12-30T05:12:30Z,-32.92048333,148.20701667,4344.076662471813,-3569.227019640569,3829,2,96.33,
5830,2017-12-30T05:12:31Z,-32.92030000,148.20703333,4345.076662471813,-3568.227019640569,3830,2,96.31,
5831,2017-12-30T05:12:32Z,-32.92013333,148.20705000,4346.076662471813,-3567.227019640569,3831,2,96.292,
5832,2017-12-30T05:12:33Z,-32.91995000,148.20706667,4347.076662471813,-3566.227019640569,3832,2,96.272,
5833,2017-12-30T05:12:34Z,-32.91978333,148.20710000,4348.076662471813,-3565.227019640569,3833,2,96.254,
5834,2017-12-30T05:12:35Z,-32.91960000,148.20713333,4349.076662471813,-3564.227019640569,3834,2,96.235,
5835,2017-12-30T05:12:36Z,-32.91941667,148.20716667,4350.076662471813,-3563.227019640569,3835,2,96.215,
5836,2017-12-30T05:12:37Z,-32.91923333,148.20721667,4351.076662471813,-3562.227019640569,3836,2,96.196,
5837,2017-12-30T05:12:38Z,-32.91905000,148.20725000,4352.076662471813,-3561.227019640569,3837,2,96.177,
5838,2017-12-30T05:12:39Z,-32.91886667,148.20726667,4353.076662471813,-3560.227019640569,3838,2,96.157,
5839,2017-12-30T05:12:40Z,-32.91868333,148.20726667,4354.076662471813,-3559.227019640569,3839,2,96.137,
5840,2017-12-30T05:12:41Z,-32.91851667,148.20721667,4355.076662471813,-3558.227019640569,3840,2,96.118,
5841,2017-12-30T05:12:42Z,-32.91835000,148.20718333,4356.076662471813,-3557.227019640569,3841,2,96.099,
5842,2017-12-30T05:12:43Z,-32.91820000,148.20713333,4357.076662471813,-3556.227019640569,3842,2,96.082,
5843,2017-12-30T05:12:44Z,-32.91805000,148.20710000,4358.076662471813,-3555.227019640569,3843,2,96.065,
5844,2017-12-30T05:12:45Z,-32.91790000,148.20708333,4359.076662471813,-3554.227019640569,3844,2,96.048,
5845,2017-12-30T05:12:46Z,-32.91773333,148.20708333,4360.076662471813,-3553.227019640569,3845,2,96.03,
5846,2017-12-30T05:12:47Z,-32.91756667,148.20708333,4361.076662471813,-3552.227019640569,3846,2,96.012,
5847,2017-12-30T05:12:48Z,-32.91738333,148.20708333,4362.076662471813,-3551.227019640569,3847,2,95.992,
5848,2017-12-30T05:12:49Z,-32.91718333,148.20711667,4363.076662471813,-3550.227019640569,3848,2,95.97,
5849,2017-12-30T05:12:50Z,-32.91700000,148.20715000,4364.076662471813,-3549.227019640569,3849,2,95.951,
5850,2017-12-30T05:12:51Z,-32.91680000,148.20718333,4365.076662471813,-3548.227019640569,3850,2,95.929,
5851,2017-12-30T05:12:52Z,-32.91663333,148.20721667,4366.076662471813,-3547.227019640569,3851,2,95.912,
5852,2017-12-30T05:12:53Z,-32.91645000,148.20725000,4367.076662471813,-3546.227019640569,3852,2,95.892,
5853,2017-12-30T05:12:54Z,-32.91626667,148.20728333,4368.076662471813,-3545.227019640569,3853,2,95.873,
5854,2017-12-30T05:12:55Z,-32.91608333,148.20731667,4369.076662471813,-3544.227019640569,3854,2,95.853,
5855,2017-12-30T05:12:56Z,-32.91588333,148.20731667,4370.076662471813,-3543.227019640569,3855,2,95.831,
5856,2017-12-30T05:12:57Z,-32.91570000,148.20730000,4371.076662471813,-3542.227019640569,3856,2,95.811,
5857,2017-12-30T05:12:58Z,-32.91553333,148.20726667,4372.076662471813,-3541.227019640569,3857,2,95.792,
5858,2017-12-30T05:12:59Z,-32.91535000,148.20723333,4373.076662471813,-3540.227019640569,3858,2,95.772,
5859,2017-12-30T05:13:00Z,-32.91518333,148.20720000,4374.076662471813,-3539.227019640569,3859,2,95.753,
5860,2017-12-30T05:13:01Z,-32.91501667,148.20720000,4375.076662471813,-3538.227019640569,3860,2,95.735,
5861,2017-12-30T05:13:02Z,-32.91485000,148.20720000,4376.076662471813,-3537.227019640569,3861,2,95.716,
5862,2017-12-30T05:13:03Z,-32.91468333,148.20718333,4377.076662471813,-3536.227019640569,3862,2,95.698,
5863,2017-12-30T05:13:04Z,-32.91451667,148.20716667,4378.076662471813,-3535.227019640569,3863,2,95.679,
5864,2017-12-30T05:13:05Z,-32.91435000,148.20713333,4379.076662471813,-3534.227019640569,3864,2,95.661,
5865,2017-12-30T05:13:06Z,-32.91418333,148.20711667,4380.076662471813,-3533.227019640569,3865,2,95.642,
5866,2017-12-30T05:13:07Z,-32.91401667,148.20708333,4381.076662471813,-3532.227019640569,3866,2,95.623,
5867,2017-12-30T05:13:08Z,-32.91383333,148.20705000,4382.076662471813,-3531.227019640569,3867,2,95.603,
5868,2017-12-30T05:13:09Z,-32.91366667,148.20701667,4383.076662471813,-3530.227019640569,3868,2,95.584,
5869,2017-12-30T05:13:10Z,-32.91348333,148.20700000,4384.076662471813,-3529.227019640569,3869,2,95.564,
5870,2017-12-30T05:13:11Z,-32.91331667,148.20698333,4385.076662471813,-3528.227019640569,3870,2,95.545,
5871,2017-12-30T05:13:12Z,-32.91315000,148.20696667,4386.076662471813,-3527.227019640569,3871,2,95.527,
5872,2017-12-30T05:13:13Z,-32.91296667,148.20695000,4387.076662471813,-3526.227019640569,3872,2,95.506,
5873,2017-12-30T05:13:14Z,-32.91276667,148.20695000,4388.076662471813,-3525.227019640569,3873,2,95.484,
5874,2017-12-30T05:13:15Z,-32.91253333,148.20696667,4389.076662471813,-3524.227019640569,3874,2,95.459,
5875,2017-12-30T05:13:16Z,-32.91230000,148.20698333,4390.076662471813,-3523.227019640569,3875,2,95.434,
5876,2017-12-30T05:13:17Z,-32.91206667,148.20700000,4391.076662471813,-3522.227019640569,3876,2,95.409,
5877,2017-12-30T05:13:18Z,-32.91186667,148.20701667,4392.076662471813,-3521.227019640569,3877,2,95.387,
5878,2017-12-30T05:13:19Z,-32.91166667,148.20701667,4393.076662471813,-3520.227019640569,3878,2,95.365,
5879,2017-12-30T05:13:20Z,-32.91148333,148.20701667,4394.076662471813,-3519.227019640569,3879,2,95.345,
5880,2017-12-30T05:13:21Z,-32.91128333,148.20700000,4395.076662471813,-3518.227019640569,3880,2,95.323,
5881,2017-12-30T05:13:22Z,-32.91108333,148.20698333,4396.076662471813,-3517.227019640569,3881,2,95.301,
5882,2017-12-30T05:13:23Z,-32.91088333,148.20696667,4397.076662471813,-3516.227019640569,3882,2,95.279,
5883,2017-12-30T05:13:24Z,-32.91068333,148.20696667,4398.076662471813,-3515.227019640569,3883,2,95.257,
5884,2017-12-30T05:13:25Z,-32.91046667,148.20698333,4399.076662471813,-3514.227019640569,3884,2,95.233,
5885,2017-12-30T05:13:26Z,-32.91026667,148.20701667,4400.076662471813,-3513.227019640569,3885,2,95.212,
5886,2017-12-30T05:13:27Z,-32.91005000,148.20703333,4401.076662471813,-3512.227019640569,3886,2,95.189,
5887,2017-12-30T05:13:28Z,-32.90985000,148.20705000,4402.076662471813,-3511.227019640569,3887,2,95.167,
5888,2017-12-30T05:13:29Z,-32.90965000,148.20705000,4403.076662471813,-3510.227019640569,3888,2,95.145,
5889,2017-12-30T05:13:30Z,-32.90946667,148.20703333,4404.076662471813,-3509.227019640569,3889,2,95.125,
5890,2017-12-30T05:13:31Z,-32.90926667,148.20703333,4405.076662471813,-3508.227019640569,3890,2,95.103,
5891,2017-12-30T05:13:32Z,-32.90906667,148.20701667,4406.076662471813,-3507.227019640569,3891,2,95.081,
5892,2017-12-30T05:13:33Z,-32.90888333,148.20703333,4407.076662471813,-3506.227019640569,3892,2,95.061,
5893,2017-12-30T05:13:34Z,-32.90868333,148.20703333,4408.076662471813,-3505.227019640569,3893,2,95.039,
5894,2017-12-30T05:13:35Z,-32.90848333,148.20705000,4409.076662471813,-3504.227019640569,3894,2,95.018,
5895,2017-12-30T05:13:36Z,-32.90828333,148.20705000,4410.076662471813,-3503.227019640569,3895,2,94.996,
5896,2017-12-30T05:13:37Z,-32.90808333,148.20705000,4411.076662471813,-3502.227019640569,3896,2,94.974,
5897,2017-12-30T05:13:38Z,-32.90788333,148.20703333,4412.076662471813,-3501.227019640569,3897,2,94.952,
5898,2017-12-30T05:13:39Z,-32.90768333,148.20703333,4413.076662471813,-3500.227019640569,3898,2,94.93,
5899,2017-12-30T05:13:40Z,-32.90746667,148.20703333,4414.076662471813,-3499.227019640569,3899,2,94.906,
5900,2017-12-30T05:13:41Z,-32.90726667,148.20703333,4415.076662471813,-3498.227019640569,3900,2,94.884,
5901,2017-12-30T05:13:42Z,-32.90705000,148.20705000,4416.076662471813,-3497.227019640569,3901,2,94.861,
5902,2017-12-30T05:13:43Z,-32.90685000,148.20705000,4417.076662471813,-3496.227019640569,3902,2,94.839,
5903,2017-12-30T05:13:44Z,-32.90665000,148.20705000,4418.076662471813,-3495.227019640569,3903,2,94.817,
5904,2017-12-30T05:13:45Z,-32.90645000,148.20705000,4419.076662471813,-3494.227019640569,3904,2,94.795,
5905,2017-12-30T05:13:46Z,-32.90623333,148.20703333,4420.076662471813,-3493.227019640569,3905,2,94.771,
5906,2017-12-30T05:13:47Z,-32.90605000,148.20703333,4421.076662471813,-3492.227019640569,3906,2,94.751,
5907,2017-12-30T05:13:48Z,-32.90583333,148.20703333,4422.076662471813,-3491.227019640569,3907,2,94.728,
5908,2017-12-30T05:13:49Z,-32.90563333,148.20705000,4423.076662471813,-3490.227019640569,3908,2,94.706,
5909,2017-12-30T05:13:50Z,-32.90543333,148.20708333,4424.076662471813,-3489.227019640569,3909,2,94.685,
5910,2017-12-30T05:13:51Z,-32.90521667,148.20710000,4425.076662471813,-3488.227019640569,3910,2,94.661,
5911,2017-12-30T05:13:52Z,-32.90500000,148.20711667,4426.076662471813,-3487.227019640569,3911,2,94.638,
5912,2017-12-30T05:13:53Z,-32.90478333,148.20715000,4427.076662471813,-3486.227019640569,3912,2,94.615,
5913,2017-12-30T05:13:54Z,-32.90458333,148.20716667,4428.076662471813,-3485.227019640569,3913,2,94.593,
5914,2017-12-30T05:13:55Z,-32.90440000,148.20718333,4429.076662471813,-3484.227019640569,3914,2,94.573,
5915,2017-12-30T05:13:56Z,-32.90423333,148.20716667,4430.076662471813,-3483.227019640569,3915,2,94.555,
5916,2017-12-30T05:13:57Z,-32.90405000,148.20713333,4431.076662471813,-3482.227019640569,3916,2,94.534,
5917,2017-12-30T05:13:58Z,-32.90388333,148.20710000,4432.076662471813,-3481.227019640569,3917,2,94.516,
5918,2017-12-30T05:13:59Z,-32.90370000,148.20706667,4433.076662471813,-3480.227019640569,3918,2,94.495,
5919,2017-12-30T05:14:00Z,-32.90350000,148.20705000,4434.076662471813,-3479.227019640569,3919,2,94.473,
5920,2017-12-30T05:14:01Z,-32.90330000,148.20701667,4435.076662471813,-3478.227019640569,3920,2,94.45,
5921,2017-12-30T05:14:02Z,-32.90311667,148.20701667,4436.076662471813,-3477.227019640569,3921,2,94.43,
5922,2017-12-30T05:14:03Z,-32.90291667,148.20700000,4437.076662471813,-3476.227019640569,3922,2,94.408,
5923,2017-12-30T05:14:04Z,-32.90273333,148.20700000,4438.076662471813,-3475.227019640569,3923,2,94.388,
5924,2017-12-30T05:14:05Z,-32.90255000,148.20701667,4439.076662471813,-3474.227019640569,3924,2,94.368,
5925,2017-12-30T05:14:06Z,-32.90236667,148.20701667,4440.076662471813,-3473.227019640569,3925,2,94.348,
5926,2017-12-30T05:14:07Z,-32.90218333,148.20703333,4441.076662471813,-3472.227019640569,3926,2,94.329,
5927,2017-12-30T05:14:08Z,-32.90200000,148.20705000,4442.076662471813,-3471.227019640569,3927,2,94.309,
5928,2017-12-30T05:14:09Z,-32.90181667,148.20706667,4443.076662471813,-3470.227019640569,3928,2,94.289,
5929,2017-12-30T05:14:10Z,-32.90163333,148.20708333,4444.076662471813,-3469.227019640569,3929,2,94.269,
5930,2017-12-30T05:14:11Z,-32.90143333,148.20708333,4445.076662471813,-3468.227019640569,3930,2,94.247,
5931,2017-12-30T05:14:12Z,-32.90123333,148.20710000,4446.076662471813,-3467.227019640569,3931,2,94.226,
5932,2017-12-30T05:14:13Z,-32.90101667,148.20708333,4447.076662471813,-3466.227019640569,3932,2,94.202,
5933,2017-12-30T05:14:14Z,-32.90081667,148.20708333,4448.076662471813,-3465.227019640569,3933,2,94.18,
5934,2017-12-30T05:14:15Z,-32.90061667,148.20708333,4449.076662471813,-3464.227019640569,3934,2,94.158,
5935,2017-12-30T05:14:16Z,-32.90041667,148.20706667,4450.076662471813,-3463.227019640569,3935,2,94.136,
5936,2017-12-30T05:14:17Z,-32.90023333,148.20706667,4451.076662471813,-3462.227019640569,3936,2,94.116,
5937,2017-12-30T05:14:18Z,-32.90005000,148.20705000,4452.076662471813,-3461.227019640569,3937,2,94.096,
5938,2017-12-30T05:14:19Z,-32.89988333,148.20705000,4453.076662471813,-3460.227019640569,3938,2,94.077,
5939,2017-12-30T05:14:20Z,-32.89970000,148.20705000,4454.076662471813,-3459.227019640569,3939,2,94.057,
5940,2017-12-30T05:14:21Z,-32.89953333,148.20705000,4455.076662471813,-3458.227019640569,3940,2,94.039,
5941,2017-12-30T05:14:22Z,-32.89936667,148.20706667,4456.076662471813,-3457.227019640569,3941,2,94.021,
5942,2017-12-30T05:14:23Z,-32.89918333,148.20706667,4457.076662471813,-3456.227019640569,3942,2,94.001,
5943,2017-12-30T05:14:24Z,-32.89900000,148.20708333,4458.076662471813,-3455.227019640569,3943,2,93.981,
5944,2017-12-30T05:14:25Z,-32.89883333,148.20708333,4459.076662471813,-3454.227019640569,3944,2,93.963,
5945,2017-12-30T05:14:26Z,-32.89865000,148.20708333,4460.076662471813,-3453.227019640569,3945,2,93.943,
5946,2017-12-30T05:14:27Z,-32.89848333,148.20706667,4461.076662471813,-3452.227019640569,3946,2,93.925,
5947,2017-12-30T05:14:28Z,-32.89831667,148.20705000,4462.076662471813,-3451.227019640569,3947,2,93.906,
5948,2017-12-30T05:14:29Z,-32.89815000,148.20705000,4463.076662471813,-3450.227019640569,3948,2,93.888,
5949,2017-12-30T05:14:30Z,-32.89800000,148.20703333,4464.076662471813,-3449.227019640569,3949,2,93.871,
5950,2017-12-30T05:14:31Z,-32.89785000,148.20700000,4465.076662471813,-3448.227019640569,3950,2,93.854,
5951,2017-12-30T05:14:32Z,-32.89768333,148.20698333,4466.076662471813,-3447.227019640569,3951,2,93.836,
5952,2017-12-30T05:14:33Z,-32.89753333,148.20695000,4467.076662471813,-3446.227019640569,3952,2,93.819,
5953,2017-12-30T05:14:34Z,-32.89738333,148.20690000,4468.076662471813,-3445.227019640569,3953,2,93.802,
5954,2017-12-30T05:14:35Z,-32.89721667,148.20686667,4469.076662471813,-3444.227019640569,3954,2,93.783,
5955,2017-12-30T05:14:36Z,-32.89706667,148.20681667,4470.076662471813,-3443.227019640569,3955,2,93.765,
5956,2017-12-30T05:14:37Z,-32.89691667,148.20676667,4471.076662471813,-3442.227019640569,3956,2,93.748,
5957,2017-12-30T05:14:38Z,-32.89678333,148.20673333,4472.076662471813,-3441.227019640569,3957,2,93.733,
5958,2017-12-30T05:14:39Z,-32.89663333,148.20668333,4473.076662471813,-3440.227019640569,3958,2,93.716,
5959,2017-12-30T05:14:40Z,-32.89648333,148.20663333,4474.076662471813,-3439.227019640569,3959,2,93.699,
5960,2017-12-30T05:14:41Z,-32.89635000,148.20658333,4475.076662471813,-3438.227019640569,3960,2,93.683,
5961,2017-12-30T05:14:42Z,-32.89620000,148.20653333,4476.076662471813,-3437.227019640569,3961,2,93.666,
5962,2017-12-30T05:14:43Z,-32.89605000,148.20648333,4477.076662471813,-3436.227019640569,3962,2,93.649,
5963,2017-12-30T05:14:44Z,-32.89591667,148.20645000,4478.076662471813,-3435.227019640569,3963,2,93.633,
5964,2017-12-30T05:14:45Z,-32.89576667,148.20640000,4479.076662471813,-3434.227019640569,3964,2,93.616,
5965,2017-12-30T05:14:46Z,-32.89561667,148.20636667,4480.076662471813,-3433.227019640569,3965,2,93.599,
5966,2017-12-30T05:14:47Z,-32.89546667,148.20631667,4481.076662471813,-3432.227019640569,3966,2,93.582,
5967,2017-12-30T05:14:48Z,-32.89531667,148.20630000,4482.076662471813,-3431.227019640569,3967,2,93.565,
5968,2017-12-30T05:14:49Z,-32.89516667,148.20626667,4483.076662471813,-3430.227019640569,3968,2,93.548,
5969,2017-12-30T05:14:50Z,-32.89500000,148.20625000,4484.076662471813,-3429.227019640569,3969,2,93.53,
5970,2017-12-30T05:14:51Z,-32.89483333,148.20621667,4485.076662471813,-3428.227019640569,3970,2,93.511,
5971,2017-12-30T05:14:52Z,-32.89468333,148.20620000,4486.076662471813,-3427.227019640569,3971,2,93.494,
5972,2017-12-30T05:14:53Z,-32.89451667,148.20616667,4487.076662471813,-3426.227019640569,3972,2,93.476,
5973,2017-12-30T05:14:54Z,-32.89436667,148.20615000,4488.076662471813,-3425.227019640569,3973,2,93.459,
5974,2017-12-30T05:14:55Z,-32.89420000,148.20613333,4489.076662471813,-3424.227019640569,3974,2,93.44,
5975,2017-12-30T05:14:56Z,-32.89405000,148.20610000,4490.076662471813,-3423.227019640569,3975,2,93.423,
5976,2017-12-30T05:14:57Z,-32.89388333,148.20608333,4491.076662471813,-3422.227019640569,3976,2,93.405,
5977,2017-12-30T05:14:58Z,-32.89373333,148.20605000,4492.076662471813,-3421.227019640569,3977,2,93.388,
5978,2017-12-30T05:14:59Z,-32.89356667,148.20603333,4493.076662471813,-3420.227019640569,3978,2,93.369,
5979,2017-12-30T05:15:00Z,-32.89340000,148.20601667,4494.076662471813,-3419.227019640569,3979,2,93.351,
5980,2017-12-30T05:15:01Z,-32.89325000,148.20600000,4495.076662471813,-3418.227019640569,3980,2,93.334,
5981,2017-12-30T05:15:02Z,-32.89308333,148.20598333,4496.076662471813,-3417.227019640569,3981,2,93.316,
5982,2017-12-30T05:15:03Z,-32.89293333,148.20596667,4497.076662471813,-3416.227019640569,3982,2,93.299,
5983,2017-12-30T05:15:04Z,-32.89276667,148.20595000,4498.076662471813,-3415.227019640569,3983,2,93.281,
5984,2017-12-30T05:15:05Z,-32.89261667,148.20591667,4499.076662471813,-3414.227019640569,3984,2,93.264,
5985,2017-12-30T05:15:06Z,-32.89245000,148.20590000,4500.076662471813,-3413.227019640569,3985,2,93.245,
5986,2017-12-30T05:15:07Z,-32.89228333,148.20588333,4501.076662471813,-3412.227019640569,3986,2,93.227,
5987,2017-12-30T05:15:08Z,-32.89211667,148.20586667,4502.076662471813,-3411.227019640569,3987,2,93.208,
5988,2017-12-30T05:15:09Z,-32.89196667,148.20586667,4503.076662471813,-3410.227019640569,3988,2,93.192,
5989,2017-12-30T05:15:10Z,-32.89180000,148.20585000,4504.076662471813,-3409.227019640569,3989,2,93.173,
5990,2017-12-30T05:15:11Z,-32.89165000,148.20583333,4505.076662471813,-3408.227019640569,3990,2,93.157,
5991,2017-12-30T05:15:12Z,-32.89148333,148.20580000,4506.076662471813,-3407.227019640569,3991,2,93.138,
5992,2017-12-30T05:15:13Z,-32.89131667,148.20578333,4507.076662471813,-3406.227019640569,3992,2,93.119,
5993,2017-12-30T05:15:14Z,-32.89115000,148.20578333,4508.076662471813,-3405.227019640569,3993,2,93.101,
5994,2017-12-30T05:15:15Z,-32.89098333,148.20578333,4509.076662471813,-3404.227019640569,3994,2,93.083,
5995,2017-12-30T05:15:16Z,-32.89081667,148.20578333,4510.076662471813,-3403.227019640569,3995,2,93.065,
5996,2017-12-30T05:15:17Z,-32.89066667,148.20580000,4511.076662471813,-3402.227019640569,3996,2,93.049,
5997,2017-12-30T05:15:18Z,-32.89050000,148.20583333,4512.076662471813,-3401.227019640569,3997,2,93.031,
5998,2017-12-30T05:15:19Z,-32.89033333,148.20585000,4513.076662471813,-3400.227019640569,3998,2,93.013,
5999,2017-12-30T05:15:20Z,-32.89016667,148.20588333,4514.076662471813,-3399.227019640569,3999,2,92.995,
6000,2017-12-30T05:15:21Z,-32.89000000,148.20591667,4515.076662471813,-3398.227019640569,4000,2,92.978,
6001,2017-12-30T05:15:22Z,-32.88981667,148.20595000,4516.076662471813,-3397.227019640569,4001,2,92.958,
6002,2017-12-30T05:15:23Z,-32.88965000,148.20598333,4517.076662471813,-3396.227019640569,4002,2,92.941,
6003,2017-12-30T05:15:24Z,-32.88946667,148.20601667,4518.076662471813,-3395.227019640569,4003,2,92.921,
6004,2017-12-30T05:15:25Z,-32.88930000,148.20606667,4519.076662471813,-3394.227019640569,4004,2,92.904,
6005,2017-12-30T05:15:26Z,-32.88911667,148.20610000,4520.076662471813,-3393.227019640569,4005,2,92.884,
6006,2017-12-30T05:15:27Z,-32.88895000,148.20613333,4521.076662471813,-3392.227019640569,4006,2,92.867,
6007,2017-12-30T05:15:28Z,-32.88876667,148.20618333,4522.076662471813,-3391.227019640569,4007,2,92.847,
6008,2017-12-30T05:15:29Z,-32.88858333,148.20621667,4523.076662471813,-3390.227019640569,4008,2,92.828,
6009,2017-12-30T05:15:30Z,-32.88841667,148.20625000,4524.076662471813,-3389.227019640569,4009,2,92.81,
6010,2017-12-30T05:15:31Z,-32.88823333,148.20628333,4525.076662471813,-3388.227019640569,4010,2,92.791,
6011,2017-12-30T05:15:32Z,-32.88805000,148.20631667,4526.076662471813,-3387.227019640569,4011,2,92.771,
6012,2017-12-30T05:15:33Z,-32.88786667,148.20633333,4527.076662471813,-3386.227019640569,4012,2,92.752,
6013,2017-12-30T05:15:34Z,-32.88770000,148.20635000,4528.076662471813,-3385.227019640569,4013,2,92.734,
6014,2017-12-30T05:15:35Z,-32.88751667,148.20636667,4529.076662471813,-3384.227019640569,4014,2,92.714,
6015,2017-12-30T05:15:36Z,-32.88733333,148.20638333,4530.076662471813,-3383.227019640569,4015,2,92.694,
6016,2017-12-30T05:15:37Z,-32.88716667,148.20640000,4531.076662471813,-3382.227019640569,4016,2,92.676,
6017,2017-12-30T05:15:38Z,-32.88701667,148.20641667,4532.076662471813,-3381.227019640569,4017,2,92.66,
6018,2017-12-30T05:15:39Z,-32.88685000,148.20641667,4533.076662471813,-3380.227019640569,4018,2,92.642,
6019,2017-12-30T05:15:40Z,-32.88670000,148.20641667,4534.076662471813,-3379.227019640569,4019,2,92.626,
6020,2017-12-30T05:15:41Z,-32.88653333,148.20640000,4535.076662471813,-3378.227019640569,4020,2,92.607,
6021,2017-12-30T05:15:42Z,-32.88638333,148.20636667,4536.076662471813,-3377.227019640569,4021,2,92.59,
6022,2017-12-30T05:15:43Z,-32.88623333,148.20633333,4537.076662471813,-3376.227019640569,4022,2,92.573,
6023,2017-12-30T05:15:44Z,-32.88606667,148.20631667,4538.076662471813,-3375.227019640569,4023,2,92.555,
6024,2017-12-30T05:15:45Z,-32.88591667,148.20628333,4539.076662471813,-3374.227019640569,4024,2,92.538,
6025,2017-12-30T05:15:46Z,-32.88576667,148.20625000,4540.076662471813,-3373.227019640569,4025,2,92.521,
6026,2017-12-30T05:15:47Z,-32.88561667,148.20621667,4541.076662471813,-3372.227019640569,4026,2,92.504,
6027,2017-12-30T05:15:48Z,-32.88545000,148.20618333,4542.076662471813,-3371.227019640569,4027,2,92.485,
6028,2017-12-30T05:15:49Z,-32.88530000,148.20616667,4543.076662471813,-3370.227019640569,4028,2,92.468,
6029,2017-12-30T05:15:50Z,-32.88513333,148.20615000,4544.076662471813,-3369.227019640569,4029,2,92.45,
6030,2017-12-30T05:15:51Z,-32.88496667,148.20615000,4545.076662471813,-3368.227019640569,4030,2,92.432,
6031,2017-12-30T05:15:52Z,-32.88481667,148.20615000,4546.076662471813,-3367.227019640569,4031,2,92.415,
6032,2017-12-30T05:15:53Z,-32.88465000,148.20615000,4547.076662471813,-3366.227019640569,4032,2,92.397,
6033,2017-12-30T05:15:54Z,-32.88450000,148.20613333,4548.076662471813,-3365.227019640569,4033,2,92.38,
6034,2017-12-30T05:15:55Z,-32.88435000,148.20615000,4549.076662471813,-3364.227019640569,4034,2,92.364,
6035,2017-12-30T05:15:56Z,-32.88418333,148.20615000,4550.076662471813,-3363.227019640569,4035,2,92.346,
6036,2017-12-30T05:15:57Z,-32.88401667,148.20615000,4551.076662471813,-3362.227019640569,4036,2,92.328,
6037,2017-12-30T05:15:58Z,-32.88386667,148.20615000,4552.076662471813,-3361.227019640569,4037,2,92.311,
6038,2017-12-30T05:15:59Z,-32.88371667,148.20615000,4553.076662471813,-3360.227019640569,4038,2,92.295,
6039,2017-12-30T05:16:00Z,-32.88356667,148.20615000,4554.076662471813,-3359.227019640569,4039,2,92.279,
6040,2017-12-30T05:16:01Z,-32.88341667,148.20613333,4555.076662471813,-3358.227019640569,4040,2,92.262,
6041,2017-12-30T05:16:02Z,-32.88325000,148.20611667,4556.076662471813,-3357.227019640569,4041,2,92.243,
6042,2017-12-30T05:16:03Z,-32.88308333,148.20610000,4557.076662471813,-3356.227019640569,4042,2,92.225,
6043,2017-12-30T05:16:04Z,-32.88293333,148.20610000,4558.076662471813,-3355.227019640569,4043,2,92.209,
6044,2017-12-30T05:16:05Z,-32.88275000,148.20610000,4559.076662471813,-3354.227019640569,4044,2,92.189,
6045,2017-12-30T05:16:06Z,-32.88256667,148.20611667,4560.076662471813,-3353.227019640569,4045,2,92.169,
6046,2017-12-30T05:16:07Z,-32.88238333,148.20613333,4561.076662471813,-3352.227019640569,4046,2,92.149,
6047,2017-12-30T05:16:08Z,-32.88220000,148.20613333,4562.076662471813,-3351.227019640569,4047,2,92.129,
6048,2017-12-30T05:16:09Z,-32.88201667,148.20613333,4563.076662471813,-3350.227019640569,4048,2,92.109,
6049,2017-12-30T05:16:10Z,-32.88185000,148.20611667,4564.076662471813,-3349.227019640569,4049,2,92.091,
6050,2017-12-30T05:16:11Z,-32.88168333,148.20608333,4565.076662471813,-3348.227019640569,4050,2,92.072,
6051,2017-12-30T05:16:12Z,-32.88151667,148.20603333,4566.076662471813,-3347.227019640569,4051,2,92.053,
6052,2017-12-30T05:16:13Z,-32.88136667,148.20596667,4567.076662471813,-3346.227019640569,4052,2,92.035,
6053,2017-12-30T05:16:14Z,-32.88123333,148.20590000,4568.076662471813,-3345.227019640569,4053,2,92.019,
6054,2017-12-30T05:16:15Z,-32.88106667,148.20583333,4569.076662471813,-3344.227019640569,4054,2,92.0,
6055,2017-12-30T05:16:16Z,-32.88091667,148.20575000,4570.076662471813,-3343.227019640569,4055,2,91.982,
6056,2017-12-30T05:16:17Z,-32.88075000,148.20568333,4571.076662471813,-3342.227019640569,4056,2,91.963,
6057,2017-12-30T05:16:18Z,-32.88060000,148.20563333,4572.076662471813,-3341.227019640569,4057,2,91.946,
6058,2017-12-30T05:16:19Z,-32.88045000,148.20558333,4573.076662471813,-3340.227019640569,4058,2,91.928,
6059,2017-12-30T05:16:20Z,-32.88028333,148.20555000,4574.076662471813,-3339.227019640569,4059,2,91.91,
6060,2017-12-30T05:16:21Z,-32.88013333,148.20551667,4575.076662471813,-3338.227019640569,4060,2,91.893,
6061,2017-12-30T05:16:22Z,-32.87996667,148.20548333,4576.076662471813,-3337.227019640569,4061,2,91.874,
6062,2017-12-30T05:16:23Z,-32.87978333,148.20545000,4577.076662471813,-3336.227019640569,4062,2,91.853,
6063,2017-12-30T05:16:24Z,-32.87961667,148.20543333,4578.076662471813,-3335.227019640569,4063,2,91.835,
6064,2017-12-30T05:16:25Z,-32.87943333,148.20541667,4579.076662471813,-3334.227019640569,4064,2,91.814,
6065,2017-12-30T05:16:26Z,-32.87926667,148.20538333,4580.076662471813,-3333.227019640569,4065,2,91.796,
6066,2017-12-30T05:16:27Z,-32.87908333,148.20536667,4581.076662471813,-3332.227019640569,4066,2,91.775,
6067,2017-12-30T05:16:28Z,-32.87891667,148.20533333,4582.076662471813,-3331.227019640569,4067,2,91.756,
6068,2017-12-30T05:16:29Z,-32.87876667,148.20528333,4583.076662471813,-3330.227019640569,4068,2,91.739,
6069,2017-12-30T05:16:30Z,-32.87860000,148.20525000,4584.076662471813,-3329.227019640569,4069,2,91.72,
6070,2017-12-30T05:16:31Z,-32.87843333,148.20521667,4585.076662471813,-3328.227019640569,4070,2,91.702,
6071,2017-12-30T05:16:32Z,-32.87825000,148.20518333,4586.076662471813,-3327.227019640569,4071,2,91.681,
6072,2017-12-30T05:16:33Z,-32.87808333,148.20516667,4587.076662471813,-3326.227019640569,4072,2,91.663,
6073,2017-12-30T05:16:34Z,-32.87790000,148.20515000,4588.076662471813,-3325.227019640569,4073,2,91.642,
6074,2017-12-30T05:16:35Z,-32.87773333,148.20513333,4589.076662471813,-3324.227019640569,4074,2,91.624,
6075,2017-12-30T05:16:36Z,-32.87756667,148.20510000,4590.076662471813,-3323.227019640569,4075,2,91.605,
6076,2017-12-30T05:16:37Z,-32.87738333,148.20510000,4591.076662471813,-3322.227019640569,4076,2,91.585,
6077,2017-12-30T05:16:38Z,-32.87721667,148.20508333,4592.076662471813,-3321.227019640569,4077,2,91.566,
6078,2017-12-30T05:16:39Z,-32.87703333,148.20510000,4593.076662471813,-3320.227019640569,4078,2,91.547,
6079,2017-12-30T05:16:40Z,-32.87685000,148.20511667,4594.076662471813,-3319.227019640569,4079,2,91.527,
6080,2017-12-30T05:16:41Z,-32.87668333,148.20513333,4595.076662471813,-3318.227019640569,4080,2,91.509,
6081,2017-12-30T05:16:42Z,-32.87650000,148.20515000,4596.076662471813,-3317.227019640569,4081,2,91.489,
6082,2017-12-30T05:16:43Z,-32.87635000,148.20515000,4597.076662471813,-3316.227019640569,4082,2,91.473,
6083,2017-12-30T05:16:44Z,-32.87618333,148.20513333,4598.076662471813,-3315.227019640569,4083,2,91.454,
6084,2017-12-30T05:16:45Z,-32.87603333,148.20511667,4599.076662471813,-3314.227019640569,4084,2,91.438,
6085,2017-12-30T05:16:46Z,-32.87588333,148.20508333,4600.076662471813,-3313.227019640569,4085,2,91.421,
6086,2017-12-30T05:16:47Z,-32.87571667,148.20503333,4601.076662471813,-3312.227019640569,4086,2,91.402,
6087,2017-12-30T05:16:48Z,-32.87556667,148.20498333,4602.076662471813,-3311.227019640569,4087,2,91.384,
6088,2017-12-30T05:16:49Z,-32.87540000,148.20495000,4603.076662471813,-3310.227019640569,4088,2,91.366,
6089,2017-12-30T05:16:50Z,-32.87523333,148.20490000,4604.076662471813,-3309.227019640569,4089,2,91.347,
6090,2017-12-30T05:16:51Z,-32.87505000,148.20486667,4605.076662471813,-3308.227019640569,4090,2,91.326,
6091,2017-12-30T05:16:52Z,-32.87488333,148.20485000,4606.076662471813,-3307.227019640569,4091,2,91.307,
6092,2017-12-30T05:16:53Z,-32.87471667,148.20483333,4607.076662471813,-3306.227019640569,4092,2,91.289,
6093,2017-12-30T05:16:54Z,-32.87453333,148.20483333,4608.076662471813,-3305.227019640569,4093,2,91.269,
6094,2017-12-30T05:16:55Z,-32.87436667,148.20481667,4609.076662471813,-3304.227019640569,4094,2,91.25,
6095,2017-12-30T05:16:56Z,-32.87420000,148.20480000,4610.076662471813,-3303.227019640569,4095,2,91.232,
6096,2017-12-30T05:16:57Z,-32.87403333,148.20476667,4611.076662471813,-3302.227019640569,4096,2,91.213,
6097,2017-12-30T05:16:58Z,-32.87386667,148.20473333,4612.076662471813,-3301.227019640569,4097,2,91.194,
6098,2017-12-30T05:16:59Z,-32.87371667,148.20471667,4613.076662471813,-3300.227019640569,4098,2,91.178,
6099,2017-12-30T05:17:00Z,-32.87355000,148.20468333,4614.076662471813,-3299.227019640569,4099,2,91.159,
6100,2017-12-30T05:17:01Z,-32.87338333,148.20466667,4615.076662471813,-3298.227019640569,4100,2,91.14,
6101,2017-12-30T05:17:02Z,-32.87321667,148.20465000,4616.076662471813,-3297.227019640569,4101,2,91.122,
6102,2017-12-30T05:17:03Z,-32.87305000,148.20463333,4617.076662471813,-3296.227019640569,4102,2,91.103,
6103,2017-12-30T05:17:04Z,-32.87290000,148.20463333,4618.076662471813,-3295.227019640569,4103,2,91.087,
6104,2017-12-30T05:17:05Z,-32.87271667,148.20463333,4619.076662471813,-3294.227019640569,4104,2,91.067,
6105,2017-12-30T05:17:06Z,-32.87255000,148.20463333,4620.076662471813,-3293.227019640569,4105,2,91.049,
6106,2017-12-30T05:17:07Z,-32.87236667,148.20463333,4621.076662471813,-3292.227019640569,4106,2,91.029,
6107,2017-12-30T05:17:08Z,-32.87220000,148.20465000,4622.076662471813,-3291.227019640569,4107,2,91.011,
6108,2017-12-30T05:17:09Z,-32.87201667,148.20465000,4623.076662471813,-3290.227019640569,4108,2,90.991,
6109,2017-12-30T05:17:10Z,-32.87185000,148.20465000,4624.076662471813,-3289.227019640569,4109,2,90.973,
6110,2017-12-30T05:17:11Z,-32.87166667,148.20466667,4625.076662471813,-3288.227019640569,4110,2,90.953,
6111,2017-12-30T05:17:12Z,-32.87150000,148.20468333,4626.076662471813,-3287.227019640569,4111,2,90.935,
6112,2017-12-30T05:17:13Z,-32.87133333,148.20471667,4627.076662471813,-3286.227019640569,4112,2,90.917,
6113,2017-12-30T05:17:14Z,-32.87116667,148.20473333,4628.076662471813,-3285.227019640569,4113,2,90.899,
6114,2017-12-30T05:17:15Z,-32.87100000,148.20475000,4629.076662471813,-3284.227019640569,4114,2,90.881,
6115,2017-12-30T05:17:16Z,-32.87081667,148.20476667,4630.076662471813,-3283.227019640569,4115,2,90.862,
6116,2017-12-30T05:17:17Z,-32.87065000,148.20476667,4631.076662471813,-3282.227019640569,4116,2,90.844,
6117,2017-12-30T05:17:18Z,-32.87048333,148.20478333,4632.076662471813,-3281.227019640569,4117,2,90.826,
6118,2017-12-30T05:17:19Z,-32.87030000,148.20480000,4633.076662471813,-3280.227019640569,4118,2,90.806,
6119,2017-12-30T05:17:20Z,-32.87013333,148.20483333,4634.076662471813,-3279.227019640569,4119,2,90.788,
6120,2017-12-30T05:17:21Z,-32.86996667,148.20485000,4635.076662471813,-3278.227019640569,4120,2,90.77,
6121,2017-12-30T05:17:22Z,-32.86980000,148.20488333,4636.076662471813,-3277.227019640569,4121,2,90.753,
6122,2017-12-30T05:17:23Z,-32.86963333,148.20491667,4637.076662471813,-3276.227019640569,4122,2,90.735,
6123,2017-12-30T05:17:24Z,-32.86946667,148.20493333,4638.076662471813,-3275.227019640569,4123,2,90.717,
6124,2017-12-30T05:17:25Z,-32.86931667,148.20495000,4639.076662471813,-3274.227019640569,4124,2,90.701,
6125,2017-12-30T05:17:26Z,-32.86915000,148.20496667,4640.076662471813,-3273.227019640569,4125,2,90.683,
6126,2017-12-30T05:17:27Z,-32.86898333,148.20496667,4641.076662471813,-3272.227019640569,4126,2,90.665,
6127,2017-12-30T05:17:28Z,-32.86883333,148.20496667,4642.076662471813,-3271.227019640569,4127,2,90.649,
6128,2017-12-30T05:17:29Z,-32.86868333,148.20496667,4643.076662471813,-3270.227019640569,4128,2,90.632,
6129,2017-12-30T05:17:30Z,-32.86851667,148.20496667,4644.076662471813,-3269.227019640569,4129,2,90.614,
6130,2017-12-30T05:17:31Z,-32.86836667,148.20495000,4645.076662471813,-3268.227019640569,4130,2,90.597,
6131,2017-12-30T05:17:32Z,-32.86821667,148.20493333,4646.076662471813,-3267.227019640569,4131,2,90.581,
6132,2017-12-30T05:17:33Z,-32.86805000,148.20491667,4647.076662471813,-3266.227019640569,4132,2,90.562,
6133,2017-12-30T05:17:34Z,-32.86788333,148.20488333,4648.076662471813,-3265.227019640569,4133,2,90.543,
6134,2017-12-30T05:17:35Z,-32.86771667,148.20486667,4649.076662471813,-3264.227019640569,4134,2,90.525,
6135,2017-12-30T05:17:36Z,-32.86756667,148.20485000,4650.076662471813,-3263.227019640569,4135,2,90.508,
6136,2017-12-30T05:17:37Z,-32.86741667,148.20483333,4651.076662471813,-3262.227019640569,4136,2,90.492,
6137,2017-12-30T05:17:38Z,-32.86726667,148.20483333,4652.076662471813,-3261.227019640569,4137,2,90.475,
6138,2017-12-30T05:17:39Z,-32.86711667,148.20483333,4653.076662471813,-3260.227019640569,4138,2,90.459,
6139,2017-12-30T05:17:40Z,-32.86695000,148.20483333,4654.076662471813,-3259.227019640569,4139,2,90.441,
6140,2017-12-30T05:17:41Z,-32.86678333,148.20483333,4655.076662471813,-3258.227019640569,4140,2,90.422,
6141,2017-12-30T05:17:42Z,-32.86661667,148.20480000,4656.076662471813,-3257.227019640569,4141,2,90.404,
6142,2017-12-30T05:17:43Z,-32.86645000,148.20478333,4657.076662471813,-3256.227019640569,4142,2,90.385,
6143,2017-12-30T05:17:44Z,-32.86628333,148.20476667,4658.076662471813,-3255.227019640569,4143,2,90.367,
6144,2017-12-30T05:17:45Z,-32.86610000,148.20476667,4659.076662471813,-3254.227019640569,4144,2,90.347,
6145,2017-12-30T05:17:46Z,-32.86593333,148.20476667,4660.076662471813,-3253.227019640569,4145,2,90.328,
6146,2017-12-30T05:17:47Z,-32.86575000,148.20476667,4661.076662471813,-3252.227019640569,4146,2,90.308,
6147,2017-12-30T05:17:48Z,-32.86556667,148.20475000,4662.076662471813,-3251.227019640569,4147,2,90.288,
6148,2017-12-30T05:17:49Z,-32.86540000,148.20473333,4663.076662471813,-3250.227019640569,4148,2,90.27,
6149,2017-12-30T05:17:50Z,-32.86521667,148.20468333,4664.076662471813,-3249.227019640569,4149,2,90.249,
6150,2017-12-30T05:17:51Z,-32.86506667,148.20463333,4665.076662471813,-3248.227019640569,4150,2,90.231,
6151,2017-12-30T05:17:52Z,-32.86491667,148.20460000,4666.076662471813,-3247.227019640569,4151,2,90.214,
6152,2017-12-30T05:17:53Z,-32.86476667,148.20456667,4667.076662471813,-3246.227019640569,4152,2,90.197,
6153,2017-12-30T05:17:54Z,-32.86461667,148.20455000,4668.076662471813,-3245.227019640569,4153,2,90.181,
6154,2017-12-30T05:17:55Z,-32.86448333,148.20455000,4669.076662471813,-3244.227019640569,4154,2,90.166,
6155,2017-12-30T05:17:56Z,-32.86435000,148.20453333,4670.076662471813,-3243.227019640569,4155,2,90.151,
6156,2017-12-30T05:17:57Z,-32.86420000,148.20453333,4671.076662471813,-3242.227019640569,4156,2,90.135,
6157,2017-12-30T05:17:58Z,-32.86405000,148.20451667,4672.076662471813,-3241.227019640569,4157,2,90.118,
6158,2017-12-30T05:17:59Z,-32.86390000,148.20450000,4673.076662471813,-3240.227019640569,4158,2,90.102,
6159,2017-12-30T05:18:00Z,-32.86375000,148.20448333,4674.076662471813,-3239.227019640569,4159,2,90.085,
6160,2017-12-30T05:18:01Z,-32.86358333,148.20446667,4675.076662471813,-3238.227019640569,4160,2,90.066,
6161,2017-12-30T05:18:02Z,-32.86343333,148.20445000,4676.076662471813,-3237.227019640569,4161,2,90.05,
6162,2017-12-30T05:18:03Z,-32.86326667,148.20443333,4677.076662471813,-3236.227019640569,4162,2,90.031,
6163,2017-12-30T05:18:04Z,-32.86310000,148.20441667,4678.076662471813,-3235.227019640569,4163,2,90.013,
6164,2017-12-30T05:18:05Z,-32.86293333,148.20438333,4679.076662471813,-3234.227019640569,4164,2,89.994,
6165,2017-12-30T05:18:06Z,-32.86276667,148.20435000,4680.076662471813,-3233.227019640569,4165,2,89.975,
6166,2017-12-30T05:18:07Z,-32.86263333,148.20430000,4681.076662471813,-3232.227019640569,4166,2,89.96,
6167,2017-12-30T05:18:08Z,-32.86248333,148.20425000,4682.076662471813,-3231.227019640569,4167,2,89.943,
6168,2017-12-30T05:18:09Z,-32.86233333,148.20421667,4683.076662471813,-3230.227019640569,4168,2,89.926,
6169,2017-12-30T05:18:10Z,-32.86218333,148.20418333,4684.076662471813,-3229.227019640569,4169,2,89.909,
6170,2017-12-30T05:18:11Z,-32.86203333,148.20416667,4685.076662471813,-3228.227019640569,4170,2,89.892,
6171,2017-12-30T05:18:12Z,-32.86188333,148.20415000,4686.076662471813,-3227.227019640569,4171,2,89.875,
6172,2017-12-30T05:18:13Z,-32.86171667,148.20413333,4687.076662471813,-3226.227019640569,4172,2,89.857,
6173,2017-12-30T05:18:14Z,-32.86156667,148.20411667,4688.076662471813,-3225.227019640569,4173,2,89.84,
6174,2017-12-30T05:18:15Z,-32.86141667,148.20411667,4689.076662471813,-3224.227019640569,4174,2,89.824,
6175,2017-12-30T05:18:16Z,-32.86126667,148.20410000,4690.076662471813,-3223.227019640569,4175,2,89.807,
6176,2017-12-30T05:18:17Z,-32.86111667,148.20408333,4691.076662471813,-3222.227019640569,4176,2,89.79,
6177,2017-12-30T05:18:18Z,-32.86095000,148.20406667,4692.076662471813,-3221.227019640569,4177,2,89.772,
6178,2017-12-30T05:18:19Z,-32.86080000,148.20403333,4693.076662471813,-3220.227019640569,4178,2,89.755,
6179,2017-12-30T05:18:20Z,-32.86065000,148.20401667,4694.076662471813,-3219.227019640569,4179,2,89.738,
6180,2017-12-30T05:18:21Z,-32.86050000,148.20400000,4695.076662471813,-3218.227019640569,4180,2,89.722,
6181,2017-12-30T05:18:22Z,-32.86033333,148.20398333,4696.076662471813,-3217.227019640569,4181,2,89.703,
6182,2017-12-30T05:18:23Z,-32.86018333,148.20396667,4697.076662471813,-3216.227019640569,4182,2,89.686,
6183,2017-12-30T05:18:24Z,-32.86003333,148.20395000,4698.076662471813,-3215.227019640569,4183,2,89.67,
6184,2017-12-30T05:18:25Z,-32.85988333,148.20393333,4699.076662471813,-3214.227019640569,4184,2,89.653,
6185,2017-12-30T05:18:26Z,-32.85973333,148.20391667,4700.076662471813,-3213.227019640569,4185,2,89.636,
6186,2017-12-30T05:18:27Z,-32.85960000,148.20390000,4701.076662471813,-3212.227019640569,4186,2,89.622,
6187,2017-12-30T05:18:28Z,-32.85945000,148.20388333,4702.076662471813,-3211.227019640569,4187,2,89.605,
6188,2017-12-30T05:18:29Z,-32.85931667,148.20386667,4703.076662471813,-3210.227019640569,4188,2,89.59,
6189,2017-12-30T05:18:30Z,-32.85916667,148.20385000,4704.076662471813,-3209.227019640569,4189,2,89.573,
6190,2017-12-30T05:18:31Z,-32.85901667,148.20381667,4705.076662471813,-3208.227019640569,4190,2,89.556,
6191,2017-12-30T05:18:32Z,-32.85888333,148.20380000,4706.076662471813,-3207.227019640569,4191,2,89.542,
6192,2017-12-30T05:18:33Z,-32.85873333,148.20378333,4707.076662471813,-3206.227019640569,4192,2,89.525,
6193,2017-12-30T05:18:34Z,-32.85860000,148.20376667,4708.076662471813,-3205.227019640569,4193,2,89.51,
6194,2017-12-30T05:18:35Z,-32.85846667,148.20375000,4709.076662471813,-3204.227019640569,4194,2,89.495,
6195,2017-12-30T05:18:36Z,-32.85833333,148.20375000,4710.076662471813,-3203.227019640569,4195,2,89.481,
6196,2017-12-30T05:18:37Z,-32.85818333,148.20373333,4711.076662471813,-3202.227019640569,4196,2,89.464,
6197,2017-12-30T05:18:38Z,-32.85805000,148.20370000,4712.076662471813,-3201.227019640569,4197,2,89.449,
6198,2017-12-30T05:18:39Z,-32.85791667,148.20368333,4713.076662471813,-3200.227019640569,4198,2,89.434,
6199,2017-12-30T05:18:40Z,-32.85776667,148.20368333,4714.076662471813,-3199.227019640569,4199,2,89.418,
6200,2017-12-30T05:18:41Z,-32.85761667,148.20366667,4715.076662471813,-3198.227019640569,4200,2,89.401,
6201,2017-12-30T05:18:42Z,-32.85746667,148.20366667,4716.076662471813,-3197.227019640569,4201,2,89.384,
6202,2017-12-30T05:18:43Z,-32.85730000,148.20365000,4717.076662471813,-3196.227019640569,4202,2,89.366,
6203,2017-12-30T05:18:44Z,-32.85713333,148.20366667,4718.076662471813,-3195.227019640569,4203,2,89.348,
6204,2017-12-30T05:18:45Z,-32.85695000,148.20366667,4719.076662471813,-3194.227019640569,4204,2,89.328,
6205,2017-12-30T05:18:46Z,-32.85678333,148.20368333,4720.076662471813,-3193.227019640569,4205,2,89.31,
6206,2017-12-30T05:18:47Z,-32.85661667,148.20371667,4721.076662471813,-3192.227019640569,4206,2,89.293,
6207,2017-12-30T05:18:48Z,-32.85645000,148.20375000,4722.076662471813,-3191.227019640569,4207,2,89.275,
6208,2017-12-30T05:18:49Z,-32.85626667,148.20378333,4723.076662471813,-3190.227019640569,4208,2,89.256,
6209,2017-12-30T05:18:50Z,-32.85608333,148.20381667,4724.076662471813,-3189.227019640569,4209,2,89.236,
6210,2017-12-30T05:18:51Z,-32.85590000,148.20385000,4725.076662471813,-3188.227019640569,4210,2,89.217,
6211,2017-12-30T05:18:52Z,-32.85573333,148.20388333,4726.076662471813,-3187.227019640569,4211,2,89.199,
6212,2017-12-30T05:18:53Z,-32.85556667,148.20390000,4727.076662471813,-3186.227019640569,4212,2,89.181,
6213,2017-12-30T05:18:54Z,-32.85540000,148.20390000,4728.076662471813,-3185.227019640569,4213,2,89.163,
6214,2017-12-30T05:18:55Z,-32.85523333,148.20388333,4729.076662471813,-3184.227019640569,4214,2,89.144,
6215,2017-12-30T05:18:56Z,-32.85508333,148.20383333,4730.076662471813,-3183.227019640569,4215,2,89.127,
6216,2017-12-30T05:18:57Z,-32.85493333,148.20380000,4731.076662471813,-3182.227019640569,4216,2,89.11,
6217,2017-12-30T05:18:58Z,-32.85478333,148.20376667,4732.076662471813,-3181.227019640569,4217,2,89.093,
6218,2017-12-30T05:18:59Z,-32.85463333,148.20375000,4733.076662471813,-3180.227019640569,4218,2,89.077,
6219,2017-12-30T05:19:00Z,-32.85448333,148.20371667,4734.076662471813,-3179.227019640569,4219,2,89.06,
6220,2017-12-30T05:19:01Z,-32.85433333,148.20368333,4735.076662471813,-3178.227019640569,4220,2,89.043,
6221,2017-12-30T05:19:02Z,-32.85416667,148.20366667,4736.076662471813,-3177.227019640569,4221,2,89.024,
6222,2017-12-30T05:19:03Z,-32.85398333,148.20365000,4737.076662471813,-3176.227019640569,4222,2,89.004,
6223,2017-12-30T05:19:04Z,-32.85380000,148.20363333,4738.076662471813,-3175.227019640569,4223,2,88.984,
6224,2017-12-30T05:19:05Z,-32.85363333,148.20363333,4739.076662471813,-3174.227019640569,4224,2,88.965,
6225,2017-12-30T05:19:06Z,-32.85345000,148.20361667,4740.076662471813,-3173.227019640569,4225,2,88.945,
6226,2017-12-30T05:19:07Z,-32.85328333,148.20360000,4741.076662471813,-3172.227019640569,4226,2,88.927,
6227,2017-12-30T05:19:08Z,-32.85311667,148.20358333,4742.076662471813,-3171.227019640569,4227,2,88.908,
6228,2017-12-30T05:19:09Z,-32.85295000,148.20356667,4743.076662471813,-3170.227019640569,4228,2,88.89,
6229,2017-12-30T05:19:10Z,-32.85278333,148.20356667,4744.076662471813,-3169.227019640569,4229,2,88.871,
6230,2017-12-30T05:19:11Z,-32.85261667,148.20355000,4745.076662471813,-3168.227019640569,4230,2,88.853,
6231,2017-12-30T05:19:12Z,-32.85245000,148.20355000,4746.076662471813,-3167.227019640569,4231,2,88.835,
6232,2017-12-30T05:19:13Z,-32.85228333,148.20353333,4747.076662471813,-3166.227019640569,4232,2,88.816,
6233,2017-12-30T05:19:14Z,-32.85213333,148.20351667,4748.076662471813,-3165.227019640569,4233,2,88.8,
6234,2017-12-30T05:19:15Z,-32.85198333,148.20351667,4749.076662471813,-3164.227019640569,4234,2,88.783,
6235,2017-12-30T05:19:16Z,-32.85183333,148.20350000,4750.076662471813,-3163.227019640569,4235,2,88.767,
6236,2017-12-30T05:19:17Z,-32.85168333,148.20348333,4751.076662471813,-3162.227019640569,4236,2,88.75,
6237,2017-12-30T05:19:18Z,-32.85153333,148.20346667,4752.076662471813,-3161.227019640569,4237,2,88.733,
6238,2017-12-30T05:19:19Z,-32.85136667,148.20345000,4753.076662471813,-3160.227019640569,4238,2,88.715,
6239,2017-12-30T05:19:20Z,-32.85121667,148.20343333,4754.076662471813,-3159.227019640569,4239,2,88.698,
6240,2017-12-30T05:19:21Z,-32.85105000,148.20341667,4755.076662471813,-3158.227019640569,4240,2,88.68,
6241,2017-12-30T05:19:22Z,-32.85088333,148.20340000,4756.076662471813,-3157.227019640569,4241,2,88.661,
6242,2017-12-30T05:19:23Z,-32.85073333,148.20338333,4757.076662471813,-3156.227019640569,4242,2,88.644,
6243,2017-12-30T05:19:24Z,-32.85056667,148.20338333,4758.076662471813,-3155.227019640569,4243,2,88.626,
6244,2017-12-30T05:19:25Z,-32.85041667,148.20338333,4759.076662471813,-3154.227019640569,4244,2,88.61,
6245,2017-12-30T05:19:26Z,-32.85025000,148.20336667,4760.076662471813,-3153.227019640569,4245,2,88.591,
6246,2017-12-30T05:19:27Z,-32.85010000,148.20336667,4761.076662471813,-3152.227019640569,4246,2,88.575,
6247,2017-12-30T05:19:28Z,-32.84993333,148.20336667,4762.076662471813,-3151.227019640569,4247,2,88.557,
6248,2017-12-30T05:19:29Z,-32.84976667,148.20335000,4763.076662471813,-3150.227019640569,4248,2,88.538,
6249,2017-12-30T05:19:30Z,-32.84960000,148.20333333,4764.076662471813,-3149.227019640569,4249,2,88.52,
6250,2017-12-30T05:19:31Z,-32.84943333,148.20331667,4765.076662471813,-3148.227019640569,4250,2,88.501,
6251,2017-12-30T05:19:32Z,-32.84926667,148.20330000,4766.076662471813,-3147.227019640569,4251,2,88.483,
6252,2017-12-30T05:19:33Z,-32.84911667,148.20328333,4767.076662471813,-3146.227019640569,4252,2,88.466,
6253,2017-12-30T05:19:34Z,-32.84896667,148.20328333,4768.076662471813,-3145.227019640569,4253,2,88.45,
6254,2017-12-30T05:19:35Z,-32.84881667,148.20328333,4769.076662471813,-3144.227019640569,4254,2,88.433,
6255,2017-12-30T05:19:36Z,-32.84865000,148.20328333,4770.076662471813,-3143.227019640569,4255,2,88.415,
6256,2017-12-30T05:19:37Z,-32.84850000,148.20328333,4771.076662471813,-3142.227019640569,4256,2,88.399,
6257,2017-12-30T05:19:38Z,-32.84835000,148.20330000,4772.076662471813,-3141.227019640569,4257,2,88.383,
6258,2017-12-30T05:19:39Z,-32.84821667,148.20330000,4773.076662471813,-3140.227019640569,4258,2,88.368,
6259,2017-12-30T05:19:40Z,-32.84806667,148.20330000,4774.076662471813,-3139.227019640569,4259,2,88.352,
6260,2017-12-30T05:19:41Z,-32.84791667,148.20330000,4775.076662471813,-3138.227019640569,4260,2,88.335,
6261,2017-12-30T05:19:42Z,-32.84776667,148.20330000,4776.076662471813,-3137.227019640569,4261,2,88.319,
6262,2017-12-30T05:19:43Z,-32.84760000,148.20330000,4777.076662471813,-3136.227019640569,4262,2,88.301,
6263,2017-12-30T05:19:44Z,-32.84745000,148.20330000,4778.076662471813,-3135.227019640569,4263,2,88.284,
6264,2017-12-30T05:19:45Z,-32.84728333,148.20328333,4779.076662471813,-3134.227019640569,4264,2,88.266,
6265,2017-12-30T05:19:46Z,-32.84713333,148.20328333,4780.076662471813,-3133.227019640569,4265,2,88.25,
6266,2017-12-30T05:19:47Z,-32.84698333,148.20330000,4781.076662471813,-3132.227019640569,4266,2,88.234,
6267,2017-12-30T05:19:48Z,-32.84681667,148.20330000,4782.076662471813,-3131.227019640569,4267,2,88.215,
6268,2017-12-30T05:19:49Z,-32.84665000,148.20333333,4783.076662471813,-3130.227019640569,4268,2,88.198,
6269,2017-12-30T05:19:50Z,-32.84646667,148.20335000,4784.076662471813,-3129.227019640569,4269,2,88.178,
6270,2017-12-30T05:19:51Z,-32.84628333,148.20338333,4785.076662471813,-3128.227019640569,4270,2,88.159,
6271,2017-12-30T05:19:52Z,-32.84610000,148.20341667,4786.076662471813,-3127.227019640569,4271,2,88.139,
6272,2017-12-30T05:19:53Z,-32.84591667,148.20345000,4787.076662471813,-3126.227019640569,4272,2,88.12,
6273,2017-12-30T05:19:54Z,-32.84575000,148.20346667,4788.076662471813,-3125.227019640569,4273,2,88.102,
6274,2017-12-30T05:19:55Z,-32.84556667,148.20350000,4789.076662471813,-3124.227019640569,4274,2,88.083,
6275,2017-12-30T05:19:56Z,-32.84540000,148.20351667,4790.076662471813,-3123.227019640569,4275,2,88.065,
6276,2017-12-30T05:19:57Z,-32.84523333,148.20353333,4791.076662471813,-3122.227019640569,4276,2,88.047,
6277,2017-12-30T05:19:58Z,-32.84506667,148.20353333,4792.076662471813,-3121.227019640569,4277,2,88.029,
6278,2017-12-30T05:19:59Z,-32.84491667,148.20355000,4793.076662471813,-3120.227019640569,4278,2,88.012,
6279,2017-12-30T05:20:00Z,-32.84475000,148.20353333,4794.076662471813,-3119.227019640569,4279,2,87.994,
6280,2017-12-30T05:20:01Z,-32.84458333,148.20353333,4795.076662471813,-3118.227019640569,4280,2,87.976,
6281,2017-12-30T05:20:02Z,-32.84440000,148.20355000,4796.076662471813,-3117.227019640569,4281,2,87.956,
6282,2017-12-30T05:20:03Z,-32.84423333,148.20355000,4797.076662471813,-3116.227019640569,4282,2,87.938,
6283,2017-12-30T05:20:04Z,-32.84406667,148.20355000,4798.076662471813,-3115.227019640569,4283,2,87.92,
6284,2017-12-30T05:20:05Z,-32.84390000,148.20355000,4799.076662471813,-3114.227019640569,4284,2,87.902,
6285,2017-12-30T05:20:06Z,-32.84375000,148.20353333,4800.076662471813,-3113.227019640569,4285,2,87.885,
6286,2017-12-30T05:20:07Z,-32.84360000,148.20350000,4801.076662471813,-3112.227019640569,4286,2,87.868,
6287,2017-12-30T05:20:08Z,-32.84343333,148.20348333,4802.076662471813,-3111.227019640569,4287,2,87.849,
6288,2017-12-30T05:20:09Z,-32.84328333,148.20346667,4803.076662471813,-3110.227019640569,4288,2,87.833,
6289,2017-12-30T05:20:10Z,-32.84311667,148.20345000,4804.076662471813,-3109.227019640569,4289,2,87.814,
6290,2017-12-30T05:20:11Z,-32.84295000,148.20343333,4805.076662471813,-3108.227019640569,4290,2,87.796,
6291,2017-12-30T05:20:12Z,-32.84278333,148.20345000,4806.076662471813,-3107.227019640569,4291,2,87.778,
6292,2017-12-30T05:20:13Z,-32.84261667,148.20346667,4807.076662471813,-3106.227019640569,4292,2,87.76,
6293,2017-12-30T05:20:14Z,-32.84243333,148.20350000,4808.076662471813,-3105.227019640569,4293,2,87.741,
6294,2017-12-30T05:20:15Z,-32.84225000,148.20353333,4809.076662471813,-3104.227019640569,4294,2,87.721,
6295,2017-12-30T05:20:16Z,-32.84206667,148.20358333,4810.076662471813,-3103.227019640569,4295,2,87.702,
6296,2017-12-30T05:20:17Z,-32.84188333,148.20360000,4811.076662471813,-3102.227019640569,4296,2,87.682,
6297,2017-12-30T05:20:18Z,-32.84170000,148.20363333,4812.076662471813,-3101.227019640569,4297,2,87.663,
6298,2017-12-30T05:20:19Z,-32.84151667,148.20365000,4813.076662471813,-3100.227019640569,4298,2,87.643,
6299,2017-12-30T05:20:20Z,-32.84135000,148.20365000,4814.076662471813,-3099.227019640569,4299,2,87.625,
6300,2017-12-30T05:20:21Z,-32.84118333,148.20366667,4815.076662471813,-3098.227019640569,4300,2,87.607,
6301,2017-12-30T05:20:22Z,-32.84101667,148.20366667,4816.076662471813,-3097.227019640569,4301,2,87.589,
6302,2017-12-30T05:20:23Z,-32.84085000,148.20366667,4817.076662471813,-3096.227019640569,4302,2,87.571,
6303,2017-12-30T05:20:24Z,-32.84068333,148.20366667,4818.076662471813,-3095.227019640569,4303,2,87.553,
6304,2017-12-30T05:20:25Z,-32.84053333,148.20366667,4819.076662471813,-3094.227019640569,4304,2,87.536,
6305,2017-12-30T05:20:26Z,-32.84036667,148.20368333,4820.076662471813,-3093.227019640569,4305,2,87.518,
6306,2017-12-30T05:20:27Z,-32.84020000,148.20370000,4821.076662471813,-3092.227019640569,4306,2,87.501,
6307,2017-12-30T05:20:28Z,-32.84003333,148.20371667,4822.076662471813,-3091.227019640569,4307,2,87.483,
6308,2017-12-30T05:20:29Z,-32.83986667,148.20373333,4823.076662471813,-3090.227019640569,4308,2,87.465,
6309,2017-12-30T05:20:30Z,-32.83970000,148.20375000,4824.076662471813,-3089.227019640569,4309,2,87.447,
6310,2017-12-30T05:20:31Z,-32.83953333,148.20375000,4825.076662471813,-3088.227019640569,4310,2,87.429,
6311,2017-12-30T05:20:32Z,-32.83936667,148.20373333,4826.076662471813,-3087.227019640569,4311,2,87.41,
6312,2017-12-30T05:20:33Z,-32.83921667,148.20371667,4827.076662471813,-3086.227019640569,4312,2,87.394,
6313,2017-12-30T05:20:34Z,-32.83906667,148.20370000,4828.076662471813,-3085.227019640569,4313,2,87.377,
6314,2017-12-30T05:20:35Z,-32.83890000,148.20368333,4829.076662471813,-3084.227019640569,4314,2,87.358,
6315,2017-12-30T05:20:36Z,-32.83875000,148.20366667,4830.076662471813,-3083.227019640569,4315,2,87.342,
6316,2017-12-30T05:20:37Z,-32.83858333,148.20365000,4831.076662471813,-3082.227019640569,4316,2,87.323,
6317,2017-12-30T05:20:38Z,-32.83843333,148.20365000,4832.076662471813,-3081.227019640569,4317,2,87.307,
6318,2017-12-30T05:20:39Z,-32.83826667,148.20366667,4833.076662471813,-3080.227019640569,4318,2,87.289,
6319,2017-12-30T05:20:40Z,-32.83808333,148.20368333,4834.076662471813,-3079.227019640569,4319,2,87.269,
6320,2017-12-30T05:20:41Z,-32.83791667,148.20371667,4835.076662471813,-3078.227019640569,4320,2,87.252,
6321,2017-12-30T05:20:42Z,-32.83773333,148.20373333,4836.076662471813,-3077.227019640569,4321,2,87.232,
6322,2017-12-30T05:20:43Z,-32.83756667,148.20375000,4837.076662471813,-3076.227019640569,4322,2,87.214,
6323,2017-12-30T05:20:44Z,-32.83741667,148.20376667,4838.076662471813,-3075.227019640569,4323,2,87.198,
6324,2017-12-30T05:20:45Z,-32.83725000,148.20378333,4839.076662471813,-3074.227019640569,4324,2,87.18,
6325,2017-12-30T05:20:46Z,-32.83708333,148.20381667,4840.076662471813,-3073.227019640569,4325,2,87.163,
6326,2017-12-30T05:20:47Z,-32.83693333,148.20383333,4841.076662471813,-3072.227019640569,4326,2,87.147,
6327,2017-12-30T05:20:48Z,-32.83675000,148.20386667,4842.076662471813,-3071.227019640569,4327,2,87.127,
6328,2017-12-30T05:20:49Z,-32.83660000,148.20390000,4843.076662471813,-3070.227019640569,4328,2,87.111,
6329,2017-12-30T05:20:50Z,-32.83643333,148.20393333,4844.076662471813,-3069.227019640569,4329,2,87.094,
6330,2017-12-30T05:20:51Z,-32.83626667,148.20395000,4845.076662471813,-3068.227019640569,4330,2,87.076,
6331,2017-12-30T05:20:52Z,-32.83611667,148.20398333,4846.076662471813,-3067.227019640569,4331,2,87.06,
6332,2017-12-30T05:20:53Z,-32.83595000,148.20400000,4847.076662471813,-3066.227019640569,4332,2,87.042,
6333,2017-12-30T05:20:54Z,-32.83580000,148.20403333,4848.076662471813,-3065.227019640569,4333,2,87.027,
6334,2017-12-30T05:20:55Z,-32.83563333,148.20405000,4849.076662471813,-3064.227019640569,4334,2,87.009,
6335,2017-12-30T05:20:56Z,-32.83546667,148.20408333,4850.076662471813,-3063.227019640569,4335,2,86.991,
6336,2017-12-30T05:20:57Z,-32.83528333,148.20411667,4851.076662471813,-3062.227019640569,4336,2,86.972,
6337,2017-12-30T05:20:58Z,-32.83511667,148.20413333,4852.076662471813,-3061.227019640569,4337,2,86.954,
6338,2017-12-30T05:20:59Z,-32.83495000,148.20415000,4853.076662471813,-3060.227019640569,4338,2,86.936,
6339,2017-12-30T05:21:00Z,-32.83478333,148.20416667,4854.076662471813,-3059.227019640569,4339,2,86.918,
6340,2017-12-30T05:21:01Z,-32.83463333,148.20416667,4855.076662471813,-3058.227019640569,4340,2,86.902,
6341,2017-12-30T05:21:02Z,-32.83446667,148.20416667,4856.076662471813,-3057.227019640569,4341,2,86.884,
6342,2017-12-30T05:21:03Z,-32.83431667,148.20416667,4857.076662471813,-3056.227019640569,4342,2,86.867,
6343,2017-12-30T05:21:04Z,-32.83416667,148.20416667,4858.076662471813,-3055.227019640569,4343,2,86.851,
6344,2017-12-30T05:21:05Z,-32.83401667,148.20415000,4859.076662471813,-3054.227019640569,4344,2,86.834,
6345,2017-12-30T05:21:06Z,-32.83386667,148.20411667,4860.076662471813,-3053.227019640569,4345,2,86.817,
6346,2017-12-30T05:21:07Z,-32.83371667,148.20410000,4861.076662471813,-3052.227019640569,4346,2,86.801,
6347,2017-12-30T05:21:08Z,-32.83355000,148.20410000,4862.076662471813,-3051.227019640569,4347,2,86.782,
6348,2017-12-30T05:21:09Z,-32.83340000,148.20410000,4863.076662471813,-3050.227019640569,4348,2,86.766,
6349,2017-12-30T05:21:10Z,-32.83323333,148.20411667,4864.076662471813,-3049.227019640569,4349,2,86.748,
6350,2017-12-30T05:21:11Z,-32.83308333,148.20415000,4865.076662471813,-3048.227019640569,4350,2,86.732,
6351,2017-12-30T05:21:12Z,-32.83295000,148.20416667,4866.076662471813,-3047.227019640569,4351,2,86.718,
6352,2017-12-30T05:21:13Z,-32.83281667,148.20416667,4867.076662471813,-3046.227019640569,4352,2,86.704,
6353,2017-12-30T05:21:14Z,-32.83268333,148.20415000,4868.076662471813,-3045.227019640569,4353,2,86.689,
6354,2017-12-30T05:21:15Z,-32.83255000,148.20415000,4869.076662471813,-3044.227019640569,4354,2,86.674,
6355,2017-12-30T05:21:16Z,-32.83240000,148.20413333,4870.076662471813,-3043.227019640569,4355,2,86.658,
6356,2017-12-30T05:21:17Z,-32.83226667,148.20415000,4871.076662471813,-3042.227019640569,4356,2,86.643,
6357,2017-12-30T05:21:18Z,-32.83211667,148.20416667,4872.076662471813,-3041.227019640569,4357,2,86.627,
6358,2017-12-30T05:21:19Z,-32.83195000,148.20420000,4873.076662471813,-3040.227019640569,4358,2,86.61,
6359,2017-12-30T05:21:20Z,-32.83180000,148.20423333,4874.076662471813,-3039.227019640569,4359,2,86.594,
6360,2017-12-30T05:21:21Z,-32.83163333,148.20428333,4875.076662471813,-3038.227019640569,4360,2,86.577,
6361,2017-12-30T05:21:22Z,-32.83148333,148.20433333,4876.076662471813,-3037.227019640569,4361,2,86.561,
6362,2017-12-30T05:21:23Z,-32.83131667,148.20440000,4877.076662471813,-3036.227019640569,4362,2,86.544,
6363,2017-12-30T05:21:24Z,-32.83115000,148.20445000,4878.076662471813,-3035.227019640569,4363,2,86.527,
6364,2017-12-30T05:21:25Z,-32.83100000,148.20450000,4879.076662471813,-3034.227019640569,4364,2,86.512,
6365,2017-12-30T05:21:26Z,-32.83083333,148.20453333,4880.076662471813,-3033.227019640569,4365,2,86.494,
6366,2017-12-30T05:21:27Z,-32.83066667,148.20456667,4881.076662471813,-3032.227019640569,4366,2,86.477,
6367,2017-12-30T05:21:28Z,-32.83051667,148.20460000,4882.076662471813,-3031.227019640569,4367,2,86.461,
6368,2017-12-30T05:21:29Z,-32.83035000,148.20461667,4883.076662471813,-3030.227019640569,4368,2,86.443,
6369,2017-12-30T05:21:30Z,-32.83020000,148.20461667,4884.076662471813,-3029.227019640569,4369,2,86.427,
6370,2017-12-30T05:21:31Z,-32.83005000,148.20461667,4885.076662471813,-3028.227019640569,4370,2,86.41,
6371,2017-12-30T05:21:32Z,-32.82990000,148.20461667,4886.076662471813,-3027.227019640569,4371,2,86.394,
6372,2017-12-30T05:21:33Z,-32.82975000,148.20460000,4887.076662471813,-3026.227019640569,4372,2,86.377,
6373,2017-12-30T05:21:34Z,-32.82960000,148.20458333,4888.076662471813,-3025.227019640569,4373,2,86.361,
6374,2017-12-30T05:21:35Z,-32.82943333,148.20456667,4889.076662471813,-3024.227019640569,4374,2,86.342,
6375,2017-12-30T05:21:36Z,-32.82928333,148.20455000,4890.076662471813,-3023.227019640569,4375,2,86.325,
6376,2017-12-30T05:21:37Z,-32.82913333,148.20453333,4891.076662471813,-3022.227019640569,4376,2,86.309,
6377,2017-12-30T05:21:38Z,-32.82898333,148.20453333,4892.076662471813,-3021.227019640569,4377,2,86.292,
6378,2017-12-30T05:21:39Z,-32.82881667,148.20453333,4893.076662471813,-3020.227019640569,4378,2,86.274,
6379,2017-12-30T05:21:40Z,-32.82865000,148.20453333,4894.076662471813,-3019.227019640569,4379,2,86.256,
6380,2017-12-30T05:21:41Z,-32.82848333,148.20455000,4895.076662471813,-3018.227019640569,4380,2,86.238,
6381,2017-12-30T05:21:42Z,-32.82830000,148.20455000,4896.076662471813,-3017.227019640569,4381,2,86.218,
6382,2017-12-30T05:21:43Z,-32.82813333,148.20455000,4897.076662471813,-3016.227019640569,4382,2,86.2,
6383,2017-12-30T05:21:44Z,-32.82796667,148.20456667,4898.076662471813,-3015.227019640569,4383,2,86.182,
6384,2017-12-30T05:21:45Z,-32.82780000,148.20456667,4899.076662471813,-3014.227019640569,4384,2,86.164,
6385,2017-12-30T05:21:46Z,-32.82765000,148.20456667,4900.076662471813,-3013.227019640569,4385,2,86.148,
6386,2017-12-30T05:21:47Z,-32.82748333,148.20456667,4901.076662471813,-3012.227019640569,4386,2,86.13,
6387,2017-12-30T05:21:48Z,-32.82733333,148.20455000,4902.076662471813,-3011.227019640569,4387,2,86.113,
6388,2017-12-30T05:21:49Z,-32.82716667,148.20455000,4903.076662471813,-3010.227019640569,4388,2,86.095,
6389,2017-12-30T05:21:50Z,-32.82701667,148.20456667,4904.076662471813,-3009.227019640569,4389,2,86.079,
6390,2017-12-30T05:21:51Z,-32.82686667,148.20456667,4905.076662471813,-3008.227019640569,4390,2,86.062,
6391,2017-12-30T05:21:52Z,-32.82671667,148.20456667,4906.076662471813,-3007.227019640569,4391,2,86.046,
6392,2017-12-30T05:21:53Z,-32.82655000,148.20458333,4907.076662471813,-3006.227019640569,4392,2,86.028,
6393,2017-12-30T05:21:54Z,-32.82638333,148.20456667,4908.076662471813,-3005.227019640569,4393,2,86.01,
6394,2017-12-30T05:21:55Z,-32.82621667,148.20456667,4909.076662471813,-3004.227019640569,4394,2,85.991,
6395,2017-12-30T05:21:56Z,-32.82605000,148.20455000,4910.076662471813,-3003.227019640569,4395,2,85.973,
6396,2017-12-30T05:21:57Z,-32.82588333,148.20453333,4911.076662471813,-3002.227019640569,4396,2,85.955,
6397,2017-12-30T05:21:58Z,-32.82571667,148.20453333,4912.076662471813,-3001.227019640569,4397,2,85.936,
6398,2017-12-30T05:21:59Z,-32.82555000,148.20453333,4913.076662471813,-3000.227019640569,4398,2,85.918,
6399,2017-12-30T05:22:00Z,-32.82538333,148.20453333,4914.076662471813,-2999.227019640569,4399,2,85.9,
6400,2017-12-30T05:22:01Z,-32.82521667,148.20453333,4915.076662471813,-2998.227019640569,4400,2,85.882,
6401,2017-12-30T05:22:02Z,-32.82503333,148.20453333,4916.076662471813,-2997.227019640569,4401,2,85.862,
6402,2017-12-30T05:22:03Z,-32.82486667,148.20455000,4917.076662471813,-2996.227019640569,4402,2,85.844,
6403,2017-12-30T05:22:04Z,-32.82470000,148.20455000,4918.076662471813,-2995.227019640569,4403,2,85.826,
6404,2017-12-30T05:22:05Z,-32.82453333,148.20455000,4919.076662471813,-2994.227019640569,4404,2,85.808,
6405,2017-12-30T05:22:06Z,-32.82436667,148.20455000,4920.076662471813,-2993.227019640569,4405,2,85.79,
6406,2017-12-30T05:22:07Z,-32.82418333,148.20453333,4921.076662471813,-2992.227019640569,4406,2,85.769,
6407,2017-12-30T05:22:08Z,-32.82401667,148.20453333,4922.076662471813,-2991.227019640569,4407,2,85.751,
6408,2017-12-30T05:22:09Z,-32.82383333,148.20453333,4923.076662471813,-2990.227019640569,4408,2,85.731,
6409,2017-12-30T05:22:10Z,-32.82366667,148.20451667,4924.076662471813,-2989.227019640569,4409,2,85.713,
6410,2017-12-30T05:22:11Z,-32.82350000,148.20451667,4925.076662471813,-2988.227019640569,4410,2,85.694,
6411,2017-12-30T05:22:12Z,-32.82333333,148.20451667,4926.076662471813,-2987.227019640569,4411,2,85.676,
6412,2017-12-30T05:22:13Z,-32.82316667,148.20451667,4927.076662471813,-2986.227019640569,4412,2,85.658,
6413,2017-12-30T05:22:14Z,-32.82300000,148.20451667,4928.076662471813,-2985.227019640569,4413,2,85.64,
6414,2017-12-30T05:22:15Z,-32.82281667,148.20453333,4929.076662471813,-2984.227019640569,4414,2,85.62,
6415,2017-12-30T05:22:16Z,-32.82265000,148.20453333,4930.076662471813,-2983.227019640569,4415,2,85.602,
6416,2017-12-30T05:22:17Z,-32.82246667,148.20455000,4931.076662471813,-2982.227019640569,4416,2,85.582,
6417,2017-12-30T05:22:18Z,-32.82228333,148.20455000,4932.076662471813,-2981.227019640569,4417,2,85.562,
6418,2017-12-30T05:22:19Z,-32.82211667,148.20456667,4933.076662471813,-2980.227019640569,4418,2,85.545,
6419,2017-12-30T05:22:20Z,-32.82191667,148.20456667,4934.076662471813,-2979.227019640569,4419,2,85.523,
6420,2017-12-30T05:22:21Z,-32.82173333,148.20456667,4935.076662471813,-2978.227019640569,4420,2,85.503,
6421,2017-12-30T05:22:22Z,-32.82155000,148.20455000,4936.076662471813,-2977.227019640569,4421,2,85.483,
6422,2017-12-30T05:22:23Z,-32.82135000,148.20456667,4937.076662471813,-2976.227019640569,4422,2,85.461,
6423,2017-12-30T05:22:24Z,-32.82115000,148.20456667,4938.076662471813,-2975.227019640569,4423,2,85.439,
6424,2017-12-30T05:22:25Z,-32.82096667,148.20460000,4939.076662471813,-2974.227019640569,4424,2,85.42,
6425,2017-12-30T05:22:26Z,-32.82076667,148.20461667,4940.076662471813,-2973.227019640569,4425,2,85.398,
6426,2017-12-30T05:22:27Z,-32.82058333,148.20465000,4941.076662471813,-2972.227019640569,4426,2,85.379,
6427,2017-12-30T05:22:28Z,-32.82038333,148.20468333,4942.076662471813,-2971.227019640569,4427,2,85.358,
6428,2017-12-30T05:22:29Z,-32.82018333,148.20473333,4943.076662471813,-2970.227019640569,4428,2,85.337,
6429,2017-12-30T05:22:30Z,-32.82000000,148.20478333,4944.076662471813,-2969.227019640569,4429,2,85.318,
6430,2017-12-30T05:22:31Z,-32.81980000,148.20481667,4945.076662471813,-2968.227019640569,4430,2,85.297,
6431,2017-12-30T05:22:32Z,-32.81961667,148.20485000,4946.076662471813,-2967.227019640569,4431,2,85.277,
6432,2017-12-30T05:22:33Z,-32.81943333,148.20486667,4947.076662471813,-2966.227019640569,4432,2,85.258,
6433,2017-12-30T05:22:34Z,-32.81925000,148.20488333,4948.076662471813,-2965.227019640569,4433,2,85.238,
6434,2017-12-30T05:22:35Z,-32.81908333,148.20490000,4949.076662471813,-2964.227019640569,4434,2,85.22,
6435,2017-12-30T05:22:36Z,-32.81891667,148.20490000,4950.076662471813,-2963.227019640569,4435,2,85.202,
6436,2017-12-30T05:22:37Z,-32.81873333,148.20491667,4951.076662471813,-2962.227019640569,4436,2,85.183,
6437,2017-12-30T05:22:38Z,-32.81856667,148.20491667,4952.076662471813,-2961.227019640569,4437,2,85.164,
6438,2017-12-30T05:22:39Z,-32.81836667,148.20491667,4953.076662471813,-2960.227019640569,4438,2,85.143,
6439,2017-12-30T05:22:40Z,-32.81818333,148.20493333,4954.076662471813,-2959.227019640569,4439,2,85.123,
6440,2017-12-30T05:22:41Z,-32.81800000,148.20493333,4955.076662471813,-2958.227019640569,4440,2,85.103,
6441,2017-12-30T05:22:42Z,-32.81780000,148.20495000,4956.076662471813,-2957.227019640569,4441,2,85.081,
6442,2017-12-30T05:22:43Z,-32.81761667,148.20496667,4957.076662471813,-2956.227019640569,4442,2,85.062,
6443,2017-12-30T05:22:44Z,-32.81743333,148.20498333,4958.076662471813,-2955.227019640569,4443,2,85.042,
6444,2017-12-30T05:22:45Z,-32.81725000,148.20500000,4959.076662471813,-2954.227019640569,4444,2,85.022,
6445,2017-12-30T05:22:46Z,-32.81705000,148.20503333,4960.076662471813,-2953.227019640569,4445,2,85.001,
6446,2017-12-30T05:22:47Z,-32.81686667,148.20506667,4961.076662471813,-2952.227019640569,4446,2,84.982,
6447,2017-12-30T05:22:48Z,-32.81668333,148.20508333,4962.076662471813,-2951.227019640569,4447,2,84.962,
6448,2017-12-30T05:22:49Z,-32.81650000,148.20513333,4963.076662471813,-2950.227019640569,4448,2,84.943,
6449,2017-12-30T05:22:50Z,-32.81631667,148.20516667,4964.076662471813,-2949.227019640569,4449,2,84.924,
6450,2017-12-30T05:22:51Z,-32.81613333,148.20521667,4965.076662471813,-2948.227019640569,4450,2,84.905,
6451,2017-12-30T05:22:52Z,-32.81593333,148.20525000,4966.076662471813,-2947.227019640569,4451,2,84.884,
6452,2017-12-30T05:22:53Z,-32.81575000,148.20528333,4967.076662471813,-2946.227019640569,4452,2,84.864,
6453,2017-12-30T05:22:54Z,-32.81555000,148.20531667,4968.076662471813,-2945.227019640569,4453,2,84.843,
6454,2017-12-30T05:22:55Z,-32.81536667,148.20536667,4969.076662471813,-2944.227019640569,4454,2,84.824,
6455,2017-12-30T05:22:56Z,-32.81516667,148.20543333,4970.076662471813,-2943.227019640569,4455,2,84.804,
6456,2017-12-30T05:22:57Z,-32.81498333,148.20550000,4971.076662471813,-2942.227019640569,4456,2,84.785,
6457,2017-12-30T05:22:58Z,-32.81478333,148.20556667,4972.076662471813,-2941.227019640569,4457,2,84.764,
6458,2017-12-30T05:22:59Z,-32.81458333,148.20563333,4973.076662471813,-2940.227019640569,4458,2,84.744,
6459,2017-12-30T05:23:00Z,-32.81438333,148.20568333,4974.076662471813,-2939.227019640569,4459,2,84.723,
6460,2017-12-30T05:23:01Z,-32.81420000,148.20573333,4975.076662471813,-2938.227019640569,4460,2,84.704,
6461,2017-12-30T05:23:02Z,-32.81403333,148.20576667,4976.076662471813,-2937.227019640569,4461,2,84.687,
6462,2017-12-30T05:23:03Z,-32.81386667,148.20581667,4977.076662471813,-2936.227019640569,4462,2,84.669,
6463,2017-12-30T05:23:04Z,-32.81370000,148.20583333,4978.076662471813,-2935.227019640569,4463,2,84.651,
6464,2017-12-30T05:23:05Z,-32.81351667,148.20586667,4979.076662471813,-2934.227019640569,4464,2,84.632,
6465,2017-12-30T05:23:06Z,-32.81333333,148.20586667,4980.076662471813,-2933.227019640569,4465,2,84.612,
6466,2017-12-30T05:23:07Z,-32.81315000,148.20586667,4981.076662471813,-2932.227019640569,4466,2,84.592,
6467,2017-12-30T05:23:08Z,-32.81295000,148.20586667,4982.076662471813,-2931.227019640569,4467,2,84.57,
6468,2017-12-30T05:23:09Z,-32.81276667,148.20586667,4983.076662471813,-2930.227019640569,4468,2,84.55,
6469,2017-12-30T05:23:10Z,-32.81258333,148.20586667,4984.076662471813,-2929.227019640569,4469,2,84.531,
6470,2017-12-30T05:23:11Z,-32.81238333,148.20588333,4985.076662471813,-2928.227019640569,4470,2,84.509,
6471,2017-12-30T05:23:12Z,-32.81221667,148.20588333,4986.076662471813,-2927.227019640569,4471,2,84.491,
6472,2017-12-30T05:23:13Z,-32.81203333,148.20586667,4987.076662471813,-2926.227019640569,4472,2,84.471,
6473,2017-12-30T05:23:14Z,-32.81186667,148.20585000,4988.076662471813,-2925.227019640569,4473,2,84.452,
6474,2017-12-30T05:23:15Z,-32.81170000,148.20585000,4989.076662471813,-2924.227019640569,4474,2,84.434,
6475,2017-12-30T05:23:16Z,-32.81151667,148.20583333,4990.076662471813,-2923.227019640569,4475,2,84.414,
6476,2017-12-30T05:23:17Z,-32.81133333,148.20581667,4991.076662471813,-2922.227019640569,4476,2,84.393,
6477,2017-12-30T05:23:18Z,-32.81115000,148.20581667,4992.076662471813,-2921.227019640569,4477,2,84.373,
6478,2017-12-30T05:23:19Z,-32.81098333,148.20583333,4993.076662471813,-2920.227019640569,4478,2,84.356,
6479,2017-12-30T05:23:20Z,-32.81081667,148.20586667,4994.076662471813,-2919.227019640569,4479,2,84.338,
6480,2017-12-30T05:23:21Z,-32.81063333,148.20588333,4995.076662471813,-2918.227019640569,4480,2,84.318,
6481,2017-12-30T05:23:22Z,-32.81043333,148.20591667,4996.076662471813,-2917.227019640569,4481,2,84.297,
6482,2017-12-30T05:23:23Z,-32.81025000,148.20596667,4997.076662471813,-2916.227019640569,4482,2,84.278,
6483,2017-12-30T05:23:24Z,-32.81005000,148.20601667,4998.076662471813,-2915.227019640569,4483,2,84.258,
6484,2017-12-30T05:23:25Z,-32.80985000,148.20606667,4999.076662471813,-2914.227019640569,4484,2,84.237,
6485,2017-12-30T05:23:26Z,-32.80965000,148.20611667,5000.076662471813,-2913.227019640569,4485,2,84.216,
6486,2017-12-30T05:23:27Z,-32.80946667,148.20615000,5001.076662471813,-2912.227019640569,4486,2,84.197,
6487,2017-12-30T05:23:28Z,-32.80928333,148.20618333,5002.076662471813,-2911.227019640569,4487,2,84.177,
6488,2017-12-30T05:23:29Z,-32.80908333,148.20620000,5003.076662471813,-2910.227019640569,4488,2,84.156,
6489,2017-12-30T05:23:30Z,-32.80890000,148.20620000,5004.076662471813,-2909.227019640569,4489,2,84.136,
6490,2017-12-30T05:23:31Z,-32.80871667,148.20621667,5005.076662471813,-2908.227019640569,4490,2,84.116,
6491,2017-12-30T05:23:32Z,-32.80851667,148.20621667,5006.076662471813,-2907.227019640569,4491,2,84.094,
6492,2017-12-30T05:23:33Z,-32.80833333,148.20623333,5007.076662471813,-2906.227019640569,4492,2,84.075,
6493,2017-12-30T05:23:34Z,-32.80815000,148.20625000,5008.076662471813,-2905.227019640569,4493,2,84.055,
6494,2017-12-30T05:23:35Z,-32.80796667,148.20626667,5009.076662471813,-2904.227019640569,4494,2,84.035,
6495,2017-12-30T05:23:36Z,-32.80778333,148.20628333,5010.076662471813,-2903.227019640569,4495,2,84.016,
6496,2017-12-30T05:23:37Z,-32.80758333,148.20631667,5011.076662471813,-2902.227019640569,4496,2,83.995,
6497,2017-12-30T05:23:38Z,-32.80738333,148.20633333,5012.076662471813,-2901.227019640569,4497,2,83.973,
6498,2017-12-30T05:23:39Z,-32.80720000,148.20635000,5013.076662471813,-2900.227019640569,4498,2,83.954,
6499,2017-12-30T05:23:40Z,-32.80700000,148.20638333,5014.076662471813,-2899.227019640569,4499,2,83.932,
6500,2017-12-30T05:23:41Z,-32.80681667,148.20640000,5015.076662471813,-2898.227019640569,4500,2,83.913,
6501,2017-12-30T05:23:42Z,-32.80663333,148.20641667,5016.076662471813,-2897.227019640569,4501,2,83.893,
6502,2017-12-30T05:23:43Z,-32.80645000,148.20643333,5017.076662471813,-2896.227019640569,4502,2,83.874,
6503,2017-12-30T05:23:44Z,-32.80625000,148.20645000,5018.076662471813,-2895.227019640569,4503,2,83.852,
6504,2017-12-30T05:23:45Z,-32.80605000,148.20646667,5019.076662471813,-2894.227019640569,4504,2,83.831,
6505,2017-12-30T05:23:46Z,-32.80586667,148.20650000,5020.076662471813,-2893.227019640569,4505,2,83.811,
6506,2017-12-30T05:23:47Z,-32.80566667,148.20653333,5021.076662471813,-2892.227019640569,4506,2,83.79,
6507,2017-12-30T05:23:48Z,-32.80548333,148.20656667,5022.076662471813,-2891.227019640569,4507,2,83.771,
6508,2017-12-30T05:23:49Z,-32.80530000,148.20661667,5023.076662471813,-2890.227019640569,4508,2,83.752,
6509,2017-12-30T05:23:50Z,-32.80510000,148.20666667,5024.076662471813,-2889.227019640569,4509,2,83.731,
6510,2017-12-30T05:23:51Z,-32.80490000,148.20671667,5025.076662471813,-2888.227019640569,4510,2,83.71,
6511,2017-12-30T05:23:52Z,-32.80470000,148.20676667,5026.076662471813,-2887.227019640569,4511,2,83.69,
6512,2017-12-30T05:23:53Z,-32.80451667,148.20683333,5027.076662471813,-2886.227019640569,4512,2,83.671,
6513,2017-12-30T05:23:54Z,-32.80431667,148.20688333,5028.076662471813,-2885.227019640569,4513,2,83.65,
6514,2017-12-30T05:23:55Z,-32.80411667,148.20691667,5029.076662471813,-2884.227019640569,4514,2,83.629,
6515,2017-12-30T05:23:56Z,-32.80391667,148.20693333,5030.076662471813,-2883.227019640569,4515,2,83.607,
6516,2017-12-30T05:23:57Z,-32.80373333,148.20695000,5031.076662471813,-2882.227019640569,4516,2,83.588,
6517,2017-12-30T05:23:58Z,-32.80351667,148.20695000,5032.076662471813,-2881.227019640569,4517,2,83.564,
6518,2017-12-30T05:23:59Z,-32.80331667,148.20695000,5033.076662471813,-2880.227019640569,4518,2,83.543,
6519,2017-12-30T05:24:00Z,-32.80311667,148.20696667,5034.076662471813,-2879.227019640569,4519,2,83.521,
6520,2017-12-30T05:24:01Z,-32.80291667,148.20700000,5035.076662471813,-2878.227019640569,4520,2,83.5,
6521,2017-12-30T05:24:02Z,-32.80270000,148.20705000,5036.076662471813,-2877.227019640569,4521,2,83.477,
6522,2017-12-30T05:24:03Z,-32.80250000,148.20710000,5037.076662471813,-2876.227019640569,4522,2,83.457,
6523,2017-12-30T05:24:04Z,-32.80228333,148.20713333,5038.076662471813,-2875.227019640569,4523,2,83.434,
6524,2017-12-30T05:24:05Z,-32.80208333,148.20718333,5039.076662471813,-2874.227019640569,4524,2,83.413,
6525,2017-12-30T05:24:06Z,-32.80188333,148.20721667,5040.076662471813,-2873.227019640569,4525,2,83.392,
6526,2017-12-30T05:24:07Z,-32.80166667,148.20726667,5041.076662471813,-2872.227019640569,4526,2,83.369,
6527,2017-12-30T05:24:08Z,-32.80146667,148.20733333,5042.076662471813,-2871.227019640569,4527,2,83.349,
6528,2017-12-30T05:24:09Z,-32.80125000,148.20741667,5043.076662471813,-2870.227019640569,4528,2,83.327,
6529,2017-12-30T05:24:10Z,-32.80105000,148.20748333,5044.076662471813,-2869.227019640569,4529,2,83.306,
6530,2017-12-30T05:24:11Z,-32.80083333,148.20756667,5045.076662471813,-2868.227019640569,4530,2,83.284,
6531,2017-12-30T05:24:12Z,-32.80063333,148.20763333,5046.076662471813,-2867.227019640569,4531,2,83.264,
6532,2017-12-30T05:24:13Z,-32.80041667,148.20771667,5047.076662471813,-2866.227019640569,4532,2,83.242,
6533,2017-12-30T05:24:14Z,-32.80020000,148.20780000,5048.076662471813,-2865.227019640569,4533,2,83.22,
6534,2017-12-30T05:24:15Z,-32.80000000,148.20790000,5049.076662471813,-2864.227019640569,4534,2,83.2,
6535,2017-12-30T05:24:16Z,-32.79980000,148.20801667,5050.076662471813,-2863.227019640569,4535,2,83.181,
6536,2017-12-30T05:24:17Z,-32.79958333,148.20813333,5051.076662471813,-2862.227019640569,4536,2,83.159,
6537,2017-12-30T05:24:18Z,-32.79938333,148.20826667,5052.076662471813,-2861.227019640569,4537,2,83.14,
6538,2017-12-30T05:24:19Z,-32.79918333,148.20840000,5053.076662471813,-2860.227019640569,4538,2,83.121,
6539,2017-12-30T05:24:20Z,-32.79896667,148.20853333,5054.076662471813,-2859.227019640569,4539,2,83.1,
6540,2017-12-30T05:24:21Z,-32.79876667,148.20865000,5055.076662471813,-2858.227019640569,4540,2,83.081,
6541,2017-12-30T05:24:22Z,-32.79856667,148.20876667,5056.076662471813,-2857.227019640569,4541,2,83.061,
6542,2017-12-30T05:24:23Z,-32.79835000,148.20890000,5057.076662471813,-2856.227019640569,4542,2,83.04,
6543,2017-12-30T05:24:24Z,-32.79815000,148.20901667,5058.076662471813,-2855.227019640569,4543,2,83.021,
6544,2017-12-30T05:24:25Z,-32.79793333,148.20913333,5059.076662471813,-2854.227019640569,4544,2,82.999,
6545,2017-12-30T05:24:26Z,-32.79771667,148.20926667,5060.076662471813,-2853.227019640569,4545,2,82.979,
6546,2017-12-30T05:24:27Z,-32.79751667,148.20938333,5061.076662471813,-2852.227019640569,4546,2,82.959,
6547,2017-12-30T05:24:28Z,-32.79730000,148.20950000,5062.076662471813,-2851.227019640569,4547,2,82.938,
6548,2017-12-30T05:24:29Z,-32.79708333,148.20960000,5063.076662471813,-2850.227019640569,4548,2,82.916,
6549,2017-12-30T05:24:30Z,-32.79688333,148.20970000,5064.076662471813,-2849.227019640569,4549,2,82.896,
6550,2017-12-30T05:24:31Z,-32.79668333,148.20980000,5065.076662471813,-2848.227019640569,4550,2,82.877,
6551,2017-12-30T05:24:32Z,-32.79646667,148.20990000,5066.076662471813,-2847.227019640569,4551,2,82.855,
6552,2017-12-30T05:24:33Z,-32.79625000,148.20998333,5067.076662471813,-2846.227019640569,4552,2,82.833,
6553,2017-12-30T05:24:34Z,-32.79603333,148.21006667,5068.076662471813,-2845.227019640569,4553,2,82.811,
6554,2017-12-30T05:24:35Z,-32.79581667,148.21015000,5069.076662471813,-2844.227019640569,4554,2,82.789,
6555,2017-12-30T05:24:36Z,-32.79561667,148.21021667,5070.076662471813,-2843.227019640569,4555,2,82.769,
6556,2017-12-30T05:24:37Z,-32.79540000,148.21030000,5071.076662471813,-2842.227019640569,4556,2,82.747,
6557,2017-12-30T05:24:38Z,-32.79520000,148.21038333,5072.076662471813,-2841.227019640569,4557,2,82.727,
6558,2017-12-30T05:24:39Z,-32.79498333,148.21048333,5073.076662471813,-2840.227019640569,4558,2,82.705,
6559,2017-12-30T05:24:40Z,-32.79476667,148.21056667,5074.076662471813,-2839.227019640569,4559,2,82.684,
6560,2017-12-30T05:24:41Z,-32.79456667,148.21066667,5075.076662471813,-2838.227019640569,4560,2,82.664,
6561,2017-12-30T05:24:42Z,-32.79435000,148.21076667,5076.076662471813,-2837.227019640569,4561,2,82.642,
6562,2017-12-30T05:24:43Z,-32.79413333,148.21086667,5077.076662471813,-2836.227019640569,4562,2,82.621,
6563,2017-12-30T05:24:44Z,-32.79393333,148.21096667,5078.076662471813,-2835.227019640569,4563,2,82.601,
6564,2017-12-30T05:24:45Z,-32.79371667,148.21108333,5079.076662471813,-2834.227019640569,4564,2,82.58,
6565,2017-12-30T05:24:46Z,-32.79351667,148.21118333,5080.076662471813,-2833.227019640569,4565,2,82.56,
6566,2017-12-30T05:24:47Z,-32.79330000,148.21128333,5081.076662471813,-2832.227019640569,4566,2,82.539,
6567,2017-12-30T05:24:48Z,-32.79310000,148.21138333,5082.076662471813,-2831.227019640569,4567,2,82.519,
6568,2017-12-30T05:24:49Z,-32.79288333,148.21146667,5083.076662471813,-2830.227019640569,4568,2,82.497,
6569,2017-12-30T05:24:50Z,-32.79268333,148.21155000,5084.076662471813,-2829.227019640569,4569,2,82.477,
6570,2017-12-30T05:24:51Z,-32.79248333,148.21165000,5085.076662471813,-2828.227019640569,4570,2,82.457,
6571,2017-12-30T05:24:52Z,-32.79226667,148.21175000,5086.076662471813,-2827.227019640569,4571,2,82.436,
6572,2017-12-30T05:24:53Z,-32.79205000,148.21185000,5087.076662471813,-2826.227019640569,4572,2,82.414,
6573,2017-12-30T05:24:54Z,-32.79185000,148.21196667,5088.076662471813,-2825.227019640569,4573,2,82.395,
6574,2017-12-30T05:24:55Z,-32.79163333,148.21206667,5089.076662471813,-2824.227019640569,4574,2,82.373,
6575,2017-12-30T05:24:56Z,-32.79143333,148.21216667,5090.076662471813,-2823.227019640569,4575,2,82.353,
6576,2017-12-30T05:24:57Z,-32.79123333,148.21226667,5091.076662471813,-2822.227019640569,4576,2,82.334,
6577,2017-12-30T05:24:58Z,-32.79101667,148.21236667,5092.076662471813,-2821.227019640569,4577,2,82.312,
6578,2017-12-30T05:24:59Z,-32.79083333,148.21248333,5093.076662471813,-2820.227019640569,4578,2,82.295,
6579,2017-12-30T05:25:00Z,-32.79063333,148.21256667,5094.076662471813,-2819.227019640569,4579,2,82.275,
6580,2017-12-30T05:25:01Z,-32.79043333,148.21266667,5095.076662471813,-2818.227019640569,4580,2,82.255,
6581,2017-12-30T05:25:02Z,-32.79023333,148.21275000,5096.076662471813,-2817.227019640569,4581,2,82.235,
6582,2017-12-30T05:25:03Z,-32.79005000,148.21285000,5097.076662471813,-2816.227019640569,4582,2,82.217,
6583,2017-12-30T05:25:04Z,-32.78985000,148.21293333,5098.076662471813,-2815.227019640569,4583,2,82.197,
6584,2017-12-30T05:25:05Z,-32.78965000,148.21303333,5099.076662471813,-2814.227019640569,4584,2,82.177,
6585,2017-12-30T05:25:06Z,-32.78946667,148.21313333,5100.076662471813,-2813.227019640569,4585,2,82.159,
6586,2017-12-30T05:25:07Z,-32.78926667,148.21325000,5101.076662471813,-2812.227019640569,4586,2,82.14,
6587,2017-12-30T05:25:08Z,-32.78906667,148.21335000,5102.076662471813,-2811.227019640569,4587,2,82.12,
6588,2017-12-30T05:25:09Z,-32.78885000,148.21346667,5103.076662471813,-2810.227019640569,4588,2,82.099,
6589,2017-12-30T05:25:10Z,-32.78865000,148.21358333,5104.076662471813,-2809.227019640569,4589,2,82.08,
6590,2017-12-30T05:25:11Z,-32.78845000,148.21371667,5105.076662471813,-2808.227019640569,4590,2,82.061,
6591,2017-12-30T05:25:12Z,-32.78825000,148.21383333,5106.076662471813,-2807.227019640569,4591,2,82.042,
6592,2017-12-30T05:25:13Z,-32.78805000,148.21398333,5107.076662471813,-2806.227019640569,4592,2,82.023,
6593,2017-12-30T05:25:14Z,-32.78786667,148.21410000,5108.076662471813,-2805.227019640569,4593,2,82.005,
6594,2017-12-30T05:25:15Z,-32.78766667,148.21423333,5109.076662471813,-2804.227019640569,4594,2,81.986,
6595,2017-12-30T05:25:16Z,-32.78748333,148.21435000,5110.076662471813,-2803.227019640569,4595,2,81.969,
6596,2017-12-30T05:25:17Z,-32.78730000,148.21448333,5111.076662471813,-2802.227019640569,4596,2,81.952,
6597,2017-12-30T05:25:18Z,-32.78710000,148.21461667,5112.076662471813,-2801.227019640569,4597,2,81.933,
6598,2017-12-30T05:25:19Z,-32.78691667,148.21473333,5113.076662471813,-2800.227019640569,4598,2,81.915,
6599,2017-12-30T05:25:20Z,-32.78671667,148.21485000,5114.076662471813,-2799.227019640569,4599,2,81.896,
6600,2017-12-30T05:25:21Z,-32.78651667,148.21493333,5115.076662471813,-2798.227019640569,4600,2,81.876,
6601,2017-12-30T05:25:22Z,-32.78631667,148.21498333,5116.076662471813,-2797.227019640569,4601,2,81.855,
6602,2017-12-30T05:25:23Z,-32.78613333,148.21503333,5117.076662471813,-2796.227019640569,4602,2,81.836,
6603,2017-12-30T05:25:24Z,-32.78596667,148.21506667,5118.076662471813,-2795.227019640569,4603,2,81.819,
6604,2017-12-30T05:25:25Z,-32.78578333,148.21510000,5119.076662471813,-2794.227019640569,4604,2,81.799,
6605,2017-12-30T05:25:26Z,-32.78563333,148.21515000,5120.076662471813,-2793.227019640569,4605,2,81.784,
6606,2017-12-30T05:25:27Z,-32.78546667,148.21516667,5121.076662471813,-2792.227019640569,4606,2,81.766,
6607,2017-12-30T05:25:28Z,-32.78531667,148.21520000,5122.076662471813,-2791.227019640569,4607,2,81.751,
6608,2017-12-30T05:25:29Z,-32.78515000,148.21521667,5123.076662471813,-2790.227019640569,4608,2,81.733,
6609,2017-12-30T05:25:30Z,-32.78500000,148.21523333,5124.076662471813,-2789.227019640569,4609,2,81.717,
6610,2017-12-30T05:25:31Z,-32.78483333,148.21523333,5125.076662471813,-2788.227019640569,4610,2,81.699,
6611,2017-12-30T05:25:32Z,-32.78466667,148.21521667,5126.076662471813,-2787.227019640569,4611,2,81.68,
6612,2017-12-30T05:25:33Z,-32.78450000,148.21521667,5127.076662471813,-2786.227019640569,4612,2,81.662,
6613,2017-12-30T05:25:34Z,-32.78433333,148.21520000,5128.076662471813,-2785.227019640569,4613,2,81.644,
6614,2017-12-30T05:25:35Z,-32.78416667,148.21521667,5129.076662471813,-2784.227019640569,4614,2,81.626,
6615,2017-12-30T05:25:36Z,-32.78400000,148.21521667,5130.076662471813,-2783.227019640569,4615,2,81.608,
6616,2017-12-30T05:25:37Z,-32.78381667,148.21525000,5131.076662471813,-2782.227019640569,4616,2,81.589,
6617,2017-12-30T05:25:38Z,-32.78365000,148.21526667,5132.076662471813,-2781.227019640569,4617,2,81.571,
6618,2017-12-30T05:25:39Z,-32.78346667,148.21526667,5133.076662471813,-2780.227019640569,4618,2,81.551,
6619,2017-12-30T05:25:40Z,-32.78330000,148.21526667,5134.076662471813,-2779.227019640569,4619,2,81.533,
6620,2017-12-30T05:25:41Z,-32.78313333,148.21526667,5135.076662471813,-2778.227019640569,4620,2,81.515,
6621,2017-12-30T05:25:42Z,-32.78296667,148.21525000,5136.076662471813,-2777.227019640569,4621,2,81.496,
6622,2017-12-30T05:25:43Z,-32.78281667,148.21521667,5137.076662471813,-2776.227019640569,4622,2,81.48,
6623,2017-12-30T05:25:44Z,-32.78265000,148.21518333,5138.076662471813,-2775.227019640569,4623,2,81.461,
6624,2017-12-30T05:25:45Z,-32.78250000,148.21515000,5139.076662471813,-2774.227019640569,4624,2,81.444,
6625,2017-12-30T05:25:46Z,-32.78235000,148.21510000,5140.076662471813,-2773.227019640569,4625,2,81.427,
6626,2017-12-30T05:25:47Z,-32.78220000,148.21503333,5141.076662471813,-2772.227019640569,4626,2,81.409,
6627,2017-12-30T05:25:48Z,-32.78206667,148.21498333,5142.076662471813,-2771.227019640569,4627,2,81.393,
6628,2017-12-30T05:25:49Z,-32.78193333,148.21495000,5143.076662471813,-2770.227019640569,4628,2,81.378,
6629,2017-12-30T05:25:50Z,-32.78178333,148.21491667,5144.076662471813,-2769.227019640569,4629,2,81.361,
6630,2017-12-30T05:25:51Z,-32.78161667,148.21488333,5145.076662471813,-2768.227019640569,4630,2,81.343,
6631,2017-12-30T05:25:52Z,-32.78145000,148.21483333,5146.076662471813,-2767.227019640569,4631,2,81.323,
6632,2017-12-30T05:25:53Z,-32.78126667,148.21480000,5147.076662471813,-2766.227019640569,4632,2,81.303,
6633,2017-12-30T05:25:54Z,-32.78110000,148.21476667,5148.076662471813,-2765.227019640569,4633,2,81.284,
6634,2017-12-30T05:25:55Z,-32.78093333,148.21473333,5149.076662471813,-2764.227019640569,4634,2,81.265,
6635,2017-12-30T05:25:56Z,-32.78075000,148.21471667,5150.076662471813,-2763.227019640569,4635,2,81.245,
6636,2017-12-30T05:25:57Z,-32.78055000,148.21470000,5151.076662471813,-2762.227019640569,4636,2,81.223,
6637,2017-12-30T05:25:58Z,-32.78038333,148.21473333,5152.076662471813,-2761.227019640569,4637,2,81.206,
6638,2017-12-30T05:25:59Z,-32.78025000,148.21493333,5153.076662471813,-2760.227019640569,4638,2,81.195,
6639,2017-12-30T05:26:00Z,-32.78015000,148.21511667,5154.076662471813,-2759.227019640569,4639,2,81.188,
6640,2017-12-30T05:26:01Z,-32.78008333,148.21531667,5155.076662471813,-2758.227019640569,4640,2,81.185,
6641,2017-12-30T05:26:02Z,-32.78005000,148.21553333,5156.076662471813,-2757.227019640569,4641,2,81.186,
6642,2017-12-30T05:26:03Z,-32.78005000,148.21571667,5157.076662471813,-2756.227019640569,4642,2,81.189,
6643,2017-12-30T05:26:04Z,-32.78006667,148.21588333,5158.076662471813,-2755.227019640569,4643,2,81.195,
6644,2017-12-30T05:26:05Z,-32.78013333,148.21603333,5159.076662471813,-2754.227019640569,4644,2,81.205,
6645,2017-12-30T05:26:06Z,-32.78023333,148.21611667,5160.076662471813,-2753.227019640569,4645,2,81.217,
6646,2017-12-30T05:26:07Z,-32.78033333,148.21613333,5161.076662471813,-2752.227019640569,4646,2,81.229,
6647,2017-12-30T05:26:08Z,-32.78041667,148.21611667,5162.076662471813,-2751.227019640569,4647,2,81.237,
6648,2017-12-30T05:26:09Z,-32.78048333,148.21608333,5163.076662471813,-2750.227019640569,4648,2,81.244,
6649,2017-12-30T05:26:10Z,-32.78055000,148.21603333,5164.076662471813,-2749.227019640569,4649,2,81.25,
6650,2017-12-30T05:26:11Z,-32.78058333,148.21596667,5165.076662471813,-2748.227019640569,4650,2,81.252,
6651,2017-12-30T05:26:12Z,-32.78058333,148.21588333,5166.076662471813,-2747.227019640569,4651,2,81.251,
6652,2017-12-30T05:26:13Z,-32.78056667,148.21580000,5167.076662471813,-2746.227019640569,4652,2,81.247,
6653,2017-12-30T05:26:14Z,-32.78055000,148.21571667,5168.076662471813,-2745.227019640569,4653,2,81.244,
6654,2017-12-30T05:26:15Z,-32.78051667,148.21560000,5169.076662471813,-2744.227019640569,4654,2,81.238,
6655,2017-12-30T05:26:16Z,-32.78046667,148.21551667,5170.076662471813,-2743.227019640569,4655,2,81.231,
6656,2017-12-30T05:26:17Z,-32.78041667,148.21543333,5171.076662471813,-2742.227019640569,4656,2,81.223,
6657,2017-12-30T05:26:18Z,-32.78036667,148.21535000,5172.076662471813,-2741.227019640569,4657,2,81.216,
6658,2017-12-30T05:26:19Z,-32.78031667,148.21526667,5173.076662471813,-2740.227019640569,4658,2,81.209,
6659,2017-12-30T05:26:20Z,-32.78025000,148.21520000,5174.076662471813,-2739.227019640569,4659,2,81.201,
6660,2017-12-30T05:26:21Z,-32.78013333,148.21515000,5175.076662471813,-2738.227019640569,4660,2,81.187,
6661,2017-12-30T05:26:22Z,-32.78000000,148.21510000,5176.076662471813,-2737.227019640569,4661,2,81.171,
6662,2017-12-30T05:26:23Z,-32.77983333,148.21508333,5177.076662471813,-2736.227019640569,4662,2,81.153,
6663,2017-12-30T05:26:24Z,-32.77966667,148.21508333,5178.076662471813,-2735.227019640569,4663,2,81.135,
6664,2017-12-30T05:26:25Z,-32.77948333,148.21510000,5179.076662471813,-2734.227019640569,4664,2,81.115,
6665,2017-12-30T05:26:26Z,-32.77931667,148.21511667,5180.076662471813,-2733.227019640569,4665,2,81.098,
6666,2017-12-30T05:26:27Z,-32.77913333,148.21515000,5181.076662471813,-2732.227019640569,4666,2,81.078,
6667,2017-12-30T05:26:28Z,-32.77895000,148.21521667,5182.076662471813,-2731.227019640569,4667,2,81.06,
6668,2017-12-30T05:26:29Z,-32.77875000,148.21530000,5183.076662471813,-2730.227019640569,4668,2,81.04,
6669,2017-12-30T05:26:30Z,-32.77858333,148.21543333,5184.076662471813,-2729.227019640569,4669,2,81.024,
6670,2017-12-30T05:26:31Z,-32.77841667,148.21558333,5185.076662471813,-2728.227019640569,4670,2,81.009,
6671,2017-12-30T05:26:32Z,-32.77828333,148.21578333,5186.076662471813,-2727.227019640569,4671,2,80.999,
6672,2017-12-30T05:26:33Z,-32.77816667,148.21598333,5187.076662471813,-2726.227019640569,4672,2,80.99,
6673,2017-12-30T05:26:34Z,-32.77806667,148.21620000,5188.076662471813,-2725.227019640569,4673,2,80.984,
6674,2017-12-30T05:26:35Z,-32.77800000,148.21645000,5189.076662471813,-2724.227019640569,4674,2,80.982,
6675,2017-12-30T05:26:36Z,-32.77796667,148.21668333,5190.076662471813,-2723.227019640569,4675,2,80.983,
6676,2017-12-30T05:26:37Z,-32.77796667,148.21693333,5191.076662471813,-2722.227019640569,4676,2,80.988,
6677,2017-12-30T05:26:38Z,-32.77801667,148.21716667,5192.076662471813,-2721.227019640569,4677,2,80.998,
6678,2017-12-30T05:26:39Z,-32.77806667,148.21738333,5193.076662471813,-2720.227019640569,4678,2,81.008,
6679,2017-12-30T05:26:40Z,-32.77813333,148.21760000,5194.076662471813,-2719.227019640569,4679,2,81.02,
6680,2017-12-30T05:26:41Z,-32.77821667,148.21783333,5195.076662471813,-2718.227019640569,4680,2,81.034,
6681,2017-12-30T05:26:42Z,-32.77826667,148.21808333,5196.076662471813,-2717.227019640569,4681,2,81.044,
6682,2017-12-30T05:26:43Z,-32.77831667,148.21831667,5197.076662471813,-2716.227019640569,4682,2,81.055,
6683,2017-12-30T05:26:44Z,-32.77838333,148.21851667,5198.076662471813,-2715.227019640569,4683,2,81.066,
6684,2017-12-30T05:26:45Z,-32.77845000,148.21870000,5199.076662471813,-2714.227019640569,4684,2,81.077,
6685,2017-12-30T05:26:46Z,-32.77850000,148.21885000,5200.076662471813,-2713.227019640569,4685,2,81.086,
6686,2017-12-30T05:26:47Z,-32.77855000,148.21896667,5201.076662471813,-2712.227019640569,4686,2,81.093,
6687,2017-12-30T05:26:48Z,-32.77861667,148.21903333,5202.076662471813,-2711.227019640569,4687,2,81.102,
6688,2017-12-30T05:26:49Z,-32.77868333,148.21901667,5203.076662471813,-2710.227019640569,4688,2,81.109,
6689,2017-12-30T05:26:50Z,-32.77871667,148.21898333,5204.076662471813,-2709.227019640569,4689,2,81.112,
6690,2017-12-30T05:26:51Z,-32.77870000,148.21890000,5205.076662471813,-2708.227019640569,4690,2,81.108,
6691,2017-12-30T05:26:52Z,-32.77865000,148.21880000,5206.076662471813,-2707.227019640569,4691,2,81.101,
6692,2017-12-30T05:26:53Z,-32.77858333,148.21873333,5207.076662471813,-2706.227019640569,4692,2,81.092,
6693,2017-12-30T05:26:54Z,-32.77845000,148.21868333,5208.076662471813,-2705.227019640569,4693,2,81.077,
6694,2017-12-30T05:26:55Z,-32.77830000,148.21868333,5209.076662471813,-2704.227019640569,4694,2,81.06,
6695,2017-12-30T05:26:56Z,-32.77813333,148.21873333,5210.076662471813,-2703.227019640569,4695,2,81.043,
6696,2017-12-30T05:26:57Z,-32.77796667,148.21883333,5211.076662471813,-2702.227019640569,4696,2,81.027,
6697,2017-12-30T05:26:58Z,-32.77780000,148.21900000,5212.076662471813,-2701.227019640569,4697,2,81.013,
6698,2017-12-30T05:26:59Z,-32.77766667,148.21920000,5213.076662471813,-2700.227019640569,4698,2,81.002,
6699,2017-12-30T05:27:00Z,-32.77756667,148.21943333,5214.076662471813,-2699.227019640569,4699,2,80.996,
6700,2017-12-30T05:27:01Z,-32.77751667,148.21968333,5215.076662471813,-2698.227019640569,4700,2,80.996,
6701,2017-12-30T05:27:02Z,-32.77751667,148.21991667,5216.076662471813,-2697.227019640569,4701,2,81.001,
6702,2017-12-30T05:27:03Z,-32.77753333,148.22015000,5217.076662471813,-2696.227019640569,4702,2,81.008,
6703,2017-12-30T05:27:04Z,-32.77761667,148.22033333,5218.076662471813,-2695.227019640569,4703,2,81.021,
6704,2017-12-30T05:27:05Z,-32.77771667,148.22050000,5219.076662471813,-2694.227019640569,4704,2,81.035,
6705,2017-12-30T05:27:06Z,-32.77781667,148.22063333,5220.076662471813,-2693.227019640569,4705,2,81.049,
6706,2017-12-30T05:27:07Z,-32.77790000,148.22076667,5221.076662471813,-2692.227019640569,4706,2,81.06,
6707,2017-12-30T05:27:08Z,-32.77798333,148.22088333,5222.076662471813,-2691.227019640569,4707,2,81.072,
6708,2017-12-30T05:27:09Z,-32.77805000,148.22101667,5223.076662471813,-2690.227019640569,4708,2,81.082,
6709,2017-12-30T05:27:10Z,-32.77811667,148.22113333,5224.076662471813,-2689.227019640569,4709,2,81.092,
6710,2017-12-30T05:27:11Z,-32.77820000,148.22125000,5225.076662471813,-2688.227019640569,4710,2,81.103,
6711,2017-12-30T05:27:12Z,-32.77828333,148.22135000,5226.076662471813,-2687.227019640569,4711,2,81.114,
6712,2017-12-30T05:27:13Z,-32.77835000,148.22140000,5227.076662471813,-2686.227019640569,4712,2,81.122,
6713,2017-12-30T05:27:14Z,-32.77843333,148.22143333,5228.076662471813,-2685.227019640569,4713,2,81.132,
6714,2017-12-30T05:27:15Z,-32.77851667,148.22145000,5229.076662471813,-2684.227019640569,4714,2,81.142,
6715,2017-12-30T05:27:16Z,-32.77858333,148.22140000,5230.076662471813,-2683.227019640569,4715,2,81.148,
6716,2017-12-30T05:27:17Z,-32.77865000,148.22131667,5231.076662471813,-2682.227019640569,4716,2,81.153,
6717,2017-12-30T05:27:18Z,-32.77865000,148.22120000,5232.076662471813,-2681.227019640569,4717,2,81.151,
6718,2017-12-30T05:27:19Z,-32.77861667,148.22110000,5233.076662471813,-2680.227019640569,4718,2,81.145,
6719,2017-12-30T05:27:20Z,-32.77851667,148.22101667,5234.076662471813,-2679.227019640569,4719,2,81.132,
6720,2017-12-30T05:27:21Z,-32.77838333,148.22096667,5235.076662471813,-2678.227019640569,4720,2,81.117,
6721,2017-12-30T05:27:22Z,-32.77823333,148.22091667,5236.076662471813,-2677.227019640569,4721,2,81.1,
6722,2017-12-30T05:27:23Z,-32.77806667,148.22090000,5237.076662471813,-2676.227019640569,4722,2,81.081,
6723,2017-12-30T05:27:24Z,-32.77790000,148.22091667,5238.076662471813,-2675.227019640569,4723,2,81.064,
6724,2017-12-30T05:27:25Z,-32.77771667,148.22096667,5239.076662471813,-2674.227019640569,4724,2,81.045,
6725,2017-12-30T05:27:26Z,-32.77753333,148.22106667,5240.076662471813,-2673.227019640569,4725,2,81.027,
6726,2017-12-30T05:27:27Z,-32.77736667,148.22125000,5241.076662471813,-2672.227019640569,4726,2,81.013,
6727,2017-12-30T05:27:28Z,-32.77723333,148.22146667,5242.076662471813,-2671.227019640569,4727,2,81.003,
6728,2017-12-30T05:27:29Z,-32.77713333,148.22170000,5243.076662471813,-2670.227019640569,4728,2,80.997,
6729,2017-12-30T05:27:30Z,-32.77708333,148.22193333,5244.076662471813,-2669.227019640569,4729,2,80.996,
6730,2017-12-30T05:27:31Z,-32.77708333,148.22216667,5245.076662471813,-2668.227019640569,4730,2,81.001,
6731,2017-12-30T05:27:32Z,-32.77711667,148.22235000,5246.076662471813,-2667.227019640569,4731,2,81.009,
6732,2017-12-30T05:27:33Z,-32.77716667,148.22251667,5247.076662471813,-2666.227019640569,4732,2,81.018,
6733,2017-12-30T05:27:34Z,-32.77723333,148.22261667,5248.076662471813,-2665.227019640569,4733,2,81.027,
6734,2017-12-30T05:27:35Z,-32.77731667,148.22270000,5249.076662471813,-2664.227019640569,4734,2,81.038,
6735,2017-12-30T05:27:36Z,-32.77740000,148.22273333,5250.076662471813,-2663.227019640569,4735,2,81.048,
6736,2017-12-30T05:27:37Z,-32.77746667,148.22271667,5251.076662471813,-2662.227019640569,4736,2,81.054,
6737,2017-12-30T05:27:38Z,-32.77750000,148.22263333,5252.076662471813,-2661.227019640569,4737,2,81.056,
6738,2017-12-30T05:27:39Z,-32.77750000,148.22253333,5253.076662471813,-2660.227019640569,4738,2,81.054,
6739,2017-12-30T05:27:40Z,-32.77746667,148.22245000,5254.076662471813,-2659.227019640569,4739,2,81.049,
6740,2017-12-30T05:27:41Z,-32.77738333,148.22235000,5255.076662471813,-2658.227019640569,4740,2,81.038,
6741,2017-12-30T05:27:42Z,-32.77726667,148.22230000,5256.076662471813,-2657.227019640569,4741,2,81.024,
6742,2017-12-30T05:27:43Z,-32.77711667,148.22228333,5257.076662471813,-2656.227019640569,4742,2,81.007,
6743,2017-12-30T05:27:44Z,-32.77695000,148.22231667,5258.076662471813,-2655.227019640569,4743,2,80.99,
6744,2017-12-30T05:27:45Z,-32.77676667,148.22241667,5259.076662471813,-2654.227019640569,4744,2,80.972,
6745,2017-12-30T05:27:46Z,-32.77660000,148.22256667,5260.076662471813,-2653.227019640569,4745,2,80.957,
6746,2017-12-30T05:27:47Z,-32.77645000,148.22276667,5261.076662471813,-2652.227019640569,4746,2,80.945,
6747,2017-12-30T05:27:48Z,-32.77633333,148.22296667,5262.076662471813,-2651.227019640569,4747,2,80.937,
6748,2017-12-30T05:27:49Z,-32.77625000,148.22318333,5263.076662471813,-2650.227019640569,4748,2,80.933,
6749,2017-12-30T05:27:50Z,-32.77618333,148.22341667,5264.076662471813,-2649.227019640569,4749,2,80.93,
6750,2017-12-30T05:27:51Z,-32.77616667,148.22363333,5265.076662471813,-2648.227019640569,4750,2,80.933,
6751,2017-12-30T05:27:52Z,-32.77620000,148.22381667,5266.076662471813,-2647.227019640569,4751,2,80.941,
6752,2017-12-30T05:27:53Z,-32.77628333,148.22395000,5267.076662471813,-2646.227019640569,4752,2,80.952,
6753,2017-12-30T05:27:54Z,-32.77636667,148.22403333,5268.076662471813,-2645.227019640569,4753,2,80.963,
6754,2017-12-30T05:27:55Z,-32.77646667,148.22408333,5269.076662471813,-2644.227019640569,4754,2,80.975,
6755,2017-12-30T05:27:56Z,-32.77656667,148.22410000,5270.076662471813,-2643.227019640569,4755,2,80.986,
6756,2017-12-30T05:27:57Z,-32.77665000,148.22406667,5271.076662471813,-2642.227019640569,4756,2,80.995,
6757,2017-12-30T05:27:58Z,-32.77671667,148.22401667,5272.076662471813,-2641.227019640569,4757,2,81.001,
6758,2017-12-30T05:27:59Z,-32.77676667,148.22393333,5273.076662471813,-2640.227019640569,4758,2,81.004,
6759,2017-12-30T05:28:00Z,-32.77680000,148.22385000,5274.076662471813,-2639.227019640569,4759,2,81.006,
6760,2017-12-30T05:28:01Z,-32.77680000,148.22378333,5275.076662471813,-2638.227019640569,4760,2,81.005,
6761,2017-12-30T05:28:02Z,-32.77678333,148.22373333,5276.076662471813,-2637.227019640569,4761,2,81.002,
6762,2017-12-30T05:28:03Z,-32.77675000,148.22368333,5277.076662471813,-2636.227019640569,4762,2,80.997,
6763,2017-12-30T05:28:04Z,-32.77670000,148.22361667,5278.076662471813,-2635.227019640569,4763,2,80.99,
6764,2017-12-30T05:28:05Z,-32.77661667,148.22358333,5279.076662471813,-2634.227019640569,4764,2,80.981,
6765,2017-12-30T05:28:06Z,-32.77651667,148.22353333,5280.076662471813,-2633.227019640569,4765,2,80.969,
6766,2017-12-30T05:28:07Z,-32.77638333,148.22350000,5281.076662471813,-2632.227019640569,4766,2,80.954,
6767,2017-12-30T05:28:08Z,-32.77621667,148.22350000,5282.076662471813,-2631.227019640569,4767,2,80.936,
6768,2017-12-30T05:28:09Z,-32.77605000,148.22353333,5283.076662471813,-2630.227019640569,4768,2,80.918,
6769,2017-12-30T05:28:10Z,-32.77586667,148.22363333,5284.076662471813,-2629.227019640569,4769,2,80.901,
6770,2017-12-30T05:28:11Z,-32.77571667,148.22380000,5285.076662471813,-2628.227019640569,4770,2,80.888,
6771,2017-12-30T05:28:12Z,-32.77558333,148.22400000,5286.076662471813,-2627.227019640569,4771,2,80.878,
6772,2017-12-30T05:28:13Z,-32.77548333,148.22421667,5287.076662471813,-2626.227019640569,4772,2,80.872,
6773,2017-12-30T05:28:14Z,-32.77543333,148.22445000,5288.076662471813,-2625.227019640569,4773,2,80.871,
6774,2017-12-30T05:28:15Z,-32.77538333,148.22466667,5289.076662471813,-2624.227019640569,4774,2,80.87,
6775,2017-12-30T05:28:16Z,-32.77538333,148.22488333,5290.076662471813,-2623.227019640569,4775,2,80.875,
6776,2017-12-30T05:28:17Z,-32.77540000,148.22505000,5291.076662471813,-2622.227019640569,4776,2,80.88,
6777,2017-12-30T05:28:18Z,-32.77545000,148.22520000,5292.076662471813,-2621.227019640569,4777,2,80.889,
6778,2017-12-30T05:28:19Z,-32.77551667,148.22528333,5293.076662471813,-2620.227019640569,4778,2,80.898,
6779,2017-12-30T05:28:20Z,-32.77560000,148.22533333,5294.076662471813,-2619.227019640569,4779,2,80.908,
6780,2017-12-30T05:28:21Z,-32.77566667,148.22535000,5295.076662471813,-2618.227019640569,4780,2,80.916,
6781,2017-12-30T05:28:22Z,-32.77575000,148.22535000,5296.076662471813,-2617.227019640569,4781,2,80.925,
6782,2017-12-30T05:28:23Z,-32.77581667,148.22531667,5297.076662471813,-2616.227019640569,4782,2,80.931,
6783,2017-12-30T05:28:24Z,-32.77588333,148.22526667,5298.076662471813,-2615.227019640569,4783,2,80.937,
6784,2017-12-30T05:28:25Z,-32.77593333,148.22523333,5299.076662471813,-2614.227019640569,4784,2,80.942,
6785,2017-12-30T05:28:26Z,-32.77598333,148.22520000,5300.076662471813,-2613.227019640569,4785,2,80.947,
6786,2017-12-30T05:28:27Z,-32.77605000,148.22516667,5301.076662471813,-2612.227019640569,4786,2,80.953,
6787,2017-12-30T05:28:28Z,-32.77610000,148.22515000,5302.076662471813,-2611.227019640569,4787,2,80.958,
6788,2017-12-30T05:28:29Z,-32.77615000,148.22513333,5303.076662471813,-2610.227019640569,4788,2,80.963,
6789,2017-12-30T05:28:30Z,-32.77620000,148.22511667,5304.076662471813,-2609.227019640569,4789,2,80.968,
6790,2017-12-30T05:28:31Z,-32.77623333,148.22510000,5305.076662471813,-2608.227019640569,4790,2,80.972,
6791,2017-12-30T05:28:32Z,-32.77626667,148.22508333,5306.076662471813,-2607.227019640569,4791,2,80.975,
6792,2017-12-30T05:28:33Z,-32.77631667,148.22506667,5307.076662471813,-2606.227019640569,4792,2,80.98,
6793,2017-12-30T05:28:34Z,-32.77638333,148.22505000,5308.076662471813,-2605.227019640569,4793,2,80.987,
6794,2017-12-30T05:28:35Z,-32.77643333,148.22503333,5309.076662471813,-2604.227019640569,4794,2,80.992,
6795,2017-12-30T05:28:36Z,-32.77650000,148.22501667,5310.076662471813,-2603.227019640569,4795,2,80.999,
6796,2017-12-30T05:28:37Z,-32.77655000,148.22498333,5311.076662471813,-2602.227019640569,4796,2,81.003,
6797,2017-12-30T05:28:38Z,-32.77661667,148.22495000,5312.076662471813,-2601.227019640569,4797,2,81.01,
6798,2017-12-30T05:28:39Z,-32.77668333,148.22490000,5313.076662471813,-2600.227019640569,4798,2,81.016,
6799,2017-12-30T05:28:40Z,-32.77675000,148.22485000,5314.076662471813,-2599.227019640569,4799,2,81.022,
6800,2017-12-30T05:28:41Z,-32.77680000,148.22480000,5315.076662471813,-2598.227019640569,4800,2,81.027,
6801,2017-12-30T05:28:42Z,-32.77685000,148.22475000,5316.076662471813,-2597.227019640569,4801,2,81.031,
6802,2017-12-30T05:28:43Z,-32.77690000,148.22470000,5317.076662471813,-2596.227019640569,4802,2,81.035,
6803,2017-12-30T05:28:44Z,-32.77693333,148.22465000,5318.076662471813,-2595.227019640569,4803,2,81.038,
6804,2017-12-30T05:28:45Z,-32.77696667,148.22460000,5319.076662471813,-2594.227019640569,4804,2,81.04,
6805,2017-12-30T05:28:46Z,-32.77698333,148.22453333,5320.076662471813,-2593.227019640569,4805,2,81.041,
6806,2017-12-30T05:28:47Z,-32.77698333,148.22446667,5321.076662471813,-2592.227019640569,4806,2,81.039,
6807,2017-12-30T05:28:48Z,-32.77696667,148.22440000,5322.076662471813,-2591.227019640569,4807,2,81.036,
6808,2017-12-30T05:28:49Z,-32.77690000,148.22435000,5323.076662471813,-2590.227019640569,4808,2,81.028,
6809,2017-12-30T05:28:50Z,-32.77678333,148.22433333,5324.076662471813,-2589.227019640569,4809,2,81.015,
6810,2017-12-30T05:28:51Z,-32.77665000,148.22435000,5325.076662471813,-2588.227019640569,4810,2,81.001,
6811,2017-12-30T05:28:52Z,-32.77648333,148.22441667,5326.076662471813,-2587.227019640569,4811,2,80.984,
6812,2017-12-30T05:28:53Z,-32.77633333,148.22455000,5327.076662471813,-2586.227019640569,4812,2,80.971,
6813,2017-12-30T05:28:54Z,-32.77618333,148.22473333,5328.076662471813,-2585.227019640569,4813,2,80.958,
6814,2017-12-30T05:28:55Z,-32.77608333,148.22495000,5329.076662471813,-2584.227019640569,4814,2,80.952,
6815,2017-12-30T05:28:56Z,-32.77603333,148.22520000,5330.076662471813,-2583.227019640569,4815,2,80.952,
6816,2017-12-30T05:28:57Z,-32.77603333,148.22541667,5331.076662471813,-2582.227019640569,4816,2,80.957,
6817,2017-12-30T05:28:58Z,-32.77608333,148.22561667,5332.076662471813,-2581.227019640569,4817,2,80.966,
6818,2017-12-30T05:28:59Z,-32.77615000,148.22578333,5333.076662471813,-2580.227019640569,4818,2,80.977,
6819,2017-12-30T05:29:00Z,-32.77625000,148.22588333,5334.076662471813,-2579.227019640569,4819,2,80.99,
6820,2017-12-30T05:29:01Z,-32.77633333,148.22595000,5335.076662471813,-2578.227019640569,4820,2,81.001,
6821,2017-12-30T05:29:02Z,-32.77645000,148.22596667,5336.076662471813,-2577.227019640569,4821,2,81.014,
6822,2017-12-30T05:29:03Z,-32.77653333,148.22596667,5337.076662471813,-2576.227019640569,4822,2,81.023,
6823,2017-12-30T05:29:04Z,-32.77663333,148.22595000,5338.076662471813,-2575.227019640569,4823,2,81.033,
6824,2017-12-30T05:29:05Z,-32.77666667,148.22591667,5339.076662471813,-2574.227019640569,4824,2,81.036,
6825,2017-12-30T05:29:06Z,-32.77670000,148.22586667,5340.076662471813,-2573.227019640569,4825,2,81.039,
6826,2017-12-30T05:29:07Z,-32.77668333,148.22580000,5341.076662471813,-2572.227019640569,4826,2,81.035,
6827,2017-12-30T05:29:08Z,-32.77663333,148.22573333,5342.076662471813,-2571.227019640569,4827,2,81.028,
6828,2017-12-30T05:29:09Z,-32.77653333,148.22566667,5343.076662471813,-2570.227019640569,4828,2,81.016,
6829,2017-12-30T05:29:10Z,-32.77641667,148.22561667,5344.076662471813,-2569.227019640569,4829,2,81.003,
6830,2017-12-30T05:29:11Z,-32.77628333,148.22558333,5345.076662471813,-2568.227019640569,4830,2,80.987,
6831,2017-12-30T05:29:12Z,-32.77611667,148.22560000,5346.076662471813,-2567.227019640569,4831,2,80.97,
6832,2017-12-30T05:29:13Z,-32.77593333,148.22563333,5347.076662471813,-2566.227019640569,4832,2,80.951,
6833,2017-12-30T05:29:14Z,-32.77573333,148.22570000,5348.076662471813,-2565.227019640569,4833,2,80.93,
6834,2017-12-30T05:29:15Z,-32.77555000,148.22581667,5349.076662471813,-2564.227019640569,4834,2,80.913,
6835,2017-12-30T05:29:16Z,-32.77536667,148.22596667,5350.076662471813,-2563.227019640569,4835,2,80.896,
6836,2017-12-30T05:29:17Z,-32.77521667,148.22616667,5351.076662471813,-2562.227019640569,4836,2,80.884,
6837,2017-12-30T05:29:18Z,-32.77511667,148.22641667,5352.076662471813,-2561.227019640569,4837,2,80.879,
6838,2017-12-30T05:29:19Z,-32.77506667,148.22666667,5353.076662471813,-2560.227019640569,4838,2,80.879,
6839,2017-12-30T05:29:20Z,-32.77506667,148.22693333,5354.076662471813,-2559.227019640569,4839,2,80.885,
6840,2017-12-30T05:29:21Z,-32.77510000,148.22716667,5355.076662471813,-2558.227019640569,4840,2,80.893,
6841,2017-12-30T05:29:22Z,-32.77516667,148.22736667,5356.076662471813,-2557.227019640569,4841,2,80.905,
6842,2017-12-30T05:29:23Z,-32.77526667,148.22751667,5357.076662471813,-2556.227019640569,4842,2,80.919,
6843,2017-12-30T05:29:24Z,-32.77536667,148.22765000,5358.076662471813,-2555.227019640569,4843,2,80.933,
6844,2017-12-30T05:29:25Z,-32.77548333,148.22773333,5359.076662471813,-2554.227019640569,4844,2,80.947,
6845,2017-12-30T05:29:26Z,-32.77558333,148.22778333,5360.076662471813,-2553.227019640569,4845,2,80.959,
6846,2017-12-30T05:29:27Z,-32.77568333,148.22781667,5361.076662471813,-2552.227019640569,4846,2,80.971,
6847,2017-12-30T05:29:28Z,-32.77575000,148.22780000,5362.076662471813,-2551.227019640569,4847,2,80.978,
6848,2017-12-30T05:29:29Z,-32.77578333,148.22776667,5363.076662471813,-2550.227019640569,4848,2,80.98,
6849,2017-12-30T05:29:30Z,-32.77578333,148.22768333,5364.076662471813,-2549.227019640569,4849,2,80.979,
6850,2017-12-30T05:29:31Z,-32.77573333,148.22761667,5365.076662471813,-2548.227019640569,4850,2,80.972,
6851,2017-12-30T05:29:32Z,-32.77563333,148.22755000,5366.076662471813,-2547.227019640569,4851,2,80.959,
6852,2017-12-30T05:29:33Z,-32.77550000,148.22750000,5367.076662471813,-2546.227019640569,4852,2,80.944,
6853,2017-12-30T05:29:34Z,-32.77533333,148.22750000,5368.076662471813,-2545.227019640569,4853,2,80.926,
6854,2017-12-30T05:29:35Z,-32.77515000,148.22753333,5369.076662471813,-2544.227019640569,4854,2,80.907,
6855,2017-12-30T05:29:36Z,-32.77496667,148.22760000,5370.076662471813,-2543.227019640569,4855,2,80.888,
6856,2017-12-30T05:29:37Z,-32.77478333,148.22768333,5371.076662471813,-2542.227019640569,4856,2,80.87,
6857,2017-12-30T05:29:38Z,-32.77460000,148.22781667,5372.076662471813,-2541.227019640569,4857,2,80.854,
6858,2017-12-30T05:29:39Z,-32.77445000,148.22801667,5373.076662471813,-2540.227019640569,4858,2,80.842,
6859,2017-12-30T05:29:40Z,-32.77435000,148.22823333,5374.076662471813,-2539.227019640569,4859,2,80.836,
6860,2017-12-30T05:29:41Z,-32.77430000,148.22846667,5375.076662471813,-2538.227019640569,4860,2,80.835,
6861,2017-12-30T05:29:42Z,-32.77428333,148.22868333,5376.076662471813,-2537.227019640569,4861,2,80.838,
6862,2017-12-30T05:29:43Z,-32.77430000,148.22890000,5377.076662471813,-2536.227019640569,4862,2,80.845,
6863,2017-12-30T05:29:44Z,-32.77435000,148.22911667,5378.076662471813,-2535.227019640569,4863,2,80.855,
6864,2017-12-30T05:29:45Z,-32.77441667,148.22931667,5379.076662471813,-2534.227019640569,4864,2,80.866,
6865,2017-12-30T05:29:46Z,-32.77450000,148.22950000,5380.076662471813,-2533.227019640569,4865,2,80.879,
6866,2017-12-30T05:29:47Z,-32.77460000,148.22961667,5381.076662471813,-2532.227019640569,4866,2,80.893,
6867,2017-12-30T05:29:48Z,-32.77470000,148.22970000,5382.076662471813,-2531.227019640569,4867,2,80.905,
6868,2017-12-30T05:29:49Z,-32.77480000,148.22976667,5383.076662471813,-2530.227019640569,4868,2,80.918,
6869,2017-12-30T05:29:50Z,-32.77488333,148.22976667,5384.076662471813,-2529.227019640569,4869,2,80.927,
6870,2017-12-30T05:29:51Z,-32.77495000,148.22976667,5385.076662471813,-2528.227019640569,4870,2,80.934,
6871,2017-12-30T05:29:52Z,-32.77500000,148.22971667,5386.076662471813,-2527.227019640569,4871,2,80.938,
6872,2017-12-30T05:29:53Z,-32.77500000,148.22961667,5387.076662471813,-2526.227019640569,4872,2,80.936,
6873,2017-12-30T05:29:54Z,-32.77496667,148.22951667,5388.076662471813,-2525.227019640569,4873,2,80.93,
6874,2017-12-30T05:29:55Z,-32.77490000,148.22943333,5389.076662471813,-2524.227019640569,4874,2,80.921,
6875,2017-12-30T05:29:56Z,-32.77481667,148.22936667,5390.076662471813,-2523.227019640569,4875,2,80.911,
6876,2017-12-30T05:29:57Z,-32.77471667,148.22931667,5391.076662471813,-2522.227019640569,4876,2,80.899,
6877,2017-12-30T05:29:58Z,-32.77460000,148.22928333,5392.076662471813,-2521.227019640569,4877,2,80.886,
6878,2017-12-30T05:29:59Z,-32.77443333,148.22928333,5393.076662471813,-2520.227019640569,4878,2,80.867,
6879,2017-12-30T05:30:00Z,-32.77425000,148.22936667,5394.076662471813,-2519.227019640569,4879,2,80.85,
6880,2017-12-30T05:30:01Z,-32.77406667,148.22950000,5395.076662471813,-2518.227019640569,4880,2,80.833,
6881,2017-12-30T05:30:02Z,-32.77385000,148.22968333,5396.076662471813,-2517.227019640569,4881,2,80.813,
6882,2017-12-30T05:30:03Z,-32.77366667,148.22986667,5397.076662471813,-2516.227019640569,4882,2,80.797,
6883,2017-12-30T05:30:04Z,-32.77351667,148.23008333,5398.076662471813,-2515.227019640569,4883,2,80.786,
6884,2017-12-30T05:30:05Z,-32.77340000,148.23030000,5399.076662471813,-2514.227019640569,4884,2,80.778,
6885,2017-12-30T05:30:06Z,-32.77333333,148.23055000,5400.076662471813,-2513.227019640569,4885,2,80.776,
6886,2017-12-30T05:30:07Z,-32.77330000,148.23078333,5401.076662471813,-2512.227019640569,4886,2,80.778,
6887,2017-12-30T05:30:08Z,-32.77333333,148.23100000,5402.076662471813,-2511.227019640569,4887,2,80.786,
6888,2017-12-30T05:30:09Z,-32.77340000,148.23116667,5403.076662471813,-2510.227019640569,4888,2,80.797,
6889,2017-12-30T05:30:10Z,-32.77350000,148.23126667,5404.076662471813,-2509.227019640569,4889,2,80.81,
6890,2017-12-30T05:30:11Z,-32.77360000,148.23131667,5405.076662471813,-2508.227019640569,4890,2,80.822,
6891,2017-12-30T05:30:12Z,-32.77368333,148.23133333,5406.076662471813,-2507.227019640569,4891,2,80.832,
6892,2017-12-30T05:30:13Z,-32.77375000,148.23130000,5407.076662471813,-2506.227019640569,4892,2,80.838,
6893,2017-12-30T05:30:14Z,-32.77376667,148.23123333,5408.076662471813,-2505.227019640569,4893,2,80.838,
6894,2017-12-30T05:30:15Z,-32.77378333,148.23115000,5409.076662471813,-2504.227019640569,4894,2,80.838,
6895,2017-12-30T05:30:16Z,-32.77378333,148.23105000,5410.076662471813,-2503.227019640569,4895,2,80.836,
6896,2017-12-30T05:30:17Z,-32.77380000,148.23098333,5411.076662471813,-2502.227019640569,4896,2,80.836,
6897,2017-12-30T05:30:18Z,-32.77383333,148.23091667,5412.076662471813,-2501.227019640569,4897,2,80.839,
6898,2017-12-30T05:30:19Z,-32.77388333,148.23086667,5413.076662471813,-2500.227019640569,4898,2,80.843,
6899,2017-12-30T05:30:20Z,-32.77391667,148.23078333,5414.076662471813,-2499.227019640569,4899,2,80.845,
6900,2017-12-30T05:30:21Z,-32.77395000,148.23071667,5415.076662471813,-2498.227019640569,4900,2,80.847,
6901,2017-12-30T05:30:22Z,-32.77400000,148.23065000,5416.076662471813,-2497.227019640569,4901,2,80.851,
6902,2017-12-30T05:30:23Z,-32.77403333,148.23060000,5417.076662471813,-2496.227019640569,4902,2,80.853,
6903,2017-12-30T05:30:24Z,-32.77410000,148.23056667,5418.076662471813,-2495.227019640569,4903,2,80.86,
6904,2017-12-30T05:30:25Z,-32.77411667,148.23055000,5419.076662471813,-2494.227019640569,4904,2,80.861,
6905,2017-12-30T05:30:26Z,-32.77413333,148.23053333,5420.076662471813,-2493.227019640569,4905,2,80.863,
6906,2017-12-30T05:30:27Z,-32.77418333,148.23051667,5421.076662471813,-2492.227019640569,4906,2,80.868,
6907,2017-12-30T05:30:28Z,-32.77425000,148.23050000,5422.076662471813,-2491.227019640569,4907,2,80.874,
6908,2017-12-30T05:30:29Z,-32.77433333,148.23050000,5423.076662471813,-2490.227019640569,4908,2,80.883,
6909,2017-12-30T05:30:30Z,-32.77440000,148.23051667,5424.076662471813,-2489.227019640569,4909,2,80.891,
6910,2017-12-30T05:30:31Z,-32.77448333,148.23053333,5425.076662471813,-2488.227019640569,4910,2,80.9,
6911,2017-12-30T05:30:32Z,-32.77455000,148.23055000,5426.076662471813,-2487.227019640569,4911,2,80.908,
6912,2017-12-30T05:30:33Z,-32.77461667,148.23055000,5427.076662471813,-2486.227019640569,4912,2,80.915,
6913,2017-12-30T05:30:34Z,-32.77465000,148.23053333,5428.076662471813,-2485.227019640569,4913,2,80.918,
6914,2017-12-30T05:30:35Z,-32.77465000,148.23050000,5429.076662471813,-2484.227019640569,4914,2,80.918,
6915,2017-12-30T05:30:36Z,-32.77463333,148.23046667,5430.076662471813,-2483.227019640569,4915,2,80.915,
6916,2017-12-30T05:30:37Z,-32.77460000,148.23041667,5431.076662471813,-2482.227019640569,4916,2,80.91,
6917,2017-12-30T05:30:38Z,-32.77456667,148.23036667,5432.076662471813,-2481.227019640569,4917,2,80.906,
6918,2017-12-30T05:30:39Z,-32.77448333,148.23031667,5433.076662471813,-2480.227019640569,4918,2,80.896,
6919,2017-12-30T05:30:40Z,-32.77440000,148.23025000,5434.076662471813,-2479.227019640569,4919,2,80.885,
6920,2017-12-30T05:30:41Z,-32.77430000,148.23016667,5435.076662471813,-2478.227019640569,4920,2,80.872,
6921,2017-12-30T05:30:42Z,-32.77418333,148.23010000,5436.076662471813,-2477.227019640569,4921,2,80.858,
6922,2017-12-30T05:30:43Z,-32.77405000,148.23001667,5437.076662471813,-2476.227019640569,4922,2,80.842,
6923,2017-12-30T05:30:44Z,-32.77393333,148.22993333,5438.076662471813,-2475.227019640569,4923,2,80.828,
6924,2017-12-30T05:30:45Z,-32.77380000,148.22988333,5439.076662471813,-2474.227019640569,4924,2,80.812,
6925,2017-12-30T05:30:46Z,-32.77366667,148.22986667,5440.076662471813,-2473.227019640569,4925,2,80.797,
6926,2017-12-30T05:30:47Z,-32.77353333,148.22983333,5441.076662471813,-2472.227019640569,4926,2,80.782,
6927,2017-12-30T05:30:48Z,-32.77340000,148.22981667,5442.076662471813,-2471.227019640569,4927,2,80.768,
6928,2017-12-30T05:30:49Z,-32.77325000,148.22980000,5443.076662471813,-2470.227019640569,4928,2,80.751,
6929,2017-12-30T05:30:50Z,-32.77310000,148.22978333,5444.076662471813,-2469.227019640569,4929,2,80.734,
6930,2017-12-30T05:30:51Z,-32.77295000,148.22976667,5445.076662471813,-2468.227019640569,4930,2,80.718,
6931,2017-12-30T05:30:52Z,-32.77281667,148.22976667,5446.076662471813,-2467.227019640569,4931,2,80.703,
6932,2017-12-30T05:30:53Z,-32.77266667,148.22975000,5447.076662471813,-2466.227019640569,4932,2,80.687,
6933,2017-12-30T05:30:54Z,-32.77251667,148.22975000,5448.076662471813,-2465.227019640569,4933,2,80.671,
6934,2017-12-30T05:30:55Z,-32.77236667,148.22971667,5449.076662471813,-2464.227019640569,4934,2,80.654,
6935,2017-12-30T05:30:56Z,-32.77220000,148.22971667,5450.076662471813,-2463.227019640569,4935,2,80.636,
6936,2017-12-30T05:30:57Z,-32.77206667,148.22971667,5451.076662471813,-2462.227019640569,4936,2,80.621,
6937,2017-12-30T05:30:58Z,-32.77191667,148.22971667,5452.076662471813,-2461.227019640569,4937,2,80.605,
6938,2017-12-30T05:30:59Z,-32.77176667,148.22975000,5453.076662471813,-2460.227019640569,4938,2,80.59,
6939,2017-12-30T05:31:00Z,-32.77163333,148.22976667,5454.076662471813,-2459.227019640569,4939,2,80.575,
6940,2017-12-30T05:31:01Z,-32.77146667,148.22978333,5455.076662471813,-2458.227019640569,4940,2,80.558,
6941,2017-12-30T05:31:02Z,-32.77130000,148.22981667,5456.076662471813,-2457.227019640569,4941,2,80.541,
6942,2017-12-30T05:31:03Z,-32.77113333,148.22983333,5457.076662471813,-2456.227019640569,4942,2,80.523,
6943,2017-12-30T05:31:04Z,-32.77095000,148.22985000,5458.076662471813,-2455.227019640569,4943,2,80.503,
6944,2017-12-30T05:31:05Z,-32.77076667,148.22988333,5459.076662471813,-2454.227019640569,4944,2,80.484,
6945,2017-12-30T05:31:06Z,-32.77058333,148.22990000,5460.076662471813,-2453.227019640569,4945,2,80.465,
6946,2017-12-30T05:31:07Z,-32.77041667,148.22990000,5461.076662471813,-2452.227019640569,4946,2,80.447,
6947,2017-12-30T05:31:08Z,-32.77025000,148.22990000,5462.076662471813,-2451.227019640569,4947,2,80.429,
6948,2017-12-30T05:31:09Z,-32.77006667,148.22990000,5463.076662471813,-2450.227019640569,4948,2,80.409,
6949,2017-12-30T05:31:10Z,-32.76990000,148.22990000,5464.076662471813,-2449.227019640569,4949,2,80.391,
6950,2017-12-30T05:31:11Z,-32.76973333,148.22990000,5465.076662471813,-2448.227019640569,4950,2,80.373,
6951,2017-12-30T05:31:12Z,-32.76956667,148.22988333,5466.076662471813,-2447.227019640569,4951,2,80.355,
6952,2017-12-30T05:31:13Z,-32.76940000,148.22986667,5467.076662471813,-2446.227019640569,4952,2,80.336,
6953,2017-12-30T05:31:14Z,-32.76923333,148.22986667,5468.076662471813,-2445.227019640569,4953,2,80.318,
6954,2017-12-30T05:31:15Z,-32.76906667,148.22986667,5469.076662471813,-2444.227019640569,4954,2,80.3,
6955,2017-12-30T05:31:16Z,-32.76888333,148.22988333,5470.076662471813,-2443.227019640569,4955,2,80.281,
6956,2017-12-30T05:31:17Z,-32.76870000,148.22990000,5471.076662471813,-2442.227019640569,4956,2,80.261,
6957,2017-12-30T05:31:18Z,-32.76850000,148.22991667,5472.076662471813,-2441.227019640569,4957,2,80.24,
6958,2017-12-30T05:31:19Z,-32.76831667,148.22993333,5473.076662471813,-2440.227019640569,4958,2,80.221,
6959,2017-12-30T05:31:20Z,-32.76813333,148.22995000,5474.076662471813,-2439.227019640569,4959,2,80.201,
6960,2017-12-30T05:31:21Z,-32.76795000,148.22996667,5475.076662471813,-2438.227019640569,4960,2,80.182,
6961,2017-12-30T05:31:22Z,-32.76776667,148.22996667,5476.076662471813,-2437.227019640569,4961,2,80.162,
6962,2017-12-30T05:31:23Z,-32.76756667,148.22996667,5477.076662471813,-2436.227019640569,4962,2,80.141,
6963,2017-12-30T05:31:24Z,-32.76736667,148.22996667,5478.076662471813,-2435.227019640569,4963,2,80.119,
6964,2017-12-30T05:31:25Z,-32.76716667,148.22998333,5479.076662471813,-2434.227019640569,4964,2,80.098,
6965,2017-12-30T05:31:26Z,-32.76698333,148.22998333,5480.076662471813,-2433.227019640569,4965,2,80.078,
6966,2017-12-30T05:31:27Z,-32.76680000,148.23000000,5481.076662471813,-2432.227019640569,4966,2,80.058,
6967,2017-12-30T05:31:28Z,-32.76661667,148.23000000,5482.076662471813,-2431.227019640569,4967,2,80.039,
6968,2017-12-30T05:31:29Z,-32.76641667,148.23001667,5483.076662471813,-2430.227019640569,4968,2,80.017,
6969,2017-12-30T05:31:30Z,-32.76625000,148.23003333,5484.076662471813,-2429.227019640569,4969,2,80.0,
6970,2017-12-30T05:31:31Z,-32.76605000,148.23003333,5485.076662471813,-2428.227019640569,4970,2,79.978,
6971,2017-12-30T05:31:32Z,-32.76586667,148.23005000,5486.076662471813,-2427.227019640569,4971,2,79.959,
6972,2017-12-30T05:31:33Z,-32.76566667,148.23006667,5487.076662471813,-2426.227019640569,4972,2,79.938,
6973,2017-12-30T05:31:34Z,-32.76546667,148.23008333,5488.076662471813,-2425.227019640569,4973,2,79.916,
6974,2017-12-30T05:31:35Z,-32.76525000,148.23011667,5489.076662471813,-2424.227019640569,4974,2,79.894,
6975,2017-12-30T05:31:36Z,-32.76505000,148.23013333,5490.076662471813,-2423.227019640569,4975,2,79.872,
6976,2017-12-30T05:31:37Z,-32.76483333,148.23013333,5491.076662471813,-2422.227019640569,4976,2,79.849,
6977,2017-12-30T05:31:38Z,-32.76465000,148.23013333,5492.076662471813,-2421.227019640569,4977,2,79.829,
6978,2017-12-30T05:31:39Z,-32.76448333,148.23011667,5493.076662471813,-2420.227019640569,4978,2,79.811,
6979,2017-12-30T05:31:40Z,-32.76430000,148.23010000,5494.076662471813,-2419.227019640569,4979,2,79.791,
6980,2017-12-30T05:31:41Z,-32.76415000,148.23008333,5495.076662471813,-2418.227019640569,4980,2,79.774,
6981,2017-12-30T05:31:42Z,-32.76398333,148.23006667,5496.076662471813,-2417.227019640569,4981,2,79.756,
6982,2017-12-30T05:31:43Z,-32.76381667,148.23003333,5497.076662471813,-2416.227019640569,4982,2,79.737,
6983,2017-12-30T05:31:44Z,-32.76366667,148.23000000,5498.076662471813,-2415.227019640569,4983,2,79.72,
6984,2017-12-30T05:31:45Z,-32.76351667,148.22998333,5499.076662471813,-2414.227019640569,4984,2,79.703,
6985,2017-12-30T05:31:46Z,-32.76335000,148.22996667,5500.076662471813,-2413.227019640569,4985,2,79.685,
6986,2017-12-30T05:31:47Z,-32.76318333,148.22995000,5501.076662471813,-2412.227019640569,4986,2,79.667,
6987,2017-12-30T05:31:48Z,-32.76301667,148.22995000,5502.076662471813,-2411.227019640569,4987,2,79.649,
6988,2017-12-30T05:31:49Z,-32.76283333,148.22995000,5503.076662471813,-2410.227019640569,4988,2,79.629,
6989,2017-12-30T05:31:50Z,-32.76266667,148.22996667,5504.076662471813,-2409.227019640569,4989,2,79.611,
6990,2017-12-30T05:31:51Z,-32.76248333,148.22998333,5505.076662471813,-2408.227019640569,4990,2,79.592,
6991,2017-12-30T05:31:52Z,-32.76230000,148.22998333,5506.076662471813,-2407.227019640569,4991,2,79.572,
6992,2017-12-30T05:31:53Z,-32.76210000,148.22998333,5507.076662471813,-2406.227019640569,4992,2,79.551,
6993,2017-12-30T05:31:54Z,-32.76191667,148.22996667,5508.076662471813,-2405.227019640569,4993,2,79.53,
6994,2017-12-30T05:31:55Z,-32.76173333,148.22993333,5509.076662471813,-2404.227019640569,4994,2,79.51,
6995,2017-12-30T05:31:56Z,-32.76156667,148.22991667,5510.076662471813,-2403.227019640569,4995,2,79.491,
6996,2017-12-30T05:31:57Z,-32.76140000,148.22988333,5511.076662471813,-2402.227019640569,4996,2,79.473,
6997,2017-12-30T05:31:58Z,-32.76121667,148.22986667,5512.076662471813,-2401.227019640569,4997,2,79.453,
6998,2017-12-30T05:31:59Z,-32.76105000,148.22985000,5513.076662471813,-2400.227019640569,4998,2,79.434,
6999,2017-12-30T05:32:00Z,-32.76088333,148.22980000,5514.076662471813,-2399.227019640569,4999,2,79.415,
7000,2017-12-30T05:32:01Z,-32.76073333,148.22976667,5515.076662471813,-2398.227019640569,5000,2,79.398,
7001,2017-12-30T05:32:02Z,-32.76056667,148.22973333,5516.076662471813,-2397.227019640569,5001,2,79.379,
7002,2017-12-30T05:32:03Z,-32.76041667,148.22968333,5517.076662471813,-2396.227019640569,5002,2,79.362,
7003,2017-12-30T05:32:04Z,-32.76026667,148.22965000,5518.076662471813,-2395.227019640569,5003,2,79.345,
7004,2017-12-30T05:32:05Z,-32.76013333,148.22961667,5519.076662471813,-2394.227019640569,5004,2,79.33,
7005,2017-12-30T05:32:06Z,-32.75998333,148.22958333,5520.076662471813,-2393.227019640569,5005,2,79.313,
7006,2017-12-30T05:32:07Z,-32.75981667,148.22956667,5521.076662471813,-2392.227019640569,5006,2,79.295,
7007,2017-12-30T05:32:08Z,-32.75965000,148.22955000,5522.076662471813,-2391.227019640569,5007,2,79.276,
7008,2017-12-30T05:32:09Z,-32.75948333,148.22953333,5523.076662471813,-2390.227019640569,5008,2,79.258,
7009,2017-12-30T05:32:10Z,-32.75930000,148.22951667,5524.076662471813,-2389.227019640569,5009,2,79.238,
7010,2017-12-30T05:32:11Z,-32.75911667,148.22950000,5525.076662471813,-2388.227019640569,5010,2,79.218,
7011,2017-12-30T05:32:12Z,-32.75893333,148.22950000,5526.076662471813,-2387.227019640569,5011,2,79.198,
7012,2017-12-30T05:32:13Z,-32.75873333,148.22950000,5527.076662471813,-2386.227019640569,5012,2,79.176,
7013,2017-12-30T05:32:14Z,-32.75853333,148.22953333,5528.076662471813,-2385.227019640569,5013,2,79.155,
7014,2017-12-30T05:32:15Z,-32.75833333,148.22955000,5529.076662471813,-2384.227019640569,5014,2,79.134,
7015,2017-12-30T05:32:16Z,-32.75813333,148.22958333,5530.076662471813,-2383.227019640569,5015,2,79.113,
7016,2017-12-30T05:32:17Z,-32.75795000,148.22961667,5531.076662471813,-2382.227019640569,5016,2,79.094,
7017,2017-12-30T05:32:18Z,-32.75775000,148.22965000,5532.076662471813,-2381.227019640569,5017,2,79.073,
7018,2017-12-30T05:32:19Z,-32.75756667,148.22968333,5533.076662471813,-2380.227019640569,5018,2,79.054,
7019,2017-12-30T05:32:20Z,-32.75738333,148.22971667,5534.076662471813,-2379.227019640569,5019,2,79.035,
7020,2017-12-30T05:32:21Z,-32.75718333,148.22973333,5535.076662471813,-2378.227019640569,5020,2,79.014,
7021,2017-12-30T05:32:22Z,-32.75700000,148.22975000,5536.076662471813,-2377.227019640569,5021,2,78.995,
7022,2017-12-30T05:32:23Z,-32.75681667,148.22973333,5537.076662471813,-2376.227019640569,5022,2,78.975,
7023,2017-12-30T05:32:24Z,-32.75665000,148.22971667,5538.076662471813,-2375.227019640569,5023,2,78.956,
7024,2017-12-30T05:32:25Z,-32.75646667,148.22970000,5539.076662471813,-2374.227019640569,5024,2,78.936,
7025,2017-12-30T05:32:26Z,-32.75631667,148.22968333,5540.076662471813,-2373.227019640569,5025,2,78.919,
7026,2017-12-30T05:32:27Z,-32.75615000,148.22966667,5541.076662471813,-2372.227019640569,5026,2,78.901,
7027,2017-12-30T05:32:28Z,-32.75600000,148.22963333,5542.076662471813,-2371.227019640569,5027,2,78.884,
7028,2017-12-30T05:32:29Z,-32.75585000,148.22961667,5543.076662471813,-2370.227019640569,5028,2,78.868,
7029,2017-12-30T05:32:30Z,-32.75570000,148.22958333,5544.076662471813,-2369.227019640569,5029,2,78.851,
7030,2017-12-30T05:32:31Z,-32.75555000,148.22956667,5545.076662471813,-2368.227019640569,5030,2,78.834,
7031,2017-12-30T05:32:32Z,-32.75541667,148.22953333,5546.076662471813,-2367.227019640569,5031,2,78.819,
7032,2017-12-30T05:32:33Z,-32.75526667,148.22950000,5547.076662471813,-2366.227019640569,5032,2,78.802,
7033,2017-12-30T05:32:34Z,-32.75513333,148.22945000,5548.076662471813,-2365.227019640569,5033,2,78.786,
7034,2017-12-30T05:32:35Z,-32.75498333,148.22941667,5549.076662471813,-2364.227019640569,5034,2,78.77,
7035,2017-12-30T05:32:36Z,-32.75483333,148.22936667,5550.076662471813,-2363.227019640569,5035,2,78.752,
7036,2017-12-30T05:32:37Z,-32.75470000,148.22933333,5551.076662471813,-2362.227019640569,5036,2,78.737,
7037,2017-12-30T05:32:38Z,-32.75455000,148.22928333,5552.076662471813,-2361.227019640569,5037,2,78.72,
7038,2017-12-30T05:32:39Z,-32.75440000,148.22923333,5553.076662471813,-2360.227019640569,5038,2,78.702,
7039,2017-12-30T05:32:40Z,-32.75426667,148.22920000,5554.076662471813,-2359.227019640569,5039,2,78.687,
7040,2017-12-30T05:32:41Z,-32.75411667,148.22916667,5555.076662471813,-2358.227019640569,5040,2,78.67,
7041,2017-12-30T05:32:42Z,-32.75396667,148.22913333,5556.076662471813,-2357.227019640569,5041,2,78.653,
7042,2017-12-30T05:32:43Z,-32.75383333,148.22910000,5557.076662471813,-2356.227019640569,5042,2,78.638,
7043,2017-12-30T05:32:44Z,-32.75368333,148.22905000,5558.076662471813,-2355.227019640569,5043,2,78.621,
7044,2017-12-30T05:32:45Z,-32.75355000,148.22903333,5559.076662471813,-2354.227019640569,5044,2,78.606,
7045,2017-12-30T05:32:46Z,-32.75340000,148.22900000,5560.076662471813,-2353.227019640569,5045,2,78.589,
7046,2017-12-30T05:32:47Z,-32.75326667,148.22898333,5561.076662471813,-2352.227019640569,5046,2,78.575,
7047,2017-12-30T05:32:48Z,-32.75313333,148.22895000,5562.076662471813,-2351.227019640569,5047,2,78.559,
7048,2017-12-30T05:32:49Z,-32.75300000,148.22893333,5563.076662471813,-2350.227019640569,5048,2,78.545,
7049,2017-12-30T05:32:50Z,-32.75286667,148.22890000,5564.076662471813,-2349.227019640569,5049,2,78.529,
7050,2017-12-30T05:32:51Z,-32.75271667,148.22885000,5565.076662471813,-2348.227019640569,5050,2,78.512,
7051,2017-12-30T05:32:52Z,-32.75256667,148.22880000,5566.076662471813,-2347.227019640569,5051,2,78.495,
7052,2017-12-30T05:32:53Z,-32.75243333,148.22876667,5567.076662471813,-2346.227019640569,5052,2,78.48,
7053,2017-12-30T05:32:54Z,-32.75228333,148.22871667,5568.076662471813,-2345.227019640569,5053,2,78.462,
7054,2017-12-30T05:32:55Z,-32.75215000,148.22868333,5569.076662471813,-2344.227019640569,5054,2,78.447,
7055,2017-12-30T05:32:56Z,-32.75201667,148.22866667,5570.076662471813,-2343.227019640569,5055,2,78.432,
7056,2017-12-30T05:32:57Z,-32.75190000,148.22863333,5571.076662471813,-2342.227019640569,5056,2,78.419,
7057,2017-12-30T05:32:58Z,-32.75178333,148.22860000,5572.076662471813,-2341.227019640569,5057,2,78.406,
7058,2017-12-30T05:32:59Z,-32.75166667,148.22858333,5573.076662471813,-2340.227019640569,5058,2,78.393,
7059,2017-12-30T05:33:00Z,-32.75153333,148.22855000,5574.076662471813,-2339.227019640569,5059,2,78.378,
7060,2017-12-30T05:33:01Z,-32.75138333,148.22851667,5575.076662471813,-2338.227019640569,5060,2,78.361,
7061,2017-12-30T05:33:02Z,-32.75125000,148.22850000,5576.076662471813,-2337.227019640569,5061,2,78.346,
7062,2017-12-30T05:33:03Z,-32.75110000,148.22848333,5577.076662471813,-2336.227019640569,5062,2,78.329,
7063,2017-12-30T05:33:04Z,-32.75095000,148.22846667,5578.076662471813,-2335.227019640569,5063,2,78.313,
7064,2017-12-30T05:33:05Z,-32.75078333,148.22845000,5579.076662471813,-2334.227019640569,5064,2,78.295,
7065,2017-12-30T05:33:06Z,-32.75063333,148.22845000,5580.076662471813,-2333.227019640569,5065,2,78.278,
7066,2017-12-30T05:33:07Z,-32.75046667,148.22843333,5581.076662471813,-2332.227019640569,5066,2,78.26,
7067,2017-12-30T05:33:08Z,-32.75030000,148.22841667,5582.076662471813,-2331.227019640569,5067,2,78.242,
7068,2017-12-30T05:33:09Z,-32.75015000,148.22841667,5583.076662471813,-2330.227019640569,5068,2,78.225,
7069,2017-12-30T05:33:10Z,-32.74998333,148.22840000,5584.076662471813,-2329.227019640569,5069,2,78.207,
7070,2017-12-30T05:33:11Z,-32.74983333,148.22840000,5585.076662471813,-2328.227019640569,5070,2,78.191,
7071,2017-12-30T05:33:12Z,-32.74970000,148.22838333,5586.076662471813,-2327.227019640569,5071,2,78.176,
7072,2017-12-30T05:33:13Z,-32.74953333,148.22836667,5587.076662471813,-2326.227019640569,5072,2,78.158,
7073,2017-12-30T05:33:14Z,-32.74938333,148.22833333,5588.076662471813,-2325.227019640569,5073,2,78.141,
7074,2017-12-30T05:33:15Z,-32.74923333,148.22831667,5589.076662471813,-2324.227019640569,5074,2,78.124,
7075,2017-12-30T05:33:16Z,-32.74906667,148.22828333,5590.076662471813,-2323.227019640569,5075,2,78.106,
7076,2017-12-30T05:33:17Z,-32.74891667,148.22826667,5591.076662471813,-2322.227019640569,5076,2,78.089,
7077,2017-12-30T05:33:18Z,-32.74876667,148.22823333,5592.076662471813,-2321.227019640569,5077,2,78.072,
7078,2017-12-30T05:33:19Z,-32.74860000,148.22821667,5593.076662471813,-2320.227019640569,5078,2,78.054,
7079,2017-12-30T05:33:20Z,-32.74845000,148.22818333,5594.076662471813,-2319.227019640569,5079,2,78.037,
7080,2017-12-30T05:33:21Z,-32.74830000,148.22816667,5595.076662471813,-2318.227019640569,5080,2,78.02,
7081,2017-12-30T05:33:22Z,-32.74813333,148.22813333,5596.076662471813,-2317.227019640569,5081,2,78.001,
7082,2017-12-30T05:33:23Z,-32.74798333,148.22811667,5597.076662471813,-2316.227019640569,5082,2,77.985,
7083,2017-12-30T05:33:24Z,-32.74783333,148.22810000,5598.076662471813,-2315.227019640569,5083,2,77.968,
7084,2017-12-30T05:33:25Z,-32.74768333,148.22808333,5599.076662471813,-2314.227019640569,5084,2,77.952,
7085,2017-12-30T05:33:26Z,-32.74753333,148.22806667,5600.076662471813,-2313.227019640569,5085,2,77.935,
7086,2017-12-30T05:33:27Z,-32.74738333,148.22806667,5601.076662471813,-2312.227019640569,5086,2,77.919,
7087,2017-12-30T05:33:28Z,-32.74720000,148.22803333,5602.076662471813,-2311.227019640569,5087,2,77.898,
7088,2017-12-30T05:33:29Z,-32.74703333,148.22801667,5603.076662471813,-2310.227019640569,5088,2,77.88,
7089,2017-12-30T05:33:30Z,-32.74686667,148.22800000,5604.076662471813,-2309.227019640569,5089,2,77.862,
7090,2017-12-30T05:33:31Z,-32.74671667,148.22798333,5605.076662471813,-2308.227019640569,5090,2,77.845,
7091,2017-12-30T05:33:32Z,-32.74655000,148.22798333,5606.076662471813,-2307.227019640569,5091,2,77.827,
7092,2017-12-30T05:33:33Z,-32.74638333,148.22796667,5607.076662471813,-2306.227019640569,5092,2,77.809,
7093,2017-12-30T05:33:34Z,-32.74621667,148.22796667,5608.076662471813,-2305.227019640569,5093,2,77.791,
7094,2017-12-30T05:33:35Z,-32.74605000,148.22796667,5609.076662471813,-2304.227019640569,5094,2,77.773,
7095,2017-12-30T05:33:36Z,-32.74588333,148.22796667,5610.076662471813,-2303.227019640569,5095,2,77.755,
7096,2017-12-30T05:33:37Z,-32.74571667,148.22795000,5611.076662471813,-2302.227019640569,5096,2,77.737,
7097,2017-12-30T05:33:38Z,-32.74555000,148.22795000,5612.076662471813,-2301.227019640569,5097,2,77.719,
7098,2017-12-30T05:33:39Z,-32.74538333,148.22795000,5613.076662471813,-2300.227019640569,5098,2,77.701,
7099,2017-12-30T05:33:40Z,-32.74521667,148.22795000,5614.076662471813,-2299.227019640569,5099,2,77.683,
7100,2017-12-30T05:33:41Z,-32.74505000,148.22795000,5615.076662471813,-2298.227019640569,5100,2,77.665,
7101,2017-12-30T05:33:42Z,-32.74488333,148.22795000,5616.076662471813,-2297.227019640569,5101,2,77.647,
7102,2017-12-30T05:33:43Z,-32.74471667,148.22793333,5617.076662471813,-2296.227019640569,5102,2,77.628,
7103,2017-12-30T05:33:44Z,-32.74455000,148.22793333,5618.076662471813,-2295.227019640569,5103,2,77.61,
7104,2017-12-30T05:33:45Z,-32.74438333,148.22791667,5619.076662471813,-2294.227019640569,5104,2,77.592,
7105,2017-12-30T05:33:46Z,-32.74421667,148.22791667,5620.076662471813,-2293.227019640569,5105,2,77.574,
7106,2017-12-30T05:33:47Z,-32.74406667,148.22790000,5621.076662471813,-2292.227019640569,5106,2,77.557,
7107,2017-12-30T05:33:48Z,-32.74390000,148.22788333,5622.076662471813,-2291.227019640569,5107,2,77.539,
7108,2017-12-30T05:33:49Z,-32.74375000,148.22786667,5623.076662471813,-2290.227019640569,5108,2,77.522,
7109,2017-12-30T05:33:50Z,-32.74361667,148.22783333,5624.076662471813,-2289.227019640569,5109,2,77.507,
7110,2017-12-30T05:33:51Z,-32.74346667,148.22780000,5625.076662471813,-2288.227019640569,5110,2,77.49,
7111,2017-12-30T05:33:52Z,-32.74333333,148.22776667,5626.076662471813,-2287.227019640569,5111,2,77.475,
7112,2017-12-30T05:33:53Z,-32.74321667,148.22773333,5627.076662471813,-2286.227019640569,5112,2,77.462,
7113,2017-12-30T05:33:54Z,-32.74308333,148.22770000,5628.076662471813,-2285.227019640569,5113,2,77.447,
7114,2017-12-30T05:33:55Z,-32.74295000,148.22765000,5629.076662471813,-2284.227019640569,5114,2,77.431,
7115,2017-12-30T05:33:56Z,-32.74283333,148.22761667,5630.076662471813,-2283.227019640569,5115,2,77.418,
7116,2017-12-30T05:33:57Z,-32.74270000,148.22758333,5631.076662471813,-2282.227019640569,5116,2,77.403,
7117,2017-12-30T05:33:58Z,-32.74255000,148.22755000,5632.076662471813,-2281.227019640569,5117,2,77.386,
7118,2017-12-30T05:33:59Z,-32.74240000,148.22751667,5633.076662471813,-2280.227019640569,5118,2,77.369,
7119,2017-12-30T05:34:00Z,-32.74225000,148.22748333,5634.076662471813,-2279.227019640569,5119,2,77.352,
7120,2017-12-30T05:34:01Z,-32.74210000,148.22746667,5635.076662471813,-2278.227019640569,5120,2,77.335,
7121,2017-12-30T05:34:02Z,-32.74195000,148.22743333,5636.076662471813,-2277.227019640569,5121,2,77.318,
7122,2017-12-30T05:34:03Z,-32.74180000,148.22741667,5637.076662471813,-2276.227019640569,5122,2,77.302,
7123,2017-12-30T05:34:04Z,-32.74165000,148.22740000,5638.076662471813,-2275.227019640569,5123,2,77.285,
7124,2017-12-30T05:34:05Z,-32.74150000,148.22736667,5639.076662471813,-2274.227019640569,5124,2,77.268,
7125,2017-12-30T05:34:06Z,-32.74133333,148.22735000,5640.076662471813,-2273.227019640569,5125,2,77.25,
7126,2017-12-30T05:34:07Z,-32.74118333,148.22731667,5641.076662471813,-2272.227019640569,5126,2,77.233,
7127,2017-12-30T05:34:08Z,-32.74101667,148.22730000,5642.076662471813,-2271.227019640569,5127,2,77.215,
7128,2017-12-30T05:34:09Z,-32.74086667,148.22726667,5643.076662471813,-2270.227019640569,5128,2,77.198,
7129,2017-12-30T05:34:10Z,-32.74071667,148.22725000,5644.076662471813,-2269.227019640569,5129,2,77.181,
7130,2017-12-30T05:34:11Z,-32.74055000,148.22720000,5645.076662471813,-2268.227019640569,5130,2,77.162,
7131,2017-12-30T05:34:12Z,-32.74040000,148.22716667,5646.076662471813,-2267.227019640569,5131,2,77.145,
7132,2017-12-30T05:34:13Z,-32.74026667,148.22713333,5647.076662471813,-2266.227019640569,5132,2,77.13,
7133,2017-12-30T05:34:14Z,-32.74011667,148.22710000,5648.076662471813,-2265.227019640569,5133,2,77.113,
7134,2017-12-30T05:34:15Z,-32.73998333,148.22706667,5649.076662471813,-2264.227019640569,5134,2,77.098,
7135,2017-12-30T05:34:16Z,-32.73983333,148.22703333,5650.076662471813,-2263.227019640569,5135,2,77.081,
7136,2017-12-30T05:34:17Z,-32.73968333,148.22698333,5651.076662471813,-2262.227019640569,5136,2,77.064,
7137,2017-12-30T05:34:18Z,-32.73953333,148.22695000,5652.076662471813,-2261.227019640569,5137,2,77.047,
7138,2017-12-30T05:34:19Z,-32.73938333,148.22690000,5653.076662471813,-2260.227019640569,5138,2,77.029,
7139,2017-12-30T05:34:20Z,-32.73923333,148.22686667,5654.076662471813,-2259.227019640569,5139,2,77.013,
7140,2017-12-30T05:34:21Z,-32.73908333,148.22683333,5655.076662471813,-2258.227019640569,5140,2,76.996,
7141,2017-12-30T05:34:22Z,-32.73891667,148.22680000,5656.076662471813,-2257.227019640569,5141,2,76.977,
7142,2017-12-30T05:34:23Z,-32.73876667,148.22676667,5657.076662471813,-2256.227019640569,5142,2,76.96,
7143,2017-12-30T05:34:24Z,-32.73860000,148.22673333,5658.076662471813,-2255.227019640569,5143,2,76.941,
7144,2017-12-30T05:34:25Z,-32.73843333,148.22671667,5659.076662471813,-2254.227019640569,5144,2,76.923,
7145,2017-12-30T05:34:26Z,-32.73826667,148.22670000,5660.076662471813,-2253.227019640569,5145,2,76.904,
7146,2017-12-30T05:34:27Z,-32.73811667,148.22668333,5661.076662471813,-2252.227019640569,5146,2,76.888,
7147,2017-12-30T05:34:28Z,-32.73795000,148.22666667,5662.076662471813,-2251.227019640569,5147,2,76.87,
7148,2017-12-30T05:34:29Z,-32.73780000,148.22666667,5663.076662471813,-2250.227019640569,5148,2,76.853,
7149,2017-12-30T05:34:30Z,-32.73765000,148.22665000,5664.076662471813,-2249.227019640569,5149,2,76.837,
7150,2017-12-30T05:34:31Z,-32.73750000,148.22663333,5665.076662471813,-2248.227019640569,5150,2,76.82,
7151,2017-12-30T05:34:32Z,-32.73733333,148.22661667,5666.076662471813,-2247.227019640569,5151,2,76.802,
7152,2017-12-30T05:34:33Z,-32.73718333,148.22658333,5667.076662471813,-2246.227019640569,5152,2,76.785,
7153,2017-12-30T05:34:34Z,-32.73703333,148.22656667,5668.076662471813,-2245.227019640569,5153,2,76.768,
7154,2017-12-30T05:34:35Z,-32.73686667,148.22653333,5669.076662471813,-2244.227019640569,5154,2,76.75,
7155,2017-12-30T05:34:36Z,-32.73673333,148.22651667,5670.076662471813,-2243.227019640569,5155,2,76.735,
7156,2017-12-30T05:34:37Z,-32.73658333,148.22648333,5671.076662471813,-2242.227019640569,5156,2,76.718,
7157,2017-12-30T05:34:38Z,-32.73641667,148.22646667,5672.076662471813,-2241.227019640569,5157,2,76.7,
7158,2017-12-30T05:34:39Z,-32.73626667,148.22645000,5673.076662471813,-2240.227019640569,5158,2,76.683,
7159,2017-12-30T05:34:40Z,-32.73610000,148.22643333,5674.076662471813,-2239.227019640569,5159,2,76.665,
7160,2017-12-30T05:34:41Z,-32.73596667,148.22641667,5675.076662471813,-2238.227019640569,5160,2,76.65,
7161,2017-12-30T05:34:42Z,-32.73581667,148.22641667,5676.076662471813,-2237.227019640569,5161,2,76.634,
7162,2017-12-30T05:34:43Z,-32.73566667,148.22640000,5677.076662471813,-2236.227019640569,5162,2,76.617,
7163,2017-12-30T05:34:44Z,-32.73551667,148.22638333,5678.076662471813,-2235.227019640569,5163,2,76.601,
7164,2017-12-30T05:34:45Z,-32.73536667,148.22635000,5679.076662471813,-2234.227019640569,5164,2,76.584,
7165,2017-12-30T05:34:46Z,-32.73521667,148.22633333,5680.076662471813,-2233.227019640569,5165,2,76.567,
7166,2017-12-30T05:34:47Z,-32.73506667,148.22631667,5681.076662471813,-2232.227019640569,5166,2,76.551,
7167,2017-12-30T05:34:48Z,-32.73491667,148.22630000,5682.076662471813,-2231.227019640569,5167,2,76.534,
7168,2017-12-30T05:34:49Z,-32.73478333,148.22628333,5683.076662471813,-2230.227019640569,5168,2,76.519,
7169,2017-12-30T05:34:50Z,-32.73463333,148.22626667,5684.076662471813,-2229.227019640569,5169,2,76.503,
7170,2017-12-30T05:34:51Z,-32.73448333,148.22623333,5685.076662471813,-2228.227019640569,5170,2,76.486,
7171,2017-12-30T05:34:52Z,-32.73435000,148.22621667,5686.076662471813,-2227.227019640569,5171,2,76.471,
7172,2017-12-30T05:34:53Z,-32.73420000,148.22618333,5687.076662471813,-2226.227019640569,5172,2,76.454,
7173,2017-12-30T05:34:54Z,-32.73405000,148.22615000,5688.076662471813,-2225.227019640569,5173,2,76.437,
7174,2017-12-30T05:34:55Z,-32.73390000,148.22611667,5689.076662471813,-2224.227019640569,5174,2,76.42,
7175,2017-12-30T05:34:56Z,-32.73375000,148.22610000,5690.076662471813,-2223.227019640569,5175,2,76.404,
7176,2017-12-30T05:34:57Z,-32.73358333,148.22606667,5691.076662471813,-2222.227019640569,5176,2,76.385,
7177,2017-12-30T05:34:58Z,-32.73341667,148.22605000,5692.076662471813,-2221.227019640569,5177,2,76.367,
7178,2017-12-30T05:34:59Z,-32.73325000,148.22603333,5693.076662471813,-2220.227019640569,5178,2,76.348,
7179,2017-12-30T05:35:00Z,-32.73310000,148.22600000,5694.076662471813,-2219.227019640569,5179,2,76.331,
7180,2017-12-30T05:35:01Z,-32.73293333,148.22598333,5695.076662471813,-2218.227019640569,5180,2,76.313,
7181,2017-12-30T05:35:02Z,-32.73276667,148.22595000,5696.076662471813,-2217.227019640569,5181,2,76.294,
7182,2017-12-30T05:35:03Z,-32.73260000,148.22593333,5697.076662471813,-2216.227019640569,5182,2,76.276,
7183,2017-12-30T05:35:04Z,-32.73243333,148.22591667,5698.076662471813,-2215.227019640569,5183,2,76.258,
7184,2017-12-30T05:35:05Z,-32.73226667,148.22590000,5699.076662471813,-2214.227019640569,5184,2,76.239,
7185,2017-12-30T05:35:06Z,-32.73210000,148.22588333,5700.076662471813,-2213.227019640569,5185,2,76.221,
7186,2017-12-30T05:35:07Z,-32.73193333,148.22586667,5701.076662471813,-2212.227019640569,5186,2,76.203,
7187,2017-12-30T05:35:08Z,-32.73176667,148.22585000,5702.076662471813,-2211.227019640569,5187,2,76.184,
7188,2017-12-30T05:35:09Z,-32.73160000,148.22583333,5703.076662471813,-2210.227019640569,5188,2,76.166,
7189,2017-12-30T05:35:10Z,-32.73143333,148.22581667,5704.076662471813,-2209.227019640569,5189,2,76.147,
7190,2017-12-30T05:35:11Z,-32.73128333,148.22580000,5705.076662471813,-2208.227019640569,5190,2,76.131,
7191,2017-12-30T05:35:12Z,-32.73111667,148.22576667,5706.076662471813,-2207.227019640569,5191,2,76.112,
7192,2017-12-30T05:35:13Z,-32.73095000,148.22575000,5707.076662471813,-2206.227019640569,5192,2,76.094,
7193,2017-12-30T05:35:14Z,-32.73080000,148.22571667,5708.076662471813,-2205.227019640569,5193,2,76.077,
7194,2017-12-30T05:35:15Z,-32.73063333,148.22570000,5709.076662471813,-2204.227019640569,5194,2,76.059,
7195,2017-12-30T05:35:16Z,-32.73048333,148.22568333,5710.076662471813,-2203.227019640569,5195,2,76.042,
7196,2017-12-30T05:35:17Z,-32.73031667,148.22566667,5711.076662471813,-2202.227019640569,5196,2,76.024,
7197,2017-12-30T05:35:18Z,-32.73015000,148.22565000,5712.076662471813,-2201.227019640569,5197,2,76.005,
7198,2017-12-30T05:35:19Z,-32.72998333,148.22563333,5713.076662471813,-2200.227019640569,5198,2,75.987,
7199,2017-12-30T05:35:20Z,-32.72981667,148.22563333,5714.076662471813,-2199.227019640569,5199,2,75.969,
7200,2017-12-30T05:35:21Z,-32.72965000,148.22561667,5715.076662471813,-2198.227019640569,5200,2,75.951,
7201,2017-12-30T05:35:22Z,-32.72948333,148.22560000,5716.076662471813,-2197.227019640569,5201,2,75.932,
7202,2017-12-30T05:35:23Z,-32.72933333,148.22558333,5717.076662471813,-2196.227019640569,5202,2,75.916,
7203,2017-12-30T05:35:24Z,-32.72916667,148.22555000,5718.076662471813,-2195.227019640569,5203,2,75.897,
7204,2017-12-30T05:35:25Z,-32.72901667,148.22553333,5719.076662471813,-2194.227019640569,5204,2,75.88,
7205,2017-12-30T05:35:26Z,-32.72885000,148.22551667,5720.076662471813,-2193.227019640569,5205,2,75.862,
7206,2017-12-30T05:35:27Z,-32.72870000,148.22548333,5721.076662471813,-2192.227019640569,5206,2,75.845,
7207,2017-12-30T05:35:28Z,-32.72853333,148.22545000,5722.076662471813,-2191.227019640569,5207,2,75.826,
7208,2017-12-30T05:35:29Z,-32.72838333,148.22541667,5723.076662471813,-2190.227019640569,5208,2,75.809,
7209,2017-12-30T05:35:30Z,-32.72821667,148.22540000,5724.076662471813,-2189.227019640569,5209,2,75.791,
7210,2017-12-30T05:35:31Z,-32.72806667,148.22536667,5725.076662471813,-2188.227019640569,5210,2,75.774,
7211,2017-12-30T05:35:32Z,-32.72791667,148.22535000,5726.076662471813,-2187.227019640569,5211,2,75.758,
7212,2017-12-30T05:35:33Z,-32.72775000,148.22531667,5727.076662471813,-2186.227019640569,5212,2,75.739,
7213,2017-12-30T05:35:34Z,-32.72760000,148.22530000,5728.076662471813,-2185.227019640569,5213,2,75.722,
7214,2017-12-30T05:35:35Z,-32.72745000,148.22526667,5729.076662471813,-2184.227019640569,5214,2,75.705,
7215,2017-12-30T05:35:36Z,-32.72730000,148.22523333,5730.076662471813,-2183.227019640569,5215,2,75.688,
7216,2017-12-30T05:35:37Z,-32.72715000,148.22521667,5731.076662471813,-2182.227019640569,5216,2,75.672,
7217,2017-12-30T05:35:38Z,-32.72700000,148.22518333,5732.076662471813,-2181.227019640569,5217,2,75.655,
7218,2017-12-30T05:35:39Z,-32.72685000,148.22515000,5733.076662471813,-2180.227019640569,5218,2,75.638,
7219,2017-12-30T05:35:40Z,-32.72670000,148.22511667,5734.076662471813,-2179.227019640569,5219,2,75.621,
7220,2017-12-30T05:35:41Z,-32.72656667,148.22508333,5735.076662471813,-2178.227019640569,5220,2,75.606,
7221,2017-12-30T05:35:42Z,-32.72641667,148.22505000,5736.076662471813,-2177.227019640569,5221,2,75.589,
7222,2017-12-30T05:35:43Z,-32.72628333,148.22501667,5737.076662471813,-2176.227019640569,5222,2,75.574,
7223,2017-12-30T05:35:44Z,-32.72613333,148.22500000,5738.076662471813,-2175.227019640569,5223,2,75.557,
7224,2017-12-30T05:35:45Z,-32.72600000,148.22498333,5739.076662471813,-2174.227019640569,5224,2,75.543,
7225,2017-12-30T05:35:46Z,-32.72586667,148.22498333,5740.076662471813,-2173.227019640569,5225,2,75.528,
7226,2017-12-30T05:35:47Z,-32.72571667,148.22498333,5741.076662471813,-2172.227019640569,5226,2,75.512,
7227,2017-12-30T05:35:48Z,-32.72556667,148.22498333,5742.076662471813,-2171.227019640569,5227,2,75.496,
7228,2017-12-30T05:35:49Z,-32.72540000,148.22498333,5743.076662471813,-2170.227019640569,5228,2,75.478,
7229,2017-12-30T05:35:50Z,-32.72523333,148.22498333,5744.076662471813,-2169.227019640569,5229,2,75.46,
7230,2017-12-30T05:35:51Z,-32.72506667,148.22498333,5745.076662471813,-2168.227019640569,5230,2,75.442,
7231,2017-12-30T05:35:52Z,-32.72490000,148.22496667,5746.076662471813,-2167.227019640569,5231,2,75.424,
7232,2017-12-30T05:35:53Z,-32.72473333,148.22495000,5747.076662471813,-2166.227019640569,5232,2,75.405,
7233,2017-12-30T05:35:54Z,-32.72456667,148.22493333,5748.076662471813,-2165.227019640569,5233,2,75.387,
7234,2017-12-30T05:35:55Z,-32.72441667,148.22490000,5749.076662471813,-2164.227019640569,5234,2,75.37,
7235,2017-12-30T05:35:56Z,-32.72425000,148.22488333,5750.076662471813,-2163.227019640569,5235,2,75.352,
7236,2017-12-30T05:35:57Z,-32.72410000,148.22486667,5751.076662471813,-2162.227019640569,5236,2,75.335,
7237,2017-12-30T05:35:58Z,-32.72393333,148.22485000,5752.076662471813,-2161.227019640569,5237,2,75.317,
7238,2017-12-30T05:35:59Z,-32.72378333,148.22483333,5753.076662471813,-2160.227019640569,5238,2,75.3,
7239,2017-12-30T05:36:00Z,-32.72361667,148.22481667,5754.076662471813,-2159.227019640569,5239,2,75.282,
7240,2017-12-30T05:36:01Z,-32.72345000,148.22480000,5755.076662471813,-2158.227019640569,5240,2,75.264,
7241,2017-12-30T05:36:02Z,-32.72330000,148.22478333,5756.076662471813,-2157.227019640569,5241,2,75.247,
7242,2017-12-30T05:36:03Z,-32.72313333,148.22478333,5757.076662471813,-2156.227019640569,5242,2,75.229,
7243,2017-12-30T05:36:04Z,-32.72295000,148.22476667,5758.076662471813,-2155.227019640569,5243,2,75.209,
7244,2017-12-30T05:36:05Z,-32.72278333,148.22475000,5759.076662471813,-2154.227019640569,5244,2,75.191,
7245,2017-12-30T05:36:06Z,-32.72261667,148.22473333,5760.076662471813,-2153.227019640569,5245,2,75.172,
7246,2017-12-30T05:36:07Z,-32.72245000,148.22471667,5761.076662471813,-2152.227019640569,5246,2,75.154,
7247,2017-12-30T05:36:08Z,-32.72230000,148.22470000,5762.076662471813,-2151.227019640569,5247,2,75.137,
7248,2017-12-30T05:36:09Z,-32.72213333,148.22468333,5763.076662471813,-2150.227019640569,5248,2,75.119,
7249,2017-12-30T05:36:10Z,-32.72196667,148.22465000,5764.076662471813,-2149.227019640569,5249,2,75.1,
7250,2017-12-30T05:36:11Z,-32.72180000,148.22461667,5765.076662471813,-2148.227019640569,5250,2,75.081,
7251,2017-12-30T05:36:12Z,-32.72163333,148.22460000,5766.076662471813,-2147.227019640569,5251,2,75.063,
7252,2017-12-30T05:36:13Z,-32.72146667,148.22458333,5767.076662471813,-2146.227019640569,5252,2,75.045,
7253,2017-12-30T05:36:14Z,-32.72130000,148.22458333,5768.076662471813,-2145.227019640569,5253,2,75.027,
7254,2017-12-30T05:36:15Z,-32.72111667,148.22458333,5769.076662471813,-2144.227019640569,5254,2,75.007,
7255,2017-12-30T05:36:16Z,-32.72093333,148.22460000,5770.076662471813,-2143.227019640569,5255,2,74.988,
7256,2017-12-30T05:36:17Z,-32.72075000,148.22463333,5771.076662471813,-2142.227019640569,5256,2,74.969,
7257,2017-12-30T05:36:18Z,-32.72055000,148.22468333,5772.076662471813,-2141.227019640569,5257,2,74.948,
7258,2017-12-30T05:36:19Z,-32.72035000,148.22475000,5773.076662471813,-2140.227019640569,5258,2,74.928,
7259,2017-12-30T05:36:20Z,-32.72015000,148.22481667,5774.076662471813,-2139.227019640569,5259,2,74.908,
7260,2017-12-30T05:36:21Z,-32.71995000,148.22491667,5775.076662471813,-2138.227019640569,5260,2,74.889,
7261,2017-12-30T05:36:22Z,-32.71975000,148.22501667,5776.076662471813,-2137.227019640569,5261,2,74.87,
7262,2017-12-30T05:36:23Z,-32.71955000,148.22513333,5777.076662471813,-2136.227019640569,5262,2,74.851,
7263,2017-12-30T05:36:24Z,-32.71935000,148.22523333,5778.076662471813,-2135.227019640569,5263,2,74.832,
7264,2017-12-30T05:36:25Z,-32.71913333,148.22535000,5779.076662471813,-2134.227019640569,5264,2,74.811,
7265,2017-12-30T05:36:26Z,-32.71893333,148.22545000,5780.076662471813,-2133.227019640569,5265,2,74.792,
7266,2017-12-30T05:36:27Z,-32.71873333,148.22556667,5781.076662471813,-2132.227019640569,5266,2,74.773,
7267,2017-12-30T05:36:28Z,-32.71853333,148.22568333,5782.076662471813,-2131.227019640569,5267,2,74.754,
7268,2017-12-30T05:36:29Z,-32.71835000,148.22580000,5783.076662471813,-2130.227019640569,5268,2,74.737,
7269,2017-12-30T05:36:30Z,-32.71815000,148.22591667,5784.076662471813,-2129.227019640569,5269,2,74.718,
7270,2017-12-30T05:36:31Z,-32.71795000,148.22605000,5785.076662471813,-2128.227019640569,5270,2,74.7,
7271,2017-12-30T05:36:32Z,-32.71776667,148.22616667,5786.076662471813,-2127.227019640569,5271,2,74.683,
7272,2017-12-30T05:36:33Z,-32.71756667,148.22626667,5787.076662471813,-2126.227019640569,5272,2,74.664,
7273,2017-12-30T05:36:34Z,-32.71738333,148.22638333,5788.076662471813,-2125.227019640569,5273,2,74.647,
7274,2017-12-30T05:36:35Z,-32.71718333,148.22648333,5789.076662471813,-2124.227019640569,5274,2,74.628,
7275,2017-12-30T05:36:36Z,-32.71698333,148.22658333,5790.076662471813,-2123.227019640569,5275,2,74.608,
7276,2017-12-30T05:36:37Z,-32.71676667,148.22668333,5791.076662471813,-2122.227019640569,5276,2,74.587,
7277,2017-12-30T05:36:38Z,-32.71656667,148.22678333,5792.076662471813,-2121.227019640569,5277,2,74.568,
7278,2017-12-30T05:36:39Z,-32.71635000,148.22690000,5793.076662471813,-2120.227019640569,5278,2,74.548,
7279,2017-12-30T05:36:40Z,-32.71615000,148.22701667,5794.076662471813,-2119.227019640569,5279,2,74.529,
7280,2017-12-30T05:36:41Z,-32.71595000,148.22711667,5795.076662471813,-2118.227019640569,5280,2,74.51,
7281,2017-12-30T05:36:42Z,-32.71575000,148.22725000,5796.076662471813,-2117.227019640569,5281,2,74.491,
7282,2017-12-30T05:36:43Z,-32.71556667,148.22736667,5797.076662471813,-2116.227019640569,5282,2,74.474,
7283,2017-12-30T05:36:44Z,-32.71540000,148.22750000,5798.076662471813,-2115.227019640569,5283,2,74.46,
7284,2017-12-30T05:36:45Z,-32.71523333,148.22763333,5799.076662471813,-2114.227019640569,5284,2,74.445,
7285,2017-12-30T05:36:46Z,-32.71506667,148.22776667,5800.076662471813,-2113.227019640569,5285,2,74.43,
7286,2017-12-30T05:36:47Z,-32.71488333,148.22790000,5801.076662471813,-2112.227019640569,5286,2,74.413,
7287,2017-12-30T05:36:48Z,-32.71470000,148.22801667,5802.076662471813,-2111.227019640569,5287,2,74.396,
7288,2017-12-30T05:36:49Z,-32.71448333,148.22811667,5803.076662471813,-2110.227019640569,5288,2,74.376,
7289,2017-12-30T05:36:50Z,-32.71428333,148.22820000,5804.076662471813,-2109.227019640569,5289,2,74.356,
7290,2017-12-30T05:36:51Z,-32.71406667,148.22826667,5805.076662471813,-2108.227019640569,5290,2,74.334,
7291,2017-12-30T05:36:52Z,-32.71386667,148.22833333,5806.076662471813,-2107.227019640569,5291,2,74.314,
7292,2017-12-30T05:36:53Z,-32.71366667,148.22840000,5807.076662471813,-2106.227019640569,5292,2,74.294,
7293,2017-12-30T05:36:54Z,-32.71346667,148.22848333,5808.076662471813,-2105.227019640569,5293,2,74.275,
7294,2017-12-30T05:36:55Z,-32.71325000,148.22856667,5809.076662471813,-2104.227019640569,5294,2,74.254,
7295,2017-12-30T05:36:56Z,-32.71303333,148.22865000,5810.076662471813,-2103.227019640569,5295,2,74.232,
7296,2017-12-30T05:36:57Z,-32.71286667,148.22876667,5811.076662471813,-2102.227019640569,5296,2,74.217,
7297,2017-12-30T05:36:58Z,-32.71271667,148.22891667,5812.076662471813,-2101.227019640569,5297,2,74.205,
7298,2017-12-30T05:36:59Z,-32.71261667,148.22911667,5813.076662471813,-2100.227019640569,5298,2,74.199,
7299,2017-12-30T05:37:00Z,-32.71256667,148.22931667,5814.076662471813,-2099.227019640569,5299,2,74.198,
7300,2017-12-30T05:37:01Z,-32.71255000,148.22953333,5815.076662471813,-2098.227019640569,5300,2,74.201,
7301,2017-12-30T05:37:02Z,-32.71258333,148.22971667,5816.076662471813,-2097.227019640569,5301,2,74.209,
7302,2017-12-30T05:37:03Z,-32.71266667,148.22985000,5817.076662471813,-2096.227019640569,5302,2,74.221,
7303,2017-12-30T05:37:04Z,-32.71276667,148.22993333,5818.076662471813,-2095.227019640569,5303,2,74.234,
7304,2017-12-30T05:37:05Z,-32.71283333,148.22996667,5819.076662471813,-2094.227019640569,5304,2,74.242,
7305,2017-12-30T05:37:06Z,-32.71290000,148.22995000,5820.076662471813,-2093.227019640569,5305,2,74.249,
7306,2017-12-30T05:37:07Z,-32.71293333,148.22990000,5821.076662471813,-2092.227019640569,5306,2,74.251,
7307,2017-12-30T05:37:08Z,-32.71295000,148.22983333,5822.076662471813,-2091.227019640569,5307,2,74.252,
7308,2017-12-30T05:37:09Z,-32.71295000,148.22976667,5823.076662471813,-2090.227019640569,5308,2,74.25,
7309,2017-12-30T05:37:10Z,-32.71291667,148.22968333,5824.076662471813,-2089.227019640569,5309,2,74.244,
7310,2017-12-30T05:37:11Z,-32.71285000,148.22958333,5825.076662471813,-2088.227019640569,5310,2,74.235,
7311,2017-12-30T05:37:12Z,-32.71273333,148.22951667,5826.076662471813,-2087.227019640569,5311,2,74.221,
7312,2017-12-30T05:37:13Z,-32.71261667,148.22945000,5827.076662471813,-2086.227019640569,5312,2,74.207,
7313,2017-12-30T05:37:14Z,-32.71246667,148.22940000,5828.076662471813,-2085.227019640569,5313,2,74.189,
7314,2017-12-30T05:37:15Z,-32.71230000,148.22938333,5829.076662471813,-2084.227019640569,5314,2,74.171,
7315,2017-12-30T05:37:16Z,-32.71213333,148.22943333,5830.076662471813,-2083.227019640569,5315,2,74.154,
7316,2017-12-30T05:37:17Z,-32.71196667,148.22951667,5831.076662471813,-2082.227019640569,5316,2,74.138,
7317,2017-12-30T05:37:18Z,-32.71180000,148.22966667,5832.076662471813,-2081.227019640569,5317,2,74.124,
7318,2017-12-30T05:37:19Z,-32.71166667,148.22983333,5833.076662471813,-2080.227019640569,5318,2,74.114,
7319,2017-12-30T05:37:20Z,-32.71156667,148.23001667,5834.076662471813,-2079.227019640569,5319,2,74.107,
7320,2017-12-30T05:37:21Z,-32.71150000,148.23020000,5835.076662471813,-2078.227019640569,5320,2,74.104,
7321,2017-12-30T05:37:22Z,-32.71148333,148.23040000,5836.076662471813,-2077.227019640569,5321,2,74.107,
7322,2017-12-30T05:37:23Z,-32.71148333,148.23058333,5837.076662471813,-2076.227019640569,5322,2,74.112,
7323,2017-12-30T05:37:24Z,-32.71151667,148.23076667,5838.076662471813,-2075.227019640569,5323,2,74.12,
7324,2017-12-30T05:37:25Z,-32.71156667,148.23093333,5839.076662471813,-2074.227019640569,5324,2,74.129,
7325,2017-12-30T05:37:26Z,-32.71161667,148.23108333,5840.076662471813,-2073.227019640569,5325,2,74.138,
7326,2017-12-30T05:37:27Z,-32.71168333,148.23123333,5841.076662471813,-2072.227019640569,5326,2,74.149,
7327,2017-12-30T05:37:28Z,-32.71176667,148.23133333,5842.076662471813,-2071.227019640569,5327,2,74.16,
7328,2017-12-30T05:37:29Z,-32.71185000,148.23138333,5843.076662471813,-2070.227019640569,5328,2,74.17,
7329,2017-12-30T05:37:30Z,-32.71190000,148.23136667,5844.076662471813,-2069.227019640569,5329,2,74.175,
7330,2017-12-30T05:37:31Z,-32.71193333,148.23131667,5845.076662471813,-2068.227019640569,5330,2,74.177,
7331,2017-12-30T05:37:32Z,-32.71193333,148.23125000,5846.076662471813,-2067.227019640569,5331,2,74.176,
7332,2017-12-30T05:37:33Z,-32.71190000,148.23115000,5847.076662471813,-2066.227019640569,5332,2,74.17,
7333,2017-12-30T05:37:34Z,-32.71183333,148.23108333,5848.076662471813,-2065.227019640569,5333,2,74.161,
7334,2017-12-30T05:37:35Z,-32.71173333,148.23100000,5849.076662471813,-2064.227019640569,5334,2,74.148,
7335,2017-12-30T05:37:36Z,-32.71161667,148.23095000,5850.076662471813,-2063.227019640569,5335,2,74.135,
7336,2017-12-30T05:37:37Z,-32.71146667,148.23093333,5851.076662471813,-2062.227019640569,5336,2,74.118,
7337,2017-12-30T05:37:38Z,-32.71130000,148.23095000,5852.076662471813,-2061.227019640569,5337,2,74.101,
7338,2017-12-30T05:37:39Z,-32.71111667,148.23098333,5853.076662471813,-2060.227019640569,5338,2,74.082,
7339,2017-12-30T05:37:40Z,-32.71093333,148.23101667,5854.076662471813,-2059.227019640569,5339,2,74.063,
7340,2017-12-30T05:37:41Z,-32.71073333,148.23108333,5855.076662471813,-2058.227019640569,5340,2,74.043,
7341,2017-12-30T05:37:42Z,-32.71056667,148.23118333,5856.076662471813,-2057.227019640569,5341,2,74.027,
7342,2017-12-30T05:37:43Z,-32.71040000,148.23131667,5857.076662471813,-2056.227019640569,5342,2,74.013,
7343,2017-12-30T05:37:44Z,-32.71028333,148.23150000,5858.076662471813,-2055.227019640569,5343,2,74.004,
7344,2017-12-30T05:37:45Z,-32.71018333,148.23170000,5859.076662471813,-2054.227019640569,5344,2,73.998,
7345,2017-12-30T05:37:46Z,-32.71011667,148.23191667,5860.076662471813,-2053.227019640569,5345,2,73.996,
7346,2017-12-30T05:37:47Z,-32.71010000,148.23213333,5861.076662471813,-2052.227019640569,5346,2,74.0,
7347,2017-12-30T05:37:48Z,-32.71010000,148.23235000,5862.076662471813,-2051.227019640569,5347,2,74.005,
7348,2017-12-30T05:37:49Z,-32.71011667,148.23255000,5863.076662471813,-2050.227019640569,5348,2,74.011,
7349,2017-12-30T05:37:50Z,-32.71015000,148.23271667,5864.076662471813,-2049.227019640569,5349,2,74.019,
7350,2017-12-30T05:37:51Z,-32.71020000,148.23290000,5865.076662471813,-2048.227019640569,5350,2,74.029,
7351,2017-12-30T05:37:52Z,-32.71025000,148.23308333,5866.076662471813,-2047.227019640569,5351,2,74.038,
7352,2017-12-30T05:37:53Z,-32.71031667,148.23326667,5867.076662471813,-2046.227019640569,5352,2,74.05,
7353,2017-12-30T05:37:54Z,-32.71036667,148.23345000,5868.076662471813,-2045.227019640569,5353,2,74.06,
7354,2017-12-30T05:37:55Z,-32.71043333,148.23361667,5869.076662471813,-2044.227019640569,5354,2,74.071,
7355,2017-12-30T05:37:56Z,-32.71050000,148.23380000,5870.076662471813,-2043.227019640569,5355,2,74.082,
7356,2017-12-30T05:37:57Z,-32.71056667,148.23396667,5871.076662471813,-2042.227019640569,5356,2,74.094,
7357,2017-12-30T05:37:58Z,-32.71063333,148.23411667,5872.076662471813,-2041.227019640569,5357,2,74.104,
7358,2017-12-30T05:37:59Z,-32.71070000,148.23426667,5873.076662471813,-2040.227019640569,5358,2,74.115,
7359,2017-12-30T05:38:00Z,-32.71078333,148.23436667,5874.076662471813,-2039.227019640569,5359,2,74.127,
7360,2017-12-30T05:38:01Z,-32.71085000,148.23443333,5875.076662471813,-2038.227019640569,5360,2,74.135,
7361,2017-12-30T05:38:02Z,-32.71091667,148.23443333,5876.076662471813,-2037.227019640569,5361,2,74.142,
7362,2017-12-30T05:38:03Z,-32.71093333,148.23438333,5877.076662471813,-2036.227019640569,5362,2,74.143,
7363,2017-12-30T05:38:04Z,-32.71090000,148.23433333,5878.076662471813,-2035.227019640569,5363,2,74.138,
7364,2017-12-30T05:38:05Z,-32.71083333,148.23426667,5879.076662471813,-2034.227019640569,5364,2,74.13,
7365,2017-12-30T05:38:06Z,-32.71071667,148.23421667,5880.076662471813,-2033.227019640569,5365,2,74.116,
7366,2017-12-30T05:38:07Z,-32.71060000,148.23418333,5881.076662471813,-2032.227019640569,5366,2,74.102,
7367,2017-12-30T05:38:08Z,-32.71045000,148.23416667,5882.076662471813,-2031.227019640569,5367,2,74.086,
7368,2017-12-30T05:38:09Z,-32.71030000,148.23415000,5883.076662471813,-2030.227019640569,5368,2,74.069,
7369,2017-12-30T05:38:10Z,-32.71013333,148.23413333,5884.076662471813,-2029.227019640569,5369,2,74.051,
7370,2017-12-30T05:38:11Z,-32.70998333,148.23411667,5885.076662471813,-2028.227019640569,5370,2,74.035,
7371,2017-12-30T05:38:12Z,-32.70983333,148.23408333,5886.076662471813,-2027.227019640569,5371,2,74.018,
7372,2017-12-30T05:38:13Z,-32.70968333,148.23406667,5887.076662471813,-2026.227019640569,5372,2,74.001,
7373,2017-12-30T05:38:14Z,-32.70951667,148.23405000,5888.076662471813,-2025.227019640569,5373,2,73.983,
7374,2017-12-30T05:38:15Z,-32.70935000,148.23405000,5889.076662471813,-2024.227019640569,5374,2,73.965,
7375,2017-12-30T05:38:16Z,-32.70918333,148.23408333,5890.076662471813,-2023.227019640569,5375,2,73.948,
7376,2017-12-30T05:38:17Z,-32.70900000,148.23415000,5891.076662471813,-2022.227019640569,5376,2,73.93,
7377,2017-12-30T05:38:18Z,-32.70885000,148.23428333,5892.076662471813,-2021.227019640569,5377,2,73.917,
7378,2017-12-30T05:38:19Z,-32.70873333,148.23443333,5893.076662471813,-2020.227019640569,5378,2,73.908,
7379,2017-12-30T05:38:20Z,-32.70863333,148.23461667,5894.076662471813,-2019.227019640569,5379,2,73.902,
7380,2017-12-30T05:38:21Z,-32.70858333,148.23483333,5895.076662471813,-2018.227019640569,5380,2,73.901,
7381,2017-12-30T05:38:22Z,-32.70856667,148.23503333,5896.076662471813,-2017.227019640569,5381,2,73.904,
7382,2017-12-30T05:38:23Z,-32.70860000,148.23525000,5897.076662471813,-2016.227019640569,5382,2,73.913,
7383,2017-12-30T05:38:24Z,-32.70868333,148.23541667,5898.076662471813,-2015.227019640569,5383,2,73.926,
7384,2017-12-30T05:38:25Z,-32.70880000,148.23553333,5899.076662471813,-2014.227019640569,5384,2,73.942,
7385,2017-12-30T05:38:26Z,-32.70891667,148.23561667,5900.076662471813,-2013.227019640569,5385,2,73.956,
7386,2017-12-30T05:38:27Z,-32.70903333,148.23566667,5901.076662471813,-2012.227019640569,5386,2,73.97,
7387,2017-12-30T05:38:28Z,-32.70913333,148.23570000,5902.076662471813,-2011.227019640569,5387,2,73.981,
7388,2017-12-30T05:38:29Z,-32.70925000,148.23571667,5903.076662471813,-2010.227019640569,5388,2,73.994,
7389,2017-12-30T05:38:30Z,-32.70931667,148.23571667,5904.076662471813,-2009.227019640569,5389,2,74.002,
7390,2017-12-30T05:38:31Z,-32.70936667,148.23570000,5905.076662471813,-2008.227019640569,5390,2,74.007,
7391,2017-12-30T05:38:32Z,-32.70936667,148.23566667,5906.076662471813,-2007.227019640569,5391,2,74.006,
7392,2017-12-30T05:38:33Z,-32.70935000,148.23563333,5907.076662471813,-2006.227019640569,5392,2,74.003,
7393,2017-12-30T05:38:34Z,-32.70926667,148.23556667,5908.076662471813,-2005.227019640569,5393,2,73.993,
7394,2017-12-30T05:38:35Z,-32.70916667,148.23546667,5909.076662471813,-2004.227019640569,5394,2,73.979,
7395,2017-12-30T05:38:36Z,-32.70906667,148.23538333,5910.076662471813,-2003.227019640569,5395,2,73.967,
7396,2017-12-30T05:38:37Z,-32.70896667,148.23530000,5911.076662471813,-2002.227019640569,5396,2,73.954,
7397,2017-12-30T05:38:38Z,-32.70888333,148.23521667,5912.076662471813,-2001.227019640569,5397,2,73.943,
7398,2017-12-30T05:38:39Z,-32.70875000,148.23515000,5913.076662471813,-2000.227019640569,5398,2,73.927,
7399,2017-12-30T05:38:40Z,-32.70863333,148.23511667,5914.076662471813,-1999.227019640569,5399,2,73.914,
7400,2017-12-30T05:38:41Z,-32.70846667,148.23510000,5915.076662471813,-1998.227019640569,5400,2,73.895,
7401,2017-12-30T05:38:42Z,-32.70830000,148.23513333,5916.076662471813,-1997.227019640569,5401,2,73.878,
7402,2017-12-30T05:38:43Z,-32.70815000,148.23526667,5917.076662471813,-1996.227019640569,5402,2,73.865,
7403,2017-12-30T05:38:44Z,-32.70800000,148.23543333,5918.076662471813,-1995.227019640569,5403,2,73.853,
7404,2017-12-30T05:38:45Z,-32.70790000,148.23561667,5919.076662471813,-1994.227019640569,5404,2,73.847,
7405,2017-12-30T05:38:46Z,-32.70783333,148.23583333,5920.076662471813,-1993.227019640569,5405,2,73.845,
7406,2017-12-30T05:38:47Z,-32.70780000,148.23606667,5921.076662471813,-1992.227019640569,5406,2,73.847,
7407,2017-12-30T05:38:48Z,-32.70780000,148.23630000,5922.076662471813,-1991.227019640569,5407,2,73.853,
7408,2017-12-30T05:38:49Z,-32.70785000,148.23651667,5923.076662471813,-1990.227019640569,5408,2,73.864,
7409,2017-12-30T05:38:50Z,-32.70791667,148.23668333,5924.076662471813,-1989.227019640569,5409,2,73.875,
7410,2017-12-30T05:38:51Z,-32.70801667,148.23678333,5925.076662471813,-1988.227019640569,5410,2,73.888,
7411,2017-12-30T05:38:52Z,-32.70811667,148.23683333,5926.076662471813,-1987.227019640569,5411,2,73.9,
7412,2017-12-30T05:38:53Z,-32.70821667,148.23681667,5927.076662471813,-1986.227019640569,5412,2,73.91,
7413,2017-12-30T05:38:54Z,-32.70831667,148.23680000,5928.076662471813,-1985.227019640569,5413,2,73.921,
7414,2017-12-30T05:38:55Z,-32.70838333,148.23678333,5929.076662471813,-1984.227019640569,5414,2,73.927,
7415,2017-12-30T05:38:56Z,-32.70845000,148.23676667,5930.076662471813,-1983.227019640569,5415,2,73.934,
7416,2017-12-30T05:38:57Z,-32.70851667,148.23676667,5931.076662471813,-1982.227019640569,5416,2,73.941,
7417,2017-12-30T05:38:58Z,-32.70856667,148.23676667,5932.076662471813,-1981.227019640569,5417,2,73.947,
7418,2017-12-30T05:38:59Z,-32.70860000,148.23676667,5933.076662471813,-1980.227019640569,5418,2,73.95,
7419,2017-12-30T05:39:00Z,-32.70855000,148.23668333,5934.076662471813,-1979.227019640569,5419,2,73.943,
7420,2017-12-30T05:39:01Z,-32.70845000,148.23663333,5935.076662471813,-1978.227019640569,5420,2,73.931,
7421,2017-12-30T05:39:02Z,-32.70833333,148.23661667,5936.076662471813,-1977.227019640569,5421,2,73.918,
7422,2017-12-30T05:39:03Z,-32.70818333,148.23663333,5937.076662471813,-1976.227019640569,5422,2,73.902,
7423,2017-12-30T05:39:04Z,-32.70800000,148.23670000,5938.076662471813,-1975.227019640569,5423,2,73.884,
7424,2017-12-30T05:39:05Z,-32.70783333,148.23683333,5939.076662471813,-1974.227019640569,5424,2,73.869,
7425,2017-12-30T05:39:06Z,-32.70768333,148.23700000,5940.076662471813,-1973.227019640569,5425,2,73.857,
7426,2017-12-30T05:39:07Z,-32.70756667,148.23723333,5941.076662471813,-1972.227019640569,5426,2,73.851,
7427,2017-12-30T05:39:08Z,-32.70748333,148.23748333,5942.076662471813,-1971.227019640569,5427,2,73.848,
7428,2017-12-30T05:39:09Z,-32.70746667,148.23773333,5943.076662471813,-1970.227019640569,5428,2,73.852,
7429,2017-12-30T05:39:10Z,-32.70750000,148.23798333,5944.076662471813,-1969.227019640569,5429,2,73.862,
7430,2017-12-30T05:39:11Z,-32.70756667,148.23820000,5945.076662471813,-1968.227019640569,5430,2,73.874,
7431,2017-12-30T05:39:12Z,-32.70763333,148.23836667,5946.076662471813,-1967.227019640569,5431,2,73.886,
7432,2017-12-30T05:39:13Z,-32.70773333,148.23850000,5947.076662471813,-1966.227019640569,5432,2,73.9,
7433,2017-12-30T05:39:14Z,-32.70783333,148.23856667,5948.076662471813,-1965.227019640569,5433,2,73.912,
7434,2017-12-30T05:39:15Z,-32.70791667,148.23858333,5949.076662471813,-1964.227019640569,5434,2,73.921,
7435,2017-12-30T05:39:16Z,-32.70795000,148.23856667,5950.076662471813,-1963.227019640569,5435,2,73.924,
7436,2017-12-30T05:39:17Z,-32.70795000,148.23848333,5951.076662471813,-1962.227019640569,5436,2,73.922,
7437,2017-12-30T05:39:18Z,-32.70786667,148.23841667,5952.076662471813,-1961.227019640569,5437,2,73.912,
7438,2017-12-30T05:39:19Z,-32.70773333,148.23836667,5953.076662471813,-1960.227019640569,5438,2,73.896,
7439,2017-12-30T05:39:20Z,-32.70758333,148.23833333,5954.076662471813,-1959.227019640569,5439,2,73.879,
7440,2017-12-30T05:39:21Z,-32.70741667,148.23835000,5955.076662471813,-1958.227019640569,5440,2,73.862,
7441,2017-12-30T05:39:22Z,-32.70725000,148.23840000,5956.076662471813,-1957.227019640569,5441,2,73.845,
7442,2017-12-30T05:39:23Z,-32.70706667,148.23846667,5957.076662471813,-1956.227019640569,5442,2,73.827,
7443,2017-12-30T05:39:24Z,-32.70688333,148.23858333,5958.076662471813,-1955.227019640569,5443,2,73.81,
7444,2017-12-30T05:39:25Z,-32.70673333,148.23875000,5959.076662471813,-1954.227019640569,5444,2,73.798,
7445,2017-12-30T05:39:26Z,-32.70660000,148.23895000,5960.076662471813,-1953.227019640569,5445,2,73.789,
7446,2017-12-30T05:39:27Z,-32.70651667,148.23916667,5961.076662471813,-1952.227019640569,5446,2,73.786,
7447,2017-12-30T05:39:28Z,-32.70650000,148.23940000,5962.076662471813,-1951.227019640569,5447,2,73.79,
7448,2017-12-30T05:39:29Z,-32.70650000,148.23963333,5963.076662471813,-1950.227019640569,5448,2,73.795,
7449,2017-12-30T05:39:30Z,-32.70655000,148.23983333,5964.076662471813,-1949.227019640569,5449,2,73.806,
7450,2017-12-30T05:39:31Z,-32.70663333,148.24000000,5965.076662471813,-1948.227019640569,5450,2,73.819,
7451,2017-12-30T05:39:32Z,-32.70673333,148.24011667,5966.076662471813,-1947.227019640569,5451,2,73.832,
7452,2017-12-30T05:39:33Z,-32.70685000,148.24020000,5967.076662471813,-1946.227019640569,5452,2,73.847,
7453,2017-12-30T05:39:34Z,-32.70696667,148.24023333,5968.076662471813,-1945.227019640569,5453,2,73.86,
7454,2017-12-30T05:39:35Z,-32.70706667,148.24023333,5969.076662471813,-1944.227019640569,5454,2,73.871,
7455,2017-12-30T05:39:36Z,-32.70716667,148.24021667,5970.076662471813,-1943.227019640569,5455,2,73.881,
7456,2017-12-30T05:39:37Z,-32.70723333,148.24018333,5971.076662471813,-1942.227019640569,5456,2,73.888,
7457,2017-12-30T05:39:38Z,-32.70725000,148.24011667,5972.076662471813,-1941.227019640569,5457,2,73.888,
7458,2017-12-30T05:39:39Z,-32.70725000,148.24006667,5973.076662471813,-1940.227019640569,5458,2,73.886,
7459,2017-12-30T05:39:40Z,-32.70720000,148.24000000,5974.076662471813,-1939.227019640569,5459,2,73.879,
7460,2017-12-30T05:39:41Z,-32.70708333,148.23995000,5975.076662471813,-1938.227019640569,5460,2,73.866,
7461,2017-12-30T05:39:42Z,-32.70693333,148.23991667,5976.076662471813,-1937.227019640569,5461,2,73.849,
7462,2017-12-30T05:39:43Z,-32.70675000,148.23991667,5977.076662471813,-1936.227019640569,5462,2,73.829,
7463,2017-12-30T05:39:44Z,-32.70656667,148.23996667,5978.076662471813,-1935.227019640569,5463,2,73.811,
7464,2017-12-30T05:39:45Z,-32.70638333,148.24005000,5979.076662471813,-1934.227019640569,5464,2,73.793,
7465,2017-12-30T05:39:46Z,-32.70621667,148.24016667,5980.076662471813,-1933.227019640569,5465,2,73.778,
7466,2017-12-30T05:39:47Z,-32.70603333,148.24028333,5981.076662471813,-1932.227019640569,5466,2,73.761,
7467,2017-12-30T05:39:48Z,-32.70586667,148.24043333,5982.076662471813,-1931.227019640569,5467,2,73.747,
7468,2017-12-30T05:39:49Z,-32.70578333,148.24065000,5983.076662471813,-1930.227019640569,5468,2,73.744,
7469,2017-12-30T05:39:50Z,-32.70571667,148.24086667,5984.076662471813,-1929.227019640569,5469,2,73.742,
7470,2017-12-30T05:39:51Z,-32.70570000,148.24108333,5985.076662471813,-1928.227019640569,5470,2,73.746,
7471,2017-12-30T05:39:52Z,-32.70573333,148.24128333,5986.076662471813,-1927.227019640569,5471,2,73.754,
7472,2017-12-30T05:39:53Z,-32.70580000,148.24146667,5987.076662471813,-1926.227019640569,5472,2,73.766,
7473,2017-12-30T05:39:54Z,-32.70588333,148.24160000,5988.076662471813,-1925.227019640569,5473,2,73.778,
7474,2017-12-30T05:39:55Z,-32.70598333,148.24168333,5989.076662471813,-1924.227019640569,5474,2,73.791,
7475,2017-12-30T05:39:56Z,-32.70610000,148.24171667,5990.076662471813,-1923.227019640569,5475,2,73.804,
7476,2017-12-30T05:39:57Z,-32.70620000,148.24173333,5991.076662471813,-1922.227019640569,5476,2,73.815,
7477,2017-12-30T05:39:58Z,-32.70626667,148.24171667,5992.076662471813,-1921.227019640569,5477,2,73.822,
7478,2017-12-30T05:39:59Z,-32.70633333,148.24168333,5993.076662471813,-1920.227019640569,5478,2,73.828,
7479,2017-12-30T05:40:00Z,-32.70636667,148.24163333,5994.076662471813,-1919.227019640569,5479,2,73.831,
7480,2017-12-30T05:40:01Z,-32.70636667,148.24156667,5995.076662471813,-1918.227019640569,5480,2,73.829,
7481,2017-12-30T05:40:02Z,-32.70631667,148.24150000,5996.076662471813,-1917.227019640569,5481,2,73.822,
7482,2017-12-30T05:40:03Z,-32.70621667,148.24143333,5997.076662471813,-1916.227019640569,5482,2,73.81,
7483,2017-12-30T05:40:04Z,-32.70608333,148.24140000,5998.076662471813,-1915.227019640569,5483,2,73.795,
7484,2017-12-30T05:40:05Z,-32.70591667,148.24140000,5999.076662471813,-1914.227019640569,5484,2,73.777,
7485,2017-12-30T05:40:06Z,-32.70575000,148.24141667,6000.076662471813,-1913.227019640569,5485,2,73.759,
7486,2017-12-30T05:40:07Z,-32.70556667,148.24145000,6001.076662471813,-1912.227019640569,5486,2,73.74,
7487,2017-12-30T05:40:08Z,-32.70540000,148.24151667,6002.076662471813,-1911.227019640569,5487,2,73.724,
7488,2017-12-30T05:40:09Z,-32.70523333,148.24160000,6003.076662471813,-1910.227019640569,5488,2,73.708,
7489,2017-12-30T05:40:10Z,-32.70506667,148.24168333,6004.076662471813,-1909.227019640569,5489,2,73.693,
7490,2017-12-30T05:40:11Z,-32.70491667,148.24176667,6005.076662471813,-1908.227019640569,5490,2,73.679,
7491,2017-12-30T05:40:12Z,-32.70475000,148.24188333,6006.076662471813,-1907.227019640569,5491,2,73.664,
7492,2017-12-30T05:40:13Z,-32.70458333,148.24200000,6007.076662471813,-1906.227019640569,5492,2,73.649,
7493,2017-12-30T05:40:14Z,-32.70443333,148.24215000,6008.076662471813,-1905.227019640569,5493,2,73.637,
7494,2017-12-30T05:40:15Z,-32.70433333,148.24233333,6009.076662471813,-1904.227019640569,5494,2,73.63,
7495,2017-12-30T05:40:16Z,-32.70423333,148.24253333,6010.076662471813,-1903.227019640569,5495,2,73.625,
7496,2017-12-30T05:40:17Z,-32.70420000,148.24275000,6011.076662471813,-1902.227019640569,5496,2,73.627,
7497,2017-12-30T05:40:18Z,-32.70423333,148.24296667,6012.076662471813,-1901.227019640569,5497,2,73.636,
7498,2017-12-30T05:40:19Z,-32.70430000,148.24316667,6013.076662471813,-1900.227019640569,5498,2,73.648,
7499,2017-12-30T05:40:20Z,-32.70440000,148.24333333,6014.076662471813,-1899.227019640569,5499,2,73.663,
7500,2017-12-30T05:40:21Z,-32.70450000,148.24346667,6015.076662471813,-1898.227019640569,5500,2,73.677,
7501,2017-12-30T05:40:22Z,-32.70461667,148.24356667,6016.076662471813,-1897.227019640569,5501,2,73.692,
7502,2017-12-30T05:40:23Z,-32.70475000,148.24366667,6017.076662471813,-1896.227019640569,5502,2,73.709,
7503,2017-12-30T05:40:24Z,-32.70488333,148.24373333,6018.076662471813,-1895.227019640569,5503,2,73.725,
7504,2017-12-30T05:40:25Z,-32.70498333,148.24378333,6019.076662471813,-1894.227019640569,5504,2,73.737,
7505,2017-12-30T05:40:26Z,-32.70508333,148.24380000,6020.076662471813,-1893.227019640569,5505,2,73.748,
7506,2017-12-30T05:40:27Z,-32.70516667,148.24378333,6021.076662471813,-1892.227019640569,5506,2,73.756,
7507,2017-12-30T05:40:28Z,-32.70521667,148.24373333,6022.076662471813,-1891.227019640569,5507,2,73.76,
7508,2017-12-30T05:40:29Z,-32.70523333,148.24366667,6023.076662471813,-1890.227019640569,5508,2,73.76,
7509,2017-12-30T05:40:30Z,-32.70520000,148.24358333,6024.076662471813,-1889.227019640569,5509,2,73.755,
7510,2017-12-30T05:40:31Z,-32.70511667,148.24353333,6025.076662471813,-1888.227019640569,5510,2,73.745,
7511,2017-12-30T05:40:32Z,-32.70500000,148.24348333,6026.076662471813,-1887.227019640569,5511,2,73.731,
7512,2017-12-30T05:40:33Z,-32.70485000,148.24346667,6027.076662471813,-1886.227019640569,5512,2,73.714,
7513,2017-12-30T05:40:34Z,-32.70470000,148.24350000,6028.076662471813,-1885.227019640569,5513,2,73.699,
7514,2017-12-30T05:40:35Z,-32.70453333,148.24355000,6029.076662471813,-1884.227019640569,5514,2,73.683,
7515,2017-12-30T05:40:36Z,-32.70436667,148.24363333,6030.076662471813,-1883.227019640569,5515,2,73.667,
7516,2017-12-30T05:40:37Z,-32.70420000,148.24373333,6031.076662471813,-1882.227019640569,5516,2,73.652,
7517,2017-12-30T05:40:38Z,-32.70405000,148.24386667,6032.076662471813,-1881.227019640569,5517,2,73.639,
7518,2017-12-30T05:40:39Z,-32.70393333,148.24403333,6033.076662471813,-1880.227019640569,5518,2,73.631,
7519,2017-12-30T05:40:40Z,-32.70385000,148.24423333,6034.076662471813,-1879.227019640569,5519,2,73.627,
7520,2017-12-30T05:40:41Z,-32.70381667,148.24445000,6035.076662471813,-1878.227019640569,5520,2,73.629,
7521,2017-12-30T05:40:42Z,-32.70383333,148.24466667,6036.076662471813,-1877.227019640569,5521,2,73.636,
7522,2017-12-30T05:40:43Z,-32.70386667,148.24486667,6037.076662471813,-1876.227019640569,5522,2,73.645,
7523,2017-12-30T05:40:44Z,-32.70393333,148.24505000,6038.076662471813,-1875.227019640569,5523,2,73.656,
7524,2017-12-30T05:40:45Z,-32.70400000,148.24521667,6039.076662471813,-1874.227019640569,5524,2,73.668,
7525,2017-12-30T05:40:46Z,-32.70406667,148.24538333,6040.076662471813,-1873.227019640569,5525,2,73.679,
7526,2017-12-30T05:40:47Z,-32.70413333,148.24553333,6041.076662471813,-1872.227019640569,5526,2,73.69,
7527,2017-12-30T05:40:48Z,-32.70421667,148.24566667,6042.076662471813,-1871.227019640569,5527,2,73.702,
7528,2017-12-30T05:40:49Z,-32.70430000,148.24578333,6043.076662471813,-1870.227019640569,5528,2,73.714,
7529,2017-12-30T05:40:50Z,-32.70440000,148.24586667,6044.076662471813,-1869.227019640569,5529,2,73.727,
7530,2017-12-30T05:40:51Z,-32.70450000,148.24591667,6045.076662471813,-1868.227019640569,5530,2,73.739,
7531,2017-12-30T05:40:52Z,-32.70460000,148.24593333,6046.076662471813,-1867.227019640569,5531,2,73.75,
7532,2017-12-30T05:40:53Z,-32.70468333,148.24593333,6047.076662471813,-1866.227019640569,5532,2,73.759,
7533,2017-12-30T05:40:54Z,-32.70475000,148.24590000,6048.076662471813,-1865.227019640569,5533,2,73.765,
7534,2017-12-30T05:40:55Z,-32.70480000,148.24585000,6049.076662471813,-1864.227019640569,5534,2,73.77,
7535,2017-12-30T05:40:56Z,-32.70481667,148.24576667,6050.076662471813,-1863.227019640569,5535,2,73.769,
7536,2017-12-30T05:40:57Z,-32.70480000,148.24566667,6051.076662471813,-1862.227019640569,5536,2,73.765,
7537,2017-12-30T05:40:58Z,-32.70476667,148.24558333,6052.076662471813,-1861.227019640569,5537,2,73.759,
7538,2017-12-30T05:40:59Z,-32.70471667,148.24550000,6053.076662471813,-1860.227019640569,5538,2,73.752,
7539,2017-12-30T05:41:00Z,-32.70461667,148.24541667,6054.076662471813,-1859.227019640569,5539,2,73.739,
7540,2017-12-30T05:41:01Z,-32.70450000,148.24535000,6055.076662471813,-1858.227019640569,5540,2,73.725,
7541,2017-12-30T05:41:02Z,-32.70436667,148.24531667,6056.076662471813,-1857.227019640569,5541,2,73.71,
7542,2017-12-30T05:41:03Z,-32.70421667,148.24530000,6057.076662471813,-1856.227019640569,5542,2,73.693,
7543,2017-12-30T05:41:04Z,-32.70406667,148.24531667,6058.076662471813,-1855.227019640569,5543,2,73.677,
7544,2017-12-30T05:41:05Z,-32.70391667,148.24536667,6059.076662471813,-1854.227019640569,5544,2,73.663,
7545,2017-12-30T05:41:06Z,-32.70375000,148.24545000,6060.076662471813,-1853.227019640569,5545,2,73.647,
7546,2017-12-30T05:41:07Z,-32.70358333,148.24553333,6061.076662471813,-1852.227019640569,5546,2,73.631,
7547,2017-12-30T05:41:08Z,-32.70341667,148.24563333,6062.076662471813,-1851.227019640569,5547,2,73.616,
7548,2017-12-30T05:41:09Z,-32.70325000,148.24575000,6063.076662471813,-1850.227019640569,5548,2,73.601,
7549,2017-12-30T05:41:10Z,-32.70310000,148.24586667,6064.076662471813,-1849.227019640569,5549,2,73.588,
7550,2017-12-30T05:41:11Z,-32.70295000,148.24600000,6065.076662471813,-1848.227019640569,5550,2,73.576,
7551,2017-12-30T05:41:12Z,-32.70280000,148.24616667,6066.076662471813,-1847.227019640569,5551,2,73.564,
7552,2017-12-30T05:41:13Z,-32.70268333,148.24635000,6067.076662471813,-1846.227019640569,5552,2,73.556,
7553,2017-12-30T05:41:14Z,-32.70260000,148.24655000,6068.076662471813,-1845.227019640569,5553,2,73.552,
7554,2017-12-30T05:41:15Z,-32.70255000,148.24676667,6069.076662471813,-1844.227019640569,5554,2,73.552,
7555,2017-12-30T05:41:16Z,-32.70253333,148.24700000,6070.076662471813,-1843.227019640569,5555,2,73.557,
7556,2017-12-30T05:41:17Z,-32.70256667,148.24721667,6071.076662471813,-1842.227019640569,5556,2,73.566,
7557,2017-12-30T05:41:18Z,-32.70263333,148.24740000,6072.076662471813,-1841.227019640569,5557,2,73.578,
7558,2017-12-30T05:41:19Z,-32.70271667,148.24755000,6073.076662471813,-1840.227019640569,5558,2,73.59,
7559,2017-12-30T05:41:20Z,-32.70280000,148.24766667,6074.076662471813,-1839.227019640569,5559,2,73.602,
7560,2017-12-30T05:41:21Z,-32.70290000,148.24776667,6075.076662471813,-1838.227019640569,5560,2,73.616,
7561,2017-12-30T05:41:22Z,-32.70300000,148.24785000,6076.076662471813,-1837.227019640569,5561,2,73.628,
7562,2017-12-30T05:41:23Z,-32.70310000,148.24790000,6077.076662471813,-1836.227019640569,5562,2,73.64,
7563,2017-12-30T05:41:24Z,-32.70321667,148.24793333,6078.076662471813,-1835.227019640569,5563,2,73.654,
7564,2017-12-30T05:41:25Z,-32.70330000,148.24795000,6079.076662471813,-1834.227019640569,5564,2,73.663,
7565,2017-12-30T05:41:26Z,-32.70338333,148.24795000,6080.076662471813,-1833.227019640569,5565,2,73.672,
7566,2017-12-30T05:41:27Z,-32.70343333,148.24795000,6081.076662471813,-1832.227019640569,5566,2,73.677,
7567,2017-12-30T05:41:28Z,-32.70348333,148.24793333,6082.076662471813,-1831.227019640569,5567,2,73.682,
7568,2017-12-30T05:41:29Z,-32.70353333,148.24790000,6083.076662471813,-1830.227019640569,5568,2,73.687,
7569,2017-12-30T05:41:30Z,-32.70355000,148.24783333,6084.076662471813,-1829.227019640569,5569,2,73.687,
7570,2017-12-30T05:41:31Z,-32.70355000,148.24776667,6085.076662471813,-1828.227019640569,5570,2,73.685,
7571,2017-12-30T05:41:32Z,-32.70353333,148.24768333,6086.076662471813,-1827.227019640569,5571,2,73.681,
7572,2017-12-30T05:41:33Z,-32.70348333,148.24760000,6087.076662471813,-1826.227019640569,5572,2,73.674,
7573,2017-12-30T05:41:34Z,-32.70343333,148.24753333,6088.076662471813,-1825.227019640569,5573,2,73.667,
7574,2017-12-30T05:41:35Z,-32.70336667,148.24745000,6089.076662471813,-1824.227019640569,5574,2,73.657,
7575,2017-12-30T05:41:36Z,-32.70328333,148.24738333,6090.076662471813,-1823.227019640569,5575,2,73.647,
7576,2017-12-30T05:41:37Z,-32.70320000,148.24731667,6091.076662471813,-1822.227019640569,5576,2,73.636,
7577,2017-12-30T05:41:38Z,-32.70310000,148.24725000,6092.076662471813,-1821.227019640569,5577,2,73.624,
7578,2017-12-30T05:41:39Z,-32.70300000,148.24718333,6093.076662471813,-1820.227019640569,5578,2,73.611,
7579,2017-12-30T05:41:40Z,-32.70290000,148.24711667,6094.076662471813,-1819.227019640569,5579,2,73.599,
7580,2017-12-30T05:41:41Z,-32.70278333,148.24705000,6095.076662471813,-1818.227019640569,5580,2,73.585,
7581,2017-12-30T05:41:42Z,-32.70268333,148.24700000,6096.076662471813,-1817.227019640569,5581,2,73.573,
7582,2017-12-30T05:41:43Z,-32.70255000,148.24696667,6097.076662471813,-1816.227019640569,5582,2,73.558,
7583,2017-12-30T05:41:44Z,-32.70243333,148.24693333,6098.076662471813,-1815.227019640569,5583,2,73.544,
7584,2017-12-30T05:41:45Z,-32.70230000,148.24691667,6099.076662471813,-1814.227019640569,5584,2,73.53,
7585,2017-12-30T05:41:46Z,-32.70215000,148.24690000,6100.076662471813,-1813.227019640569,5585,2,73.513,
7586,2017-12-30T05:41:47Z,-32.70201667,148.24691667,6101.076662471813,-1812.227019640569,5586,2,73.499,
7587,2017-12-30T05:41:48Z,-32.70185000,148.24691667,6102.076662471813,-1811.227019640569,5587,2,73.481,
7588,2017-12-30T05:41:49Z,-32.70170000,148.24693333,6103.076662471813,-1810.227019640569,5588,2,73.466,
7589,2017-12-30T05:41:50Z,-32.70153333,148.24695000,6104.076662471813,-1809.227019640569,5589,2,73.448,
7590,2017-12-30T05:41:51Z,-32.70136667,148.24698333,6105.076662471813,-1808.227019640569,5590,2,73.431,
7591,2017-12-30T05:41:52Z,-32.70121667,148.24703333,6106.076662471813,-1807.227019640569,5591,2,73.417,
7592,2017-12-30T05:41:53Z,-32.70106667,148.24706667,6107.076662471813,-1806.227019640569,5592,2,73.402,
7593,2017-12-30T05:41:54Z,-32.70091667,148.24711667,6108.076662471813,-1805.227019640569,5593,2,73.387,
7594,2017-12-30T05:41:55Z,-32.70076667,148.24715000,6109.076662471813,-1804.227019640569,5594,2,73.372,
7595,2017-12-30T05:41:56Z,-32.70058333,148.24716667,6110.076662471813,-1803.227019640569,5595,2,73.352,
7596,2017-12-30T05:41:57Z,-32.70040000,148.24720000,6111.076662471813,-1802.227019640569,5596,2,73.334,
7597,2017-12-30T05:41:58Z,-32.70023333,148.24723333,6112.076662471813,-1801.227019640569,5597,2,73.317,
7598,2017-12-30T05:41:59Z,-32.70006667,148.24726667,6113.076662471813,-1800.227019640569,5598,2,73.3,
7599,2017-12-30T05:42:00Z,-32.69991667,148.24731667,6114.076662471813,-1799.227019640569,5599,2,73.285,
7600,2017-12-30T05:42:01Z,-32.69976667,148.24735000,6115.076662471813,-1798.227019640569,5600,2,73.27,
7601,2017-12-30T05:42:02Z,-32.69961667,148.24738333,6116.076662471813,-1797.227019640569,5601,2,73.255,
7602,2017-12-30T05:42:03Z,-32.69945000,148.24743333,6117.076662471813,-1796.227019640569,5602,2,73.238,
7603,2017-12-30T05:42:04Z,-32.69930000,148.24746667,6118.076662471813,-1795.227019640569,5603,2,73.223,
7604,2017-12-30T05:42:05Z,-32.69915000,148.24751667,6119.076662471813,-1794.227019640569,5604,2,73.208,
7605,2017-12-30T05:42:06Z,-32.69898333,148.24756667,6120.076662471813,-1793.227019640569,5605,2,73.192,
7606,2017-12-30T05:42:07Z,-32.69881667,148.24758333,6121.076662471813,-1792.227019640569,5606,2,73.175,
7607,2017-12-30T05:42:08Z,-32.69863333,148.24760000,6122.076662471813,-1791.227019640569,5607,2,73.155,
7608,2017-12-30T05:42:09Z,-32.69846667,148.24760000,6123.076662471813,-1790.227019640569,5608,2,73.138,
7609,2017-12-30T05:42:10Z,-32.69828333,148.24763333,6124.076662471813,-1789.227019640569,5609,2,73.119,
7610,2017-12-30T05:42:11Z,-32.69811667,148.24766667,6125.076662471813,-1788.227019640569,5610,2,73.102,
7611,2017-12-30T05:42:12Z,-32.69795000,148.24773333,6126.076662471813,-1787.227019640569,5611,2,73.086,
7612,2017-12-30T05:42:13Z,-32.69778333,148.24780000,6127.076662471813,-1786.227019640569,5612,2,73.07,
7613,2017-12-30T05:42:14Z,-32.69760000,148.24786667,6128.076662471813,-1785.227019640569,5613,2,73.052,
7614,2017-12-30T05:42:15Z,-32.69743333,148.24795000,6129.076662471813,-1784.227019640569,5614,2,73.036,
7615,2017-12-30T05:42:16Z,-32.69725000,148.24801667,6130.076662471813,-1783.227019640569,5615,2,73.018,
7616,2017-12-30T05:42:17Z,-32.69706667,148.24808333,6131.076662471813,-1782.227019640569,5616,2,73.001,
7617,2017-12-30T05:42:18Z,-32.69690000,148.24815000,6132.076662471813,-1781.227019640569,5617,2,72.985,
7618,2017-12-30T05:42:19Z,-32.69673333,148.24823333,6133.076662471813,-1780.227019640569,5618,2,72.969,
7619,2017-12-30T05:42:20Z,-32.69656667,148.24831667,6134.076662471813,-1779.227019640569,5619,2,72.953,
7620,2017-12-30T05:42:21Z,-32.69640000,148.24841667,6135.076662471813,-1778.227019640569,5620,2,72.938,
7621,2017-12-30T05:42:22Z,-32.69621667,148.24855000,6136.076662471813,-1777.227019640569,5621,2,72.922,
7622,2017-12-30T05:42:23Z,-32.69601667,148.24866667,6137.076662471813,-1776.227019640569,5622,2,72.904,
7623,2017-12-30T05:42:24Z,-32.69581667,148.24878333,6138.076662471813,-1775.227019640569,5623,2,72.885,
7624,2017-12-30T05:42:25Z,-32.69563333,148.24891667,6139.076662471813,-1774.227019640569,5624,2,72.869,
7625,2017-12-30T05:42:26Z,-32.69545000,148.24905000,6140.076662471813,-1773.227019640569,5625,2,72.853,
7626,2017-12-30T05:42:27Z,-32.69526667,148.24915000,6141.076662471813,-1772.227019640569,5626,2,72.836,
7627,2017-12-30T05:42:28Z,-32.69506667,148.24923333,6142.076662471813,-1771.227019640569,5627,2,72.817,
7628,2017-12-30T05:42:29Z,-32.69490000,148.24930000,6143.076662471813,-1770.227019640569,5628,2,72.801,
7629,2017-12-30T05:42:30Z,-32.69471667,148.24935000,6144.076662471813,-1769.227019640569,5629,2,72.783,
7630,2017-12-30T05:42:31Z,-32.69455000,148.24940000,6145.076662471813,-1768.227019640569,5630,2,72.766,
7631,2017-12-30T05:42:32Z,-32.69436667,148.24943333,6146.076662471813,-1767.227019640569,5631,2,72.748,
7632,2017-12-30T05:42:33Z,-32.69420000,148.24946667,6147.076662471813,-1766.227019640569,5632,2,72.731,
7633,2017-12-30T05:42:34Z,-32.69403333,148.24950000,6148.076662471813,-1765.227019640569,5633,2,72.714,
7634,2017-12-30T05:42:35Z,-32.69388333,148.24953333,6149.076662471813,-1764.227019640569,5634,2,72.699,
7635,2017-12-30T05:42:36Z,-32.69371667,148.24958333,6150.076662471813,-1763.227019640569,5635,2,72.682,
7636,2017-12-30T05:42:37Z,-32.69356667,148.24961667,6151.076662471813,-1762.227019640569,5636,2,72.667,
7637,2017-12-30T05:42:38Z,-32.69340000,148.24966667,6152.076662471813,-1761.227019640569,5637,2,72.651,
7638,2017-12-30T05:42:39Z,-32.69321667,148.24971667,6153.076662471813,-1760.227019640569,5638,2,72.632,
7639,2017-12-30T05:42:40Z,-32.69303333,148.24978333,6154.076662471813,-1759.227019640569,5639,2,72.615,
7640,2017-12-30T05:42:41Z,-32.69283333,148.24985000,6155.076662471813,-1758.227019640569,5640,2,72.595,
7641,2017-12-30T05:42:42Z,-32.69265000,148.24990000,6156.076662471813,-1757.227019640569,5641,2,72.577,
7642,2017-12-30T05:42:43Z,-32.69245000,148.24995000,6157.076662471813,-1756.227019640569,5642,2,72.557,
7643,2017-12-30T05:42:44Z,-32.69226667,148.25000000,6158.076662471813,-1755.227019640569,5643,2,72.539,
7644,2017-12-30T05:42:45Z,-32.69208333,148.25005000,6159.076662471813,-1754.227019640569,5644,2,72.52,
7645,2017-12-30T05:42:46Z,-32.69191667,148.25008333,6160.076662471813,-1753.227019640569,5645,2,72.504,
7646,2017-12-30T05:42:47Z,-32.69175000,148.25013333,6161.076662471813,-1752.227019640569,5646,2,72.487,
7647,2017-12-30T05:42:48Z,-32.69156667,148.25016667,6162.076662471813,-1751.227019640569,5647,2,72.468,
7648,2017-12-30T05:42:49Z,-32.69136667,148.25021667,6163.076662471813,-1750.227019640569,5648,2,72.448,
7649,2017-12-30T05:42:50Z,-32.69116667,148.25025000,6164.076662471813,-1749.227019640569,5649,2,72.428,
7650,2017-12-30T05:42:51Z,-32.69098333,148.25028333,6165.076662471813,-1748.227019640569,5650,2,72.409,
7651,2017-12-30T05:42:52Z,-32.69078333,148.25030000,6166.076662471813,-1747.227019640569,5651,2,72.388,
7652,2017-12-30T05:42:53Z,-32.69060000,148.25033333,6167.076662471813,-1746.227019640569,5652,2,72.37,
7653,2017-12-30T05:42:54Z,-32.69041667,148.25035000,6168.076662471813,-1745.227019640569,5653,2,72.351,
7654,2017-12-30T05:42:55Z,-32.69025000,148.25038333,6169.076662471813,-1744.227019640569,5654,2,72.334,
7655,2017-12-30T05:42:56Z,-32.69006667,148.25043333,6170.076662471813,-1743.227019640569,5655,2,72.316,
7656,2017-12-30T05:42:57Z,-32.68986667,148.25046667,6171.076662471813,-1742.227019640569,5656,2,72.295,
7657,2017-12-30T05:42:58Z,-32.68966667,148.25053333,6172.076662471813,-1741.227019640569,5657,2,72.276,
7658,2017-12-30T05:42:59Z,-32.68946667,148.25058333,6173.076662471813,-1740.227019640569,5658,2,72.256,
7659,2017-12-30T05:43:00Z,-32.68928333,148.25065000,6174.076662471813,-1739.227019640569,5659,2,72.238,
7660,2017-12-30T05:43:01Z,-32.68910000,148.25071667,6175.076662471813,-1738.227019640569,5660,2,72.22,
7661,2017-12-30T05:43:02Z,-32.68891667,148.25078333,6176.076662471813,-1737.227019640569,5661,2,72.202,
7662,2017-12-30T05:43:03Z,-32.68873333,148.25086667,6177.076662471813,-1736.227019640569,5662,2,72.185,
7663,2017-12-30T05:43:04Z,-32.68855000,148.25095000,6178.076662471813,-1735.227019640569,5663,2,72.168,
7664,2017-12-30T05:43:05Z,-32.68835000,148.25103333,6179.076662471813,-1734.227019640569,5664,2,72.149,
7665,2017-12-30T05:43:06Z,-32.68816667,148.25111667,6180.076662471813,-1733.227019640569,5665,2,72.131,
7666,2017-12-30T05:43:07Z,-32.68798333,148.25118333,6181.076662471813,-1732.227019640569,5666,2,72.114,
7667,2017-12-30T05:43:08Z,-32.68781667,148.25126667,6182.076662471813,-1731.227019640569,5667,2,72.098,
7668,2017-12-30T05:43:09Z,-32.68763333,148.25133333,6183.076662471813,-1730.227019640569,5668,2,72.08,
7669,2017-12-30T05:43:10Z,-32.68746667,148.25141667,6184.076662471813,-1729.227019640569,5669,2,72.065,
7670,2017-12-30T05:43:11Z,-32.68728333,148.25148333,6185.076662471813,-1728.227019640569,5670,2,72.047,
7671,2017-12-30T05:43:12Z,-32.68708333,148.25156667,6186.076662471813,-1727.227019640569,5671,2,72.028,
7672,2017-12-30T05:43:13Z,-32.68690000,148.25163333,6187.076662471813,-1726.227019640569,5672,2,72.01,
7673,2017-12-30T05:43:14Z,-32.68671667,148.25170000,6188.076662471813,-1725.227019640569,5673,2,71.992,
7674,2017-12-30T05:43:15Z,-32.68653333,148.25176667,6189.076662471813,-1724.227019640569,5674,2,71.975,
7675,2017-12-30T05:43:16Z,-32.68635000,148.25185000,6190.076662471813,-1723.227019640569,5675,2,71.957,
7676,2017-12-30T05:43:17Z,-32.68615000,148.25193333,6191.076662471813,-1722.227019640569,5676,2,71.938,
7677,2017-12-30T05:43:18Z,-32.68595000,148.25200000,6192.076662471813,-1721.227019640569,5677,2,71.919,
7678,2017-12-30T05:43:19Z,-32.68576667,148.25208333,6193.076662471813,-1720.227019640569,5678,2,71.902,
7679,2017-12-30T05:43:20Z,-32.68556667,148.25216667,6194.076662471813,-1719.227019640569,5679,2,71.883,
7680,2017-12-30T05:43:21Z,-32.68538333,148.25223333,6195.076662471813,-1718.227019640569,5680,2,71.865,
7681,2017-12-30T05:43:22Z,-32.68518333,148.25230000,6196.076662471813,-1717.227019640569,5681,2,71.845,
7682,2017-12-30T05:43:23Z,-32.68500000,148.25236667,6197.076662471813,-1716.227019640569,5682,2,71.828,
7683,2017-12-30T05:43:24Z,-32.68480000,148.25241667,6198.076662471813,-1715.227019640569,5683,2,71.808,
7684,2017-12-30T05:43:25Z,-32.68461667,148.25248333,6199.076662471813,-1714.227019640569,5684,2,71.79,
7685,2017-12-30T05:43:26Z,-32.68443333,148.25253333,6200.076662471813,-1713.227019640569,5685,2,71.772,
7686,2017-12-30T05:43:27Z,-32.68425000,148.25258333,6201.076662471813,-1712.227019640569,5686,2,71.754,
7687,2017-12-30T05:43:28Z,-32.68405000,148.25263333,6202.076662471813,-1711.227019640569,5687,2,71.734,
7688,2017-12-30T05:43:29Z,-32.68386667,148.25266667,6203.076662471813,-1710.227019640569,5688,2,71.715,
7689,2017-12-30T05:43:30Z,-32.68368333,148.25271667,6204.076662471813,-1709.227019640569,5689,2,71.697,
7690,2017-12-30T05:43:31Z,-32.68348333,148.25276667,6205.076662471813,-1708.227019640569,5690,2,71.677,
7691,2017-12-30T05:43:32Z,-32.68330000,148.25280000,6206.076662471813,-1707.227019640569,5691,2,71.658,
7692,2017-12-30T05:43:33Z,-32.68311667,148.25285000,6207.076662471813,-1706.227019640569,5692,2,71.64,
7693,2017-12-30T05:43:34Z,-32.68291667,148.25288333,6208.076662471813,-1705.227019640569,5693,2,71.62,
7694,2017-12-30T05:43:35Z,-32.68271667,148.25293333,6209.076662471813,-1704.227019640569,5694,2,71.6,
7695,2017-12-30T05:43:36Z,-32.68251667,148.25298333,6210.076662471813,-1703.227019640569,5695,2,71.58,
7696,2017-12-30T05:43:37Z,-32.68231667,148.25305000,6211.076662471813,-1702.227019640569,5696,2,71.561,
7697,2017-12-30T05:43:38Z,-32.68213333,148.25313333,6212.076662471813,-1701.227019640569,5697,2,71.543,
7698,2017-12-30T05:43:39Z,-32.68193333,148.25323333,6213.076662471813,-1700.227019640569,5698,2,71.525,
7699,2017-12-30T05:43:40Z,-32.68175000,148.25331667,6214.076662471813,-1699.227019640569,5699,2,71.508,
7700,2017-12-30T05:43:41Z,-32.68155000,148.25341667,6215.076662471813,-1698.227019640569,5700,2,71.489,
7701,2017-12-30T05:43:42Z,-32.68135000,148.25350000,6216.076662471813,-1697.227019640569,5701,2,71.47,
7702,2017-12-30T05:43:43Z,-32.68115000,148.25360000,6217.076662471813,-1696.227019640569,5702,2,71.451,
7703,2017-12-30T05:43:44Z,-32.68095000,148.25370000,6218.076662471813,-1695.227019640569,5703,2,71.433,
7704,2017-12-30T05:43:45Z,-32.68076667,148.25378333,6219.076662471813,-1694.227019640569,5704,2,71.416,
7705,2017-12-30T05:43:46Z,-32.68056667,148.25388333,6220.076662471813,-1693.227019640569,5705,2,71.397,
7706,2017-12-30T05:43:47Z,-32.68038333,148.25398333,6221.076662471813,-1692.227019640569,5706,2,71.38,
7707,2017-12-30T05:43:48Z,-32.68016667,148.25410000,6222.076662471813,-1691.227019640569,5707,2,71.361,
7708,2017-12-30T05:43:49Z,-32.67996667,148.25423333,6223.076662471813,-1690.227019640569,5708,2,71.343,
7709,2017-12-30T05:43:50Z,-32.67975000,148.25435000,6224.076662471813,-1689.227019640569,5709,2,71.323,
7710,2017-12-30T05:43:51Z,-32.67955000,148.25445000,6225.076662471813,-1688.227019640569,5710,2,71.305,
7711,2017-12-30T05:43:52Z,-32.67935000,148.25455000,6226.076662471813,-1687.227019640569,5711,2,71.286,
7712,2017-12-30T05:43:53Z,-32.67915000,148.25465000,6227.076662471813,-1686.227019640569,5712,2,71.268,
7713,2017-12-30T05:43:54Z,-32.67895000,148.25473333,6228.076662471813,-1685.227019640569,5713,2,71.249,
7714,2017-12-30T05:43:55Z,-32.67875000,148.25481667,6229.076662471813,-1684.227019640569,5714,2,71.23,
7715,2017-12-30T05:43:56Z,-32.67855000,148.25490000,6230.076662471813,-1683.227019640569,5715,2,71.211,
7716,2017-12-30T05:43:57Z,-32.67835000,148.25498333,6231.076662471813,-1682.227019640569,5716,2,71.192,
7717,2017-12-30T05:43:58Z,-32.67815000,148.25506667,6232.076662471813,-1681.227019640569,5717,2,71.173,
7718,2017-12-30T05:43:59Z,-32.67795000,148.25516667,6233.076662471813,-1680.227019640569,5718,2,71.154,
7719,2017-12-30T05:44:00Z,-32.67775000,148.25526667,6234.076662471813,-1679.227019640569,5719,2,71.136,
7720,2017-12-30T05:44:01Z,-32.67755000,148.25535000,6235.076662471813,-1678.227019640569,5720,2,71.117,
7721,2017-12-30T05:44:02Z,-32.67736667,148.25545000,6236.076662471813,-1677.227019640569,5721,2,71.1,
7722,2017-12-30T05:44:03Z,-32.67716667,148.25553333,6237.076662471813,-1676.227019640569,5722,2,71.081,
7723,2017-12-30T05:44:04Z,-32.67696667,148.25561667,6238.076662471813,-1675.227019640569,5723,2,71.062,
7724,2017-12-30T05:44:05Z,-32.67678333,148.25570000,6239.076662471813,-1674.227019640569,5724,2,71.045,
7725,2017-12-30T05:44:06Z,-32.67660000,148.25578333,6240.076662471813,-1673.227019640569,5725,2,71.027,
7726,2017-12-30T05:44:07Z,-32.67641667,148.25586667,6241.076662471813,-1672.227019640569,5726,2,71.01,
7727,2017-12-30T05:44:08Z,-32.67623333,148.25595000,6242.076662471813,-1671.227019640569,5727,2,70.993,
7728,2017-12-30T05:44:09Z,-32.67605000,148.25603333,6243.076662471813,-1670.227019640569,5728,2,70.976,
7729,2017-12-30T05:44:10Z,-32.67586667,148.25610000,6244.076662471813,-1669.227019640569,5729,2,70.958,
7730,2017-12-30T05:44:11Z,-32.67568333,148.25616667,6245.076662471813,-1668.227019640569,5730,2,70.94,
7731,2017-12-30T05:44:12Z,-32.67550000,148.25623333,6246.076662471813,-1667.227019640569,5731,2,70.923,
7732,2017-12-30T05:44:13Z,-32.67531667,148.25630000,6247.076662471813,-1666.227019640569,5732,2,70.905,
7733,2017-12-30T05:44:14Z,-32.67511667,148.25636667,6248.076662471813,-1665.227019640569,5733,2,70.886,
7734,2017-12-30T05:44:15Z,-32.67493333,148.25643333,6249.076662471813,-1664.227019640569,5734,2,70.868,
7735,2017-12-30T05:44:16Z,-32.67473333,148.25650000,6250.076662471813,-1663.227019640569,5735,2,70.848,
7736,2017-12-30T05:44:17Z,-32.67455000,148.25656667,6251.076662471813,-1662.227019640569,5736,2,70.831,
7737,2017-12-30T05:44:18Z,-32.67435000,148.25665000,6252.076662471813,-1661.227019640569,5737,2,70.812,
7738,2017-12-30T05:44:19Z,-32.67416667,148.25671667,6253.076662471813,-1660.227019640569,5738,2,70.794,
7739,2017-12-30T05:44:20Z,-32.67396667,148.25676667,6254.076662471813,-1659.227019640569,5739,2,70.774,
7740,2017-12-30T05:44:21Z,-32.67378333,148.25683333,6255.076662471813,-1658.227019640569,5740,2,70.757,
7741,2017-12-30T05:44:22Z,-32.67358333,148.25690000,6256.076662471813,-1657.227019640569,5741,2,70.737,
7742,2017-12-30T05:44:23Z,-32.67338333,148.25698333,6257.076662471813,-1656.227019640569,5742,2,70.718,
7743,2017-12-30T05:44:24Z,-32.67318333,148.25706667,6258.076662471813,-1655.227019640569,5743,2,70.699,
7744,2017-12-30T05:44:25Z,-32.67298333,148.25715000,6259.076662471813,-1654.227019640569,5744,2,70.68,
7745,2017-12-30T05:44:26Z,-32.67280000,148.25721667,6260.076662471813,-1653.227019640569,5745,2,70.663,
7746,2017-12-30T05:44:27Z,-32.67260000,148.25730000,6261.076662471813,-1652.227019640569,5746,2,70.644,
7747,2017-12-30T05:44:28Z,-32.67240000,148.25738333,6262.076662471813,-1651.227019640569,5747,2,70.625,
7748,2017-12-30T05:44:29Z,-32.67221667,148.25745000,6263.076662471813,-1650.227019640569,5748,2,70.607,
7749,2017-12-30T05:44:30Z,-32.67203333,148.25751667,6264.076662471813,-1649.227019640569,5749,2,70.59,
7750,2017-12-30T05:44:31Z,-32.67183333,148.25760000,6265.076662471813,-1648.227019640569,5750,2,70.571,
7751,2017-12-30T05:44:32Z,-32.67163333,148.25766667,6266.076662471813,-1647.227019640569,5751,2,70.551,
7752,2017-12-30T05:44:33Z,-32.67145000,148.25773333,6267.076662471813,-1646.227019640569,5752,2,70.534,
7753,2017-12-30T05:44:34Z,-32.67126667,148.25781667,6268.076662471813,-1645.227019640569,5753,2,70.516,
7754,2017-12-30T05:44:35Z,-32.67108333,148.25786667,6269.076662471813,-1644.227019640569,5754,2,70.498,
7755,2017-12-30T05:44:36Z,-32.67090000,148.25793333,6270.076662471813,-1643.227019640569,5755,2,70.481,
7756,2017-12-30T05:44:37Z,-32.67071667,148.25800000,6271.076662471813,-1642.227019640569,5756,2,70.463,
7757,2017-12-30T05:44:38Z,-32.67053333,148.25806667,6272.076662471813,-1641.227019640569,5757,2,70.445,
7758,2017-12-30T05:44:39Z,-32.67035000,148.25811667,6273.076662471813,-1640.227019640569,5758,2,70.427,
7759,2017-12-30T05:44:40Z,-32.67015000,148.25818333,6274.076662471813,-1639.227019640569,5759,2,70.408,
7760,2017-12-30T05:44:41Z,-32.66996667,148.25823333,6275.076662471813,-1638.227019640569,5760,2,70.39,
7761,2017-12-30T05:44:42Z,-32.66976667,148.25826667,6276.076662471813,-1637.227019640569,5761,2,70.37,
7762,2017-12-30T05:44:43Z,-32.66956667,148.25831667,6277.076662471813,-1636.227019640569,5762,2,70.35,
7763,2017-12-30T05:44:44Z,-32.66938333,148.25835000,6278.076662471813,-1635.227019640569,5763,2,70.331,
7764,2017-12-30T05:44:45Z,-32.66918333,148.25838333,6279.076662471813,-1634.227019640569,5764,2,70.311,
7765,2017-12-30T05:44:46Z,-32.66900000,148.25840000,6280.076662471813,-1633.227019640569,5765,2,70.292,
7766,2017-12-30T05:44:47Z,-32.66881667,148.25843333,6281.076662471813,-1632.227019640569,5766,2,70.273,
7767,2017-12-30T05:44:48Z,-32.66861667,148.25845000,6282.076662471813,-1631.227019640569,5767,2,70.253,
7768,2017-12-30T05:44:49Z,-32.66841667,148.25846667,6283.076662471813,-1630.227019640569,5768,2,70.232,
7769,2017-12-30T05:44:50Z,-32.66821667,148.25850000,6284.076662471813,-1629.227019640569,5769,2,70.212,
7770,2017-12-30T05:44:51Z,-32.66801667,148.25853333,6285.076662471813,-1628.227019640569,5770,2,70.191,
7771,2017-12-30T05:44:52Z,-32.66781667,148.25856667,6286.076662471813,-1627.227019640569,5771,2,70.171,
7772,2017-12-30T05:44:53Z,-32.66760000,148.25860000,6287.076662471813,-1626.227019640569,5772,2,70.149,
7773,2017-12-30T05:44:54Z,-32.66740000,148.25863333,6288.076662471813,-1625.227019640569,5773,2,70.129,
7774,2017-12-30T05:44:55Z,-32.66720000,148.25866667,6289.076662471813,-1624.227019640569,5774,2,70.108,
7775,2017-12-30T05:44:56Z,-32.66701667,148.25870000,6290.076662471813,-1623.227019640569,5775,2,70.09,
7776,2017-12-30T05:44:57Z,-32.66680000,148.25873333,6291.076662471813,-1622.227019640569,5776,2,70.068,
7777,2017-12-30T05:44:58Z,-32.66660000,148.25875000,6292.076662471813,-1621.227019640569,5777,2,70.047,
7778,2017-12-30T05:44:59Z,-32.66640000,148.25876667,6293.076662471813,-1620.227019640569,5778,2,70.026,
7779,2017-12-30T05:45:00Z,-32.66620000,148.25878333,6294.076662471813,-1619.227019640569,5779,2,70.005,
7780,2017-12-30T05:45:01Z,-32.66601667,148.25881667,6295.076662471813,-1618.227019640569,5780,2,69.987,
7781,2017-12-30T05:45:02Z,-32.66583333,148.25885000,6296.076662471813,-1617.227019640569,5781,2,69.968,
7782,2017-12-30T05:45:03Z,-32.66566667,148.25886667,6297.076662471813,-1616.227019640569,5782,2,69.951,
7783,2017-12-30T05:45:04Z,-32.66548333,148.25890000,6298.076662471813,-1615.227019640569,5783,2,69.933,
7784,2017-12-30T05:45:05Z,-32.66530000,148.25891667,6299.076662471813,-1614.227019640569,5784,2,69.914,
7785,2017-12-30T05:45:06Z,-32.66511667,148.25893333,6300.076662471813,-1613.227019640569,5785,2,69.895,
7786,2017-12-30T05:45:07Z,-32.66491667,148.25896667,6301.076662471813,-1612.227019640569,5786,2,69.875,
7787,2017-12-30T05:45:08Z,-32.66475000,148.25900000,6302.076662471813,-1611.227019640569,5787,2,69.858,
7788,2017-12-30T05:45:09Z,-32.66456667,148.25905000,6303.076662471813,-1610.227019640569,5788,2,69.84,
7789,2017-12-30T05:45:10Z,-32.66436667,148.25910000,6304.076662471813,-1609.227019640569,5789,2,69.82,
7790,2017-12-30T05:45:11Z,-32.66416667,148.25915000,6305.076662471813,-1608.227019640569,5790,2,69.8,
7791,2017-12-30T05:45:12Z,-32.66396667,148.25920000,6306.076662471813,-1607.227019640569,5791,2,69.78,
7792,2017-12-30T05:45:13Z,-32.66378333,148.25925000,6307.076662471813,-1606.227019640569,5792,2,69.762,
7793,2017-12-30T05:45:14Z,-32.66358333,148.25930000,6308.076662471813,-1605.227019640569,5793,2,69.743,
7794,2017-12-30T05:45:15Z,-32.66340000,148.25935000,6309.076662471813,-1604.227019640569,5794,2,69.724,
7795,2017-12-30T05:45:16Z,-32.66321667,148.25940000,6310.076662471813,-1603.227019640569,5795,2,69.706,
7796,2017-12-30T05:45:17Z,-32.66303333,148.25945000,6311.076662471813,-1602.227019640569,5796,2,69.688,
7797,2017-12-30T05:45:18Z,-32.66285000,148.25948333,6312.076662471813,-1601.227019640569,5797,2,69.67,
7798,2017-12-30T05:45:19Z,-32.66266667,148.25951667,6313.076662471813,-1600.227019640569,5798,2,69.651,
7799,2017-12-30T05:45:20Z,-32.66248333,148.25953333,6314.076662471813,-1599.227019640569,5799,2,69.632,
7800,2017-12-30T05:45:21Z,-32.66231667,148.25955000,6315.076662471813,-1598.227019640569,5800,2,69.615,
7801,2017-12-30T05:45:22Z,-32.66213333,148.25956667,6316.076662471813,-1597.227019640569,5801,2,69.596,
7802,2017-12-30T05:45:23Z,-32.66195000,148.25956667,6317.076662471813,-1596.227019640569,5802,2,69.577,
7803,2017-12-30T05:45:24Z,-32.66176667,148.25956667,6318.076662471813,-1595.227019640569,5803,2,69.557,
7804,2017-12-30T05:45:25Z,-32.66158333,148.25958333,6319.076662471813,-1594.227019640569,5804,2,69.539,
7805,2017-12-30T05:45:26Z,-32.66140000,148.25960000,6320.076662471813,-1593.227019640569,5805,2,69.52,
7806,2017-12-30T05:45:27Z,-32.66121667,148.25963333,6321.076662471813,-1592.227019640569,5806,2,69.501,
7807,2017-12-30T05:45:28Z,-32.66103333,148.25966667,6322.076662471813,-1591.227019640569,5807,2,69.483,
7808,2017-12-30T05:45:29Z,-32.66083333,148.25973333,6323.076662471813,-1590.227019640569,5808,2,69.463,
7809,2017-12-30T05:45:30Z,-32.66063333,148.25981667,6324.076662471813,-1589.227019640569,5809,2,69.444,
7810,2017-12-30T05:45:31Z,-32.66043333,148.25990000,6325.076662471813,-1588.227019640569,5810,2,69.426,
7811,2017-12-30T05:45:32Z,-32.66025000,148.25996667,6326.076662471813,-1587.227019640569,5811,2,69.408,
7812,2017-12-30T05:45:33Z,-32.66005000,148.26005000,6327.076662471813,-1586.227019640569,5812,2,69.389,
7813,2017-12-30T05:45:34Z,-32.65985000,148.26013333,6328.076662471813,-1585.227019640569,5813,2,69.37,
7814,2017-12-30T05:45:35Z,-32.65966667,148.26021667,6329.076662471813,-1584.227019640569,5814,2,69.353,
7815,2017-12-30T05:45:36Z,-32.65946667,148.26028333,6330.076662471813,-1583.227019640569,5815,2,69.334,
7816,2017-12-30T05:45:37Z,-32.65928333,148.26035000,6331.076662471813,-1582.227019640569,5816,2,69.317,
7817,2017-12-30T05:45:38Z,-32.65908333,148.26041667,6332.076662471813,-1581.227019640569,5817,2,69.297,
7818,2017-12-30T05:45:39Z,-32.65890000,148.26048333,6333.076662471813,-1580.227019640569,5818,2,69.28,
7819,2017-12-30T05:45:40Z,-32.65870000,148.26055000,6334.076662471813,-1579.227019640569,5819,2,69.261,
7820,2017-12-30T05:45:41Z,-32.65851667,148.26063333,6335.076662471813,-1578.227019640569,5820,2,69.244,
7821,2017-12-30T05:45:42Z,-32.65833333,148.26071667,6336.076662471813,-1577.227019640569,5821,2,69.227,
7822,2017-12-30T05:45:43Z,-32.65813333,148.26081667,6337.076662471813,-1576.227019640569,5822,2,69.208,
7823,2017-12-30T05:45:44Z,-32.65793333,148.26091667,6338.076662471813,-1575.227019640569,5823,2,69.19,
7824,2017-12-30T05:45:45Z,-32.65775000,148.26101667,6339.076662471813,-1574.227019640569,5824,2,69.173,
7825,2017-12-30T05:45:46Z,-32.65755000,148.26111667,6340.076662471813,-1573.227019640569,5825,2,69.155,
7826,2017-12-30T05:45:47Z,-32.65736667,148.26123333,6341.076662471813,-1572.227019640569,5826,2,69.139,
7827,2017-12-30T05:45:48Z,-32.65716667,148.26135000,6342.076662471813,-1571.227019640569,5827,2,69.121,
7828,2017-12-30T05:45:49Z,-32.65696667,148.26148333,6343.076662471813,-1570.227019640569,5828,2,69.104,
7829,2017-12-30T05:45:50Z,-32.65676667,148.26160000,6344.076662471813,-1569.227019640569,5829,2,69.086,
7830,2017-12-30T05:45:51Z,-32.65656667,148.26170000,6345.076662471813,-1568.227019640569,5830,2,69.068,
7831,2017-12-30T05:45:52Z,-32.65638333,148.26180000,6346.076662471813,-1567.227019640569,5831,2,69.051,
7832,2017-12-30T05:45:53Z,-32.65618333,148.26190000,6347.076662471813,-1566.227019640569,5832,2,69.033,
7833,2017-12-30T05:45:54Z,-32.65596667,148.26198333,6348.076662471813,-1565.227019640569,5833,2,69.012,
7834,2017-12-30T05:45:55Z,-32.65576667,148.26208333,6349.076662471813,-1564.227019640569,5834,2,68.994,
7835,2017-12-30T05:45:56Z,-32.65555000,148.26215000,6350.076662471813,-1563.227019640569,5835,2,68.973,
7836,2017-12-30T05:45:57Z,-32.65536667,148.26223333,6351.076662471813,-1562.227019640569,5836,2,68.956,
7837,2017-12-30T05:45:58Z,-32.65518333,148.26230000,6352.076662471813,-1561.227019640569,5837,2,68.939,
7838,2017-12-30T05:45:59Z,-32.65500000,148.26238333,6353.076662471813,-1560.227019640569,5838,2,68.922,
7839,2017-12-30T05:46:00Z,-32.65481667,148.26245000,6354.076662471813,-1559.227019640569,5839,2,68.904,
7840,2017-12-30T05:46:01Z,-32.65463333,148.26253333,6355.076662471813,-1558.227019640569,5840,2,68.887,
7841,2017-12-30T05:46:02Z,-32.65445000,148.26261667,6356.076662471813,-1557.227019640569,5841,2,68.87,
7842,2017-12-30T05:46:03Z,-32.65426667,148.26270000,6357.076662471813,-1556.227019640569,5842,2,68.853,
7843,2017-12-30T05:46:04Z,-32.65406667,148.26278333,6358.076662471813,-1555.227019640569,5843,2,68.835,
7844,2017-12-30T05:46:05Z,-32.65388333,148.26288333,6359.076662471813,-1554.227019640569,5844,2,68.818,
7845,2017-12-30T05:46:06Z,-32.65370000,148.26296667,6360.076662471813,-1553.227019640569,5845,2,68.801,
7846,2017-12-30T05:46:07Z,-32.65351667,148.26305000,6361.076662471813,-1552.227019640569,5846,2,68.784,
7847,2017-12-30T05:46:08Z,-32.65333333,148.26315000,6362.076662471813,-1551.227019640569,5847,2,68.768,
7848,2017-12-30T05:46:09Z,-32.65313333,148.26321667,6363.076662471813,-1550.227019640569,5848,2,68.749,
7849,2017-12-30T05:46:10Z,-32.65293333,148.26330000,6364.076662471813,-1549.227019640569,5849,2,68.73,
7850,2017-12-30T05:46:11Z,-32.65275000,148.26336667,6365.076662471813,-1548.227019640569,5850,2,68.712,
7851,2017-12-30T05:46:12Z,-32.65255000,148.26345000,6366.076662471813,-1547.227019640569,5851,2,68.694,
7852,2017-12-30T05:46:13Z,-32.65236667,148.26351667,6367.076662471813,-1546.227019640569,5852,2,68.676,
7853,2017-12-30T05:46:14Z,-32.65218333,148.26361667,6368.076662471813,-1545.227019640569,5853,2,68.66,
7854,2017-12-30T05:46:15Z,-32.65200000,148.26370000,6369.076662471813,-1544.227019640569,5854,2,68.643,
7855,2017-12-30T05:46:16Z,-32.65181667,148.26380000,6370.076662471813,-1543.227019640569,5855,2,68.627,
7856,2017-12-30T05:46:17Z,-32.65161667,148.26390000,6371.076662471813,-1542.227019640569,5856,2,68.608,
7857,2017-12-30T05:46:18Z,-32.65143333,148.26400000,6372.076662471813,-1541.227019640569,5857,2,68.592,
7858,2017-12-30T05:46:19Z,-32.65125000,148.26411667,6373.076662471813,-1540.227019640569,5858,2,68.576,
7859,2017-12-30T05:46:20Z,-32.65105000,148.26421667,6374.076662471813,-1539.227019640569,5859,2,68.558,
7860,2017-12-30T05:46:21Z,-32.65085000,148.26433333,6375.076662471813,-1538.227019640569,5860,2,68.54,
7861,2017-12-30T05:46:22Z,-32.65065000,148.26445000,6376.076662471813,-1537.227019640569,5861,2,68.522,
7862,2017-12-30T05:46:23Z,-32.65045000,148.26456667,6377.076662471813,-1536.227019640569,5862,2,68.505,
7863,2017-12-30T05:46:24Z,-32.65025000,148.26466667,6378.076662471813,-1535.227019640569,5863,2,68.487,
7864,2017-12-30T05:46:25Z,-32.65005000,148.26478333,6379.076662471813,-1534.227019640569,5864,2,68.469,
7865,2017-12-30T05:46:26Z,-32.64985000,148.26488333,6380.076662471813,-1533.227019640569,5865,2,68.451,
7866,2017-12-30T05:46:27Z,-32.64965000,148.26501667,6381.076662471813,-1532.227019640569,5866,2,68.433,
7867,2017-12-30T05:46:28Z,-32.64945000,148.26515000,6382.076662471813,-1531.227019640569,5867,2,68.416,
7868,2017-12-30T05:46:29Z,-32.64926667,148.26526667,6383.076662471813,-1530.227019640569,5868,2,68.4,
7869,2017-12-30T05:46:30Z,-32.64906667,148.26540000,6384.076662471813,-1529.227019640569,5869,2,68.383,
7870,2017-12-30T05:46:31Z,-32.64888333,148.26551667,6385.076662471813,-1528.227019640569,5870,2,68.367,
7871,2017-12-30T05:46:32Z,-32.64868333,148.26563333,6386.076662471813,-1527.227019640569,5871,2,68.35,
7872,2017-12-30T05:46:33Z,-32.64850000,148.26575000,6387.076662471813,-1526.227019640569,5872,2,68.334,
7873,2017-12-30T05:46:34Z,-32.64831667,148.26585000,6388.076662471813,-1525.227019640569,5873,2,68.317,
7874,2017-12-30T05:46:35Z,-32.64813333,148.26596667,6389.076662471813,-1524.227019640569,5874,2,68.302,
7875,2017-12-30T05:46:36Z,-32.64795000,148.26606667,6390.076662471813,-1523.227019640569,5875,2,68.285,
7876,2017-12-30T05:46:37Z,-32.64775000,148.26616667,6391.076662471813,-1522.227019640569,5876,2,68.267,
7877,2017-12-30T05:46:38Z,-32.64756667,148.26626667,6392.076662471813,-1521.227019640569,5877,2,68.251,
7878,2017-12-30T05:46:39Z,-32.64738333,148.26636667,6393.076662471813,-1520.227019640569,5878,2,68.234,
7879,2017-12-30T05:46:40Z,-32.64721667,148.26646667,6394.076662471813,-1519.227019640569,5879,2,68.22,
7880,2017-12-30T05:46:41Z,-32.64701667,148.26656667,6395.076662471813,-1518.227019640569,5880,2,68.202,
7881,2017-12-30T05:46:42Z,-32.64683333,148.26666667,6396.076662471813,-1517.227019640569,5881,2,68.185,
7882,2017-12-30T05:46:43Z,-32.64665000,148.26675000,6397.076662471813,-1516.227019640569,5882,2,68.169,
7883,2017-12-30T05:46:44Z,-32.64645000,148.26683333,6398.076662471813,-1515.227019640569,5883,2,68.15,
7884,2017-12-30T05:46:45Z,-32.64626667,148.26693333,6399.076662471813,-1514.227019640569,5884,2,68.134,
7885,2017-12-30T05:46:46Z,-32.64610000,148.26701667,6400.076662471813,-1513.227019640569,5885,2,68.119,
7886,2017-12-30T05:46:47Z,-32.64591667,148.26711667,6401.076662471813,-1512.227019640569,5886,2,68.102,
7887,2017-12-30T05:46:48Z,-32.64573333,148.26721667,6402.076662471813,-1511.227019640569,5887,2,68.086,
7888,2017-12-30T05:46:49Z,-32.64556667,148.26735000,6403.076662471813,-1510.227019640569,5888,2,68.072,
7889,2017-12-30T05:46:50Z,-32.64538333,148.26746667,6404.076662471813,-1509.227019640569,5889,2,68.056,
7890,2017-12-30T05:46:51Z,-32.64520000,148.26760000,6405.076662471813,-1508.227019640569,5890,2,68.041,
7891,2017-12-30T05:46:52Z,-32.64501667,148.26773333,6406.076662471813,-1507.227019640569,5891,2,68.026,
7892,2017-12-30T05:46:53Z,-32.64485000,148.26786667,6407.076662471813,-1506.227019640569,5892,2,68.012,
7893,2017-12-30T05:46:54Z,-32.64466667,148.26801667,6408.076662471813,-1505.227019640569,5893,2,67.997,
7894,2017-12-30T05:46:55Z,-32.64450000,148.26815000,6409.076662471813,-1504.227019640569,5894,2,67.984,
7895,2017-12-30T05:46:56Z,-32.64435000,148.26828333,6410.076662471813,-1503.227019640569,5895,2,67.972,
7896,2017-12-30T05:46:57Z,-32.64420000,148.26843333,6411.076662471813,-1502.227019640569,5896,2,67.961,
7897,2017-12-30T05:46:58Z,-32.64403333,148.26856667,6412.076662471813,-1501.227019640569,5897,2,67.947,
7898,2017-12-30T05:46:59Z,-32.64386667,148.26868333,6413.076662471813,-1500.227019640569,5898,2,67.933,
7899,2017-12-30T05:47:00Z,-32.64371667,148.26881667,6414.076662471813,-1499.227019640569,5899,2,67.922,
7900,2017-12-30T05:47:01Z,-32.64355000,148.26893333,6415.076662471813,-1498.227019640569,5900,2,67.908,
7901,2017-12-30T05:47:02Z,-32.64338333,148.26906667,6416.076662471813,-1497.227019640569,5901,2,67.894,
7902,2017-12-30T05:47:03Z,-32.64321667,148.26918333,6417.076662471813,-1496.227019640569,5902,2,67.88,
7903,2017-12-30T05:47:04Z,-32.64305000,148.26931667,6418.076662471813,-1495.227019640569,5903,2,67.867,
7904,2017-12-30T05:47:05Z,-32.64290000,148.26943333,6419.076662471813,-1494.227019640569,5904,2,67.854,
7905,2017-12-30T05:47:06Z,-32.64275000,148.26958333,6420.076662471813,-1493.227019640569,5905,2,67.843,
7906,2017-12-30T05:47:07Z,-32.64260000,148.26971667,6421.076662471813,-1492.227019640569,5906,2,67.831,
7907,2017-12-30T05:47:08Z,-32.64246667,148.26988333,6422.076662471813,-1491.227019640569,5907,2,67.822,
7908,2017-12-30T05:47:09Z,-32.64236667,148.27005000,6423.076662471813,-1490.227019640569,5908,2,67.817,
7909,2017-12-30T05:47:10Z,-32.64228333,148.27023333,6424.076662471813,-1489.227019640569,5909,2,67.814,
7910,2017-12-30T05:47:11Z,-32.64221667,148.27043333,6425.076662471813,-1488.227019640569,5910,2,67.813,
7911,2017-12-30T05:47:12Z,-32.64220000,148.27061667,6426.076662471813,-1487.227019640569,5911,2,67.817,
7912,2017-12-30T05:47:13Z,-32.64221667,148.27076667,6427.076662471813,-1486.227019640569,5912,2,67.823,
7913,2017-12-30T05:47:14Z,-32.64226667,148.27088333,6428.076662471813,-1485.227019640569,5913,2,67.832,
7914,2017-12-30T05:47:15Z,-32.64233333,148.27095000,6429.076662471813,-1484.227019640569,5914,2,67.841,
7915,2017-12-30T05:47:16Z,-32.64240000,148.27095000,6430.076662471813,-1483.227019640569,5915,2,67.848,
7916,2017-12-30T05:47:17Z,-32.64246667,148.27090000,6431.076662471813,-1482.227019640569,5916,2,67.853,
7917,2017-12-30T05:47:18Z,-32.64251667,148.27085000,6432.076662471813,-1481.227019640569,5917,2,67.857,
7918,2017-12-30T05:47:19Z,-32.64256667,148.27078333,6433.076662471813,-1480.227019640569,5918,2,67.86,
7919,2017-12-30T05:47:20Z,-32.64261667,148.27073333,6434.076662471813,-1479.227019640569,5919,2,67.864,
7920,2017-12-30T05:47:21Z,-32.64265000,148.27066667,6435.076662471813,-1478.227019640569,5920,2,67.866,
7921,2017-12-30T05:47:22Z,-32.64266667,148.27058333,6436.076662471813,-1477.227019640569,5921,2,67.865,
7922,2017-12-30T05:47:23Z,-32.64266667,148.27050000,6437.076662471813,-1476.227019640569,5922,2,67.862,
7923,2017-12-30T05:47:24Z,-32.64265000,148.27041667,6438.076662471813,-1475.227019640569,5923,2,67.858,
7924,2017-12-30T05:47:25Z,-32.64261667,148.27031667,6439.076662471813,-1474.227019640569,5924,2,67.851,
7925,2017-12-30T05:47:26Z,-32.64253333,148.27021667,6440.076662471813,-1473.227019640569,5925,2,67.84,
7926,2017-12-30T05:47:27Z,-32.64243333,148.27013333,6441.076662471813,-1472.227019640569,5926,2,67.826,
7927,2017-12-30T05:47:28Z,-32.64231667,148.27005000,6442.076662471813,-1471.227019640569,5927,2,67.812,
7928,2017-12-30T05:47:29Z,-32.64218333,148.27000000,6443.076662471813,-1470.227019640569,5928,2,67.796,
7929,2017-12-30T05:47:30Z,-32.64203333,148.26995000,6444.076662471813,-1469.227019640569,5929,2,67.779,
7930,2017-12-30T05:47:31Z,-32.64188333,148.26991667,6445.076662471813,-1468.227019640569,5930,2,67.762,
7931,2017-12-30T05:47:32Z,-32.64171667,148.26988333,6446.076662471813,-1467.227019640569,5931,2,67.744,
7932,2017-12-30T05:47:33Z,-32.64156667,148.26983333,6447.076662471813,-1466.227019640569,5932,2,67.726,
7933,2017-12-30T05:47:34Z,-32.64143333,148.26978333,6448.076662471813,-1465.227019640569,5933,2,67.711,
7934,2017-12-30T05:47:35Z,-32.64128333,148.26971667,6449.076662471813,-1464.227019640569,5934,2,67.693,
7935,2017-12-30T05:47:36Z,-32.64113333,148.26966667,6450.076662471813,-1463.227019640569,5935,2,67.676,
7936,2017-12-30T05:47:37Z,-32.64098333,148.26960000,6451.076662471813,-1462.227019640569,5936,2,67.658,
7937,2017-12-30T05:47:38Z,-32.64081667,148.26955000,6452.076662471813,-1461.227019640569,5937,2,67.639,
7938,2017-12-30T05:47:39Z,-32.64065000,148.26951667,6453.076662471813,-1460.227019640569,5938,2,67.62,
7939,2017-12-30T05:47:40Z,-32.64048333,148.26948333,6454.076662471813,-1459.227019640569,5939,2,67.602,
7940,2017-12-30T05:47:41Z,-32.64031667,148.26948333,6455.076662471813,-1458.227019640569,5940,2,67.584,
7941,2017-12-30T05:47:42Z,-32.64015000,148.26951667,6456.076662471813,-1457.227019640569,5941,2,67.568,
7942,2017-12-30T05:47:43Z,-32.63996667,148.26958333,6457.076662471813,-1456.227019640569,5942,2,67.55,
7943,2017-12-30T05:47:44Z,-32.63981667,148.26970000,6458.076662471813,-1455.227019640569,5943,2,67.538,
7944,2017-12-30T05:47:45Z,-32.63966667,148.26985000,6459.076662471813,-1454.227019640569,5944,2,67.527,
7945,2017-12-30T05:47:46Z,-32.63956667,148.27001667,6460.076662471813,-1453.227019640569,5945,2,67.522,
7946,2017-12-30T05:47:47Z,-32.63950000,148.27020000,6461.076662471813,-1452.227019640569,5946,2,67.52,
7947,2017-12-30T05:47:48Z,-32.63945000,148.27038333,6462.076662471813,-1451.227019640569,5947,2,67.52,
7948,2017-12-30T05:47:49Z,-32.63943333,148.27055000,6463.076662471813,-1450.227019640569,5948,2,67.524,
7949,2017-12-30T05:47:50Z,-32.63946667,148.27071667,6464.076662471813,-1449.227019640569,5949,2,67.532,
7950,2017-12-30T05:47:51Z,-32.63951667,148.27086667,6465.076662471813,-1448.227019640569,5950,2,67.542,
7951,2017-12-30T05:47:52Z,-32.63960000,148.27095000,6466.076662471813,-1447.227019640569,5951,2,67.554,
7952,2017-12-30T05:47:53Z,-32.63970000,148.27096667,6467.076662471813,-1446.227019640569,5952,2,67.565,
7953,2017-12-30T05:47:54Z,-32.63976667,148.27095000,6468.076662471813,-1445.227019640569,5953,2,67.571,
7954,2017-12-30T05:47:55Z,-32.63983333,148.27091667,6469.076662471813,-1444.227019640569,5954,2,67.577,
7955,2017-12-30T05:47:56Z,-32.63990000,148.27085000,6470.076662471813,-1443.227019640569,5955,2,67.582,
7956,2017-12-30T05:47:57Z,-32.63991667,148.27078333,6471.076662471813,-1442.227019640569,5956,2,67.582,
7957,2017-12-30T05:47:58Z,-32.63993333,148.27070000,6472.076662471813,-1441.227019640569,5957,2,67.581,
7958,2017-12-30T05:47:59Z,-32.63991667,148.27060000,6473.076662471813,-1440.227019640569,5958,2,67.576,
7959,2017-12-30T05:48:00Z,-32.63985000,148.27050000,6474.076662471813,-1439.227019640569,5959,2,67.566,
7960,2017-12-30T05:48:01Z,-32.63976667,148.27040000,6475.076662471813,-1438.227019640569,5960,2,67.554,
7961,2017-12-30T05:48:02Z,-32.63966667,148.27030000,6476.076662471813,-1437.227019640569,5961,2,67.541,
7962,2017-12-30T05:48:03Z,-32.63955000,148.27021667,6477.076662471813,-1436.227019640569,5962,2,67.526,
7963,2017-12-30T05:48:04Z,-32.63941667,148.27015000,6478.076662471813,-1435.227019640569,5963,2,67.51,
7964,2017-12-30T05:48:05Z,-32.63926667,148.27008333,6479.076662471813,-1434.227019640569,5964,2,67.492,
7965,2017-12-30T05:48:06Z,-32.63910000,148.27005000,6480.076662471813,-1433.227019640569,5965,2,67.474,
7966,2017-12-30T05:48:07Z,-32.63893333,148.27003333,6481.076662471813,-1432.227019640569,5966,2,67.455,
7967,2017-12-30T05:48:08Z,-32.63875000,148.27001667,6482.076662471813,-1431.227019640569,5967,2,67.436,
7968,2017-12-30T05:48:09Z,-32.63856667,148.27003333,6483.076662471813,-1430.227019640569,5968,2,67.417,
7969,2017-12-30T05:48:10Z,-32.63836667,148.27013333,6484.076662471813,-1429.227019640569,5969,2,67.399,
7970,2017-12-30T05:48:11Z,-32.63821667,148.27030000,6485.076662471813,-1428.227019640569,5970,2,67.388,
7971,2017-12-30T05:48:12Z,-32.63808333,148.27050000,6486.076662471813,-1427.227019640569,5971,2,67.38,
7972,2017-12-30T05:48:13Z,-32.63798333,148.27071667,6487.076662471813,-1426.227019640569,5972,2,67.377,
7973,2017-12-30T05:48:14Z,-32.63795000,148.27095000,6488.076662471813,-1425.227019640569,5973,2,67.38,
7974,2017-12-30T05:48:15Z,-32.63795000,148.27115000,6489.076662471813,-1424.227019640569,5974,2,67.386,
7975,2017-12-30T05:48:16Z,-32.63798333,148.27135000,6490.076662471813,-1423.227019640569,5975,2,67.396,
7976,2017-12-30T05:48:17Z,-32.63801667,148.27151667,6491.076662471813,-1422.227019640569,5976,2,67.405,
7977,2017-12-30T05:48:18Z,-32.63808333,148.27168333,6492.076662471813,-1421.227019640569,5977,2,67.417,
7978,2017-12-30T05:48:19Z,-32.63815000,148.27180000,6493.076662471813,-1420.227019640569,5978,2,67.427,
7979,2017-12-30T05:48:20Z,-32.63823333,148.27190000,6494.076662471813,-1419.227019640569,5979,2,67.439,
7980,2017-12-30T05:48:21Z,-32.63831667,148.27196667,6495.076662471813,-1418.227019640569,5980,2,67.45,
7981,2017-12-30T05:48:22Z,-32.63843333,148.27203333,6496.076662471813,-1417.227019640569,5981,2,67.464,
7982,2017-12-30T05:48:23Z,-32.63853333,148.27208333,6497.076662471813,-1416.227019640569,5982,2,67.476,
7983,2017-12-30T05:48:24Z,-32.63863333,148.27211667,6498.076662471813,-1415.227019640569,5983,2,67.488,
7984,2017-12-30T05:48:25Z,-32.63871667,148.27215000,6499.076662471813,-1414.227019640569,5984,2,67.498,
7985,2017-12-30T05:48:26Z,-32.63880000,148.27216667,6500.076662471813,-1413.227019640569,5985,2,67.507,
7986,2017-12-30T05:48:27Z,-32.63886667,148.27216667,6501.076662471813,-1412.227019640569,5986,2,67.514,
7987,2017-12-30T05:48:28Z,-32.63893333,148.27215000,6502.076662471813,-1411.227019640569,5987,2,67.52,
7988,2017-12-30T05:48:29Z,-32.63898333,148.27210000,6503.076662471813,-1410.227019640569,5988,2,67.524,
7989,2017-12-30T05:48:30Z,-32.63903333,148.27205000,6504.076662471813,-1409.227019640569,5989,2,67.528,
7990,2017-12-30T05:48:31Z,-32.63901667,148.27195000,6505.076662471813,-1408.227019640569,5990,2,67.523,
7991,2017-12-30T05:48:32Z,-32.63900000,148.27186667,6506.076662471813,-1407.227019640569,5991,2,67.519,
7992,2017-12-30T05:48:33Z,-32.63896667,148.27176667,6507.076662471813,-1406.227019640569,5992,2,67.512,
7993,2017-12-30T05:48:34Z,-32.63886667,148.27165000,6508.076662471813,-1405.227019640569,5993,2,67.498,
7994,2017-12-30T05:48:35Z,-32.63873333,148.27158333,6509.076662471813,-1404.227019640569,5994,2,67.482,
7995,2017-12-30T05:48:36Z,-32.63856667,148.27156667,6510.076662471813,-1403.227019640569,5995,2,67.464,
7996,2017-12-30T05:48:37Z,-32.63840000,148.27160000,6511.076662471813,-1402.227019640569,5996,2,67.448,
7997,2017-12-30T05:48:38Z,-32.63823333,148.27171667,6512.076662471813,-1401.227019640569,5997,2,67.434,
7998,2017-12-30T05:48:39Z,-32.63808333,148.27188333,6513.076662471813,-1400.227019640569,5998,2,67.423,
7999,2017-12-30T05:48:40Z,-32.63796667,148.27206667,6514.076662471813,-1399.227019640569,5999,2,67.416,
8000,2017-12-30T05:48:41Z,-32.63790000,148.27226667,6515.076662471813,-1398.227019640569,6000,2,67.416,
8001,2017-12-30T05:48:42Z,-32.63786667,148.27246667,6516.076662471813,-1397.227019640569,6001,2,67.418,
8002,2017-12-30T05:48:43Z,-32.63786667,148.27265000,6517.076662471813,-1396.227019640569,6002,2,67.424,
8003,2017-12-30T05:48:44Z,-32.63790000,148.27281667,6518.076662471813,-1395.227019640569,6003,2,67.433,
8004,2017-12-30T05:48:45Z,-32.63795000,148.27295000,6519.076662471813,-1394.227019640569,6004,2,67.442,
8005,2017-12-30T05:48:46Z,-32.63803333,148.27305000,6520.076662471813,-1393.227019640569,6005,2,67.454,
8006,2017-12-30T05:48:47Z,-32.63810000,148.27313333,6521.076662471813,-1392.227019640569,6006,2,67.463,
8007,2017-12-30T05:48:48Z,-32.63816667,148.27318333,6522.076662471813,-1391.227019640569,6007,2,67.472,
8008,2017-12-30T05:48:49Z,-32.63823333,148.27320000,6523.076662471813,-1390.227019640569,6008,2,67.479,
8009,2017-12-30T05:48:50Z,-32.63828333,148.27315000,6524.076662471813,-1389.227019640569,6009,2,67.483,
8010,2017-12-30T05:48:51Z,-32.63831667,148.27308333,6525.076662471813,-1388.227019640569,6010,2,67.485,
8011,2017-12-30T05:48:52Z,-32.63831667,148.27298333,6526.076662471813,-1387.227019640569,6011,2,67.481,
8012,2017-12-30T05:48:53Z,-32.63830000,148.27288333,6527.076662471813,-1386.227019640569,6012,2,67.477,
8013,2017-12-30T05:48:54Z,-32.63823333,148.27278333,6528.076662471813,-1385.227019640569,6013,2,67.467,
8014,2017-12-30T05:48:55Z,-32.63813333,148.27270000,6529.076662471813,-1384.227019640569,6014,2,67.453,
8015,2017-12-30T05:48:56Z,-32.63800000,148.27263333,6530.076662471813,-1383.227019640569,6015,2,67.437,
8016,2017-12-30T05:48:57Z,-32.63783333,148.27261667,6531.076662471813,-1382.227019640569,6016,2,67.419,
8017,2017-12-30T05:48:58Z,-32.63765000,148.27263333,6532.076662471813,-1381.227019640569,6017,2,67.401,
8018,2017-12-30T05:48:59Z,-32.63746667,148.27268333,6533.076662471813,-1380.227019640569,6018,2,67.383,
8019,2017-12-30T05:49:00Z,-32.63728333,148.27276667,6534.076662471813,-1379.227019640569,6019,2,67.366,
8020,2017-12-30T05:49:01Z,-32.63713333,148.27290000,6535.076662471813,-1378.227019640569,6020,2,67.355,
8021,2017-12-30T05:49:02Z,-32.63701667,148.27306667,6536.076662471813,-1377.227019640569,6021,2,67.348,
8022,2017-12-30T05:49:03Z,-32.63695000,148.27326667,6537.076662471813,-1376.227019640569,6022,2,67.347,
8023,2017-12-30T05:49:04Z,-32.63693333,148.27345000,6538.076662471813,-1375.227019640569,6023,2,67.351,
8024,2017-12-30T05:49:05Z,-32.63696667,148.27361667,6539.076662471813,-1374.227019640569,6024,2,67.359,
8025,2017-12-30T05:49:06Z,-32.63703333,148.27375000,6540.076662471813,-1373.227019640569,6025,2,67.371,
8026,2017-12-30T05:49:07Z,-32.63711667,148.27385000,6541.076662471813,-1372.227019640569,6026,2,67.382,
8027,2017-12-30T05:49:08Z,-32.63720000,148.27391667,6542.076662471813,-1371.227019640569,6027,2,67.393,
8028,2017-12-30T05:49:09Z,-32.63726667,148.27393333,6543.076662471813,-1370.227019640569,6028,2,67.401,
8029,2017-12-30T05:49:10Z,-32.63733333,148.27391667,6544.076662471813,-1369.227019640569,6029,2,67.407,
8030,2017-12-30T05:49:11Z,-32.63736667,148.27385000,6545.076662471813,-1368.227019640569,6030,2,67.409,
8031,2017-12-30T05:49:12Z,-32.63736667,148.27376667,6546.076662471813,-1367.227019640569,6031,2,67.406,
8032,2017-12-30T05:49:13Z,-32.63736667,148.27370000,6547.076662471813,-1366.227019640569,6032,2,67.404,
8033,2017-12-30T05:49:14Z,-32.63733333,148.27363333,6548.076662471813,-1365.227019640569,6033,2,67.398,
8034,2017-12-30T05:49:15Z,-32.63725000,148.27355000,6549.076662471813,-1364.227019640569,6034,2,67.387,
8035,2017-12-30T05:49:16Z,-32.63711667,148.27350000,6550.076662471813,-1363.227019640569,6035,2,67.372,
8036,2017-12-30T05:49:17Z,-32.63695000,148.27348333,6551.076662471813,-1362.227019640569,6036,2,67.354,
8037,2017-12-30T05:49:18Z,-32.63676667,148.27350000,6552.076662471813,-1361.227019640569,6037,2,67.335,
8038,2017-12-30T05:49:19Z,-32.63656667,148.27355000,6553.076662471813,-1360.227019640569,6038,2,67.315,
8039,2017-12-30T05:49:20Z,-32.63636667,148.27365000,6554.076662471813,-1359.227019640569,6039,2,67.298,
8040,2017-12-30T05:49:21Z,-32.63618333,148.27376667,6555.076662471813,-1358.227019640569,6040,2,67.282,
8041,2017-12-30T05:49:22Z,-32.63601667,148.27391667,6556.076662471813,-1357.227019640569,6041,2,67.269,
8042,2017-12-30T05:49:23Z,-32.63588333,148.27408333,6557.076662471813,-1356.227019640569,6042,2,67.26,
8043,2017-12-30T05:49:24Z,-32.63576667,148.27426667,6558.076662471813,-1355.227019640569,6043,2,67.254,
8044,2017-12-30T05:49:25Z,-32.63570000,148.27446667,6559.076662471813,-1354.227019640569,6044,2,67.253,
8045,2017-12-30T05:49:26Z,-32.63566667,148.27465000,6560.076662471813,-1353.227019640569,6045,2,67.255,
8046,2017-12-30T05:49:27Z,-32.63566667,148.27481667,6561.076662471813,-1352.227019640569,6046,2,67.26,
8047,2017-12-30T05:49:28Z,-32.63570000,148.27496667,6562.076662471813,-1351.227019640569,6047,2,67.268,
8048,2017-12-30T05:49:29Z,-32.63576667,148.27506667,6563.076662471813,-1350.227019640569,6048,2,67.278,
8049,2017-12-30T05:49:30Z,-32.63583333,148.27513333,6564.076662471813,-1349.227019640569,6049,2,67.287,
8050,2017-12-30T05:49:31Z,-32.63593333,148.27515000,6565.076662471813,-1348.227019640569,6050,2,67.298,
8051,2017-12-30T05:49:32Z,-32.63603333,148.27515000,6566.076662471813,-1347.227019640569,6051,2,67.309,
8052,2017-12-30T05:49:33Z,-32.63611667,148.27513333,6567.076662471813,-1346.227019640569,6052,2,67.317,
8053,2017-12-30T05:49:34Z,-32.63618333,148.27508333,6568.076662471813,-1345.227019640569,6053,2,67.322,
8054,2017-12-30T05:49:35Z,-32.63623333,148.27501667,6569.076662471813,-1344.227019640569,6054,2,67.326,
8055,2017-12-30T05:49:36Z,-32.63628333,148.27496667,6570.076662471813,-1343.227019640569,6055,2,67.329,
8056,2017-12-30T05:49:37Z,-32.63631667,148.27493333,6571.076662471813,-1342.227019640569,6056,2,67.332,
8057,2017-12-30T05:49:38Z,-32.63636667,148.27491667,6572.076662471813,-1341.227019640569,6057,2,67.337,
8058,2017-12-30T05:49:39Z,-32.63640000,148.27488333,6573.076662471813,-1340.227019640569,6058,2,67.339,
8059,2017-12-30T05:49:40Z,-32.63641667,148.27485000,6574.076662471813,-1339.227019640569,6059,2,67.34,
8060,2017-12-30T05:49:41Z,-32.63643333,148.27481667,6575.076662471813,-1338.227019640569,6060,2,67.34,
8061,2017-12-30T05:49:42Z,-32.63650000,148.27480000,6576.076662471813,-1337.227019640569,6061,2,67.347,
8062,2017-12-30T05:49:43Z,-32.63651667,148.27475000,6577.076662471813,-1336.227019640569,6062,2,67.347,
8063,2017-12-30T05:49:44Z,-32.63655000,148.27470000,6578.076662471813,-1335.227019640569,6063,2,67.349,
8064,2017-12-30T05:49:45Z,-32.63658333,148.27463333,6579.076662471813,-1334.227019640569,6064,2,67.351,
8065,2017-12-30T05:49:46Z,-32.63660000,148.27456667,6580.076662471813,-1333.227019640569,6065,2,67.35,
8066,2017-12-30T05:49:47Z,-32.63660000,148.27448333,6581.076662471813,-1332.227019640569,6066,2,67.348,
8067,2017-12-30T05:49:48Z,-32.63658333,148.27440000,6582.076662471813,-1331.227019640569,6067,2,67.343,
8068,2017-12-30T05:49:49Z,-32.63656667,148.27431667,6583.076662471813,-1330.227019640569,6068,2,67.339,
8069,2017-12-30T05:49:50Z,-32.63656667,148.27421667,6584.076662471813,-1329.227019640569,6069,2,67.336,
8070,2017-12-30T05:49:51Z,-32.63655000,148.27411667,6585.076662471813,-1328.227019640569,6070,2,67.331,
8071,2017-12-30T05:49:52Z,-32.63655000,148.27403333,6586.076662471813,-1327.227019640569,6071,2,67.329,
8072,2017-12-30T05:49:53Z,-32.63655000,148.27395000,6587.076662471813,-1326.227019640569,6072,2,67.326,
8073,2017-12-30T05:49:54Z,-32.63658333,148.27388333,6588.076662471813,-1325.227019640569,6073,2,67.328,
8074,2017-12-30T05:49:55Z,-32.63661667,148.27383333,6589.076662471813,-1324.227019640569,6074,2,67.33,
8075,2017-12-30T05:49:56Z,-32.63665000,148.27376667,6590.076662471813,-1323.227019640569,6075,2,67.331,
8076,2017-12-30T05:49:57Z,-32.63668333,148.27370000,6591.076662471813,-1322.227019640569,6076,2,67.332,
8077,2017-12-30T05:49:58Z,-32.63670000,148.27365000,6592.076662471813,-1321.227019640569,6077,2,67.333,
8078,2017-12-30T05:49:59Z,-32.63671667,148.27358333,6593.076662471813,-1320.227019640569,6078,2,67.332,
8079,2017-12-30T05:50:00Z,-32.63671667,148.27351667,6594.076662471813,-1319.227019640569,6079,2,67.33,
8080,2017-12-30T05:50:01Z,-32.63673333,148.27343333,6595.076662471813,-1318.227019640569,6080,2,67.329,
8081,2017-12-30T05:50:02Z,-32.63671667,148.27335000,6596.076662471813,-1317.227019640569,6081,2,67.325,
8082,2017-12-30T05:50:03Z,-32.63670000,148.27325000,6597.076662471813,-1316.227019640569,6082,2,67.32,
8083,2017-12-30T05:50:04Z,-32.63668333,148.27316667,6598.076662471813,-1315.227019640569,6083,2,67.316,
8084,2017-12-30T05:50:05Z,-32.63666667,148.27306667,6599.076662471813,-1314.227019640569,6084,2,67.311,
8085,2017-12-30T05:50:06Z,-32.63665000,148.27296667,6600.076662471813,-1313.227019640569,6085,2,67.306,
8086,2017-12-30T05:50:07Z,-32.63663333,148.27286667,6601.076662471813,-1312.227019640569,6086,2,67.301,
8087,2017-12-30T05:50:08Z,-32.63660000,148.27273333,6602.076662471813,-1311.227019640569,6087,2,67.294,
8088,2017-12-30T05:50:09Z,-32.63656667,148.27261667,6603.076662471813,-1310.227019640569,6088,2,67.286,
8089,2017-12-30T05:50:10Z,-32.63653333,148.27250000,6604.076662471813,-1309.227019640569,6089,2,67.279,
8090,2017-12-30T05:50:11Z,-32.63648333,148.27240000,6605.076662471813,-1308.227019640569,6090,2,67.271,
8091,2017-12-30T05:50:12Z,-32.63646667,148.27231667,6606.076662471813,-1307.227019640569,6091,2,67.267,
8092,2017-12-30T05:50:13Z,-32.63643333,148.27223333,6607.076662471813,-1306.227019640569,6092,2,67.261,
8093,2017-12-30T05:50:14Z,-32.63640000,148.27216667,6608.076662471813,-1305.227019640569,6093,2,67.255,
8094,2017-12-30T05:50:15Z,-32.63636667,148.27210000,6609.076662471813,-1304.227019640569,6094,2,67.25,
8095,2017-12-30T05:50:16Z,-32.63635000,148.27201667,6610.076662471813,-1303.227019640569,6095,2,67.245,
8096,2017-12-30T05:50:17Z,-32.63633333,148.27193333,6611.076662471813,-1302.227019640569,6096,2,67.241,
8097,2017-12-30T05:50:18Z,-32.63631667,148.27186667,6612.076662471813,-1301.227019640569,6097,2,67.237,
8098,2017-12-30T05:50:19Z,-32.63631667,148.27180000,6613.076662471813,-1300.227019640569,6098,2,67.235,
8099,2017-12-30T05:50:20Z,-32.63631667,148.27173333,6614.076662471813,-1299.227019640569,6099,2,67.233,
8100,2017-12-30T05:50:21Z,-32.63633333,148.27166667,6615.076662471813,-1298.227019640569,6100,2,67.233,
8101,2017-12-30T05:50:22Z,-32.63633333,148.27160000,6616.076662471813,-1297.227019640569,6101,2,67.231,
8102,2017-12-30T05:50:23Z,-32.63635000,148.27155000,6617.076662471813,-1296.227019640569,6102,2,67.231,
8103,2017-12-30T05:50:24Z,-32.63636667,148.27148333,6618.076662471813,-1295.227019640569,6103,2,67.23,
8104,2017-12-30T05:50:25Z,-32.63640000,148.27143333,6619.076662471813,-1294.227019640569,6104,2,67.232,
8105,2017-12-30T05:50:26Z,-32.63641667,148.27136667,6620.076662471813,-1293.227019640569,6105,2,67.232,
8106,2017-12-30T05:50:27Z,-32.63643333,148.27130000,6621.076662471813,-1292.227019640569,6106,2,67.232,
8107,2017-12-30T05:50:28Z,-32.63646667,148.27123333,6622.076662471813,-1291.227019640569,6107,2,67.233,
8108,2017-12-30T05:50:29Z,-32.63648333,148.27116667,6623.076662471813,-1290.227019640569,6108,2,67.233,
8109,2017-12-30T05:50:30Z,-32.63650000,148.27110000,6624.076662471813,-1289.227019640569,6109,2,67.233,
8110,2017-12-30T05:50:31Z,-32.63653333,148.27103333,6625.076662471813,-1288.227019640569,6110,2,67.234,
8111,2017-12-30T05:50:32Z,-32.63655000,148.27096667,6626.076662471813,-1287.227019640569,6111,2,67.234,
8112,2017-12-30T05:50:33Z,-32.63658333,148.27090000,6627.076662471813,-1286.227019640569,6112,2,67.235,
8113,2017-12-30T05:50:34Z,-32.63661667,148.27085000,6628.076662471813,-1285.227019640569,6113,2,67.237,
8114,2017-12-30T05:50:35Z,-32.63663333,148.27078333,6629.076662471813,-1284.227019640569,6114,2,67.237,
8115,2017-12-30T05:50:36Z,-32.63665000,148.27073333,6630.076662471813,-1283.227019640569,6115,2,67.237,
8116,2017-12-30T05:50:37Z,-32.63668333,148.27068333,6631.076662471813,-1282.227019640569,6116,2,67.239,
8117,2017-12-30T05:50:38Z,-32.63671667,148.27065000,6632.076662471813,-1281.227019640569,6117,2,67.242,
8118,2017-12-30T05:50:39Z,-32.63675000,148.27060000,6633.076662471813,-1280.227019640569,6118,2,67.243,
8119,2017-12-30T05:50:40Z,-32.63678333,148.27056667,6634.076662471813,-1279.227019640569,6119,2,67.246,
8120,2017-12-30T05:50:41Z,-32.63683333,148.27053333,6635.076662471813,-1278.227019640569,6120,2,67.25,
8121,2017-12-30T05:50:42Z,-32.63688333,148.27050000,6636.076662471813,-1277.227019640569,6121,2,67.254,
8122,2017-12-30T05:50:43Z,-32.63693333,148.27045000,6637.076662471813,-1276.227019640569,6122,2,67.258,
8123,2017-12-30T05:50:44Z,-32.63696667,148.27041667,6638.076662471813,-1275.227019640569,6123,2,67.261,
8124,2017-12-30T05:50:45Z,-32.63700000,148.27035000,6639.076662471813,-1274.227019640569,6124,2,67.262,
8125,2017-12-30T05:50:46Z,-32.63703333,148.27030000,6640.076662471813,-1273.227019640569,6125,2,67.264,
8126,2017-12-30T05:50:47Z,-32.63703333,148.27025000,6641.076662471813,-1272.227019640569,6126,2,67.262,
8127,2017-12-30T05:50:48Z,-32.63705000,148.27018333,6642.076662471813,-1271.227019640569,6127,2,67.262,
8128,2017-12-30T05:50:49Z,-32.63706667,148.27011667,6643.076662471813,-1270.227019640569,6128,2,67.262,
8129,2017-12-30T05:50:50Z,-32.63708333,148.27006667,6644.076662471813,-1269.227019640569,6129,2,67.262,
8130,2017-12-30T05:50:51Z,-32.63710000,148.27000000,6645.076662471813,-1268.227019640569,6130,2,67.262,
8131,2017-12-30T05:50:52Z,-32.63710000,148.26995000,6646.076662471813,-1267.227019640569,6131,2,67.26,
8132,2017-12-30T05:50:53Z,-32.63710000,148.26990000,6647.076662471813,-1266.227019640569,6132,2,67.259,
8133,2017-12-30T05:50:54Z,-32.63708333,148.26981667,6648.076662471813,-1265.227019640569,6133,2,67.254,
8134,2017-12-30T05:50:55Z,-32.63706667,148.26975000,6649.076662471813,-1264.227019640569,6134,2,67.251,
8135,2017-12-30T05:50:56Z,-32.63706667,148.26966667,6650.076662471813,-1263.227019640569,6135,2,67.248,
8136,2017-12-30T05:50:57Z,-32.63705000,148.26958333,6651.076662471813,-1262.227019640569,6136,2,67.244,
8137,2017-12-30T05:50:58Z,-32.63706667,148.26951667,6652.076662471813,-1261.227019640569,6137,2,67.244,
8138,2017-12-30T05:50:59Z,-32.63706667,148.26945000,6653.076662471813,-1260.227019640569,6138,2,67.241,
8139,2017-12-30T05:51:00Z,-32.63708333,148.26938333,6654.076662471813,-1259.227019640569,6139,2,67.241,
8140,2017-12-30T05:51:01Z,-32.63711667,148.26933333,6655.076662471813,-1258.227019640569,6140,2,67.243,
8141,2017-12-30T05:51:02Z,-32.63713333,148.26926667,6656.076662471813,-1257.227019640569,6141,2,67.243,
8142,2017-12-30T05:51:03Z,-32.63715000,148.26921667,6657.076662471813,-1256.227019640569,6142,2,67.243,
8143,2017-12-30T05:51:04Z,-32.63716667,148.26915000,6658.076662471813,-1255.227019640569,6143,2,67.243,
8144,2017-12-30T05:51:05Z,-32.63718333,148.26908333,6659.076662471813,-1254.227019640569,6144,2,67.243,
8145,2017-12-30T05:51:06Z,-32.63721667,148.26901667,6660.076662471813,-1253.227019640569,6145,2,67.244,
8146,2017-12-30T05:51:07Z,-32.63725000,148.26896667,6661.076662471813,-1252.227019640569,6146,2,67.246,
8147,2017-12-30T05:51:08Z,-32.63730000,148.26891667,6662.076662471813,-1251.227019640569,6147,2,67.25,
8148,2017-12-30T05:51:09Z,-32.63735000,148.26888333,6663.076662471813,-1250.227019640569,6148,2,67.254,
8149,2017-12-30T05:51:10Z,-32.63741667,148.26885000,6664.076662471813,-1249.227019640569,6149,2,67.26,
8150,2017-12-30T05:51:11Z,-32.63746667,148.26881667,6665.076662471813,-1248.227019640569,6150,2,67.264,
8151,2017-12-30T05:51:12Z,-32.63751667,148.26878333,6666.076662471813,-1247.227019640569,6151,2,67.268,
8152,2017-12-30T05:51:13Z,-32.63756667,148.26875000,6667.076662471813,-1246.227019640569,6152,2,67.273,
8153,2017-12-30T05:51:14Z,-32.63761667,148.26871667,6668.076662471813,-1245.227019640569,6153,2,67.277,
8154,2017-12-30T05:51:15Z,-32.63765000,148.26866667,6669.076662471813,-1244.227019640569,6154,2,67.279,
8155,2017-12-30T05:51:16Z,-32.63768333,148.26863333,6670.076662471813,-1243.227019640569,6155,2,67.281,
8156,2017-12-30T05:51:17Z,-32.63770000,148.26856667,6671.076662471813,-1242.227019640569,6156,2,67.281,
8157,2017-12-30T05:51:18Z,-32.63770000,148.26850000,6672.076662471813,-1241.227019640569,6157,2,67.279,
8158,2017-12-30T05:51:19Z,-32.63771667,148.26841667,6673.076662471813,-1240.227019640569,6158,2,67.278,
8159,2017-12-30T05:51:20Z,-32.63771667,148.26835000,6674.076662471813,-1239.227019640569,6159,2,67.276,
8160,2017-12-30T05:51:21Z,-32.63771667,148.26826667,6675.076662471813,-1238.227019640569,6160,2,67.274,
8161,2017-12-30T05:51:22Z,-32.63771667,148.26818333,6676.076662471813,-1237.227019640569,6161,2,67.271,
8162,2017-12-30T05:51:23Z,-32.63771667,148.26810000,6677.076662471813,-1236.227019640569,6162,2,67.269,
8163,2017-12-30T05:51:24Z,-32.63771667,148.26803333,6678.076662471813,-1235.227019640569,6163,2,67.267,
8164,2017-12-30T05:51:25Z,-32.63775000,148.26796667,6679.076662471813,-1234.227019640569,6164,2,67.268,
8165,2017-12-30T05:51:26Z,-32.63776667,148.26791667,6680.076662471813,-1233.227019640569,6165,2,67.268,
8166,2017-12-30T05:51:27Z,-32.63780000,148.26785000,6681.076662471813,-1232.227019640569,6166,2,67.27,
8167,2017-12-30T05:51:28Z,-32.63783333,148.26780000,6682.076662471813,-1231.227019640569,6167,2,67.272,
8168,2017-12-30T05:51:29Z,-32.63786667,148.26775000,6683.076662471813,-1230.227019640569,6168,2,67.274,
8169,2017-12-30T05:51:30Z,-32.63790000,148.26771667,6684.076662471813,-1229.227019640569,6169,2,67.276,
8170,2017-12-30T05:51:31Z,-32.63793333,148.26765000,6685.076662471813,-1228.227019640569,6170,2,67.278,
8171,2017-12-30T05:51:32Z,-32.63795000,148.26760000,6686.076662471813,-1227.227019640569,6171,2,67.278,
8172,2017-12-30T05:51:33Z,-32.63798333,148.26753333,6687.076662471813,-1226.227019640569,6172,2,67.279,
8173,2017-12-30T05:51:34Z,-32.63800000,148.26746667,6688.076662471813,-1225.227019640569,6173,2,67.279,
8174,2017-12-30T05:51:35Z,-32.63803333,148.26740000,6689.076662471813,-1224.227019640569,6174,2,67.281,
8175,2017-12-30T05:51:36Z,-32.63806667,148.26735000,6690.076662471813,-1223.227019640569,6175,2,67.283,
8176,2017-12-30T05:51:37Z,-32.63808333,148.26730000,6691.076662471813,-1222.227019640569,6176,2,67.283,
8177,2017-12-30T05:51:38Z,-32.63811667,148.26726667,6692.076662471813,-1221.227019640569,6177,2,67.285,
8178,2017-12-30T05:51:39Z,-32.63815000,148.26721667,6693.076662471813,-1220.227019640569,6178,2,67.287,
8179,2017-12-30T05:51:40Z,-32.63818333,148.26718333,6694.076662471813,-1219.227019640569,6179,2,67.29,
8180,2017-12-30T05:51:41Z,-32.63823333,148.26716667,6695.076662471813,-1218.227019640569,6180,2,67.295,
8181,2017-12-30T05:51:42Z,-32.63826667,148.26713333,6696.076662471813,-1217.227019640569,6181,2,67.297,
8182,2017-12-30T05:51:43Z,-32.63831667,148.26710000,6697.076662471813,-1216.227019640569,6182,2,67.301,
8183,2017-12-30T05:51:44Z,-32.63835000,148.26705000,6698.076662471813,-1215.227019640569,6183,2,67.303,
8184,2017-12-30T05:51:45Z,-32.63838333,148.26700000,6699.076662471813,-1214.227019640569,6184,2,67.305,
8185,2017-12-30T05:51:46Z,-32.63841667,148.26693333,6700.076662471813,-1213.227019640569,6185,2,67.307,
8186,2017-12-30T05:51:47Z,-32.63845000,148.26681667,6701.076662471813,-1212.227019640569,6186,2,67.307,
8187,2017-12-30T05:51:48Z,-32.63841667,148.26668333,6702.076662471813,-1211.227019640569,6187,2,67.299,
8188,2017-12-30T05:51:49Z,-32.63828333,148.26656667,6703.076662471813,-1210.227019640569,6188,2,67.282,
8189,2017-12-30T05:51:50Z,-32.63808333,148.26650000,6704.076662471813,-1209.227019640569,6189,2,67.259,
8190,2017-12-30T05:51:51Z,-32.63783333,148.26648333,6705.076662471813,-1208.227019640569,6190,2,67.232,
8191,2017-12-30T05:51:52Z,-32.63758333,148.26650000,6706.076662471813,-1207.227019640569,6191,2,67.206,
8192,2017-12-30T05:51:53Z,-32.63733333,148.26653333,6707.076662471813,-1206.227019640569,6192,2,67.181,
8193,2017-12-30T05:51:54Z,-32.63710000,148.26656667,6708.076662471813,-1205.227019640569,6193,2,67.157,
8194,2017-12-30T05:51:55Z,-32.63686667,148.26660000,6709.076662471813,-1204.227019640569,6194,2,67.134,
8195,2017-12-30T05:51:56Z,-32.63666667,148.26666667,6710.076662471813,-1203.227019640569,6195,2,67.115,
8196,2017-12-30T05:51:57Z,-32.63646667,148.26676667,6711.076662471813,-1202.227019640569,6196,2,67.097,
8197,2017-12-30T05:51:58Z,-32.63631667,148.26691667,6712.076662471813,-1201.227019640569,6197,2,67.085,
8198,2017-12-30T05:51:59Z,-32.63623333,148.26710000,6713.076662471813,-1200.227019640569,6198,2,67.082,
8199,2017-12-30T05:52:00Z,-32.63620000,148.26728333,6714.076662471813,-1199.227019640569,6199,2,67.084,
8200,2017-12-30T05:52:01Z,-32.63623333,148.26743333,6715.076662471813,-1198.227019640569,6200,2,67.092,
8201,2017-12-30T05:52:02Z,-32.63630000,148.26751667,6716.076662471813,-1197.227019640569,6201,2,67.102,
8202,2017-12-30T05:52:03Z,-32.63636667,148.26751667,6717.076662471813,-1196.227019640569,6202,2,67.109,
8203,2017-12-30T05:52:04Z,-32.63641667,148.26750000,6718.076662471813,-1195.227019640569,6203,2,67.114,
8204,2017-12-30T05:52:05Z,-32.63643333,148.26743333,6719.076662471813,-1194.227019640569,6204,2,67.113,
8205,2017-12-30T05:52:06Z,-32.63645000,148.26736667,6720.076662471813,-1193.227019640569,6205,2,67.113,
8206,2017-12-30T05:52:07Z,-32.63641667,148.26725000,6721.076662471813,-1192.227019640569,6206,2,67.106,
8207,2017-12-30T05:52:08Z,-32.63636667,148.26715000,6722.076662471813,-1191.227019640569,6207,2,67.098,
8208,2017-12-30T05:52:09Z,-32.63626667,148.26705000,6723.076662471813,-1190.227019640569,6208,2,67.084,
8209,2017-12-30T05:52:10Z,-32.63615000,148.26695000,6724.076662471813,-1189.227019640569,6209,2,67.069,
8210,2017-12-30T05:52:11Z,-32.63598333,148.26688333,6725.076662471813,-1188.227019640569,6210,2,67.049,
8211,2017-12-30T05:52:12Z,-32.63581667,148.26685000,6726.076662471813,-1187.227019640569,6211,2,67.031,
8212,2017-12-30T05:52:13Z,-32.63563333,148.26681667,6727.076662471813,-1186.227019640569,6212,2,67.011,
8213,2017-12-30T05:52:14Z,-32.63543333,148.26680000,6728.076662471813,-1185.227019640569,6213,2,66.989,
8214,2017-12-30T05:52:15Z,-32.63523333,148.26680000,6729.076662471813,-1184.227019640569,6214,2,66.968,
8215,2017-12-30T05:52:16Z,-32.63503333,148.26683333,6730.076662471813,-1183.227019640569,6215,2,66.948,
8216,2017-12-30T05:52:17Z,-32.63481667,148.26688333,6731.076662471813,-1182.227019640569,6216,2,66.927,
8217,2017-12-30T05:52:18Z,-32.63461667,148.26696667,6732.076662471813,-1181.227019640569,6217,2,66.908,
8218,2017-12-30T05:52:19Z,-32.63445000,148.26706667,6733.076662471813,-1180.227019640569,6218,2,66.894,
8219,2017-12-30T05:52:20Z,-32.63430000,148.26720000,6734.076662471813,-1179.227019640569,6219,2,66.882,
8220,2017-12-30T05:52:21Z,-32.63420000,148.26738333,6735.076662471813,-1178.227019640569,6220,2,66.877,
8221,2017-12-30T05:52:22Z,-32.63415000,148.26755000,6736.076662471813,-1177.227019640569,6221,2,66.877,
8222,2017-12-30T05:52:23Z,-32.63415000,148.26773333,6737.076662471813,-1176.227019640569,6222,2,66.882,
8223,2017-12-30T05:52:24Z,-32.63420000,148.26786667,6738.076662471813,-1175.227019640569,6223,2,66.892,
8224,2017-12-30T05:52:25Z,-32.63428333,148.26795000,6739.076662471813,-1174.227019640569,6224,2,66.903,
8225,2017-12-30T05:52:26Z,-32.63436667,148.26796667,6740.076662471813,-1173.227019640569,6225,2,66.912,
8226,2017-12-30T05:52:27Z,-32.63445000,148.26795000,6741.076662471813,-1172.227019640569,6226,2,66.921,
8227,2017-12-30T05:52:28Z,-32.63450000,148.26786667,6742.076662471813,-1171.227019640569,6227,2,66.923,
8228,2017-12-30T05:52:29Z,-32.63450000,148.26778333,6743.076662471813,-1170.227019640569,6228,2,66.921,
8229,2017-12-30T05:52:30Z,-32.63448333,148.26766667,6744.076662471813,-1169.227019640569,6229,2,66.915,
8230,2017-12-30T05:52:31Z,-32.63440000,148.26756667,6745.076662471813,-1168.227019640569,6230,2,66.904,
8231,2017-12-30T05:52:32Z,-32.63426667,148.26746667,6746.076662471813,-1167.227019640569,6231,2,66.887,
8232,2017-12-30T05:52:33Z,-32.63410000,148.26741667,6747.076662471813,-1166.227019640569,6232,2,66.868,
8233,2017-12-30T05:52:34Z,-32.63393333,148.26740000,6748.076662471813,-1165.227019640569,6233,2,66.849,
8234,2017-12-30T05:52:35Z,-32.63371667,148.26741667,6749.076662471813,-1164.227019640569,6234,2,66.827,
8235,2017-12-30T05:52:36Z,-32.63351667,148.26750000,6750.076662471813,-1163.227019640569,6235,2,66.809,
8236,2017-12-30T05:52:37Z,-32.63335000,148.26761667,6751.076662471813,-1162.227019640569,6236,2,66.795,
8237,2017-12-30T05:52:38Z,-32.63318333,148.26776667,6752.076662471813,-1161.227019640569,6237,2,66.782,
8238,2017-12-30T05:52:39Z,-32.63306667,148.26793333,6753.076662471813,-1160.227019640569,6238,2,66.775,
8239,2017-12-30T05:52:40Z,-32.63298333,148.26811667,6754.076662471813,-1159.227019640569,6239,2,66.772,
8240,2017-12-30T05:52:41Z,-32.63293333,148.26828333,6755.076662471813,-1158.227019640569,6240,2,66.771,
8241,2017-12-30T05:52:42Z,-32.63293333,148.26845000,6756.076662471813,-1157.227019640569,6241,2,66.777,
8242,2017-12-30T05:52:43Z,-32.63298333,148.26860000,6757.076662471813,-1156.227019640569,6242,2,66.786,
8243,2017-12-30T05:52:44Z,-32.63306667,148.26870000,6758.076662471813,-1155.227019640569,6243,2,66.798,
8244,2017-12-30T05:52:45Z,-32.63316667,148.26876667,6759.076662471813,-1154.227019640569,6244,2,66.811,
8245,2017-12-30T05:52:46Z,-32.63325000,148.26878333,6760.076662471813,-1153.227019640569,6245,2,66.82,
8246,2017-12-30T05:52:47Z,-32.63333333,148.26876667,6761.076662471813,-1152.227019640569,6246,2,66.828,
8247,2017-12-30T05:52:48Z,-32.63338333,148.26871667,6762.076662471813,-1151.227019640569,6247,2,66.832,
8248,2017-12-30T05:52:49Z,-32.63341667,148.26863333,6763.076662471813,-1150.227019640569,6248,2,66.833,
8249,2017-12-30T05:52:50Z,-32.63340000,148.26851667,6764.076662471813,-1149.227019640569,6249,2,66.828,
8250,2017-12-30T05:52:51Z,-32.63333333,148.26840000,6765.076662471813,-1148.227019640569,6250,2,66.817,
8251,2017-12-30T05:52:52Z,-32.63323333,148.26828333,6766.076662471813,-1147.227019640569,6251,2,66.803,
8252,2017-12-30T05:52:53Z,-32.63310000,148.26820000,6767.076662471813,-1146.227019640569,6252,2,66.786,
8253,2017-12-30T05:52:54Z,-32.63293333,148.26815000,6768.076662471813,-1145.227019640569,6253,2,66.767,
8254,2017-12-30T05:52:55Z,-32.63275000,148.26813333,6769.076662471813,-1144.227019640569,6254,2,66.748,
8255,2017-12-30T05:52:56Z,-32.63255000,148.26816667,6770.076662471813,-1143.227019640569,6255,2,66.728,
8256,2017-12-30T05:52:57Z,-32.63233333,148.26823333,6771.076662471813,-1142.227019640569,6256,2,66.707,
8257,2017-12-30T05:52:58Z,-32.63215000,148.26836667,6772.076662471813,-1141.227019640569,6257,2,66.692,
8258,2017-12-30T05:52:59Z,-32.63200000,148.26853333,6773.076662471813,-1140.227019640569,6258,2,66.681,
8259,2017-12-30T05:53:00Z,-32.63188333,148.26870000,6774.076662471813,-1139.227019640569,6259,2,66.674,
8260,2017-12-30T05:53:01Z,-32.63180000,148.26890000,6775.076662471813,-1138.227019640569,6260,2,66.671,
8261,2017-12-30T05:53:02Z,-32.63178333,148.26906667,6776.076662471813,-1137.227019640569,6261,2,66.675,
8262,2017-12-30T05:53:03Z,-32.63181667,148.26921667,6777.076662471813,-1136.227019640569,6262,2,66.683,
8263,2017-12-30T05:53:04Z,-32.63188333,148.26930000,6778.076662471813,-1135.227019640569,6263,2,66.692,
8264,2017-12-30T05:53:05Z,-32.63196667,148.26933333,6779.076662471813,-1134.227019640569,6264,2,66.702,
8265,2017-12-30T05:53:06Z,-32.63205000,148.26931667,6780.076662471813,-1133.227019640569,6265,2,66.71,
8266,2017-12-30T05:53:07Z,-32.63210000,148.26923333,6781.076662471813,-1132.227019640569,6266,2,66.713,
8267,2017-12-30T05:53:08Z,-32.63215000,148.26913333,6782.076662471813,-1131.227019640569,6267,2,66.715,
8268,2017-12-30T05:53:09Z,-32.63215000,148.26900000,6783.076662471813,-1130.227019640569,6268,2,66.711,
8269,2017-12-30T05:53:10Z,-32.63213333,148.26886667,6784.076662471813,-1129.227019640569,6269,2,66.705,
8270,2017-12-30T05:53:11Z,-32.63206667,148.26873333,6785.076662471813,-1128.227019640569,6270,2,66.694,
8271,2017-12-30T05:53:12Z,-32.63196667,148.26861667,6786.076662471813,-1127.227019640569,6271,2,66.68,
8272,2017-12-30T05:53:13Z,-32.63180000,148.26855000,6787.076662471813,-1126.227019640569,6272,2,66.661,
8273,2017-12-30T05:53:14Z,-32.63161667,148.26853333,6788.076662471813,-1125.227019640569,6273,2,66.641,
8274,2017-12-30T05:53:15Z,-32.63140000,148.26853333,6789.076662471813,-1124.227019640569,6274,2,66.618,
8275,2017-12-30T05:53:16Z,-32.63120000,148.26855000,6790.076662471813,-1123.227019640569,6275,2,66.598,
8276,2017-12-30T05:53:17Z,-32.63096667,148.26858333,6791.076662471813,-1122.227019640569,6276,2,66.574,
8277,2017-12-30T05:53:18Z,-32.63076667,148.26863333,6792.076662471813,-1121.227019640569,6277,2,66.555,
8278,2017-12-30T05:53:19Z,-32.63055000,148.26871667,6793.076662471813,-1120.227019640569,6278,2,66.534,
8279,2017-12-30T05:53:20Z,-32.63040000,148.26885000,6794.076662471813,-1119.227019640569,6279,2,66.523,
8280,2017-12-30T05:53:21Z,-32.63028333,148.26901667,6795.076662471813,-1118.227019640569,6280,2,66.516,
8281,2017-12-30T05:53:22Z,-32.63021667,148.26920000,6796.076662471813,-1117.227019640569,6281,2,66.514,
8282,2017-12-30T05:53:23Z,-32.63020000,148.26938333,6797.076662471813,-1116.227019640569,6282,2,66.518,
8283,2017-12-30T05:53:24Z,-32.63023333,148.26955000,6798.076662471813,-1115.227019640569,6283,2,66.527,
8284,2017-12-30T05:53:25Z,-32.63028333,148.26966667,6799.076662471813,-1114.227019640569,6284,2,66.536,
8285,2017-12-30T05:53:26Z,-32.63035000,148.26975000,6800.076662471813,-1113.227019640569,6285,2,66.545,
8286,2017-12-30T05:53:27Z,-32.63041667,148.26981667,6801.076662471813,-1112.227019640569,6286,2,66.554,
8287,2017-12-30T05:53:28Z,-32.63048333,148.26985000,6802.076662471813,-1111.227019640569,6287,2,66.562,
8288,2017-12-30T05:53:29Z,-32.63055000,148.26985000,6803.076662471813,-1110.227019640569,6288,2,66.569,
8289,2017-12-30T05:53:30Z,-32.63061667,148.26980000,6804.076662471813,-1109.227019640569,6289,2,66.575,
8290,2017-12-30T05:53:31Z,-32.63061667,148.26971667,6805.076662471813,-1108.227019640569,6290,2,66.572,
8291,2017-12-30T05:53:32Z,-32.63060000,148.26960000,6806.076662471813,-1107.227019640569,6291,2,66.567,
8292,2017-12-30T05:53:33Z,-32.63055000,148.26946667,6807.076662471813,-1106.227019640569,6292,2,66.558,
8293,2017-12-30T05:53:34Z,-32.63043333,148.26935000,6808.076662471813,-1105.227019640569,6293,2,66.542,
8294,2017-12-30T05:53:35Z,-32.63030000,148.26925000,6809.076662471813,-1104.227019640569,6294,2,66.525,
8295,2017-12-30T05:53:36Z,-32.63011667,148.26920000,6810.076662471813,-1103.227019640569,6295,2,66.504,
8296,2017-12-30T05:53:37Z,-32.62991667,148.26920000,6811.076662471813,-1102.227019640569,6296,2,66.483,
8297,2017-12-30T05:53:38Z,-32.62973333,148.26925000,6812.076662471813,-1101.227019640569,6297,2,66.465,
8298,2017-12-30T05:53:39Z,-32.62955000,148.26935000,6813.076662471813,-1100.227019640569,6298,2,66.449,
8299,2017-12-30T05:53:40Z,-32.62940000,148.26951667,6814.076662471813,-1099.227019640569,6299,2,66.438,
8300,2017-12-30T05:53:41Z,-32.62928333,148.26970000,6815.076662471813,-1098.227019640569,6300,2,66.432,
8301,2017-12-30T05:53:42Z,-32.62920000,148.26990000,6816.076662471813,-1097.227019640569,6301,2,66.429,
8302,2017-12-30T05:53:43Z,-32.62916667,148.27011667,6817.076662471813,-1096.227019640569,6302,2,66.433,
8303,2017-12-30T05:53:44Z,-32.62916667,148.27028333,6818.076662471813,-1095.227019640569,6303,2,66.438,
8304,2017-12-30T05:53:45Z,-32.62923333,148.27041667,6819.076662471813,-1094.227019640569,6304,2,66.449,
8305,2017-12-30T05:53:46Z,-32.62930000,148.27045000,6820.076662471813,-1093.227019640569,6305,2,66.457,
8306,2017-12-30T05:53:47Z,-32.62935000,148.27038333,6821.076662471813,-1092.227019640569,6306,2,66.46,
8307,2017-12-30T05:53:48Z,-32.62936667,148.27026667,6822.076662471813,-1091.227019640569,6307,2,66.458,
8308,2017-12-30T05:53:49Z,-32.62931667,148.27013333,6823.076662471813,-1090.227019640569,6308,2,66.449,
8309,2017-12-30T05:53:50Z,-32.62916667,148.27001667,6824.076662471813,-1089.227019640569,6309,2,66.429,
8310,2017-12-30T05:53:51Z,-32.62898333,148.26995000,6825.076662471813,-1088.227019640569,6310,2,66.408,
8311,2017-12-30T05:53:52Z,-32.62876667,148.26995000,6826.076662471813,-1087.227019640569,6311,2,66.385,
8312,2017-12-30T05:53:53Z,-32.62855000,148.27003333,6827.076662471813,-1086.227019640569,6312,2,66.365,
8313,2017-12-30T05:53:54Z,-32.62835000,148.27018333,6828.076662471813,-1085.227019640569,6313,2,66.349,
8314,2017-12-30T05:53:55Z,-32.62821667,148.27038333,6829.076662471813,-1084.227019640569,6314,2,66.341,
8315,2017-12-30T05:53:56Z,-32.62813333,148.27058333,6830.076662471813,-1083.227019640569,6315,2,66.339,
8316,2017-12-30T05:53:57Z,-32.62811667,148.27076667,6831.076662471813,-1082.227019640569,6316,2,66.342,
8317,2017-12-30T05:53:58Z,-32.62813333,148.27091667,6832.076662471813,-1081.227019640569,6317,2,66.349,
8318,2017-12-30T05:53:59Z,-32.62818333,148.27100000,6833.076662471813,-1080.227019640569,6318,2,66.357,
8319,2017-12-30T05:54:00Z,-32.62823333,148.27101667,6834.076662471813,-1079.227019640569,6319,2,66.362,
8320,2017-12-30T05:54:01Z,-32.62825000,148.27096667,6835.076662471813,-1078.227019640569,6320,2,66.363,
8321,2017-12-30T05:54:02Z,-32.62826667,148.27086667,6836.076662471813,-1077.227019640569,6321,2,66.361,
8322,2017-12-30T05:54:03Z,-32.62820000,148.27073333,6837.076662471813,-1076.227019640569,6322,2,66.35,
8323,2017-12-30T05:54:04Z,-32.62808333,148.27061667,6838.076662471813,-1075.227019640569,6323,2,66.334,
8324,2017-12-30T05:54:05Z,-32.62790000,148.27053333,6839.076662471813,-1074.227019640569,6324,2,66.313,
8325,2017-12-30T05:54:06Z,-32.62768333,148.27051667,6840.076662471813,-1073.227019640569,6325,2,66.289,
8326,2017-12-30T05:54:07Z,-32.62746667,148.27056667,6841.076662471813,-1072.227019640569,6326,2,66.268,
8327,2017-12-30T05:54:08Z,-32.62726667,148.27071667,6842.076662471813,-1071.227019640569,6327,2,66.252,
8328,2017-12-30T05:54:09Z,-32.62710000,148.27090000,6843.076662471813,-1070.227019640569,6328,2,66.24,
8329,2017-12-30T05:54:10Z,-32.62700000,148.27113333,6844.076662471813,-1069.227019640569,6329,2,66.236,
8330,2017-12-30T05:54:11Z,-32.62698333,148.27135000,6845.076662471813,-1068.227019640569,6330,2,66.241,
8331,2017-12-30T05:54:12Z,-32.62703333,148.27151667,6846.076662471813,-1067.227019640569,6331,2,66.252,
8332,2017-12-30T05:54:13Z,-32.62710000,148.27161667,6847.076662471813,-1066.227019640569,6332,2,66.262,
8333,2017-12-30T05:54:14Z,-32.62716667,148.27163333,6848.076662471813,-1065.227019640569,6333,2,66.269,
8334,2017-12-30T05:54:15Z,-32.62718333,148.27160000,6849.076662471813,-1064.227019640569,6334,2,66.27,
8335,2017-12-30T05:54:16Z,-32.62720000,148.27151667,6850.076662471813,-1063.227019640569,6335,2,66.269,
8336,2017-12-30T05:54:17Z,-32.62715000,148.27141667,6851.076662471813,-1062.227019640569,6336,2,66.261,
8337,2017-12-30T05:54:18Z,-32.62705000,148.27130000,6852.076662471813,-1061.227019640569,6337,2,66.247,
8338,2017-12-30T05:54:19Z,-32.62688333,148.27121667,6853.076662471813,-1060.227019640569,6338,2,66.227,
8339,2017-12-30T05:54:20Z,-32.62670000,148.27116667,6854.076662471813,-1059.227019640569,6339,2,66.206,
8340,2017-12-30T05:54:21Z,-32.62650000,148.27116667,6855.076662471813,-1058.227019640569,6340,2,66.185,
8341,2017-12-30T05:54:22Z,-32.62628333,148.27123333,6856.076662471813,-1057.227019640569,6341,2,66.164,
8342,2017-12-30T05:54:23Z,-32.62608333,148.27138333,6857.076662471813,-1056.227019640569,6342,2,66.148,
8343,2017-12-30T05:54:24Z,-32.62593333,148.27158333,6858.076662471813,-1055.227019640569,6343,2,66.138,
8344,2017-12-30T05:54:25Z,-32.62581667,148.27181667,6859.076662471813,-1054.227019640569,6344,2,66.133,
8345,2017-12-30T05:54:26Z,-32.62576667,148.27205000,6860.076662471813,-1053.227019640569,6345,2,66.135,
8346,2017-12-30T05:54:27Z,-32.62576667,148.27223333,6861.076662471813,-1052.227019640569,6346,2,66.141,
8347,2017-12-30T05:54:28Z,-32.62581667,148.27236667,6862.076662471813,-1051.227019640569,6347,2,66.15,
8348,2017-12-30T05:54:29Z,-32.62586667,148.27241667,6863.076662471813,-1050.227019640569,6348,2,66.157,
8349,2017-12-30T05:54:30Z,-32.62591667,148.27240000,6864.076662471813,-1049.227019640569,6349,2,66.162,
8350,2017-12-30T05:54:31Z,-32.62591667,148.27233333,6865.076662471813,-1048.227019640569,6350,2,66.16,
8351,2017-12-30T05:54:32Z,-32.62590000,148.27221667,6866.076662471813,-1047.227019640569,6351,2,66.154,
8352,2017-12-30T05:54:33Z,-32.62578333,148.27210000,6867.076662471813,-1046.227019640569,6352,2,66.139,
8353,2017-12-30T05:54:34Z,-32.62563333,148.27203333,6868.076662471813,-1045.227019640569,6353,2,66.121,
8354,2017-12-30T05:54:35Z,-32.62543333,148.27201667,6869.076662471813,-1044.227019640569,6354,2,66.099,
8355,2017-12-30T05:54:36Z,-32.62521667,148.27208333,6870.076662471813,-1043.227019640569,6355,2,66.079,
8356,2017-12-30T05:54:37Z,-32.62503333,148.27220000,6871.076662471813,-1042.227019640569,6356,2,66.063,
8357,2017-12-30T05:54:38Z,-32.62486667,148.27240000,6872.076662471813,-1041.227019640569,6357,2,66.052,
8358,2017-12-30T05:54:39Z,-32.62476667,148.27263333,6873.076662471813,-1040.227019640569,6358,2,66.048,
8359,2017-12-30T05:54:40Z,-32.62471667,148.27285000,6874.076662471813,-1039.227019640569,6359,2,66.05,
8360,2017-12-30T05:54:41Z,-32.62473333,148.27305000,6875.076662471813,-1038.227019640569,6360,2,66.058,
8361,2017-12-30T05:54:42Z,-32.62476667,148.27316667,6876.076662471813,-1037.227019640569,6361,2,66.065,
8362,2017-12-30T05:54:43Z,-32.62480000,148.27320000,6877.076662471813,-1036.227019640569,6362,2,66.069,
8363,2017-12-30T05:54:44Z,-32.62481667,148.27315000,6878.076662471813,-1035.227019640569,6363,2,66.07,
8364,2017-12-30T05:54:45Z,-32.62478333,148.27306667,6879.076662471813,-1034.227019640569,6364,2,66.064,
8365,2017-12-30T05:54:46Z,-32.62468333,148.27298333,6880.076662471813,-1033.227019640569,6365,2,66.05,
8366,2017-12-30T05:54:47Z,-32.62455000,148.27291667,6881.076662471813,-1032.227019640569,6366,2,66.034,
8367,2017-12-30T05:54:48Z,-32.62440000,148.27288333,6882.076662471813,-1031.227019640569,6367,2,66.018,
8368,2017-12-30T05:54:49Z,-32.62425000,148.27288333,6883.076662471813,-1030.227019640569,6368,2,66.002,
8369,2017-12-30T05:54:50Z,-32.62406667,148.27293333,6884.076662471813,-1029.227019640569,6369,2,65.984,
8370,2017-12-30T05:54:51Z,-32.62386667,148.27301667,6885.076662471813,-1028.227019640569,6370,2,65.966,
8371,2017-12-30T05:54:52Z,-32.62368333,148.27316667,6886.076662471813,-1027.227019640569,6371,2,65.951,
8372,2017-12-30T05:54:53Z,-32.62351667,148.27335000,6887.076662471813,-1026.227019640569,6372,2,65.94,
8373,2017-12-30T05:54:54Z,-32.62336667,148.27356667,6888.076662471813,-1025.227019640569,6373,2,65.931,
8374,2017-12-30T05:54:55Z,-32.62325000,148.27378333,6889.076662471813,-1024.227019640569,6374,2,65.925,
8375,2017-12-30T05:54:56Z,-32.62320000,148.27401667,6890.076662471813,-1023.227019640569,6375,2,65.927,
8376,2017-12-30T05:54:57Z,-32.62318333,148.27421667,6891.076662471813,-1022.227019640569,6376,2,65.932,
8377,2017-12-30T05:54:58Z,-32.62320000,148.27440000,6892.076662471813,-1021.227019640569,6377,2,65.939,
8378,2017-12-30T05:54:59Z,-32.62323333,148.27451667,6893.076662471813,-1020.227019640569,6378,2,65.946,
8379,2017-12-30T05:55:00Z,-32.62328333,148.27456667,6894.076662471813,-1019.227019640569,6379,2,65.953,
8380,2017-12-30T05:55:01Z,-32.62331667,148.27458333,6895.076662471813,-1018.227019640569,6380,2,65.957,
8381,2017-12-30T05:55:02Z,-32.62333333,148.27455000,6896.076662471813,-1017.227019640569,6381,2,65.958,
8382,2017-12-30T05:55:03Z,-32.62331667,148.27448333,6897.076662471813,-1016.227019640569,6382,2,65.954,
8383,2017-12-30T05:55:04Z,-32.62325000,148.27441667,6898.076662471813,-1015.227019640569,6383,2,65.945,
8384,2017-12-30T05:55:05Z,-32.62313333,148.27435000,6899.076662471813,-1014.227019640569,6384,2,65.931,
8385,2017-12-30T05:55:06Z,-32.62298333,148.27433333,6900.076662471813,-1013.227019640569,6385,2,65.914,
8386,2017-12-30T05:55:07Z,-32.62278333,148.27438333,6901.076662471813,-1012.227019640569,6386,2,65.895,
8387,2017-12-30T05:55:08Z,-32.62258333,148.27448333,6902.076662471813,-1011.227019640569,6387,2,65.877,
8388,2017-12-30T05:55:09Z,-32.62240000,148.27463333,6903.076662471813,-1010.227019640569,6388,2,65.863,
8389,2017-12-30T05:55:10Z,-32.62223333,148.27481667,6904.076662471813,-1009.227019640569,6389,2,65.851,
8390,2017-12-30T05:55:11Z,-32.62210000,148.27503333,6905.076662471813,-1008.227019640569,6390,2,65.844,
8391,2017-12-30T05:55:12Z,-32.62201667,148.27526667,6906.076662471813,-1007.227019640569,6391,2,65.843,
8392,2017-12-30T05:55:13Z,-32.62200000,148.27548333,6907.076662471813,-1006.227019640569,6392,2,65.848,
8393,2017-12-30T05:55:14Z,-32.62201667,148.27568333,6908.076662471813,-1005.227019640569,6393,2,65.856,
8394,2017-12-30T05:55:15Z,-32.62205000,148.27583333,6909.076662471813,-1004.227019640569,6394,2,65.864,
8395,2017-12-30T05:55:16Z,-32.62210000,148.27593333,6910.076662471813,-1003.227019640569,6395,2,65.872,
8396,2017-12-30T05:55:17Z,-32.62215000,148.27596667,6911.076662471813,-1002.227019640569,6396,2,65.879,
8397,2017-12-30T05:55:18Z,-32.62218333,148.27600000,6912.076662471813,-1001.227019640569,6397,2,65.883,
8398,2017-12-30T05:55:19Z,-32.62220000,148.27600000,6913.076662471813,-1000.227019640569,6398,2,65.885,
8399,2017-12-30T05:55:20Z,-32.62220000,148.27598333,6914.076662471813,-999.227019640569,6399,2,65.884,
8400,2017-12-30T05:55:21Z,-32.62218333,148.27595000,6915.076662471813,-998.227019640569,6400,2,65.882,
8401,2017-12-30T05:55:22Z,-32.62215000,148.27591667,6916.076662471813,-997.227019640569,6401,2,65.877,
8402,2017-12-30T05:55:23Z,-32.62208333,148.27585000,6917.076662471813,-996.227019640569,6402,2,65.868,
8403,2017-12-30T05:55:24Z,-32.62198333,148.27580000,6918.076662471813,-995.227019640569,6403,2,65.856,
8404,2017-12-30T05:55:25Z,-32.62183333,148.27575000,6919.076662471813,-994.227019640569,6404,2,65.839,
8405,2017-12-30T05:55:26Z,-32.62165000,148.27575000,6920.076662471813,-993.227019640569,6405,2,65.819,
8406,2017-12-30T05:55:27Z,-32.62146667,148.27578333,6921.076662471813,-992.227019640569,6406,2,65.801,
8407,2017-12-30T05:55:28Z,-32.62126667,148.27586667,6922.076662471813,-991.227019640569,6407,2,65.783,
8408,2017-12-30T05:55:29Z,-32.62105000,148.27598333,6923.076662471813,-990.227019640569,6408,2,65.764,
8409,2017-12-30T05:55:30Z,-32.62085000,148.27613333,6924.076662471813,-989.227019640569,6409,2,65.748,
8410,2017-12-30T05:55:31Z,-32.62068333,148.27633333,6925.076662471813,-988.227019640569,6410,2,65.737,
8411,2017-12-30T05:55:32Z,-32.62055000,148.27656667,6926.076662471813,-987.227019640569,6411,2,65.73,
8412,2017-12-30T05:55:33Z,-32.62048333,148.27681667,6927.076662471813,-986.227019640569,6412,2,65.731,
8413,2017-12-30T05:55:34Z,-32.62045000,148.27705000,6928.076662471813,-985.227019640569,6413,2,65.735,
8414,2017-12-30T05:55:35Z,-32.62043333,148.27726667,6929.076662471813,-984.227019640569,6414,2,65.74,
8415,2017-12-30T05:55:36Z,-32.62045000,148.27743333,6930.076662471813,-983.227019640569,6415,2,65.747,
8416,2017-12-30T05:55:37Z,-32.62046667,148.27755000,6931.076662471813,-982.227019640569,6416,2,65.753,
8417,2017-12-30T05:55:38Z,-32.62048333,148.27761667,6932.076662471813,-981.227019640569,6417,2,65.757,
8418,2017-12-30T05:55:39Z,-32.62048333,148.27763333,6933.076662471813,-980.227019640569,6418,2,65.757,
8419,2017-12-30T05:55:40Z,-32.62048333,148.27761667,6934.076662471813,-979.227019640569,6419,2,65.757,
8420,2017-12-30T05:55:41Z,-32.62038333,148.27753333,6935.076662471813,-978.227019640569,6420,2,65.743,
8421,2017-12-30T05:55:42Z,-32.62025000,148.27746667,6936.076662471813,-977.227019640569,6421,2,65.727,
8422,2017-12-30T05:55:43Z,-32.62010000,148.27740000,6937.076662471813,-976.227019640569,6422,2,65.71,
8423,2017-12-30T05:55:44Z,-32.61995000,148.27736667,6938.076662471813,-975.227019640569,6423,2,65.693,
8424,2017-12-30T05:55:45Z,-32.61978333,148.27733333,6939.076662471813,-974.227019640569,6424,2,65.674,
8425,2017-12-30T05:55:46Z,-32.61960000,148.27735000,6940.076662471813,-973.227019640569,6425,2,65.656,
8426,2017-12-30T05:55:47Z,-32.61940000,148.27740000,6941.076662471813,-972.227019640569,6426,2,65.636,
8427,2017-12-30T05:55:48Z,-32.61920000,148.27750000,6942.076662471813,-971.227019640569,6427,2,65.619,
8428,2017-12-30T05:55:49Z,-32.61900000,148.27761667,6943.076662471813,-970.227019640569,6428,2,65.601,
8429,2017-12-30T05:55:50Z,-32.61883333,148.27778333,6944.076662471813,-969.227019640569,6429,2,65.589,
8430,2017-12-30T05:55:51Z,-32.61868333,148.27795000,6945.076662471813,-968.227019640569,6430,2,65.579,
8431,2017-12-30T05:55:52Z,-32.61855000,148.27815000,6946.076662471813,-967.227019640569,6431,2,65.571,
8432,2017-12-30T05:55:53Z,-32.61848333,148.27836667,6947.076662471813,-966.227019640569,6432,2,65.571,
8433,2017-12-30T05:55:54Z,-32.61843333,148.27858333,6948.076662471813,-965.227019640569,6433,2,65.573,
8434,2017-12-30T05:55:55Z,-32.61843333,148.27876667,6949.076662471813,-964.227019640569,6434,2,65.579,
8435,2017-12-30T05:55:56Z,-32.61846667,148.27895000,6950.076662471813,-963.227019640569,6435,2,65.588,
8436,2017-12-30T05:55:57Z,-32.61851667,148.27908333,6951.076662471813,-962.227019640569,6436,2,65.598,
8437,2017-12-30T05:55:58Z,-32.61858333,148.27916667,6952.076662471813,-961.227019640569,6437,2,65.608,
8438,2017-12-30T05:55:59Z,-32.61861667,148.27921667,6953.076662471813,-960.227019640569,6438,2,65.613,
8439,2017-12-30T05:56:00Z,-32.61866667,148.27923333,6954.076662471813,-959.227019640569,6439,2,65.618,
8440,2017-12-30T05:56:01Z,-32.61868333,148.27923333,6955.076662471813,-958.227019640569,6440,2,65.62,
8441,2017-12-30T05:56:02Z,-32.61871667,148.27920000,6956.076662471813,-957.227019640569,6441,2,65.623,
8442,2017-12-30T05:56:03Z,-32.61873333,148.27916667,6957.076662471813,-956.227019640569,6442,2,65.623,
8443,2017-12-30T05:56:04Z,-32.61875000,148.27913333,6958.076662471813,-955.227019640569,6443,2,65.624,
8444,2017-12-30T05:56:05Z,-32.61875000,148.27910000,6959.076662471813,-954.227019640569,6444,2,65.623,
8445,2017-12-30T05:56:06Z,-32.61871667,148.27906667,6960.076662471813,-953.227019640569,6445,2,65.618,
8446,2017-12-30T05:56:07Z,-32.61868333,148.27903333,6961.076662471813,-952.227019640569,6446,2,65.614,
8447,2017-12-30T05:56:08Z,-32.61863333,148.27898333,6962.076662471813,-951.227019640569,6447,2,65.607,
8448,2017-12-30T05:56:09Z,-32.61851667,148.27890000,6963.076662471813,-950.227019640569,6448,2,65.592,
8449,2017-12-30T05:56:10Z,-32.61836667,148.27885000,6964.076662471813,-949.227019640569,6449,2,65.575,
8450,2017-12-30T05:56:11Z,-32.61818333,148.27883333,6965.076662471813,-948.227019640569,6450,2,65.555,
8451,2017-12-30T05:56:12Z,-32.61796667,148.27885000,6966.076662471813,-947.227019640569,6451,2,65.533,
8452,2017-12-30T05:56:13Z,-32.61776667,148.27890000,6967.076662471813,-946.227019640569,6452,2,65.514,
8453,2017-12-30T05:56:14Z,-32.61753333,148.27895000,6968.076662471813,-945.227019640569,6453,2,65.491,
8454,2017-12-30T05:56:15Z,-32.61733333,148.27903333,6969.076662471813,-944.227019640569,6454,2,65.473,
8455,2017-12-30T05:56:16Z,-32.61713333,148.27913333,6970.076662471813,-943.227019640569,6455,2,65.455,
8456,2017-12-30T05:56:17Z,-32.61696667,148.27925000,6971.076662471813,-942.227019640569,6456,2,65.441,
8457,2017-12-30T05:56:18Z,-32.61681667,148.27941667,6972.076662471813,-941.227019640569,6457,2,65.431,
8458,2017-12-30T05:56:19Z,-32.61666667,148.27958333,6973.076662471813,-940.227019640569,6458,2,65.421,
8459,2017-12-30T05:56:20Z,-32.61655000,148.27978333,6974.076662471813,-939.227019640569,6459,2,65.415,
8460,2017-12-30T05:56:21Z,-32.61645000,148.27998333,6975.076662471813,-938.227019640569,6460,2,65.411,
8461,2017-12-30T05:56:22Z,-32.61636667,148.28020000,6976.076662471813,-937.227019640569,6461,2,65.41,
8462,2017-12-30T05:56:23Z,-32.61630000,148.28040000,6977.076662471813,-936.227019640569,6462,2,65.409,
8463,2017-12-30T05:56:24Z,-32.61628333,148.28060000,6978.076662471813,-935.227019640569,6463,2,65.414,
8464,2017-12-30T05:56:25Z,-32.61630000,148.28078333,6979.076662471813,-934.227019640569,6464,2,65.421,
8465,2017-12-30T05:56:26Z,-32.61635000,148.28091667,6980.076662471813,-933.227019640569,6465,2,65.431,
8466,2017-12-30T05:56:27Z,-32.61641667,148.28101667,6981.076662471813,-932.227019640569,6466,2,65.441,
8467,2017-12-30T05:56:28Z,-32.61648333,148.28105000,6982.076662471813,-931.227019640569,6467,2,65.449,
8468,2017-12-30T05:56:29Z,-32.61655000,148.28106667,6983.076662471813,-930.227019640569,6468,2,65.457,
8469,2017-12-30T05:56:30Z,-32.61660000,148.28105000,6984.076662471813,-929.227019640569,6469,2,65.461,
8470,2017-12-30T05:56:31Z,-32.61665000,148.28103333,6985.076662471813,-928.227019640569,6470,2,65.466,
8471,2017-12-30T05:56:32Z,-32.61666667,148.28101667,6986.076662471813,-927.227019640569,6471,2,65.467,
8472,2017-12-30T05:56:33Z,-32.61670000,148.28100000,6987.076662471813,-926.227019640569,6472,2,65.47,
8473,2017-12-30T05:56:34Z,-32.61671667,148.28098333,6988.076662471813,-925.227019640569,6473,2,65.471,
8474,2017-12-30T05:56:35Z,-32.61673333,148.28096667,6989.076662471813,-924.227019640569,6474,2,65.473,
8475,2017-12-30T05:56:36Z,-32.61671667,148.28093333,6990.076662471813,-923.227019640569,6475,2,65.47,
8476,2017-12-30T05:56:37Z,-32.61668333,148.28088333,6991.076662471813,-922.227019640569,6476,2,65.465,
8477,2017-12-30T05:56:38Z,-32.61663333,148.28081667,6992.076662471813,-921.227019640569,6477,2,65.457,
8478,2017-12-30T05:56:39Z,-32.61655000,148.28075000,6993.076662471813,-920.227019640569,6478,2,65.446,
8479,2017-12-30T05:56:40Z,-32.61640000,148.28068333,6994.076662471813,-919.227019640569,6479,2,65.429,
8480,2017-12-30T05:56:41Z,-32.61621667,148.28063333,6995.076662471813,-918.227019640569,6480,2,65.408,
8481,2017-12-30T05:56:42Z,-32.61601667,148.28061667,6996.076662471813,-917.227019640569,6481,2,65.387,
8482,2017-12-30T05:56:43Z,-32.61580000,148.28065000,6997.076662471813,-916.227019640569,6482,2,65.365,
8483,2017-12-30T05:56:44Z,-32.61561667,148.28071667,6998.076662471813,-915.227019640569,6483,2,65.348,
8484,2017-12-30T05:56:45Z,-32.61543333,148.28080000,6999.076662471813,-914.227019640569,6484,2,65.332,
8485,2017-12-30T05:56:46Z,-32.61525000,148.28090000,7000.076662471813,-913.227019640569,6485,2,65.316,
8486,2017-12-30T05:56:47Z,-32.61510000,148.28105000,7001.076662471813,-912.227019640569,6486,2,65.305,
8487,2017-12-30T05:56:48Z,-32.61496667,148.28121667,7002.076662471813,-911.227019640569,6487,2,65.297,
8488,2017-12-30T05:56:49Z,-32.61486667,148.28140000,7003.076662471813,-910.227019640569,6488,2,65.292,
8489,2017-12-30T05:56:50Z,-32.61483333,148.28158333,7004.076662471813,-909.227019640569,6489,2,65.295,
8490,2017-12-30T05:56:51Z,-32.61481667,148.28176667,7005.076662471813,-908.227019640569,6490,2,65.299,
8491,2017-12-30T05:56:52Z,-32.61483333,148.28196667,7006.076662471813,-907.227019640569,6491,2,65.307,
8492,2017-12-30T05:56:53Z,-32.61486667,148.28213333,7007.076662471813,-906.227019640569,6492,2,65.316,
8493,2017-12-30T05:56:54Z,-32.61490000,148.28228333,7008.076662471813,-905.227019640569,6493,2,65.324,
8494,2017-12-30T05:56:55Z,-32.61496667,148.28238333,7009.076662471813,-904.227019640569,6494,2,65.335,
8495,2017-12-30T05:56:56Z,-32.61503333,148.28245000,7010.076662471813,-903.227019640569,6495,2,65.344,
8496,2017-12-30T05:56:57Z,-32.61508333,148.28250000,7011.076662471813,-902.227019640569,6496,2,65.351,
8497,2017-12-30T05:56:58Z,-32.61513333,148.28253333,7012.076662471813,-901.227019640569,6497,2,65.357,
8498,2017-12-30T05:56:59Z,-32.61516667,148.28253333,7013.076662471813,-900.227019640569,6498,2,65.36,
8499,2017-12-30T05:57:00Z,-32.61518333,148.28251667,7014.076662471813,-899.227019640569,6499,2,65.362,
8500,2017-12-30T05:57:01Z,-32.61520000,148.28250000,7015.076662471813,-898.227019640569,6500,2,65.363,
8501,2017-12-30T05:57:02Z,-32.61516667,148.28246667,7016.076662471813,-897.227019640569,6501,2,65.358,
8502,2017-12-30T05:57:03Z,-32.61511667,148.28240000,7017.076662471813,-896.227019640569,6502,2,65.351,
8503,2017-12-30T05:57:04Z,-32.61503333,148.28233333,7018.076662471813,-895.227019640569,6503,2,65.34,
8504,2017-12-30T05:57:05Z,-32.61490000,148.28225000,7019.076662471813,-894.227019640569,6504,2,65.323,
8505,2017-12-30T05:57:06Z,-32.61475000,148.28220000,7020.076662471813,-893.227019640569,6505,2,65.306,
8506,2017-12-30T05:57:07Z,-32.61456667,148.28215000,7021.076662471813,-892.227019640569,6506,2,65.285,
8507,2017-12-30T05:57:08Z,-32.61438333,148.28211667,7022.076662471813,-891.227019640569,6507,2,65.265,
8508,2017-12-30T05:57:09Z,-32.61418333,148.28211667,7023.076662471813,-890.227019640569,6508,2,65.244,
8509,2017-12-30T05:57:10Z,-32.61398333,148.28215000,7024.076662471813,-889.227019640569,6509,2,65.225,
8510,2017-12-30T05:57:11Z,-32.61380000,148.28221667,7025.076662471813,-888.227019640569,6510,2,65.208,
8511,2017-12-30T05:57:12Z,-32.61360000,148.28230000,7026.076662471813,-887.227019640569,6511,2,65.19,
8512,2017-12-30T05:57:13Z,-32.61343333,148.28241667,7027.076662471813,-886.227019640569,6512,2,65.176,
8513,2017-12-30T05:57:14Z,-32.61326667,148.28255000,7028.076662471813,-885.227019640569,6513,2,65.163,
8514,2017-12-30T05:57:15Z,-32.61311667,148.28271667,7029.076662471813,-884.227019640569,6514,2,65.153,
8515,2017-12-30T05:57:16Z,-32.61301667,148.28291667,7030.076662471813,-883.227019640569,6515,2,65.149,
8516,2017-12-30T05:57:17Z,-32.61293333,148.28310000,7031.076662471813,-882.227019640569,6516,2,65.146,
8517,2017-12-30T05:57:18Z,-32.61288333,148.28330000,7032.076662471813,-881.227019640569,6517,2,65.148,
8518,2017-12-30T05:57:19Z,-32.61286667,148.28348333,7033.076662471813,-880.227019640569,6518,2,65.152,
8519,2017-12-30T05:57:20Z,-32.61288333,148.28363333,7034.076662471813,-879.227019640569,6519,2,65.159,
8520,2017-12-30T05:57:21Z,-32.61291667,148.28373333,7035.076662471813,-878.227019640569,6520,2,65.166,
8521,2017-12-30T05:57:22Z,-32.61296667,148.28378333,7036.076662471813,-877.227019640569,6521,2,65.172,
8522,2017-12-30T05:57:23Z,-32.61300000,148.28376667,7037.076662471813,-876.227019640569,6522,2,65.175,
8523,2017-12-30T05:57:24Z,-32.61303333,148.28373333,7038.076662471813,-875.227019640569,6523,2,65.178,
8524,2017-12-30T05:57:25Z,-32.61305000,148.28366667,7039.076662471813,-874.227019640569,6524,2,65.177,
8525,2017-12-30T05:57:26Z,-32.61301667,148.28358333,7040.076662471813,-873.227019640569,6525,2,65.171,
8526,2017-12-30T05:57:27Z,-32.61293333,148.28346667,7041.076662471813,-872.227019640569,6526,2,65.158,
8527,2017-12-30T05:57:28Z,-32.61281667,148.28333333,7042.076662471813,-871.227019640569,6527,2,65.142,
8528,2017-12-30T05:57:29Z,-32.61270000,148.28321667,7043.076662471813,-870.227019640569,6528,2,65.126,
8529,2017-12-30T05:57:30Z,-32.61260000,148.28311667,7044.076662471813,-869.227019640569,6529,2,65.112,
8530,2017-12-30T05:57:31Z,-32.61246667,148.28303333,7045.076662471813,-868.227019640569,6530,2,65.096,
8531,2017-12-30T05:57:32Z,-32.61233333,148.28298333,7046.076662471813,-867.227019640569,6531,2,65.08,
8532,2017-12-30T05:57:33Z,-32.61216667,148.28296667,7047.076662471813,-866.227019640569,6532,2,65.062,
8533,2017-12-30T05:57:34Z,-32.61198333,148.28298333,7048.076662471813,-865.227019640569,6533,2,65.044,
8534,2017-12-30T05:57:35Z,-32.61178333,148.28305000,7049.076662471813,-864.227019640569,6534,2,65.025,
8535,2017-12-30T05:57:36Z,-32.61158333,148.28315000,7050.076662471813,-863.227019640569,6535,2,65.008,
8536,2017-12-30T05:57:37Z,-32.61140000,148.28328333,7051.076662471813,-862.227019640569,6536,2,64.993,
8537,2017-12-30T05:57:38Z,-32.61125000,148.28345000,7052.076662471813,-861.227019640569,6537,2,64.983,
8538,2017-12-30T05:57:39Z,-32.61110000,148.28366667,7053.076662471813,-860.227019640569,6538,2,64.974,
8539,2017-12-30T05:57:40Z,-32.61101667,148.28388333,7054.076662471813,-859.227019640569,6539,2,64.973,
8540,2017-12-30T05:57:41Z,-32.61095000,148.28411667,7055.076662471813,-858.227019640569,6540,2,64.974,
8541,2017-12-30T05:57:42Z,-32.61091667,148.28436667,7056.076662471813,-857.227019640569,6541,2,64.978,
8542,2017-12-30T05:57:43Z,-32.61091667,148.28460000,7057.076662471813,-856.227019640569,6542,2,64.986,
8543,2017-12-30T05:57:44Z,-32.61095000,148.28480000,7058.076662471813,-855.227019640569,6543,2,64.996,
8544,2017-12-30T05:57:45Z,-32.61100000,148.28498333,7059.076662471813,-854.227019640569,6544,2,65.008,
8545,2017-12-30T05:57:46Z,-32.61108333,148.28515000,7060.076662471813,-853.227019640569,6545,2,65.022,
8546,2017-12-30T05:57:47Z,-32.61116667,148.28528333,7061.076662471813,-852.227019640569,6546,2,65.035,
8547,2017-12-30T05:57:48Z,-32.61125000,148.28540000,7062.076662471813,-851.227019640569,6547,2,65.047,
8548,2017-12-30T05:57:49Z,-32.61133333,148.28548333,7063.076662471813,-850.227019640569,6548,2,65.059,
8549,2017-12-30T05:57:50Z,-32.61141667,148.28556667,7064.076662471813,-849.227019640569,6549,2,65.07,
8550,2017-12-30T05:57:51Z,-32.61150000,148.28563333,7065.076662471813,-848.227019640569,6550,2,65.081,
8551,2017-12-30T05:57:52Z,-32.61158333,148.28570000,7066.076662471813,-847.227019640569,6551,2,65.092,
8552,2017-12-30T05:57:53Z,-32.61165000,148.28576667,7067.076662471813,-846.227019640569,6552,2,65.101,
8553,2017-12-30T05:57:54Z,-32.61171667,148.28581667,7068.076662471813,-845.227019640569,6553,2,65.11,
8554,2017-12-30T05:57:55Z,-32.61176667,148.28585000,7069.076662471813,-844.227019640569,6554,2,65.116,
8555,2017-12-30T05:57:56Z,-32.61183333,148.28588333,7070.076662471813,-843.227019640569,6555,2,65.124,
8556,2017-12-30T05:57:57Z,-32.61190000,148.28586667,7071.076662471813,-842.227019640569,6556,2,65.13,
8557,2017-12-30T05:57:58Z,-32.61193333,148.28586667,7072.076662471813,-841.227019640569,6557,2,65.134,
8558,2017-12-30T05:57:59Z,-32.61198333,148.28586667,7073.076662471813,-840.227019640569,6558,2,65.139,
8559,2017-12-30T05:58:00Z,-32.61203333,148.28585000,7074.076662471813,-839.227019640569,6559,2,65.144,
8560,2017-12-30T05:58:01Z,-32.61208333,148.28583333,7075.076662471813,-838.227019640569,6560,2,65.148,
8561,2017-12-30T05:58:02Z,-32.61213333,148.28581667,7076.076662471813,-837.227019640569,6561,2,65.153,
8562,2017-12-30T05:58:03Z,-32.61218333,148.28581667,7077.076662471813,-836.227019640569,6562,2,65.158,
8563,2017-12-30T05:58:04Z,-32.61223333,148.28581667,7078.076662471813,-835.227019640569,6563,2,65.163,
8564,2017-12-30T05:58:05Z,-32.61230000,148.28581667,7079.076662471813,-834.227019640569,6564,2,65.17,
8565,2017-12-30T05:58:06Z,-32.61235000,148.28583333,7080.076662471813,-833.227019640569,6565,2,65.176,
8566,2017-12-30T05:58:07Z,-32.61243333,148.28586667,7081.076662471813,-832.227019640569,6566,2,65.186,
8567,2017-12-30T05:58:08Z,-32.61248333,148.28590000,7082.076662471813,-831.227019640569,6567,2,65.192,
8568,2017-12-30T05:58:09Z,-32.61255000,148.28593333,7083.076662471813,-830.227019640569,6568,2,65.2,
8569,2017-12-30T05:58:10Z,-32.61260000,148.28598333,7084.076662471813,-829.227019640569,6569,2,65.207,
8570,2017-12-30T05:58:11Z,-32.61268333,148.28603333,7085.076662471813,-828.227019640569,6570,2,65.217,
8571,2017-12-30T05:58:12Z,-32.61275000,148.28608333,7086.076662471813,-827.227019640569,6571,2,65.226,
8572,2017-12-30T05:58:13Z,-32.61281667,148.28615000,7087.076662471813,-826.227019640569,6572,2,65.235,
8573,2017-12-30T05:58:14Z,-32.61288333,148.28618333,7088.076662471813,-825.227019640569,6573,2,65.243,
8574,2017-12-30T05:58:15Z,-32.61293333,148.28621667,7089.076662471813,-824.227019640569,6574,2,65.25,
8575,2017-12-30T05:58:16Z,-32.61298333,148.28623333,7090.076662471813,-823.227019640569,6575,2,65.255,
8576,2017-12-30T05:58:17Z,-32.61305000,148.28626667,7091.076662471813,-822.227019640569,6576,2,65.263,
8577,2017-12-30T05:58:18Z,-32.61311667,148.28630000,7092.076662471813,-821.227019640569,6577,2,65.271,
8578,2017-12-30T05:58:19Z,-32.61318333,148.28633333,7093.076662471813,-820.227019640569,6578,2,65.279,
8579,2017-12-30T05:58:20Z,-32.61325000,148.28635000,7094.076662471813,-819.227019640569,6579,2,65.287,
8580,2017-12-30T05:58:21Z,-32.61331667,148.28636667,7095.076662471813,-818.227019640569,6580,2,65.294,
8581,2017-12-30T05:58:22Z,-32.61338333,148.28636667,7096.076662471813,-817.227019640569,6581,2,65.301,
8582,2017-12-30T05:58:23Z,-32.61343333,148.28638333,7097.076662471813,-816.227019640569,6582,2,65.307,
8583,2017-12-30T05:58:24Z,-32.61350000,148.28636667,7098.076662471813,-815.227019640569,6583,2,65.313,
8584,2017-12-30T05:58:25Z,-32.61353333,148.28633333,7099.076662471813,-814.227019640569,6584,2,65.316,
8585,2017-12-30T05:58:26Z,-32.61353333,148.28626667,7100.076662471813,-813.227019640569,6585,2,65.314,
8586,2017-12-30T05:58:27Z,-32.61350000,148.28616667,7101.076662471813,-812.227019640569,6586,2,65.307,
8587,2017-12-30T05:58:28Z,-32.61341667,148.28606667,7102.076662471813,-811.227019640569,6587,2,65.295,
8588,2017-12-30T05:58:29Z,-32.61333333,148.28596667,7103.076662471813,-810.227019640569,6588,2,65.283,
8589,2017-12-30T05:58:30Z,-32.61321667,148.28590000,7104.076662471813,-809.227019640569,6589,2,65.268,
8590,2017-12-30T05:58:31Z,-32.61308333,148.28583333,7105.076662471813,-808.227019640569,6590,2,65.252,
8591,2017-12-30T05:58:32Z,-32.61295000,148.28576667,7106.076662471813,-807.227019640569,6591,2,65.236,
8592,2017-12-30T05:58:33Z,-32.61281667,148.28570000,7107.076662471813,-806.227019640569,6592,2,65.22,
8593,2017-12-30T05:58:34Z,-32.61266667,148.28563333,7108.076662471813,-805.227019640569,6593,2,65.202,
8594,2017-12-30T05:58:35Z,-32.61253333,148.28556667,7109.076662471813,-804.227019640569,6594,2,65.186,
8595,2017-12-30T05:58:36Z,-32.61238333,148.28550000,7110.076662471813,-803.227019640569,6595,2,65.169,
8596,2017-12-30T05:58:37Z,-32.61223333,148.28545000,7111.076662471813,-802.227019640569,6596,2,65.151,
8597,2017-12-30T05:58:38Z,-32.61208333,148.28540000,7112.076662471813,-801.227019640569,6597,2,65.134,
8598,2017-12-30T05:58:39Z,-32.61191667,148.28536667,7113.076662471813,-800.227019640569,6598,2,65.116,
8599,2017-12-30T05:58:40Z,-32.61175000,148.28531667,7114.076662471813,-799.227019640569,6599,2,65.097,
8600,2017-12-30T05:58:41Z,-32.61158333,148.28528333,7115.076662471813,-798.227019640569,6600,2,65.078,
8601,2017-12-30T05:58:42Z,-32.61141667,148.28525000,7116.076662471813,-797.227019640569,6601,2,65.06,
8602,2017-12-30T05:58:43Z,-32.61125000,148.28520000,7117.076662471813,-796.227019640569,6602,2,65.041,
8603,2017-12-30T05:58:44Z,-32.61108333,148.28515000,7118.076662471813,-795.227019640569,6603,2,65.022,
8604,2017-12-30T05:58:45Z,-32.61093333,148.28510000,7119.076662471813,-794.227019640569,6604,2,65.004,
8605,2017-12-30T05:58:46Z,-32.61076667,148.28505000,7120.076662471813,-793.227019640569,6605,2,64.985,
8606,2017-12-30T05:58:47Z,-32.61058333,148.28500000,7121.076662471813,-792.227019640569,6606,2,64.965,
8607,2017-12-30T05:58:48Z,-32.61040000,148.28496667,7122.076662471813,-791.227019640569,6607,2,64.945,
8608,2017-12-30T05:58:49Z,-32.61023333,148.28493333,7123.076662471813,-790.227019640569,6608,2,64.926,
8609,2017-12-30T05:58:50Z,-32.61006667,148.28491667,7124.076662471813,-789.227019640569,6609,2,64.908,
8610,2017-12-30T05:58:51Z,-32.60990000,148.28491667,7125.076662471813,-788.227019640569,6610,2,64.891,
8611,2017-12-30T05:58:52Z,-32.60973333,148.28490000,7126.076662471813,-787.227019640569,6611,2,64.873,
8612,2017-12-30T05:58:53Z,-32.60958333,148.28490000,7127.076662471813,-786.227019640569,6612,2,64.858,
8613,2017-12-30T05:58:54Z,-32.60941667,148.28490000,7128.076662471813,-785.227019640569,6613,2,64.84,
8614,2017-12-30T05:58:55Z,-32.60925000,148.28486667,7129.076662471813,-784.227019640569,6614,2,64.822,
8615,2017-12-30T05:58:56Z,-32.60908333,148.28483333,7130.076662471813,-783.227019640569,6615,2,64.803,
8616,2017-12-30T05:58:57Z,-32.60891667,148.28478333,7131.076662471813,-782.227019640569,6616,2,64.784,
8617,2017-12-30T05:58:58Z,-32.60875000,148.28473333,7132.076662471813,-781.227019640569,6617,2,64.765,
8618,2017-12-30T05:58:59Z,-32.60860000,148.28466667,7133.076662471813,-780.227019640569,6618,2,64.748,
8619,2017-12-30T05:59:00Z,-32.60843333,148.28460000,7134.076662471813,-779.227019640569,6619,2,64.728,
8620,2017-12-30T05:59:01Z,-32.60828333,148.28453333,7135.076662471813,-778.227019640569,6620,2,64.71,
8621,2017-12-30T05:59:02Z,-32.60815000,148.28448333,7136.076662471813,-777.227019640569,6621,2,64.695,
8622,2017-12-30T05:59:03Z,-32.60800000,148.28443333,7137.076662471813,-776.227019640569,6622,2,64.677,
8623,2017-12-30T05:59:04Z,-32.60785000,148.28438333,7138.076662471813,-775.227019640569,6623,2,64.66,
8624,2017-12-30T05:59:05Z,-32.60770000,148.28433333,7139.076662471813,-774.227019640569,6624,2,64.643,
8625,2017-12-30T05:59:06Z,-32.60755000,148.28430000,7140.076662471813,-773.227019640569,6625,2,64.626,
8626,2017-12-30T05:59:07Z,-32.60738333,148.28426667,7141.076662471813,-772.227019640569,6626,2,64.608,
8627,2017-12-30T05:59:08Z,-32.60721667,148.28425000,7142.076662471813,-771.227019640569,6627,2,64.59,
8628,2017-12-30T05:59:09Z,-32.60703333,148.28421667,7143.076662471813,-770.227019640569,6628,2,64.57,
8629,2017-12-30T05:59:10Z,-32.60686667,148.28418333,7144.076662471813,-769.227019640569,6629,2,64.551,
8630,2017-12-30T05:59:11Z,-32.60670000,148.28415000,7145.076662471813,-768.227019640569,6630,2,64.533,
8631,2017-12-30T05:59:12Z,-32.60651667,148.28413333,7146.076662471813,-767.227019640569,6631,2,64.513,
8632,2017-12-30T05:59:13Z,-32.60635000,148.28408333,7147.076662471813,-766.227019640569,6632,2,64.494,
8633,2017-12-30T05:59:14Z,-32.60618333,148.28405000,7148.076662471813,-765.227019640569,6633,2,64.476,
8634,2017-12-30T05:59:15Z,-32.60600000,148.28398333,7149.076662471813,-764.227019640569,6634,2,64.455,
8635,2017-12-30T05:59:16Z,-32.60583333,148.28393333,7150.076662471813,-763.227019640569,6635,2,64.436,
8636,2017-12-30T05:59:17Z,-32.60566667,148.28386667,7151.076662471813,-762.227019640569,6636,2,64.416,
8637,2017-12-30T05:59:18Z,-32.60550000,148.28378333,7152.076662471813,-761.227019640569,6637,2,64.396,
8638,2017-12-30T05:59:19Z,-32.60535000,148.28370000,7153.076662471813,-760.227019640569,6638,2,64.378,
8639,2017-12-30T05:59:20Z,-32.60520000,148.28360000,7154.076662471813,-759.227019640569,6639,2,64.359,
8640,2017-12-30T05:59:21Z,-32.60505000,148.28351667,7155.076662471813,-758.227019640569,6640,2,64.34,
8641,2017-12-30T05:59:22Z,-32.60491667,148.28341667,7156.076662471813,-757.227019640569,6641,2,64.323,
8642,2017-12-30T05:59:23Z,-32.60478333,148.28331667,7157.076662471813,-756.227019640569,6642,2,64.306,
8643,2017-12-30T05:59:24Z,-32.60465000,148.28323333,7158.076662471813,-755.227019640569,6643,2,64.289,
8644,2017-12-30T05:59:25Z,-32.60453333,148.28315000,7159.076662471813,-754.227019640569,6644,2,64.274,
8645,2017-12-30T05:59:26Z,-32.60440000,148.28305000,7160.076662471813,-753.227019640569,6645,2,64.257,
8646,2017-12-30T05:59:27Z,-32.60426667,148.28298333,7161.076662471813,-752.227019640569,6646,2,64.241,
8647,2017-12-30T05:59:28Z,-32.60413333,148.28290000,7162.076662471813,-751.227019640569,6647,2,64.224,
8648,2017-12-30T05:59:29Z,-32.60400000,148.28283333,7163.076662471813,-750.227019640569,6648,2,64.208,
8649,2017-12-30T05:59:30Z,-32.60385000,148.28276667,7164.076662471813,-749.227019640569,6649,2,64.191,
8650,2017-12-30T05:59:31Z,-32.60370000,148.28271667,7165.076662471813,-748.227019640569,6650,2,64.173,
8651,2017-12-30T05:59:32Z,-32.60355000,148.28266667,7166.076662471813,-747.227019640569,6651,2,64.156,
8652,2017-12-30T05:59:33Z,-32.60336667,148.28261667,7167.076662471813,-746.227019640569,6652,2,64.135,
8653,2017-12-30T05:59:34Z,-32.60318333,148.28256667,7168.076662471813,-745.227019640569,6653,2,64.115,
8654,2017-12-30T05:59:35Z,-32.60303333,148.28251667,7169.076662471813,-744.227019640569,6654,2,64.097,
8655,2017-12-30T05:59:36Z,-32.60288333,148.28246667,7170.076662471813,-743.227019640569,6655,2,64.08,
8656,2017-12-30T05:59:37Z,-32.60275000,148.28241667,7171.076662471813,-742.227019640569,6656,2,64.065,
8657,2017-12-30T05:59:38Z,-32.60263333,148.28236667,7172.076662471813,-741.227019640569,6657,2,64.051,
8658,2017-12-30T05:59:39Z,-32.60250000,148.28231667,7173.076662471813,-740.227019640569,6658,2,64.035,
8659,2017-12-30T05:59:40Z,-32.60238333,148.28226667,7174.076662471813,-739.227019640569,6659,2,64.022,
8660,2017-12-30T05:59:41Z,-32.60226667,148.28220000,7175.076662471813,-738.227019640569,6660,2,64.007,
8661,2017-12-30T05:59:42Z,-32.60215000,148.28213333,7176.076662471813,-737.227019640569,6661,2,63.993,
8662,2017-12-30T05:59:43Z,-32.60205000,148.28205000,7177.076662471813,-736.227019640569,6662,2,63.98,
8663,2017-12-30T05:59:44Z,-32.60193333,148.28196667,7178.076662471813,-735.227019640569,6663,2,63.965,
8664,2017-12-30T05:59:45Z,-32.60183333,148.28190000,7179.076662471813,-734.227019640569,6664,2,63.952,
8665,2017-12-30T05:59:46Z,-32.60171667,148.28181667,7180.076662471813,-733.227019640569,6665,2,63.937,
8666,2017-12-30T05:59:47Z,-32.60160000,148.28175000,7181.076662471813,-732.227019640569,6666,2,63.923,
8667,2017-12-30T05:59:48Z,-32.60150000,148.28168333,7182.076662471813,-731.227019640569,6667,2,63.91,
8668,2017-12-30T05:59:49Z,-32.60136667,148.28161667,7183.076662471813,-730.227019640569,6668,2,63.894,
8669,2017-12-30T05:59:50Z,-32.60126667,148.28156667,7184.076662471813,-729.227019640569,6669,2,63.882,
8670,2017-12-30T05:59:51Z,-32.60113333,148.28151667,7185.076662471813,-728.227019640569,6670,2,63.867,
8671,2017-12-30T05:59:52Z,-32.60101667,148.28146667,7186.076662471813,-727.227019640569,6671,2,63.853,
8672,2017-12-30T05:59:53Z,-32.60088333,148.28141667,7187.076662471813,-726.227019640569,6672,2,63.837,
8673,2017-12-30T05:59:54Z,-32.60075000,148.28136667,7188.076662471813,-725.227019640569,6673,2,63.822,
8674,2017-12-30T05:59:55Z,-32.60061667,148.28131667,7189.076662471813,-724.227019640569,6674,2,63.806,
8675,2017-12-30T05:59:56Z,-32.60048333,148.28126667,7190.076662471813,-723.227019640569,6675,2,63.791,
8676,2017-12-30T05:59:57Z,-32.60036667,148.28121667,7191.076662471813,-722.227019640569,6676,2,63.777,
8677,2017-12-30T05:59:58Z,-32.60023333,148.28116667,7192.076662471813,-721.227019640569,6677,2,63.761,
8678,2017-12-30T05:59:59Z,-32.60010000,148.28111667,7193.076662471813,-720.227019640569,6678,2,63.746,
8679,2017-12-30T06:00:00Z,-32.59998333,148.28105000,7194.076662471813,-719.227019640569,6679,2,63.732,
8680,2017-12-30T06:00:01Z,-32.59985000,148.28100000,7195.076662471813,-718.227019640569,6680,2,63.716,
8681,2017-12-30T06:00:02Z,-32.59971667,148.28093333,7196.076662471813,-717.227019640569,6681,2,63.7,
8682,2017-12-30T06:00:03Z,-32.59958333,148.28088333,7197.076662471813,-716.227019640569,6682,2,63.684,
8683,2017-12-30T06:00:04Z,-32.59945000,148.28083333,7198.076662471813,-715.227019640569,6683,2,63.669,
8684,2017-12-30T06:00:05Z,-32.59933333,148.28078333,7199.076662471813,-714.227019640569,6684,2,63.655,
8685,2017-12-30T06:00:06Z,-32.59923333,148.28071667,7200.076662471813,-713.227019640569,6685,2,63.643,
8686,2017-12-30T06:00:07Z,-32.59913333,148.28063333,7201.076662471813,-712.227019640569,6686,2,63.629,
8687,2017-12-30T06:00:08Z,-32.59905000,148.28055000,7202.076662471813,-711.227019640569,6687,2,63.618,
8688,2017-12-30T06:00:09Z,-32.59895000,148.28046667,7203.076662471813,-710.227019640569,6688,2,63.605,
8689,2017-12-30T06:00:10Z,-32.59886667,148.28040000,7204.076662471813,-709.227019640569,6689,2,63.594,
8690,2017-12-30T06:00:11Z,-32.59878333,148.28033333,7205.076662471813,-708.227019640569,6690,2,63.583,
8691,2017-12-30T06:00:12Z,-32.59870000,148.28030000,7206.076662471813,-707.227019640569,6691,2,63.573,
8692,2017-12-30T06:00:13Z,-32.59861667,148.28025000,7207.076662471813,-706.227019640569,6692,2,63.563,
8693,2017-12-30T06:00:14Z,-32.59853333,148.28020000,7208.076662471813,-705.227019640569,6693,2,63.553,
8694,2017-12-30T06:00:15Z,-32.59843333,148.28013333,7209.076662471813,-704.227019640569,6694,2,63.54,
8695,2017-12-30T06:00:16Z,-32.59833333,148.28006667,7210.076662471813,-703.227019640569,6695,2,63.527,
8696,2017-12-30T06:00:17Z,-32.59823333,148.28000000,7211.076662471813,-702.227019640569,6696,2,63.515,
8697,2017-12-30T06:00:18Z,-32.59811667,148.27995000,7212.076662471813,-701.227019640569,6697,2,63.501,
8698,2017-12-30T06:00:19Z,-32.59798333,148.27990000,7213.076662471813,-700.227019640569,6698,2,63.485,
8699,2017-12-30T06:00:20Z,-32.59783333,148.27986667,7214.076662471813,-699.227019640569,6699,2,63.469,
8700,2017-12-30T06:00:21Z,-32.59770000,148.27981667,7215.076662471813,-698.227019640569,6700,2,63.453,
8701,2017-12-30T06:00:22Z,-32.59753333,148.27978333,7216.076662471813,-697.227019640569,6701,2,63.435,
8702,2017-12-30T06:00:23Z,-32.59740000,148.27975000,7217.076662471813,-696.227019640569,6702,2,63.42,
8703,2017-12-30T06:00:24Z,-32.59723333,148.27971667,7218.076662471813,-695.227019640569,6703,2,63.401,
8704,2017-12-30T06:00:25Z,-32.59708333,148.27968333,7219.076662471813,-694.227019640569,6704,2,63.385,
8705,2017-12-30T06:00:26Z,-32.59693333,148.27965000,7220.076662471813,-693.227019640569,6705,2,63.368,
8706,2017-12-30T06:00:27Z,-32.59678333,148.27961667,7221.076662471813,-692.227019640569,6706,2,63.351,
8707,2017-12-30T06:00:28Z,-32.59661667,148.27958333,7222.076662471813,-691.227019640569,6707,2,63.333,
8708,2017-12-30T06:00:29Z,-32.59646667,148.27955000,7223.076662471813,-690.227019640569,6708,2,63.316,
8709,2017-12-30T06:00:30Z,-32.59631667,148.27953333,7224.076662471813,-689.227019640569,6709,2,63.3,
8710,2017-12-30T06:00:31Z,-32.59615000,148.27951667,7225.076662471813,-688.227019640569,6710,2,63.282,
8711,2017-12-30T06:00:32Z,-32.59600000,148.27950000,7226.076662471813,-687.227019640569,6711,2,63.266,
8712,2017-12-30T06:00:33Z,-32.59583333,148.27948333,7227.076662471813,-686.227019640569,6712,2,63.248,
8713,2017-12-30T06:00:34Z,-32.59566667,148.27946667,7228.076662471813,-685.227019640569,6713,2,63.23,
8714,2017-12-30T06:00:35Z,-32.59550000,148.27946667,7229.076662471813,-684.227019640569,6714,2,63.213,
8715,2017-12-30T06:00:36Z,-32.59533333,148.27945000,7230.076662471813,-683.227019640569,6715,2,63.195,
8716,2017-12-30T06:00:37Z,-32.59516667,148.27941667,7231.076662471813,-682.227019640569,6716,2,63.177,
8717,2017-12-30T06:00:38Z,-32.59500000,148.27938333,7232.076662471813,-681.227019640569,6717,2,63.158,
8718,2017-12-30T06:00:39Z,-32.59485000,148.27935000,7233.076662471813,-680.227019640569,6718,2,63.142,
8719,2017-12-30T06:00:40Z,-32.59468333,148.27933333,7234.076662471813,-679.227019640569,6719,2,63.124,
8720,2017-12-30T06:00:41Z,-32.59451667,148.27930000,7235.076662471813,-678.227019640569,6720,2,63.105,
8721,2017-12-30T06:00:42Z,-32.59435000,148.27928333,7236.076662471813,-677.227019640569,6721,2,63.087,
8722,2017-12-30T06:00:43Z,-32.59418333,148.27928333,7237.076662471813,-676.227019640569,6722,2,63.07,
8723,2017-12-30T06:00:44Z,-32.59400000,148.27926667,7238.076662471813,-675.227019640569,6723,2,63.05,
8724,2017-12-30T06:00:45Z,-32.59381667,148.27926667,7239.076662471813,-674.227019640569,6724,2,63.031,
8725,2017-12-30T06:00:46Z,-32.59363333,148.27925000,7240.076662471813,-673.227019640569,6725,2,63.012,
8726,2017-12-30T06:00:47Z,-32.59346667,148.27925000,7241.076662471813,-672.227019640569,6726,2,62.994,
8727,2017-12-30T06:00:48Z,-32.59328333,148.27925000,7242.076662471813,-671.227019640569,6727,2,62.975,
8728,2017-12-30T06:00:49Z,-32.59310000,148.27923333,7243.076662471813,-670.227019640569,6728,2,62.956,
8729,2017-12-30T06:00:50Z,-32.59293333,148.27923333,7244.076662471813,-669.227019640569,6729,2,62.939,
8730,2017-12-30T06:00:51Z,-32.59275000,148.27923333,7245.076662471813,-668.227019640569,6730,2,62.92,
8731,2017-12-30T06:00:52Z,-32.59258333,148.27923333,7246.076662471813,-667.227019640569,6731,2,62.902,
8732,2017-12-30T06:00:53Z,-32.59241667,148.27921667,7247.076662471813,-666.227019640569,6732,2,62.884,
8733,2017-12-30T06:00:54Z,-32.59225000,148.27921667,7248.076662471813,-665.227019640569,6733,2,62.867,
8734,2017-12-30T06:00:55Z,-32.59206667,148.27920000,7249.076662471813,-664.227019640569,6734,2,62.847,
8735,2017-12-30T06:00:56Z,-32.59191667,148.27918333,7250.076662471813,-663.227019640569,6735,2,62.831,
8736,2017-12-30T06:00:57Z,-32.59175000,148.27918333,7251.076662471813,-662.227019640569,6736,2,62.814,
8737,2017-12-30T06:00:58Z,-32.59160000,148.27916667,7252.076662471813,-661.227019640569,6737,2,62.798,
8738,2017-12-30T06:00:59Z,-32.59145000,148.27916667,7253.076662471813,-660.227019640569,6738,2,62.782,
8739,2017-12-30T06:01:00Z,-32.59128333,148.27916667,7254.076662471813,-659.227019640569,6739,2,62.765,
8740,2017-12-30T06:01:01Z,-32.59113333,148.27915000,7255.076662471813,-658.227019640569,6740,2,62.749,
8741,2017-12-30T06:01:02Z,-32.59098333,148.27913333,7256.076662471813,-657.227019640569,6741,2,62.733,
8742,2017-12-30T06:01:03Z,-32.59083333,148.27911667,7257.076662471813,-656.227019640569,6742,2,62.717,
8743,2017-12-30T06:01:04Z,-32.59068333,148.27908333,7258.076662471813,-655.227019640569,6743,2,62.7,
8744,2017-12-30T06:01:05Z,-32.59053333,148.27905000,7259.076662471813,-654.227019640569,6744,2,62.683,
8745,2017-12-30T06:01:06Z,-32.59038333,148.27901667,7260.076662471813,-653.227019640569,6745,2,62.667,
8746,2017-12-30T06:01:07Z,-32.59023333,148.27900000,7261.076662471813,-652.227019640569,6746,2,62.65,
8747,2017-12-30T06:01:08Z,-32.59008333,148.27900000,7262.076662471813,-651.227019640569,6747,2,62.635,
8748,2017-12-30T06:01:09Z,-32.58993333,148.27900000,7263.076662471813,-650.227019640569,6748,2,62.619,
8749,2017-12-30T06:01:10Z,-32.58978333,148.27900000,7264.076662471813,-649.227019640569,6749,2,62.604,
8750,2017-12-30T06:01:11Z,-32.58965000,148.27898333,7265.076662471813,-648.227019640569,6750,2,62.589,
8751,2017-12-30T06:01:12Z,-32.58951667,148.27895000,7266.076662471813,-647.227019640569,6751,2,62.574,
8752,2017-12-30T06:01:13Z,-32.58938333,148.27891667,7267.076662471813,-646.227019640569,6752,2,62.559,
8753,2017-12-30T06:01:14Z,-32.58928333,148.27885000,7268.076662471813,-645.227019640569,6753,2,62.547,
8754,2017-12-30T06:01:15Z,-32.58918333,148.27878333,7269.076662471813,-644.227019640569,6754,2,62.534,
8755,2017-12-30T06:01:16Z,-32.58910000,148.27870000,7270.076662471813,-643.227019640569,6755,2,62.523,
8756,2017-12-30T06:01:17Z,-32.58901667,148.27863333,7271.076662471813,-642.227019640569,6756,2,62.512,
8757,2017-12-30T06:01:18Z,-32.58891667,148.27855000,7272.076662471813,-641.227019640569,6757,2,62.499,
8758,2017-12-30T06:01:19Z,-32.58881667,148.27848333,7273.076662471813,-640.227019640569,6758,2,62.486,
8759,2017-12-30T06:01:20Z,-32.58868333,148.27843333,7274.076662471813,-639.227019640569,6759,2,62.471,
8760,2017-12-30T06:01:21Z,-32.58855000,148.27836667,7275.076662471813,-638.227019640569,6760,2,62.454,
8761,2017-12-30T06:01:22Z,-32.58841667,148.27833333,7276.076662471813,-637.227019640569,6761,2,62.439,
8762,2017-12-30T06:01:23Z,-32.58825000,148.27828333,7277.076662471813,-636.227019640569,6762,2,62.421,
8763,2017-12-30T06:01:24Z,-32.58808333,148.27826667,7278.076662471813,-635.227019640569,6763,2,62.403,
8764,2017-12-30T06:01:25Z,-32.58791667,148.27825000,7279.076662471813,-634.227019640569,6764,2,62.385,
8765,2017-12-30T06:01:26Z,-32.58773333,148.27825000,7280.076662471813,-633.227019640569,6765,2,62.366,
8766,2017-12-30T06:01:27Z,-32.58755000,148.27826667,7281.076662471813,-632.227019640569,6766,2,62.347,
8767,2017-12-30T06:01:28Z,-32.58738333,148.27828333,7282.076662471813,-631.227019640569,6767,2,62.331,
8768,2017-12-30T06:01:29Z,-32.58720000,148.27830000,7283.076662471813,-630.227019640569,6768,2,62.312,
8769,2017-12-30T06:01:30Z,-32.58703333,148.27830000,7284.076662471813,-629.227019640569,6769,2,62.295,
8770,2017-12-30T06:01:31Z,-32.58685000,148.27828333,7285.076662471813,-628.227019640569,6770,2,62.275,
8771,2017-12-30T06:01:32Z,-32.58668333,148.27828333,7286.076662471813,-627.227019640569,6771,2,62.258,
8772,2017-12-30T06:01:33Z,-32.58650000,148.27825000,7287.076662471813,-626.227019640569,6772,2,62.238,
8773,2017-12-30T06:01:34Z,-32.58633333,148.27823333,7288.076662471813,-625.227019640569,6773,2,62.22,
8774,2017-12-30T06:01:35Z,-32.58618333,148.27820000,7289.076662471813,-624.227019640569,6774,2,62.203,
8775,2017-12-30T06:01:36Z,-32.58601667,148.27818333,7290.076662471813,-623.227019640569,6775,2,62.185,
8776,2017-12-30T06:01:37Z,-32.58585000,148.27816667,7291.076662471813,-622.227019640569,6776,2,62.168,
8777,2017-12-30T06:01:38Z,-32.58568333,148.27815000,7292.076662471813,-621.227019640569,6777,2,62.15,
8778,2017-12-30T06:01:39Z,-32.58551667,148.27813333,7293.076662471813,-620.227019640569,6778,2,62.132,
8779,2017-12-30T06:01:40Z,-32.58533333,148.27811667,7294.076662471813,-619.227019640569,6779,2,62.112,
8780,2017-12-30T06:01:41Z,-32.58515000,148.27810000,7295.076662471813,-618.227019640569,6780,2,62.093,
8781,2017-12-30T06:01:42Z,-32.58496667,148.27808333,7296.076662471813,-617.227019640569,6781,2,62.073,
8782,2017-12-30T06:01:43Z,-32.58476667,148.27806667,7297.076662471813,-616.227019640569,6782,2,62.052,
8783,2017-12-30T06:01:44Z,-32.58458333,148.27806667,7298.076662471813,-615.227019640569,6783,2,62.033,
8784,2017-12-30T06:01:45Z,-32.58440000,148.27805000,7299.076662471813,-614.227019640569,6784,2,62.013,
8785,2017-12-30T06:01:46Z,-32.58421667,148.27805000,7300.076662471813,-613.227019640569,6785,2,61.994,
8786,2017-12-30T06:01:47Z,-32.58403333,148.27803333,7301.076662471813,-612.227019640569,6786,2,61.975,
8787,2017-12-30T06:01:48Z,-32.58385000,148.27803333,7302.076662471813,-611.227019640569,6787,2,61.956,
8788,2017-12-30T06:01:49Z,-32.58366667,148.27803333,7303.076662471813,-610.227019640569,6788,2,61.937,
8789,2017-12-30T06:01:50Z,-32.58346667,148.27803333,7304.076662471813,-609.227019640569,6789,2,61.916,
8790,2017-12-30T06:01:51Z,-32.58330000,148.27803333,7305.076662471813,-608.227019640569,6790,2,61.899,
8791,2017-12-30T06:01:52Z,-32.58311667,148.27801667,7306.076662471813,-607.227019640569,6791,2,61.879,
8792,2017-12-30T06:01:53Z,-32.58295000,148.27801667,7307.076662471813,-606.227019640569,6792,2,61.862,
8793,2017-12-30T06:01:54Z,-32.58278333,148.27801667,7308.076662471813,-605.227019640569,6793,2,61.845,
8794,2017-12-30T06:01:55Z,-32.58260000,148.27800000,7309.076662471813,-604.227019640569,6794,2,61.825,
8795,2017-12-30T06:01:56Z,-32.58243333,148.27800000,7310.076662471813,-603.227019640569,6795,2,61.808,
8796,2017-12-30T06:01:57Z,-32.58226667,148.27796667,7311.076662471813,-602.227019640569,6796,2,61.789,
8797,2017-12-30T06:01:58Z,-32.58208333,148.27795000,7312.076662471813,-601.227019640569,6797,2,61.77,
8798,2017-12-30T06:01:59Z,-32.58190000,148.27791667,7313.076662471813,-600.227019640569,6798,2,61.75,
8799,2017-12-30T06:02:00Z,-32.58173333,148.27788333,7314.076662471813,-599.227019640569,6799,2,61.731,
8800,2017-12-30T06:02:01Z,-32.58156667,148.27786667,7315.076662471813,-598.227019640569,6800,2,61.713,
8801,2017-12-30T06:02:02Z,-32.58140000,148.27785000,7316.076662471813,-597.227019640569,6801,2,61.696,
8802,2017-12-30T06:02:03Z,-32.58121667,148.27783333,7317.076662471813,-596.227019640569,6802,2,61.676,
8803,2017-12-30T06:02:04Z,-32.58105000,148.27781667,7318.076662471813,-595.227019640569,6803,2,61.658,
8804,2017-12-30T06:02:05Z,-32.58086667,148.27781667,7319.076662471813,-594.227019640569,6804,2,61.639,
8805,2017-12-30T06:02:06Z,-32.58070000,148.27781667,7320.076662471813,-593.227019640569,6805,2,61.622,
8806,2017-12-30T06:02:07Z,-32.58051667,148.27781667,7321.076662471813,-592.227019640569,6806,2,61.603,
8807,2017-12-30T06:02:08Z,-32.58031667,148.27783333,7322.076662471813,-591.227019640569,6807,2,61.583,
8808,2017-12-30T06:02:09Z,-32.58013333,148.27783333,7323.076662471813,-590.227019640569,6808,2,61.564,
8809,2017-12-30T06:02:10Z,-32.57995000,148.27785000,7324.076662471813,-589.227019640569,6809,2,61.545,
8810,2017-12-30T06:02:11Z,-32.57975000,148.27785000,7325.076662471813,-588.227019640569,6810,2,61.525,
8811,2017-12-30T06:02:12Z,-32.57956667,148.27785000,7326.076662471813,-587.227019640569,6811,2,61.506,
8812,2017-12-30T06:02:13Z,-32.57938333,148.27783333,7327.076662471813,-586.227019640569,6812,2,61.486,
8813,2017-12-30T06:02:14Z,-32.57920000,148.27781667,7328.076662471813,-585.227019640569,6813,2,61.467,
8814,2017-12-30T06:02:15Z,-32.57901667,148.27780000,7329.076662471813,-584.227019640569,6814,2,61.447,
8815,2017-12-30T06:02:16Z,-32.57885000,148.27780000,7330.076662471813,-583.227019640569,6815,2,61.43,
8816,2017-12-30T06:02:17Z,-32.57866667,148.27780000,7331.076662471813,-582.227019640569,6816,2,61.411,
8817,2017-12-30T06:02:18Z,-32.57850000,148.27781667,7332.076662471813,-581.227019640569,6817,2,61.394,
8818,2017-12-30T06:02:19Z,-32.57831667,148.27783333,7333.076662471813,-580.227019640569,6818,2,61.376,
8819,2017-12-30T06:02:20Z,-32.57813333,148.27783333,7334.076662471813,-579.227019640569,6819,2,61.357,
8820,2017-12-30T06:02:21Z,-32.57795000,148.27785000,7335.076662471813,-578.227019640569,6820,2,61.338,
8821,2017-12-30T06:02:22Z,-32.57775000,148.27786667,7336.076662471813,-577.227019640569,6821,2,61.318,
8822,2017-12-30T06:02:23Z,-32.57756667,148.27788333,7337.076662471813,-576.227019640569,6822,2,61.3,
8823,2017-12-30T06:02:24Z,-32.57738333,148.27788333,7338.076662471813,-575.227019640569,6823,2,61.281,
8824,2017-12-30T06:02:25Z,-32.57721667,148.27790000,7339.076662471813,-574.227019640569,6824,2,61.264,
8825,2017-12-30T06:02:26Z,-32.57703333,148.27790000,7340.076662471813,-573.227019640569,6825,2,61.245,
8826,2017-12-30T06:02:27Z,-32.57686667,148.27790000,7341.076662471813,-572.227019640569,6826,2,61.228,
8827,2017-12-30T06:02:28Z,-32.57668333,148.27788333,7342.076662471813,-571.227019640569,6827,2,61.208,
8828,2017-12-30T06:02:29Z,-32.57650000,148.27786667,7343.076662471813,-570.227019640569,6828,2,61.189,
8829,2017-12-30T06:02:30Z,-32.57631667,148.27785000,7344.076662471813,-569.227019640569,6829,2,61.169,
8830,2017-12-30T06:02:31Z,-32.57615000,148.27785000,7345.076662471813,-568.227019640569,6830,2,61.152,
8831,2017-12-30T06:02:32Z,-32.57596667,148.27785000,7346.076662471813,-567.227019640569,6831,2,61.133,
8832,2017-12-30T06:02:33Z,-32.57576667,148.27785000,7347.076662471813,-566.227019640569,6832,2,61.112,
8833,2017-12-30T06:02:34Z,-32.57558333,148.27786667,7348.076662471813,-565.227019640569,6833,2,61.094,
8834,2017-12-30T06:02:35Z,-32.57538333,148.27790000,7349.076662471813,-564.227019640569,6834,2,61.074,
8835,2017-12-30T06:02:36Z,-32.57516667,148.27791667,7350.076662471813,-563.227019640569,6835,2,61.053,
8836,2017-12-30T06:02:37Z,-32.57496667,148.27793333,7351.076662471813,-562.227019640569,6836,2,61.032,
8837,2017-12-30T06:02:38Z,-32.57476667,148.27796667,7352.076662471813,-561.227019640569,6837,2,61.013,
8838,2017-12-30T06:02:39Z,-32.57458333,148.27800000,7353.076662471813,-560.227019640569,6838,2,60.995,
8839,2017-12-30T06:02:40Z,-32.57438333,148.27803333,7354.076662471813,-559.227019640569,6839,2,60.976,
8840,2017-12-30T06:02:41Z,-32.57418333,148.27805000,7355.076662471813,-558.227019640569,6840,2,60.955,
8841,2017-12-30T06:02:42Z,-32.57396667,148.27808333,7356.076662471813,-557.227019640569,6841,2,60.934,
8842,2017-12-30T06:02:43Z,-32.57376667,148.27810000,7357.076662471813,-556.227019640569,6842,2,60.914,
8843,2017-12-30T06:02:44Z,-32.57356667,148.27811667,7358.076662471813,-555.227019640569,6843,2,60.894,
8844,2017-12-30T06:02:45Z,-32.57335000,148.27815000,7359.076662471813,-554.227019640569,6844,2,60.873,
8845,2017-12-30T06:02:46Z,-32.57315000,148.27818333,7360.076662471813,-553.227019640569,6845,2,60.853,
8846,2017-12-30T06:02:47Z,-32.57293333,148.27821667,7361.076662471813,-552.227019640569,6846,2,60.832,
8847,2017-12-30T06:02:48Z,-32.57273333,148.27826667,7362.076662471813,-551.227019640569,6847,2,60.813,
8848,2017-12-30T06:02:49Z,-32.57251667,148.27831667,7363.076662471813,-550.227019640569,6848,2,60.792,
8849,2017-12-30T06:02:50Z,-32.57231667,148.27836667,7364.076662471813,-549.227019640569,6849,2,60.773,
8850,2017-12-30T06:02:51Z,-32.57211667,148.27840000,7365.076662471813,-548.227019640569,6850,2,60.754,
8851,2017-12-30T06:02:52Z,-32.57191667,148.27843333,7366.076662471813,-547.227019640569,6851,2,60.734,
8852,2017-12-30T06:02:53Z,-32.57171667,148.27848333,7367.076662471813,-546.227019640569,6852,2,60.715,
8853,2017-12-30T06:02:54Z,-32.57151667,148.27851667,7368.076662471813,-545.227019640569,6853,2,60.696,
8854,2017-12-30T06:02:55Z,-32.57131667,148.27855000,7369.076662471813,-544.227019640569,6854,2,60.676,
8855,2017-12-30T06:02:56Z,-32.57111667,148.27856667,7370.076662471813,-543.227019640569,6855,2,60.656,
8856,2017-12-30T06:02:57Z,-32.57093333,148.27858333,7371.076662471813,-542.227019640569,6856,2,60.638,
8857,2017-12-30T06:02:58Z,-32.57073333,148.27858333,7372.076662471813,-541.227019640569,6857,2,60.617,
8858,2017-12-30T06:02:59Z,-32.57055000,148.27856667,7373.076662471813,-540.227019640569,6858,2,60.597,
8859,2017-12-30T06:03:00Z,-32.57038333,148.27855000,7374.076662471813,-539.227019640569,6859,2,60.58,
8860,2017-12-30T06:03:01Z,-32.57021667,148.27855000,7375.076662471813,-538.227019640569,6860,2,60.562,
8861,2017-12-30T06:03:02Z,-32.57005000,148.27853333,7376.076662471813,-537.227019640569,6861,2,60.544,
8862,2017-12-30T06:03:03Z,-32.56986667,148.27853333,7377.076662471813,-536.227019640569,6862,2,60.526,
8863,2017-12-30T06:03:04Z,-32.56970000,148.27851667,7378.076662471813,-535.227019640569,6863,2,60.508,
8864,2017-12-30T06:03:05Z,-32.56951667,148.27850000,7379.076662471813,-534.227019640569,6864,2,60.488,
8865,2017-12-30T06:03:06Z,-32.56935000,148.27848333,7380.076662471813,-533.227019640569,6865,2,60.47,
8866,2017-12-30T06:03:07Z,-32.56916667,148.27848333,7381.076662471813,-532.227019640569,6866,2,60.451,
8867,2017-12-30T06:03:08Z,-32.56898333,148.27848333,7382.076662471813,-531.227019640569,6867,2,60.432,
8868,2017-12-30T06:03:09Z,-32.56880000,148.27850000,7383.076662471813,-530.227019640569,6868,2,60.414,
8869,2017-12-30T06:03:10Z,-32.56861667,148.27850000,7384.076662471813,-529.227019640569,6869,2,60.395,
8870,2017-12-30T06:03:11Z,-32.56843333,148.27851667,7385.076662471813,-528.227019640569,6870,2,60.377,
8871,2017-12-30T06:03:12Z,-32.56825000,148.27853333,7386.076662471813,-527.227019640569,6871,2,60.358,
8872,2017-12-30T06:03:13Z,-32.56805000,148.27853333,7387.076662471813,-526.227019640569,6872,2,60.337,
8873,2017-12-30T06:03:14Z,-32.56785000,148.27856667,7388.076662471813,-525.227019640569,6873,2,60.318,
8874,2017-12-30T06:03:15Z,-32.56765000,148.27858333,7389.076662471813,-524.227019640569,6874,2,60.298,
8875,2017-12-30T06:03:16Z,-32.56745000,148.27861667,7390.076662471813,-523.227019640569,6875,2,60.278,
8876,2017-12-30T06:03:17Z,-32.56725000,148.27865000,7391.076662471813,-522.227019640569,6876,2,60.259,
8877,2017-12-30T06:03:18Z,-32.56703333,148.27868333,7392.076662471813,-521.227019640569,6877,2,60.237,
8878,2017-12-30T06:03:19Z,-32.56681667,148.27873333,7393.076662471813,-520.227019640569,6878,2,60.217,
8879,2017-12-30T06:03:20Z,-32.56660000,148.27876667,7394.076662471813,-519.227019640569,6879,2,60.196,
8880,2017-12-30T06:03:21Z,-32.56640000,148.27878333,7395.076662471813,-518.227019640569,6880,2,60.175,
8881,2017-12-30T06:03:22Z,-32.56618333,148.27880000,7396.076662471813,-517.227019640569,6881,2,60.154,
8882,2017-12-30T06:03:23Z,-32.56598333,148.27883333,7397.076662471813,-516.227019640569,6882,2,60.134,
8883,2017-12-30T06:03:24Z,-32.56578333,148.27885000,7398.076662471813,-515.227019640569,6883,2,60.114,
8884,2017-12-30T06:03:25Z,-32.56558333,148.27890000,7399.076662471813,-514.227019640569,6884,2,60.095,
8885,2017-12-30T06:03:26Z,-32.56540000,148.27893333,7400.076662471813,-513.227019640569,6885,2,60.077,
8886,2017-12-30T06:03:27Z,-32.56521667,148.27895000,7401.076662471813,-512.227019640569,6886,2,60.059,
8887,2017-12-30T06:03:28Z,-32.56503333,148.27896667,7402.076662471813,-511.227019640569,6887,2,60.04,
8888,2017-12-30T06:03:29Z,-32.56485000,148.27900000,7403.076662471813,-510.227019640569,6888,2,60.023,
8889,2017-12-30T06:03:30Z,-32.56466667,148.27905000,7404.076662471813,-509.227019640569,6889,2,60.005,
8890,2017-12-30T06:03:31Z,-32.56450000,148.27915000,7405.076662471813,-508.227019640569,6890,2,59.992,
8891,2017-12-30T06:03:32Z,-32.56435000,148.27930000,7406.076662471813,-507.227019640569,6891,2,59.981,
8892,2017-12-30T06:03:33Z,-32.56423333,148.27948333,7407.076662471813,-506.227019640569,6892,2,59.976,
8893,2017-12-30T06:03:34Z,-32.56415000,148.27971667,7408.076662471813,-505.227019640569,6893,2,59.975,
8894,2017-12-30T06:03:35Z,-32.56410000,148.27995000,7409.076662471813,-504.227019640569,6894,2,59.978,
8895,2017-12-30T06:03:36Z,-32.56410000,148.28018333,7410.076662471813,-503.227019640569,6895,2,59.986,
8896,2017-12-30T06:03:37Z,-32.56415000,148.28040000,7411.076662471813,-502.227019640569,6896,2,59.999,
8897,2017-12-30T06:03:38Z,-32.56421667,148.28055000,7412.076662471813,-501.227019640569,6897,2,60.011,
8898,2017-12-30T06:03:39Z,-32.56431667,148.28066667,7413.076662471813,-500.227019640569,6898,2,60.025,
8899,2017-12-30T06:03:40Z,-32.56441667,148.28073333,7414.076662471813,-499.227019640569,6899,2,60.038,
8900,2017-12-30T06:03:41Z,-32.56448333,148.28075000,7415.076662471813,-498.227019640569,6900,2,60.045,
8901,2017-12-30T06:03:42Z,-32.56455000,148.28073333,7416.076662471813,-497.227019640569,6901,2,60.052,
8902,2017-12-30T06:03:43Z,-32.56460000,148.28070000,7417.076662471813,-496.227019640569,6902,2,60.056,
8903,2017-12-30T06:03:44Z,-32.56461667,148.28065000,7418.076662471813,-495.227019640569,6903,2,60.056,
8904,2017-12-30T06:03:45Z,-32.56463333,148.28058333,7419.076662471813,-494.227019640569,6904,2,60.055,
8905,2017-12-30T06:03:46Z,-32.56460000,148.28051667,7420.076662471813,-493.227019640569,6905,2,60.049,
8906,2017-12-30T06:03:47Z,-32.56450000,148.28043333,7421.076662471813,-492.227019640569,6906,2,60.036,
8907,2017-12-30T06:03:48Z,-32.56436667,148.28038333,7422.076662471813,-491.227019640569,6907,2,60.021,
8908,2017-12-30T06:03:49Z,-32.56421667,148.28035000,7423.076662471813,-490.227019640569,6908,2,60.004,
8909,2017-12-30T06:03:50Z,-32.56403333,148.28035000,7424.076662471813,-489.227019640569,6909,2,59.985,
8910,2017-12-30T06:03:51Z,-32.56385000,148.28036667,7425.076662471813,-488.227019640569,6910,2,59.967,
8911,2017-12-30T06:03:52Z,-32.56365000,148.28040000,7426.076662471813,-487.227019640569,6911,2,59.947,
8912,2017-12-30T06:03:53Z,-32.56346667,148.28045000,7427.076662471813,-486.227019640569,6912,2,59.93,
8913,2017-12-30T06:03:54Z,-32.56328333,148.28051667,7428.076662471813,-485.227019640569,6913,2,59.913,
8914,2017-12-30T06:03:55Z,-32.56310000,148.28061667,7429.076662471813,-484.227019640569,6914,2,59.898,
8915,2017-12-30T06:03:56Z,-32.56291667,148.28075000,7430.076662471813,-483.227019640569,6915,2,59.884,
8916,2017-12-30T06:03:57Z,-32.56275000,148.28091667,7431.076662471813,-482.227019640569,6916,2,59.872,
8917,2017-12-30T06:03:58Z,-32.56258333,148.28110000,7432.076662471813,-481.227019640569,6917,2,59.862,
8918,2017-12-30T06:03:59Z,-32.56243333,148.28130000,7433.076662471813,-480.227019640569,6918,2,59.853,
8919,2017-12-30T06:04:00Z,-32.56230000,148.28150000,7434.076662471813,-479.227019640569,6919,2,59.846,
8920,2017-12-30T06:04:01Z,-32.56220000,148.28175000,7435.076662471813,-478.227019640569,6920,2,59.845,
8921,2017-12-30T06:04:02Z,-32.56215000,148.28200000,7436.076662471813,-477.227019640569,6921,2,59.848,
8922,2017-12-30T06:04:03Z,-32.56216667,148.28223333,7437.076662471813,-476.227019640569,6922,2,59.858,
8923,2017-12-30T06:04:04Z,-32.56223333,148.28241667,7438.076662471813,-475.227019640569,6923,2,59.872,
8924,2017-12-30T06:04:05Z,-32.56233333,148.28253333,7439.076662471813,-474.227019640569,6924,2,59.886,
8925,2017-12-30T06:04:06Z,-32.56243333,148.28256667,7440.076662471813,-473.227019640569,6925,2,59.898,
8926,2017-12-30T06:04:07Z,-32.56253333,148.28256667,7441.076662471813,-472.227019640569,6926,2,59.908,
8927,2017-12-30T06:04:08Z,-32.56260000,148.28253333,7442.076662471813,-471.227019640569,6927,2,59.914,
8928,2017-12-30T06:04:09Z,-32.56266667,148.28250000,7443.076662471813,-470.227019640569,6928,2,59.919,
8929,2017-12-30T06:04:10Z,-32.56270000,148.28245000,7444.076662471813,-469.227019640569,6929,2,59.921,
8930,2017-12-30T06:04:11Z,-32.56273333,148.28238333,7445.076662471813,-468.227019640569,6930,2,59.922,
8931,2017-12-30T06:04:12Z,-32.56273333,148.28230000,7446.076662471813,-467.227019640569,6931,2,59.919,
8932,2017-12-30T06:04:13Z,-32.56270000,148.28221667,7447.076662471813,-466.227019640569,6932,2,59.913,
8933,2017-12-30T06:04:14Z,-32.56266667,148.28211667,7448.076662471813,-465.227019640569,6933,2,59.906,
8934,2017-12-30T06:04:15Z,-32.56260000,148.28203333,7449.076662471813,-464.227019640569,6934,2,59.896,
8935,2017-12-30T06:04:16Z,-32.56248333,148.28196667,7450.076662471813,-463.227019640569,6935,2,59.882,
8936,2017-12-30T06:04:17Z,-32.56233333,148.28193333,7451.076662471813,-462.227019640569,6936,2,59.865,
8937,2017-12-30T06:04:18Z,-32.56216667,148.28191667,7452.076662471813,-461.227019640569,6937,2,59.847,
8938,2017-12-30T06:04:19Z,-32.56198333,148.28193333,7453.076662471813,-460.227019640569,6938,2,59.829,
8939,2017-12-30T06:04:20Z,-32.56178333,148.28196667,7454.076662471813,-459.227019640569,6939,2,59.809,
8940,2017-12-30T06:04:21Z,-32.56160000,148.28203333,7455.076662471813,-458.227019640569,6940,2,59.793,
8941,2017-12-30T06:04:22Z,-32.56141667,148.28213333,7456.076662471813,-457.227019640569,6941,2,59.778,
8942,2017-12-30T06:04:23Z,-32.56125000,148.28226667,7457.076662471813,-456.227019640569,6942,2,59.765,
8943,2017-12-30T06:04:24Z,-32.56110000,148.28246667,7458.076662471813,-455.227019640569,6943,2,59.757,
8944,2017-12-30T06:04:25Z,-32.56096667,148.28268333,7459.076662471813,-454.227019640569,6944,2,59.751,
8945,2017-12-30T06:04:26Z,-32.56088333,148.28293333,7460.076662471813,-453.227019640569,6945,2,59.751,
8946,2017-12-30T06:04:27Z,-32.56083333,148.28318333,7461.076662471813,-452.227019640569,6946,2,59.754,
8947,2017-12-30T06:04:28Z,-32.56083333,148.28341667,7462.076662471813,-451.227019640569,6947,2,59.763,
8948,2017-12-30T06:04:29Z,-32.56085000,148.28365000,7463.076662471813,-450.227019640569,6948,2,59.773,
8949,2017-12-30T06:04:30Z,-32.56091667,148.28385000,7464.076662471813,-449.227019640569,6949,2,59.787,
8950,2017-12-30T06:04:31Z,-32.56098333,148.28403333,7465.076662471813,-448.227019640569,6950,2,59.8,
8951,2017-12-30T06:04:32Z,-32.56106667,148.28420000,7466.076662471813,-447.227019640569,6951,2,59.814,
8952,2017-12-30T06:04:33Z,-32.56116667,148.28431667,7467.076662471813,-446.227019640569,6952,2,59.829,
8953,2017-12-30T06:04:34Z,-32.56126667,148.28440000,7468.076662471813,-445.227019640569,6953,2,59.842,
8954,2017-12-30T06:04:35Z,-32.56138333,148.28445000,7469.076662471813,-444.227019640569,6954,2,59.856,
8955,2017-12-30T06:04:36Z,-32.56146667,148.28445000,7470.076662471813,-443.227019640569,6955,2,59.864,
8956,2017-12-30T06:04:37Z,-32.56153333,148.28443333,7471.076662471813,-442.227019640569,6956,2,59.871,
8957,2017-12-30T06:04:38Z,-32.56158333,148.28436667,7472.076662471813,-441.227019640569,6957,2,59.874,
8958,2017-12-30T06:04:39Z,-32.56160000,148.28428333,7473.076662471813,-440.227019640569,6958,2,59.872,
8959,2017-12-30T06:04:40Z,-32.56156667,148.28418333,7474.076662471813,-439.227019640569,6959,2,59.865,
8960,2017-12-30T06:04:41Z,-32.56150000,148.28410000,7475.076662471813,-438.227019640569,6960,2,59.856,
8961,2017-12-30T06:04:42Z,-32.56141667,148.28401667,7476.076662471813,-437.227019640569,6961,2,59.844,
8962,2017-12-30T06:04:43Z,-32.56133333,148.28393333,7477.076662471813,-436.227019640569,6962,2,59.832,
8963,2017-12-30T06:04:44Z,-32.56121667,148.28386667,7478.076662471813,-435.227019640569,6963,2,59.818,
8964,2017-12-30T06:04:45Z,-32.56110000,148.28380000,7479.076662471813,-434.227019640569,6964,2,59.804,
8965,2017-12-30T06:04:46Z,-32.56096667,148.28375000,7480.076662471813,-433.227019640569,6965,2,59.788,
8966,2017-12-30T06:04:47Z,-32.56078333,148.28371667,7481.076662471813,-432.227019640569,6966,2,59.768,
8967,2017-12-30T06:04:48Z,-32.56060000,148.28371667,7482.076662471813,-431.227019640569,6967,2,59.749,
8968,2017-12-30T06:04:49Z,-32.56038333,148.28378333,7483.076662471813,-430.227019640569,6968,2,59.729,
8969,2017-12-30T06:04:50Z,-32.56018333,148.28388333,7484.076662471813,-429.227019640569,6969,2,59.712,
8970,2017-12-30T06:04:51Z,-32.56000000,148.28403333,7485.076662471813,-428.227019640569,6970,2,59.699,
8971,2017-12-30T06:04:52Z,-32.55985000,148.28421667,7486.076662471813,-427.227019640569,6971,2,59.69,
8972,2017-12-30T06:04:53Z,-32.55975000,148.28443333,7487.076662471813,-426.227019640569,6972,2,59.687,
8973,2017-12-30T06:04:54Z,-32.55966667,148.28466667,7488.076662471813,-425.227019640569,6973,2,59.687,
8974,2017-12-30T06:04:55Z,-32.55965000,148.28491667,7489.076662471813,-424.227019640569,6974,2,59.694,
8975,2017-12-30T06:04:56Z,-32.55966667,148.28513333,7490.076662471813,-423.227019640569,6975,2,59.704,
8976,2017-12-30T06:04:57Z,-32.55973333,148.28533333,7491.076662471813,-422.227019640569,6976,2,59.718,
8977,2017-12-30T06:04:58Z,-32.55981667,148.28548333,7492.076662471813,-421.227019640569,6977,2,59.732,
8978,2017-12-30T06:04:59Z,-32.55990000,148.28561667,7493.076662471813,-420.227019640569,6978,2,59.745,
8979,2017-12-30T06:05:00Z,-32.56000000,148.28568333,7494.076662471813,-419.227019640569,6979,2,59.757,
8980,2017-12-30T06:05:01Z,-32.56008333,148.28575000,7495.076662471813,-418.227019640569,6980,2,59.768,
8981,2017-12-30T06:05:02Z,-32.56013333,148.28575000,7496.076662471813,-417.227019640569,6981,2,59.774,
8982,2017-12-30T06:05:03Z,-32.56020000,148.28571667,7497.076662471813,-416.227019640569,6982,2,59.779,
8983,2017-12-30T06:05:04Z,-32.56021667,148.28566667,7498.076662471813,-415.227019640569,6983,2,59.779,
8984,2017-12-30T06:05:05Z,-32.56021667,148.28558333,7499.076662471813,-414.227019640569,6984,2,59.776,
8985,2017-12-30T06:05:06Z,-32.56015000,148.28550000,7500.076662471813,-413.227019640569,6985,2,59.766,
8986,2017-12-30T06:05:07Z,-32.56008333,148.28543333,7501.076662471813,-412.227019640569,6986,2,59.757,
8987,2017-12-30T06:05:08Z,-32.55996667,148.28535000,7502.076662471813,-411.227019640569,6987,2,59.742,
8988,2017-12-30T06:05:09Z,-32.55981667,148.28530000,7503.076662471813,-410.227019640569,6988,2,59.725,
8989,2017-12-30T06:05:10Z,-32.55963333,148.28528333,7504.076662471813,-409.227019640569,6989,2,59.706,
8990,2017-12-30T06:05:11Z,-32.55941667,148.28530000,7505.076662471813,-408.227019640569,6990,2,59.684,
8991,2017-12-30T06:05:12Z,-32.55920000,148.28540000,7506.076662471813,-407.227019640569,6991,2,59.665,
8992,2017-12-30T06:05:13Z,-32.55901667,148.28553333,7507.076662471813,-406.227019640569,6992,2,59.651,
8993,2017-12-30T06:05:14Z,-32.55885000,148.28570000,7508.076662471813,-405.227019640569,6993,2,59.64,
8994,2017-12-30T06:05:15Z,-32.55871667,148.28593333,7509.076662471813,-404.227019640569,6994,2,59.635,
8995,2017-12-30T06:05:16Z,-32.55865000,148.28618333,7510.076662471813,-403.227019640569,6995,2,59.637,
8996,2017-12-30T06:05:17Z,-32.55863333,148.28641667,7511.076662471813,-402.227019640569,6996,2,59.643,
8997,2017-12-30T06:05:18Z,-32.55866667,148.28663333,7512.076662471813,-401.227019640569,6997,2,59.655,
8998,2017-12-30T06:05:19Z,-32.55873333,148.28680000,7513.076662471813,-400.227019640569,6998,2,59.667,
8999,2017-12-30T06:05:20Z,-32.55881667,148.28693333,7514.076662471813,-399.227019640569,6999,2,59.681,
9000,2017-12-30T06:05:21Z,-32.55890000,148.28700000,7515.076662471813,-398.227019640569,7000,2,59.692,
9001,2017-12-30T06:05:22Z,-32.55898333,148.28701667,7516.076662471813,-397.227019640569,7001,2,59.701,
9002,2017-12-30T06:05:23Z,-32.55903333,148.28698333,7517.076662471813,-396.227019640569,7002,2,59.705,
9003,2017-12-30T06:05:24Z,-32.55906667,148.28691667,7518.076662471813,-395.227019640569,7003,2,59.706,
9004,2017-12-30T06:05:25Z,-32.55906667,148.28683333,7519.076662471813,-394.227019640569,7004,2,59.703,
9005,2017-12-30T06:05:26Z,-32.55903333,148.28673333,7520.076662471813,-393.227019640569,7005,2,59.696,
9006,2017-12-30T06:05:27Z,-32.55898333,148.28665000,7521.076662471813,-392.227019640569,7006,2,59.688,
9007,2017-12-30T06:05:28Z,-32.55886667,148.28656667,7522.076662471813,-391.227019640569,7007,2,59.673,
9008,2017-12-30T06:05:29Z,-32.55871667,148.28650000,7523.076662471813,-390.227019640569,7008,2,59.655,
9009,2017-12-30T06:05:30Z,-32.55853333,148.28648333,7524.076662471813,-389.227019640569,7009,2,59.635,
9010,2017-12-30T06:05:31Z,-32.55833333,148.28651667,7525.076662471813,-388.227019640569,7010,2,59.616,
9011,2017-12-30T06:05:32Z,-32.55813333,148.28660000,7526.076662471813,-387.227019640569,7011,2,59.599,
9012,2017-12-30T06:05:33Z,-32.55795000,148.28675000,7527.076662471813,-386.227019640569,7012,2,59.585,
9013,2017-12-30T06:05:34Z,-32.55780000,148.28693333,7528.076662471813,-385.227019640569,7013,2,59.576,
9014,2017-12-30T06:05:35Z,-32.55770000,148.28716667,7529.076662471813,-384.227019640569,7014,2,59.574,
9015,2017-12-30T06:05:36Z,-32.55763333,148.28740000,7530.076662471813,-383.227019640569,7015,2,59.576,
9016,2017-12-30T06:05:37Z,-32.55761667,148.28763333,7531.076662471813,-382.227019640569,7016,2,59.583,
9017,2017-12-30T06:05:38Z,-32.55763333,148.28783333,7532.076662471813,-381.227019640569,7017,2,59.592,
9018,2017-12-30T06:05:39Z,-32.55766667,148.28801667,7533.076662471813,-380.227019640569,7018,2,59.602,
9019,2017-12-30T06:05:40Z,-32.55773333,148.28813333,7534.076662471813,-379.227019640569,7019,2,59.613,
9020,2017-12-30T06:05:41Z,-32.55780000,148.28821667,7535.076662471813,-378.227019640569,7020,2,59.623,
9021,2017-12-30T06:05:42Z,-32.55786667,148.28825000,7536.076662471813,-377.227019640569,7021,2,59.631,
9022,2017-12-30T06:05:43Z,-32.55791667,148.28823333,7537.076662471813,-376.227019640569,7022,2,59.635,
9023,2017-12-30T06:05:44Z,-32.55793333,148.28818333,7538.076662471813,-375.227019640569,7023,2,59.635,
9024,2017-12-30T06:05:45Z,-32.55793333,148.28810000,7539.076662471813,-374.227019640569,7024,2,59.632,
9025,2017-12-30T06:05:46Z,-32.55790000,148.28800000,7540.076662471813,-373.227019640569,7025,2,59.625,
9026,2017-12-30T06:05:47Z,-32.55785000,148.28790000,7541.076662471813,-372.227019640569,7026,2,59.616,
9027,2017-12-30T06:05:48Z,-32.55776667,148.28781667,7542.076662471813,-371.227019640569,7027,2,59.605,
9028,2017-12-30T06:05:49Z,-32.55765000,148.28775000,7543.076662471813,-370.227019640569,7028,2,59.59,
9029,2017-12-30T06:05:50Z,-32.55750000,148.28768333,7544.076662471813,-369.227019640569,7029,2,59.573,
9030,2017-12-30T06:05:51Z,-32.55731667,148.28766667,7545.076662471813,-368.227019640569,7030,2,59.553,
9031,2017-12-30T06:05:52Z,-32.55713333,148.28765000,7546.076662471813,-367.227019640569,7031,2,59.534,
9032,2017-12-30T06:05:53Z,-32.55693333,148.28766667,7547.076662471813,-366.227019640569,7032,2,59.514,
9033,2017-12-30T06:05:54Z,-32.55673333,148.28773333,7548.076662471813,-365.227019640569,7033,2,59.496,
9034,2017-12-30T06:05:55Z,-32.55653333,148.28781667,7549.076662471813,-364.227019640569,7034,2,59.478,
9035,2017-12-30T06:05:56Z,-32.55633333,148.28793333,7550.076662471813,-363.227019640569,7035,2,59.462,
9036,2017-12-30T06:05:57Z,-32.55616667,148.28810000,7551.076662471813,-362.227019640569,7036,2,59.451,
9037,2017-12-30T06:05:58Z,-32.55603333,148.28830000,7552.076662471813,-361.227019640569,7037,2,59.444,
9038,2017-12-30T06:05:59Z,-32.55593333,148.28853333,7553.076662471813,-360.227019640569,7038,2,59.443,
9039,2017-12-30T06:06:00Z,-32.55588333,148.28878333,7554.076662471813,-359.227019640569,7039,2,59.447,
9040,2017-12-30T06:06:01Z,-32.55588333,148.28901667,7555.076662471813,-358.227019640569,7040,2,59.455,
9041,2017-12-30T06:06:02Z,-32.55591667,148.28921667,7556.076662471813,-357.227019640569,7041,2,59.466,
9042,2017-12-30T06:06:03Z,-32.55598333,148.28938333,7557.076662471813,-356.227019640569,7042,2,59.479,
9043,2017-12-30T06:06:04Z,-32.55606667,148.28945000,7558.076662471813,-355.227019640569,7043,2,59.49,
9044,2017-12-30T06:06:05Z,-32.55613333,148.28945000,7559.076662471813,-354.227019640569,7044,2,59.497,
9045,2017-12-30T06:06:06Z,-32.55618333,148.28940000,7560.076662471813,-353.227019640569,7045,2,59.5,
9046,2017-12-30T06:06:07Z,-32.55618333,148.28933333,7561.076662471813,-352.227019640569,7046,2,59.497,
9047,2017-12-30T06:06:08Z,-32.55613333,148.28923333,7562.076662471813,-351.227019640569,7047,2,59.489,
9048,2017-12-30T06:06:09Z,-32.55603333,148.28916667,7563.076662471813,-350.227019640569,7048,2,59.476,
9049,2017-12-30T06:06:10Z,-32.55586667,148.28911667,7564.076662471813,-349.227019640569,7049,2,59.457,
9050,2017-12-30T06:06:11Z,-32.55566667,148.28910000,7565.076662471813,-348.227019640569,7050,2,59.436,
9051,2017-12-30T06:06:12Z,-32.55546667,148.28911667,7566.076662471813,-347.227019640569,7051,2,59.416,
9052,2017-12-30T06:06:13Z,-32.55526667,148.28918333,7567.076662471813,-346.227019640569,7052,2,59.398,
9053,2017-12-30T06:06:14Z,-32.55506667,148.28925000,7568.076662471813,-345.227019640569,7053,2,59.38,
9054,2017-12-30T06:06:15Z,-32.55488333,148.28936667,7569.076662471813,-344.227019640569,7054,2,59.365,
9055,2017-12-30T06:06:16Z,-32.55471667,148.28953333,7570.076662471813,-343.227019640569,7055,2,59.354,
9056,2017-12-30T06:06:17Z,-32.55458333,148.28975000,7571.076662471813,-342.227019640569,7056,2,59.349,
9057,2017-12-30T06:06:18Z,-32.55446667,148.29000000,7572.076662471813,-341.227019640569,7057,2,59.346,
9058,2017-12-30T06:06:19Z,-32.55441667,148.29028333,7573.076662471813,-340.227019640569,7058,2,59.351,
9059,2017-12-30T06:06:20Z,-32.55441667,148.29056667,7574.076662471813,-339.227019640569,7059,2,59.362,
9060,2017-12-30T06:06:21Z,-32.55446667,148.29081667,7575.076662471813,-338.227019640569,7060,2,59.376,
9061,2017-12-30T06:06:22Z,-32.55453333,148.29103333,7576.076662471813,-337.227019640569,7061,2,59.391,
9062,2017-12-30T06:06:23Z,-32.55463333,148.29121667,7577.076662471813,-336.227019640569,7062,2,59.408,
9063,2017-12-30T06:06:24Z,-32.55471667,148.29136667,7578.076662471813,-335.227019640569,7063,2,59.422,
9064,2017-12-30T06:06:25Z,-32.55481667,148.29150000,7579.076662471813,-334.227019640569,7064,2,59.437,
9065,2017-12-30T06:06:26Z,-32.55493333,148.29158333,7580.076662471813,-333.227019640569,7065,2,59.452,
9066,2017-12-30T06:06:27Z,-32.55503333,148.29161667,7581.076662471813,-332.227019640569,7066,2,59.463,
9067,2017-12-30T06:06:28Z,-32.55513333,148.29161667,7582.076662471813,-331.227019640569,7067,2,59.473,
9068,2017-12-30T06:06:29Z,-32.55520000,148.29158333,7583.076662471813,-330.227019640569,7068,2,59.479,
9069,2017-12-30T06:06:30Z,-32.55525000,148.29151667,7584.076662471813,-329.227019640569,7069,2,59.482,
9070,2017-12-30T06:06:31Z,-32.55523333,148.29143333,7585.076662471813,-328.227019640569,7070,2,59.477,
9071,2017-12-30T06:06:32Z,-32.55516667,148.29136667,7586.076662471813,-327.227019640569,7071,2,59.468,
9072,2017-12-30T06:06:33Z,-32.55503333,148.29131667,7587.076662471813,-326.227019640569,7072,2,59.452,
9073,2017-12-30T06:06:34Z,-32.55486667,148.29131667,7588.076662471813,-325.227019640569,7073,2,59.435,
9074,2017-12-30T06:06:35Z,-32.55468333,148.29136667,7589.076662471813,-324.227019640569,7074,2,59.418,
9075,2017-12-30T06:06:36Z,-32.55448333,148.29151667,7590.076662471813,-323.227019640569,7075,2,59.403,
9076,2017-12-30T06:06:37Z,-32.55430000,148.29170000,7591.076662471813,-322.227019640569,7076,2,59.391,
9077,2017-12-30T06:06:38Z,-32.55415000,148.29191667,7592.076662471813,-321.227019640569,7077,2,59.384,
9078,2017-12-30T06:06:39Z,-32.55403333,148.29215000,7593.076662471813,-320.227019640569,7078,2,59.381,
9079,2017-12-30T06:06:40Z,-32.55396667,148.29240000,7594.076662471813,-319.227019640569,7079,2,59.383,
9080,2017-12-30T06:06:41Z,-32.55395000,148.29266667,7595.076662471813,-318.227019640569,7080,2,59.391,
9081,2017-12-30T06:06:42Z,-32.55398333,148.29288333,7596.076662471813,-317.227019640569,7081,2,59.403,
9082,2017-12-30T06:06:43Z,-32.55405000,148.29306667,7597.076662471813,-316.227019640569,7082,2,59.416,
9083,2017-12-30T06:06:44Z,-32.55413333,148.29320000,7598.076662471813,-315.227019640569,7083,2,59.43,
9084,2017-12-30T06:06:45Z,-32.55421667,148.29328333,7599.076662471813,-314.227019640569,7084,2,59.441,
9085,2017-12-30T06:06:46Z,-32.55428333,148.29328333,7600.076662471813,-313.227019640569,7085,2,59.448,
9086,2017-12-30T06:06:47Z,-32.55431667,148.29323333,7601.076662471813,-312.227019640569,7086,2,59.45,
9087,2017-12-30T06:06:48Z,-32.55430000,148.29315000,7602.076662471813,-311.227019640569,7087,2,59.445,
9088,2017-12-30T06:06:49Z,-32.55421667,148.29306667,7603.076662471813,-310.227019640569,7088,2,59.433,
9089,2017-12-30T06:06:50Z,-32.55408333,148.29298333,7604.076662471813,-309.227019640569,7089,2,59.416,
9090,2017-12-30T06:06:51Z,-32.55393333,148.29293333,7605.076662471813,-308.227019640569,7090,2,59.399,
9091,2017-12-30T06:06:52Z,-32.55375000,148.29293333,7606.076662471813,-307.227019640569,7091,2,59.381,
9092,2017-12-30T06:06:53Z,-32.55356667,148.29296667,7607.076662471813,-306.227019640569,7092,2,59.363,
9093,2017-12-30T06:06:54Z,-32.55338333,148.29308333,7608.076662471813,-305.227019640569,7093,2,59.349,
9094,2017-12-30T06:06:55Z,-32.55321667,148.29323333,7609.076662471813,-304.227019640569,7094,2,59.337,
9095,2017-12-30T06:06:56Z,-32.55310000,148.29343333,7610.076662471813,-303.227019640569,7095,2,59.333,
9096,2017-12-30T06:06:57Z,-32.55300000,148.29366667,7611.076662471813,-302.227019640569,7096,2,59.331,
9097,2017-12-30T06:06:58Z,-32.55291667,148.29390000,7612.076662471813,-301.227019640569,7097,2,59.331,
9098,2017-12-30T06:06:59Z,-32.55285000,148.29415000,7613.076662471813,-300.227019640569,7098,2,59.334,
9099,2017-12-30T06:07:00Z,-32.55280000,148.29441667,7614.076662471813,-299.227019640569,7099,2,59.339,
9100,2017-12-30T06:07:01Z,-32.55276667,148.29466667,7615.076662471813,-298.227019640569,7100,2,59.345,
9101,2017-12-30T06:07:02Z,-32.55273333,148.29491667,7616.076662471813,-297.227019640569,7101,2,59.351,
9102,2017-12-30T06:07:03Z,-32.55275000,148.29513333,7617.076662471813,-296.227019640569,7102,2,59.36,
9103,2017-12-30T06:07:04Z,-32.55281667,148.29533333,7618.076662471813,-295.227019640569,7103,2,59.375,
9104,2017-12-30T06:07:05Z,-32.55288333,148.29548333,7619.076662471813,-294.227019640569,7104,2,59.387,
9105,2017-12-30T06:07:06Z,-32.55298333,148.29558333,7620.076662471813,-293.227019640569,7105,2,59.401,
9106,2017-12-30T06:07:07Z,-32.55306667,148.29563333,7621.076662471813,-292.227019640569,7106,2,59.411,
9107,2017-12-30T06:07:08Z,-32.55315000,148.29565000,7622.076662471813,-291.227019640569,7107,2,59.42,
9108,2017-12-30T06:07:09Z,-32.55321667,148.29563333,7623.076662471813,-290.227019640569,7108,2,59.427,
9109,2017-12-30T06:07:10Z,-32.55328333,148.29560000,7624.076662471813,-289.227019640569,7109,2,59.432,
9110,2017-12-30T06:07:11Z,-32.55331667,148.29553333,7625.076662471813,-288.227019640569,7110,2,59.433,
9111,2017-12-30T06:07:12Z,-32.55331667,148.29546667,7626.076662471813,-287.227019640569,7111,2,59.431,
9112,2017-12-30T06:07:13Z,-32.55328333,148.29538333,7627.076662471813,-286.227019640569,7112,2,59.424,
9113,2017-12-30T06:07:14Z,-32.55321667,148.29528333,7628.076662471813,-285.227019640569,7113,2,59.414,
9114,2017-12-30T06:07:15Z,-32.55313333,148.29520000,7629.076662471813,-284.227019640569,7114,2,59.402,
9115,2017-12-30T06:07:16Z,-32.55303333,148.29511667,7630.076662471813,-283.227019640569,7115,2,59.389,
9116,2017-12-30T06:07:17Z,-32.55290000,148.29505000,7631.076662471813,-282.227019640569,7116,2,59.372,
9117,2017-12-30T06:07:18Z,-32.55275000,148.29500000,7632.076662471813,-281.227019640569,7117,2,59.355,
9118,2017-12-30T06:07:19Z,-32.55258333,148.29500000,7633.076662471813,-280.227019640569,7118,2,59.338,
9119,2017-12-30T06:07:20Z,-32.55240000,148.29505000,7634.076662471813,-279.227019640569,7119,2,59.322,
9120,2017-12-30T06:07:21Z,-32.55221667,148.29516667,7635.076662471813,-278.227019640569,7120,2,59.307,
9121,2017-12-30T06:07:22Z,-32.55203333,148.29531667,7636.076662471813,-277.227019640569,7121,2,59.294,
9122,2017-12-30T06:07:23Z,-32.55190000,148.29551667,7637.076662471813,-276.227019640569,7122,2,59.288,
9123,2017-12-30T06:07:24Z,-32.55178333,148.29573333,7638.076662471813,-275.227019640569,7123,2,59.284,
9124,2017-12-30T06:07:25Z,-32.55173333,148.29598333,7639.076662471813,-274.227019640569,7124,2,59.289,
9125,2017-12-30T06:07:26Z,-32.55171667,148.29625000,7640.076662471813,-273.227019640569,7125,2,59.297,
9126,2017-12-30T06:07:27Z,-32.55176667,148.29648333,7641.076662471813,-272.227019640569,7126,2,59.311,
9127,2017-12-30T06:07:28Z,-32.55185000,148.29665000,7642.076662471813,-271.227019640569,7127,2,59.325,
9128,2017-12-30T06:07:29Z,-32.55191667,148.29676667,7643.076662471813,-270.227019640569,7128,2,59.337,
9129,2017-12-30T06:07:30Z,-32.55200000,148.29681667,7644.076662471813,-269.227019640569,7129,2,59.347,
9130,2017-12-30T06:07:31Z,-32.55206667,148.29681667,7645.076662471813,-268.227019640569,7130,2,59.354,
9131,2017-12-30T06:07:32Z,-32.55208333,148.29678333,7646.076662471813,-267.227019640569,7131,2,59.354,
9132,2017-12-30T06:07:33Z,-32.55205000,148.29671667,7647.076662471813,-266.227019640569,7132,2,59.348,
9133,2017-12-30T06:07:34Z,-32.55196667,148.29665000,7648.076662471813,-265.227019640569,7133,2,59.337,
9134,2017-12-30T06:07:35Z,-32.55181667,148.29660000,7649.076662471813,-264.227019640569,7134,2,59.32,
9135,2017-12-30T06:07:36Z,-32.55165000,148.29660000,7650.076662471813,-263.227019640569,7135,2,59.303,
9136,2017-12-30T06:07:37Z,-32.55145000,148.29665000,7651.076662471813,-262.227019640569,7136,2,59.285,
9137,2017-12-30T06:07:38Z,-32.55125000,148.29675000,7652.076662471813,-261.227019640569,7137,2,59.268,
9138,2017-12-30T06:07:39Z,-32.55108333,148.29690000,7653.076662471813,-260.227019640569,7138,2,59.257,
9139,2017-12-30T06:07:40Z,-32.55091667,148.29708333,7654.076662471813,-259.227019640569,7139,2,59.247,
9140,2017-12-30T06:07:41Z,-32.55078333,148.29730000,7655.076662471813,-258.227019640569,7140,2,59.241,
9141,2017-12-30T06:07:42Z,-32.55070000,148.29756667,7656.076662471813,-257.227019640569,7141,2,59.243,
9142,2017-12-30T06:07:43Z,-32.55063333,148.29783333,7657.076662471813,-256.227019640569,7142,2,59.246,
9143,2017-12-30T06:07:44Z,-32.55061667,148.29810000,7658.076662471813,-255.227019640569,7143,2,59.255,
9144,2017-12-30T06:07:45Z,-32.55061667,148.29836667,7659.076662471813,-254.227019640569,7144,2,59.265,
9145,2017-12-30T06:07:46Z,-32.55065000,148.29860000,7660.076662471813,-253.227019640569,7145,2,59.277,
9146,2017-12-30T06:07:47Z,-32.55070000,148.29881667,7661.076662471813,-252.227019640569,7146,2,59.29,
9147,2017-12-30T06:07:48Z,-32.55078333,148.29896667,7662.076662471813,-251.227019640569,7147,2,59.304,
9148,2017-12-30T06:07:49Z,-32.55088333,148.29908333,7663.076662471813,-250.227019640569,7148,2,59.319,
9149,2017-12-30T06:07:50Z,-32.55096667,148.29916667,7664.076662471813,-249.227019640569,7149,2,59.331,
9150,2017-12-30T06:07:51Z,-32.55106667,148.29923333,7665.076662471813,-248.227019640569,7150,2,59.343,
9151,2017-12-30T06:07:52Z,-32.55115000,148.29928333,7666.076662471813,-247.227019640569,7151,2,59.354,
9152,2017-12-30T06:07:53Z,-32.55123333,148.29930000,7667.076662471813,-246.227019640569,7152,2,59.363,
9153,2017-12-30T06:07:54Z,-32.55130000,148.29928333,7668.076662471813,-245.227019640569,7153,2,59.369,
9154,2017-12-30T06:07:55Z,-32.55133333,148.29925000,7669.076662471813,-244.227019640569,7154,2,59.371,
9155,2017-12-30T06:07:56Z,-32.55136667,148.29918333,7670.076662471813,-243.227019640569,7155,2,59.372,
9156,2017-12-30T06:07:57Z,-32.55135000,148.29910000,7671.076662471813,-242.227019640569,7156,2,59.367,
9157,2017-12-30T06:07:58Z,-32.55128333,148.29901667,7672.076662471813,-241.227019640569,7157,2,59.357,
9158,2017-12-30T06:07:59Z,-32.55116667,148.29891667,7673.076662471813,-240.227019640569,7158,2,59.341,
9159,2017-12-30T06:08:00Z,-32.55101667,148.29886667,7674.076662471813,-239.227019640569,7159,2,59.324,
9160,2017-12-30T06:08:01Z,-32.55086667,148.29880000,7675.076662471813,-238.227019640569,7160,2,59.307,
9161,2017-12-30T06:08:02Z,-32.55070000,148.29876667,7676.076662471813,-237.227019640569,7161,2,59.288,
9162,2017-12-30T06:08:03Z,-32.55051667,148.29873333,7677.076662471813,-236.227019640569,7162,2,59.268,
9163,2017-12-30T06:08:04Z,-32.55033333,148.29871667,7678.076662471813,-235.227019640569,7163,2,59.249,
9164,2017-12-30T06:08:05Z,-32.55013333,148.29868333,7679.076662471813,-234.227019640569,7164,2,59.228,
9165,2017-12-30T06:08:06Z,-32.54996667,148.29863333,7680.076662471813,-233.227019640569,7165,2,59.209,
9166,2017-12-30T06:08:07Z,-32.54981667,148.29858333,7681.076662471813,-232.227019640569,7166,2,59.192,
9167,2017-12-30T06:08:08Z,-32.54968333,148.29855000,7682.076662471813,-231.227019640569,7167,2,59.177,
9168,2017-12-30T06:08:09Z,-32.54955000,148.29851667,7683.076662471813,-230.227019640569,7168,2,59.162,
9169,2017-12-30T06:08:10Z,-32.54943333,148.29850000,7684.076662471813,-229.227019640569,7169,2,59.149,
9170,2017-12-30T06:08:11Z,-32.54931667,148.29850000,7685.076662471813,-228.227019640569,7170,2,59.138,
9171,2017-12-30T06:08:12Z,-32.54918333,148.29851667,7686.076662471813,-227.227019640569,7171,2,59.125,
9172,2017-12-30T06:08:13Z,-32.54901667,148.29861667,7687.076662471813,-226.227019640569,7172,2,59.112,
9173,2017-12-30T06:08:14Z,-32.54885000,148.29878333,7688.076662471813,-225.227019640569,7173,2,59.101,
9174,2017-12-30T06:08:15Z,-32.54873333,148.29903333,7689.076662471813,-224.227019640569,7174,2,59.098,
9175,2017-12-30T06:08:16Z,-32.54863333,148.29930000,7690.076662471813,-223.227019640569,7175,2,59.098,
9176,2017-12-30T06:08:17Z,-32.54860000,148.29958333,7691.076662471813,-222.227019640569,7176,2,59.105,
9177,2017-12-30T06:08:18Z,-32.54861667,148.29985000,7692.076662471813,-221.227019640569,7177,2,59.117,
9178,2017-12-30T06:08:19Z,-32.54868333,148.30005000,7693.076662471813,-220.227019640569,7178,2,59.132,
9179,2017-12-30T06:08:20Z,-32.54878333,148.30020000,7694.076662471813,-219.227019640569,7179,2,59.147,
9180,2017-12-30T06:08:21Z,-32.54888333,148.30028333,7695.076662471813,-218.227019640569,7180,2,59.161,
9181,2017-12-30T06:08:22Z,-32.54895000,148.30030000,7696.076662471813,-217.227019640569,7181,2,59.168,
9182,2017-12-30T06:08:23Z,-32.54900000,148.30028333,7697.076662471813,-216.227019640569,7182,2,59.173,
9183,2017-12-30T06:08:24Z,-32.54901667,148.30023333,7698.076662471813,-215.227019640569,7183,2,59.172,
9184,2017-12-30T06:08:25Z,-32.54898333,148.30016667,7699.076662471813,-214.227019640569,7184,2,59.166,
9185,2017-12-30T06:08:26Z,-32.54893333,148.30010000,7700.076662471813,-213.227019640569,7185,2,59.159,
9186,2017-12-30T06:08:27Z,-32.54888333,148.30003333,7701.076662471813,-212.227019640569,7186,2,59.151,
9187,2017-12-30T06:08:28Z,-32.54880000,148.29995000,7702.076662471813,-211.227019640569,7187,2,59.14,
9188,2017-12-30T06:08:29Z,-32.54871667,148.29988333,7703.076662471813,-210.227019640569,7188,2,59.129,
9189,2017-12-30T06:08:30Z,-32.54860000,148.29980000,7704.076662471813,-209.227019640569,7189,2,59.114,
9190,2017-12-30T06:08:31Z,-32.54848333,148.29971667,7705.076662471813,-208.227019640569,7190,2,59.099,
9191,2017-12-30T06:08:32Z,-32.54835000,148.29966667,7706.076662471813,-207.227019640569,7191,2,59.083,
9192,2017-12-30T06:08:33Z,-32.54818333,148.29963333,7707.076662471813,-206.227019640569,7192,2,59.065,
9193,2017-12-30T06:08:34Z,-32.54800000,148.29961667,7708.076662471813,-205.227019640569,7193,2,59.046,
9194,2017-12-30T06:08:35Z,-32.54781667,148.29963333,7709.076662471813,-204.227019640569,7194,2,59.028,
9195,2017-12-30T06:08:36Z,-32.54760000,148.29970000,7710.076662471813,-203.227019640569,7195,2,59.008,
9196,2017-12-30T06:08:37Z,-32.54741667,148.29983333,7711.076662471813,-202.227019640569,7196,2,58.994,
9197,2017-12-30T06:08:38Z,-32.54725000,148.30001667,7712.076662471813,-201.227019640569,7197,2,58.984,
9198,2017-12-30T06:08:39Z,-32.54710000,148.30021667,7713.076662471813,-200.227019640569,7198,2,58.977,
9199,2017-12-30T06:08:40Z,-32.54701667,148.30043333,7714.076662471813,-199.227019640569,7199,2,58.976,
9200,2017-12-30T06:08:41Z,-32.54695000,148.30065000,7715.076662471813,-198.227019640569,7200,2,58.978,
9201,2017-12-30T06:08:42Z,-32.54693333,148.30085000,7716.076662471813,-197.227019640569,7201,2,58.984,
9202,2017-12-30T06:08:43Z,-32.54696667,148.30103333,7717.076662471813,-196.227019640569,7202,2,58.994,
9203,2017-12-30T06:08:44Z,-32.54701667,148.30118333,7718.076662471813,-195.227019640569,7203,2,59.005,
9204,2017-12-30T06:08:45Z,-32.54710000,148.30130000,7719.076662471813,-194.227019640569,7204,2,59.018,
9205,2017-12-30T06:08:46Z,-32.54716667,148.30136667,7720.076662471813,-193.227019640569,7205,2,59.027,
9206,2017-12-30T06:08:47Z,-32.54723333,148.30138333,7721.076662471813,-192.227019640569,7206,2,59.034,
9207,2017-12-30T06:08:48Z,-32.54726667,148.30138333,7722.076662471813,-191.227019640569,7207,2,59.038,
9208,2017-12-30T06:08:49Z,-32.54728333,148.30133333,7723.076662471813,-190.227019640569,7208,2,59.038,
9209,2017-12-30T06:08:50Z,-32.54728333,148.30128333,7724.076662471813,-189.227019640569,7209,2,59.036,
9210,2017-12-30T06:08:51Z,-32.54726667,148.30120000,7725.076662471813,-188.227019640569,7210,2,59.031,
9211,2017-12-30T06:08:52Z,-32.54718333,148.30110000,7726.076662471813,-187.227019640569,7211,2,59.019,
9212,2017-12-30T06:08:53Z,-32.54708333,148.30101667,7727.076662471813,-186.227019640569,7212,2,59.005,
9213,2017-12-30T06:08:54Z,-32.54693333,148.30095000,7728.076662471813,-185.227019640569,7213,2,58.987,
9214,2017-12-30T06:08:55Z,-32.54675000,148.30093333,7729.076662471813,-184.227019640569,7214,2,58.968,
9215,2017-12-30T06:08:56Z,-32.54655000,148.30095000,7730.076662471813,-183.227019640569,7215,2,58.948,
9216,2017-12-30T06:08:57Z,-32.54635000,148.30101667,7731.076662471813,-182.227019640569,7216,2,58.931,
9217,2017-12-30T06:08:58Z,-32.54615000,148.30113333,7732.076662471813,-181.227019640569,7217,2,58.915,
9218,2017-12-30T06:08:59Z,-32.54595000,148.30128333,7733.076662471813,-180.227019640569,7218,2,58.9,
9219,2017-12-30T06:09:00Z,-32.54576667,148.30145000,7734.076662471813,-179.227019640569,7219,2,58.888,
9220,2017-12-30T06:09:01Z,-32.54558333,148.30163333,7735.076662471813,-178.227019640569,7220,2,58.876,
9221,2017-12-30T06:09:02Z,-32.54541667,148.30181667,7736.076662471813,-177.227019640569,7221,2,58.866,
9222,2017-12-30T06:09:03Z,-32.54526667,148.30201667,7737.076662471813,-176.227019640569,7222,2,58.859,
9223,2017-12-30T06:09:04Z,-32.54513333,148.30220000,7738.076662471813,-175.227019640569,7223,2,58.852,
9224,2017-12-30T06:09:05Z,-32.54501667,148.30240000,7739.076662471813,-174.227019640569,7224,2,58.848,
9225,2017-12-30T06:09:06Z,-32.54491667,148.30261667,7740.076662471813,-173.227019640569,7225,2,58.846,
9226,2017-12-30T06:09:07Z,-32.54483333,148.30283333,7741.076662471813,-172.227019640569,7226,2,58.846,
9227,2017-12-30T06:09:08Z,-32.54480000,148.30306667,7742.076662471813,-171.227019640569,7227,2,58.851,
9228,2017-12-30T06:09:09Z,-32.54481667,148.30326667,7743.076662471813,-170.227019640569,7228,2,58.861,
9229,2017-12-30T06:09:10Z,-32.54485000,148.30343333,7744.076662471813,-169.227019640569,7229,2,58.87,
9230,2017-12-30T06:09:11Z,-32.54490000,148.30355000,7745.076662471813,-168.227019640569,7230,2,58.88,
9231,2017-12-30T06:09:12Z,-32.54496667,148.30361667,7746.076662471813,-167.227019640569,7231,2,58.889,
9232,2017-12-30T06:09:13Z,-32.54501667,148.30363333,7747.076662471813,-166.227019640569,7232,2,58.895,
9233,2017-12-30T06:09:14Z,-32.54503333,148.30360000,7748.076662471813,-165.227019640569,7233,2,58.895,
9234,2017-12-30T06:09:15Z,-32.54500000,148.30351667,7749.076662471813,-164.227019640569,7234,2,58.889,
9235,2017-12-30T06:09:16Z,-32.54493333,148.30341667,7750.076662471813,-163.227019640569,7235,2,58.878,
9236,2017-12-30T06:09:17Z,-32.54485000,148.30331667,7751.076662471813,-162.227019640569,7236,2,58.866,
9237,2017-12-30T06:09:18Z,-32.54471667,148.30321667,7752.076662471813,-161.227019640569,7237,2,58.849,
9238,2017-12-30T06:09:19Z,-32.54456667,148.30313333,7753.076662471813,-160.227019640569,7238,2,58.83,
9239,2017-12-30T06:09:20Z,-32.54441667,148.30308333,7754.076662471813,-159.227019640569,7239,2,58.813,
9240,2017-12-30T06:09:21Z,-32.54423333,148.30303333,7755.076662471813,-158.227019640569,7240,2,58.793,
9241,2017-12-30T06:09:22Z,-32.54405000,148.30298333,7756.076662471813,-157.227019640569,7241,2,58.772,
9242,2017-12-30T06:09:23Z,-32.54386667,148.30295000,7757.076662471813,-156.227019640569,7242,2,58.752,
9243,2017-12-30T06:09:24Z,-32.54368333,148.30290000,7758.076662471813,-155.227019640569,7243,2,58.732,
9244,2017-12-30T06:09:25Z,-32.54350000,148.30285000,7759.076662471813,-154.227019640569,7244,2,58.711,
9245,2017-12-30T06:09:26Z,-32.54331667,148.30278333,7760.076662471813,-153.227019640569,7245,2,58.69,
9246,2017-12-30T06:09:27Z,-32.54316667,148.30270000,7761.076662471813,-152.227019640569,7246,2,58.672,
9247,2017-12-30T06:09:28Z,-32.54300000,148.30263333,7762.076662471813,-151.227019640569,7247,2,58.652,
9248,2017-12-30T06:09:29Z,-32.54285000,148.30255000,7763.076662471813,-150.227019640569,7248,2,58.634,
9249,2017-12-30T06:09:30Z,-32.54268333,148.30250000,7764.076662471813,-149.227019640569,7249,2,58.615,
9250,2017-12-30T06:09:31Z,-32.54250000,148.30243333,7765.076662471813,-148.227019640569,7250,2,58.594,
9251,2017-12-30T06:09:32Z,-32.54233333,148.30238333,7766.076662471813,-147.227019640569,7251,2,58.575,
9252,2017-12-30T06:09:33Z,-32.54215000,148.30233333,7767.076662471813,-146.227019640569,7252,2,58.554,
9253,2017-12-30T06:09:34Z,-32.54196667,148.30228333,7768.076662471813,-145.227019640569,7253,2,58.534,
9254,2017-12-30T06:09:35Z,-32.54180000,148.30223333,7769.076662471813,-144.227019640569,7254,2,58.515,
9255,2017-12-30T06:09:36Z,-32.54163333,148.30221667,7770.076662471813,-143.227019640569,7255,2,58.497,
9256,2017-12-30T06:09:37Z,-32.54146667,148.30220000,7771.076662471813,-142.227019640569,7256,2,58.48,
9257,2017-12-30T06:09:38Z,-32.54131667,148.30218333,7772.076662471813,-141.227019640569,7257,2,58.464,
9258,2017-12-30T06:09:39Z,-32.54115000,148.30216667,7773.076662471813,-140.227019640569,7258,2,58.446,
9259,2017-12-30T06:09:40Z,-32.54098333,148.30215000,7774.076662471813,-139.227019640569,7259,2,58.429,
9260,2017-12-30T06:09:41Z,-32.54081667,148.30210000,7775.076662471813,-138.227019640569,7260,2,58.41,
9261,2017-12-30T06:09:42Z,-32.54063333,148.30206667,7776.076662471813,-137.227019640569,7261,2,58.39,
9262,2017-12-30T06:09:43Z,-32.54045000,148.30203333,7777.076662471813,-136.227019640569,7262,2,58.37,
9263,2017-12-30T06:09:44Z,-32.54026667,148.30200000,7778.076662471813,-135.227019640569,7263,2,58.351,
9264,2017-12-30T06:09:45Z,-32.54010000,148.30196667,7779.076662471813,-134.227019640569,7264,2,58.332,
9265,2017-12-30T06:09:46Z,-32.53991667,148.30193333,7780.076662471813,-133.227019640569,7265,2,58.312,
9266,2017-12-30T06:09:47Z,-32.53975000,148.30188333,7781.076662471813,-132.227019640569,7266,2,58.294,
9267,2017-12-30T06:09:48Z,-32.53958333,148.30183333,7782.076662471813,-131.227019640569,7267,2,58.275,
9268,2017-12-30T06:09:49Z,-32.53941667,148.30178333,7783.076662471813,-130.227019640569,7268,2,58.256,
9269,2017-12-30T06:09:50Z,-32.53925000,148.30173333,7784.076662471813,-129.227019640569,7269,2,58.237,
9270,2017-12-30T06:09:51Z,-32.53908333,148.30168333,7785.076662471813,-128.227019640569,7270,2,58.218,
9271,2017-12-30T06:09:52Z,-32.53893333,148.30163333,7786.076662471813,-127.227019640569,7271,2,58.201,
9272,2017-12-30T06:09:53Z,-32.53878333,148.30158333,7787.076662471813,-126.227019640569,7272,2,58.184,
9273,2017-12-30T06:09:54Z,-32.53863333,148.30153333,7788.076662471813,-125.227019640569,7273,2,58.167,
9274,2017-12-30T06:09:55Z,-32.53848333,148.30148333,7789.076662471813,-124.227019640569,7274,2,58.15,
9275,2017-12-30T06:09:56Z,-32.53833333,148.30145000,7790.076662471813,-123.227019640569,7275,2,58.133,
9276,2017-12-30T06:09:57Z,-32.53816667,148.30140000,7791.076662471813,-122.227019640569,7276,2,58.115,
9277,2017-12-30T06:09:58Z,-32.53798333,148.30136667,7792.076662471813,-121.227019640569,7277,2,58.095,
9278,2017-12-30T06:09:59Z,-32.53781667,148.30131667,7793.076662471813,-120.227019640569,7278,2,58.076,
9279,2017-12-30T06:10:00Z,-32.53765000,148.30128333,7794.076662471813,-119.227019640569,7279,2,58.058,
9280,2017-12-30T06:10:01Z,-32.53748333,148.30125000,7795.076662471813,-118.227019640569,7280,2,58.039,
9281,2017-12-30T06:10:02Z,-32.53730000,148.30121667,7796.076662471813,-117.227019640569,7281,2,58.02,
9282,2017-12-30T06:10:03Z,-32.53711667,148.30120000,7797.076662471813,-116.227019640569,7282,2,58.0,
9283,2017-12-30T06:10:04Z,-32.53693333,148.30118333,7798.076662471813,-115.227019640569,7283,2,57.981,
9284,2017-12-30T06:10:05Z,-32.53675000,148.30116667,7799.076662471813,-114.227019640569,7284,2,57.962,
9285,2017-12-30T06:10:06Z,-32.53655000,148.30115000,7800.076662471813,-113.227019640569,7285,2,57.941,
9286,2017-12-30T06:10:07Z,-32.53636667,148.30115000,7801.076662471813,-112.227019640569,7286,2,57.922,
9287,2017-12-30T06:10:08Z,-32.53616667,148.30116667,7802.076662471813,-111.227019640569,7287,2,57.903,
9288,2017-12-30T06:10:09Z,-32.53595000,148.30118333,7803.076662471813,-110.227019640569,7288,2,57.882,
9289,2017-12-30T06:10:10Z,-32.53571667,148.30118333,7804.076662471813,-109.227019640569,7289,2,57.858,
9290,2017-12-30T06:10:11Z,-32.53550000,148.30116667,7805.076662471813,-108.227019640569,7290,2,57.835,
9291,2017-12-30T06:10:12Z,-32.53528333,148.30115000,7806.076662471813,-107.227019640569,7291,2,57.813,
9292,2017-12-30T06:10:13Z,-32.53508333,148.30115000,7807.076662471813,-106.227019640569,7292,2,57.792,
9293,2017-12-30T06:10:14Z,-32.53488333,148.30115000,7808.076662471813,-105.227019640569,7293,2,57.772,
9294,2017-12-30T06:10:15Z,-32.53470000,148.30116667,7809.076662471813,-104.227019640569,7294,2,57.754,
9295,2017-12-30T06:10:16Z,-32.53451667,148.30116667,7810.076662471813,-103.227019640569,7295,2,57.736,
9296,2017-12-30T06:10:17Z,-32.53431667,148.30116667,7811.076662471813,-102.227019640569,7296,2,57.715,
9297,2017-12-30T06:10:18Z,-32.53413333,148.30116667,7812.076662471813,-101.227019640569,7297,2,57.697,
9298,2017-12-30T06:10:19Z,-32.53393333,148.30115000,7813.076662471813,-100.227019640569,7298,2,57.676,
9299,2017-12-30T06:10:20Z,-32.53376667,148.30115000,7814.076662471813,-99.227019640569,7299,2,57.659,
9300,2017-12-30T06:10:21Z,-32.53360000,148.30115000,7815.076662471813,-98.227019640569,7300,2,57.642,
9301,2017-12-30T06:10:22Z,-32.53343333,148.30116667,7816.076662471813,-97.227019640569,7301,2,57.626,
9302,2017-12-30T06:10:23Z,-32.53326667,148.30116667,7817.076662471813,-96.227019640569,7302,2,57.609,
9303,2017-12-30T06:10:24Z,-32.53310000,148.30116667,7818.076662471813,-95.227019640569,7303,2,57.592,
9304,2017-12-30T06:10:25Z,-32.53291667,148.30116667,7819.076662471813,-94.227019640569,7304,2,57.574,
9305,2017-12-30T06:10:26Z,-32.53273333,148.30115000,7820.076662471813,-93.227019640569,7305,2,57.555,
9306,2017-12-30T06:10:27Z,-32.53255000,148.30115000,7821.076662471813,-92.227019640569,7306,2,57.536,
9307,2017-12-30T06:10:28Z,-32.53236667,148.30113333,7822.076662471813,-91.227019640569,7307,2,57.517,
9308,2017-12-30T06:10:29Z,-32.53218333,148.30113333,7823.076662471813,-90.227019640569,7308,2,57.498,
9309,2017-12-30T06:10:30Z,-32.53200000,148.30113333,7824.076662471813,-89.227019640569,7309,2,57.48,
9310,2017-12-30T06:10:31Z,-32.53181667,148.30113333,7825.076662471813,-88.227019640569,7310,2,57.461,
9311,2017-12-30T06:10:32Z,-32.53163333,148.30113333,7826.076662471813,-87.227019640569,7311,2,57.443,
9312,2017-12-30T06:10:33Z,-32.53146667,148.30111667,7827.076662471813,-86.227019640569,7312,2,57.425,
9313,2017-12-30T06:10:34Z,-32.53128333,148.30111667,7828.076662471813,-85.227019640569,7313,2,57.407,
9314,2017-12-30T06:10:35Z,-32.53111667,148.30110000,7829.076662471813,-84.227019640569,7314,2,57.389,
9315,2017-12-30T06:10:36Z,-32.53095000,148.30108333,7830.076662471813,-83.227019640569,7315,2,57.372,
9316,2017-12-30T06:10:37Z,-32.53078333,148.30106667,7831.076662471813,-82.227019640569,7316,2,57.354,
9317,2017-12-30T06:10:38Z,-32.53061667,148.30105000,7832.076662471813,-81.227019640569,7317,2,57.337,
9318,2017-12-30T06:10:39Z,-32.53045000,148.30101667,7833.076662471813,-80.227019640569,7318,2,57.318,
9319,2017-12-30T06:10:40Z,-32.53030000,148.30100000,7834.076662471813,-79.227019640569,7319,2,57.303,
9320,2017-12-30T06:10:41Z,-32.53013333,148.30096667,7835.076662471813,-78.227019640569,7320,2,57.284,
9321,2017-12-30T06:10:42Z,-32.52998333,148.30095000,7836.076662471813,-77.227019640569,7321,2,57.269,
9322,2017-12-30T06:10:43Z,-32.52981667,148.30091667,7837.076662471813,-76.227019640569,7322,2,57.25,
9323,2017-12-30T06:10:44Z,-32.52965000,148.30088333,7838.076662471813,-75.227019640569,7323,2,57.232,
9324,2017-12-30T06:10:45Z,-32.52948333,148.30086667,7839.076662471813,-74.227019640569,7324,2,57.215,
9325,2017-12-30T06:10:46Z,-32.52931667,148.30083333,7840.076662471813,-73.227019640569,7325,2,57.197,
9326,2017-12-30T06:10:47Z,-32.52915000,148.30080000,7841.076662471813,-72.227019640569,7326,2,57.179,
9327,2017-12-30T06:10:48Z,-32.52900000,148.30078333,7842.076662471813,-71.227019640569,7327,2,57.163,
9328,2017-12-30T06:10:49Z,-32.52883333,148.30075000,7843.076662471813,-70.227019640569,7328,2,57.145,
9329,2017-12-30T06:10:50Z,-32.52868333,148.30071667,7844.076662471813,-69.227019640569,7329,2,57.128,
9330,2017-12-30T06:10:51Z,-32.52853333,148.30068333,7845.076662471813,-68.227019640569,7330,2,57.112,
9331,2017-12-30T06:10:52Z,-32.52836667,148.30065000,7846.076662471813,-67.227019640569,7331,2,57.094,
9332,2017-12-30T06:10:53Z,-32.52821667,148.30063333,7847.076662471813,-66.227019640569,7332,2,57.078,
9333,2017-12-30T06:10:54Z,-32.52803333,148.30061667,7848.076662471813,-65.227019640569,7333,2,57.059,
9334,2017-12-30T06:10:55Z,-32.52786667,148.30061667,7849.076662471813,-64.227019640569,7334,2,57.042,
9335,2017-12-30T06:10:56Z,-32.52768333,148.30063333,7850.076662471813,-63.227019640569,7335,2,57.024,
9336,2017-12-30T06:10:57Z,-32.52751667,148.30065000,7851.076662471813,-62.227019640569,7336,2,57.008,
9337,2017-12-30T06:10:58Z,-32.52735000,148.30065000,7852.076662471813,-61.227019640569,7337,2,56.991,
9338,2017-12-30T06:10:59Z,-32.52716667,148.30066667,7853.076662471813,-60.227019640569,7338,2,56.973,
9339,2017-12-30T06:11:00Z,-32.52700000,148.30065000,7854.076662471813,-59.227019640569,7339,2,56.955,
9340,2017-12-30T06:11:01Z,-32.52683333,148.30063333,7855.076662471813,-58.227019640569,7340,2,56.938,
9341,2017-12-30T06:11:02Z,-32.52666667,148.30060000,7856.076662471813,-57.227019640569,7341,2,56.92,
9342,2017-12-30T06:11:03Z,-32.52651667,148.30056667,7857.076662471813,-56.227019640569,7342,2,56.903,
9343,2017-12-30T06:11:04Z,-32.52635000,148.30053333,7858.076662471813,-55.227019640569,7343,2,56.885,
9344,2017-12-30T06:11:05Z,-32.52618333,148.30050000,7859.076662471813,-54.227019640569,7344,2,56.867,
9345,2017-12-30T06:11:06Z,-32.52601667,148.30046667,7860.076662471813,-53.227019640569,7345,2,56.849,
9346,2017-12-30T06:11:07Z,-32.52583333,148.30043333,7861.076662471813,-52.227019640569,7346,2,56.829,
9347,2017-12-30T06:11:08Z,-32.52566667,148.30040000,7862.076662471813,-51.227019640569,7347,2,56.811,
9348,2017-12-30T06:11:09Z,-32.52548333,148.30036667,7863.076662471813,-50.227019640569,7348,2,56.791,
9349,2017-12-30T06:11:10Z,-32.52531667,148.30033333,7864.076662471813,-49.227019640569,7349,2,56.773,
9350,2017-12-30T06:11:11Z,-32.52513333,148.30028333,7865.076662471813,-48.227019640569,7350,2,56.753,
9351,2017-12-30T06:11:12Z,-32.52496667,148.30025000,7866.076662471813,-47.227019640569,7351,2,56.734,
9352,2017-12-30T06:11:13Z,-32.52478333,148.30020000,7867.076662471813,-46.227019640569,7352,2,56.714,
9353,2017-12-30T06:11:14Z,-32.52461667,148.30016667,7868.076662471813,-45.227019640569,7353,2,56.696,
9354,2017-12-30T06:11:15Z,-32.52443333,148.30013333,7869.076662471813,-44.227019640569,7354,2,56.676,
9355,2017-12-30T06:11:16Z,-32.52426667,148.30010000,7870.076662471813,-43.227019640569,7355,2,56.658,
9356,2017-12-30T06:11:17Z,-32.52410000,148.30005000,7871.076662471813,-42.227019640569,7356,2,56.639,
9357,2017-12-30T06:11:18Z,-32.52395000,148.29998333,7872.076662471813,-41.227019640569,7357,2,56.621,
9358,2017-12-30T06:11:19Z,-32.52380000,148.29993333,7873.076662471813,-40.227019640569,7358,2,56.604,
9359,2017-12-30T06:11:20Z,-32.52365000,148.29988333,7874.076662471813,-39.227019640569,7359,2,56.587,
9360,2017-12-30T06:11:21Z,-32.52350000,148.29981667,7875.076662471813,-38.227019640569,7360,2,56.569,
9361,2017-12-30T06:11:22Z,-32.52333333,148.29976667,7876.076662471813,-37.227019640569,7361,2,56.551,
9362,2017-12-30T06:11:23Z,-32.52316667,148.29971667,7877.076662471813,-36.227019640569,7362,2,56.532,
9363,2017-12-30T06:11:24Z,-32.52298333,148.29968333,7878.076662471813,-35.227019640569,7363,2,56.512,
9364,2017-12-30T06:11:25Z,-32.52280000,148.29965000,7879.076662471813,-34.227019640569,7364,2,56.492,
9365,2017-12-30T06:11:26Z,-32.52261667,148.29963333,7880.076662471813,-33.227019640569,7365,2,56.473,
9366,2017-12-30T06:11:27Z,-32.52243333,148.29961667,7881.076662471813,-32.227019640569,7366,2,56.454,
9367,2017-12-30T06:11:28Z,-32.52225000,148.29960000,7882.076662471813,-31.227019640569,7367,2,56.435,
9368,2017-12-30T06:11:29Z,-32.52206667,148.29958333,7883.076662471813,-30.227019640569,7368,2,56.415,
9369,2017-12-30T06:11:30Z,-32.52188333,148.29958333,7884.076662471813,-29.227019640569,7369,2,56.397,
9370,2017-12-30T06:11:31Z,-32.52170000,148.29958333,7885.076662471813,-28.227019640569,7370,2,56.378,
9371,2017-12-30T06:11:32Z,-32.52153333,148.29958333,7886.076662471813,-27.227019640569,7371,2,56.362,
9372,2017-12-30T06:11:33Z,-32.52135000,148.29958333,7887.076662471813,-26.227019640569,7372,2,56.343,
9373,2017-12-30T06:11:34Z,-32.52118333,148.29958333,7888.076662471813,-25.227019640569,7373,2,56.326,
9374,2017-12-30T06:11:35Z,-32.52100000,148.29956667,7889.076662471813,-24.227019640569,7374,2,56.307,
9375,2017-12-30T06:11:36Z,-32.52083333,148.29956667,7890.076662471813,-23.227019640569,7375,2,56.29,
9376,2017-12-30T06:11:37Z,-32.52066667,148.29955000,7891.076662471813,-22.227019640569,7376,2,56.273,
9377,2017-12-30T06:11:38Z,-32.52048333,148.29955000,7892.076662471813,-21.227019640569,7377,2,56.254,
9378,2017-12-30T06:11:39Z,-32.52031667,148.29955000,7893.076662471813,-20.227019640569,7378,2,56.238,
9379,2017-12-30T06:11:40Z,-32.52015000,148.29953333,7894.076662471813,-19.227019640569,7379,2,56.22,
9380,2017-12-30T06:11:41Z,-32.51996667,148.29951667,7895.076662471813,-18.227019640569,7380,2,56.201,
9381,2017-12-30T06:11:42Z,-32.51980000,148.29950000,7896.076662471813,-17.227019640569,7381,2,56.184,
9382,2017-12-30T06:11:43Z,-32.51961667,148.29948333,7897.076662471813,-16.227019640569,7382,2,56.164,
9383,2017-12-30T06:11:44Z,-32.51945000,148.29946667,7898.076662471813,-15.227019640569,7383,2,56.147,
9384,2017-12-30T06:11:45Z,-32.51928333,148.29945000,7899.076662471813,-14.227019640569,7384,2,56.13,
9385,2017-12-30T06:11:46Z,-32.51911667,148.29943333,7900.076662471813,-13.227019640569,7385,2,56.112,
9386,2017-12-30T06:11:47Z,-32.51893333,148.29941667,7901.076662471813,-12.227019640569,7386,2,56.093,
9387,2017-12-30T06:11:48Z,-32.51876667,148.29940000,7902.076662471813,-11.227019640569,7387,2,56.075,
9388,2017-12-30T06:11:49Z,-32.51858333,148.29938333,7903.076662471813,-10.227019640569,7388,2,56.056,
9389,2017-12-30T06:11:50Z,-32.51840000,148.29938333,7904.076662471813,-9.227019640569,7389,2,56.038,
9390,2017-12-30T06:11:51Z,-32.51821667,148.29936667,7905.076662471813,-8.227019640569,7390,2,56.019,
9391,2017-12-30T06:11:52Z,-32.51801667,148.29936667,7906.076662471813,-7.227019640569,7391,2,55.999,
9392,2017-12-30T06:11:53Z,-32.51783333,148.29935000,7907.076662471813,-6.227019640569,7392,2,55.979,
9393,2017-12-30T06:11:54Z,-32.51763333,148.29935000,7908.076662471813,-5.227019640569,7393,2,55.959,
9394,2017-12-30T06:11:55Z,-32.51745000,148.29935000,7909.076662471813,-4.227019640569,7394,2,55.941,
9395,2017-12-30T06:11:56Z,-32.51726667,148.29935000,7910.076662471813,-3.227019640569,7395,2,55.922,
9396,2017-12-30T06:11:57Z,-32.51708333,148.29935000,7911.076662471813,-2.227019640569,7396,2,55.904,
9397,2017-12-30T06:11:58Z,-32.51690000,148.29933333,7912.076662471813,-1.227019640569,7397,2,55.885,
9398,2017-12-30T06:11:59Z,-32.51673333,148.29931667,7913.076662471813,-0.227019640569,7398,2,55.867,
9399,2017-12-30T06:12:00Z,-32.51655000,148.29928333,7914.076662471813,0.772980359431,7399,2,55.848,
9400,2017-12-30T06:12:01Z,-32.51638333,148.29925000,7915.076662471813,1.772980359431,7400,2,55.829,
9401,2017-12-30T06:12:02Z,-32.51620000,148.29923333,7916.076662471813,2.772980359431,7401,2,55.81,
9402,2017-12-30T06:12:03Z,-32.51605000,148.29921667,7917.076662471813,3.772980359431,7402,2,55.795,
9403,2017-12-30T06:12:04Z,-32.51588333,148.29921667,7918.076662471813,4.772980359431,7403,2,55.778,
9404,2017-12-30T06:12:05Z,-32.51571667,148.29920000,7919.076662471813,5.772980359431,7404,2,55.76,
9405,2017-12-30T06:12:06Z,-32.51553333,148.29920000,7920.076662471813,6.772980359431,7405,2,55.742,
9406,2017-12-30T06:12:07Z,-32.51536667,148.29918333,7921.076662471813,7.772980359431,7406,2,55.724,
9407,2017-12-30T06:12:08Z,-32.51518333,148.29915000,7922.076662471813,8.772980359431,7407,2,55.705,
9408,2017-12-30T06:12:09Z,-32.51500000,148.29913333,7923.076662471813,9.772980359431,7408,2,55.686,
9409,2017-12-30T06:12:10Z,-32.51483333,148.29911667,7924.076662471813,10.772980359431,7409,2,55.668,
9410,2017-12-30T06:12:11Z,-32.51465000,148.29908333,7925.076662471813,11.772980359431,7410,2,55.648,
9411,2017-12-30T06:12:12Z,-32.51448333,148.29906667,7926.076662471813,12.772980359431,7411,2,55.631,
9412,2017-12-30T06:12:13Z,-32.51430000,148.29903333,7927.076662471813,13.772980359431,7412,2,55.611,
9413,2017-12-30T06:12:14Z,-32.51413333,148.29900000,7928.076662471813,14.772980359431,7413,2,55.593,
9414,2017-12-30T06:12:15Z,-32.51395000,148.29896667,7929.076662471813,15.772980359431,7414,2,55.573,
9415,2017-12-30T06:12:16Z,-32.51378333,148.29895000,7930.076662471813,16.772980359431,7415,2,55.556,
9416,2017-12-30T06:12:17Z,-32.51361667,148.29891667,7931.076662471813,17.772980359431,7416,2,55.538,
9417,2017-12-30T06:12:18Z,-32.51345000,148.29890000,7932.076662471813,18.772980359431,7417,2,55.52,
9418,2017-12-30T06:12:19Z,-32.51328333,148.29888333,7933.076662471813,19.772980359431,7418,2,55.503,
9419,2017-12-30T06:12:20Z,-32.51310000,148.29886667,7934.076662471813,20.772980359431,7419,2,55.484,
9420,2017-12-30T06:12:21Z,-32.51293333,148.29885000,7935.076662471813,21.772980359431,7420,2,55.466,
9421,2017-12-30T06:12:22Z,-32.51275000,148.29883333,7936.076662471813,22.772980359431,7421,2,55.447,
9422,2017-12-30T06:12:23Z,-32.51258333,148.29881667,7937.076662471813,23.772980359431,7422,2,55.43,
9423,2017-12-30T06:12:24Z,-32.51243333,148.29880000,7938.076662471813,24.772980359431,7423,2,55.414,
9424,2017-12-30T06:12:25Z,-32.51226667,148.29876667,7939.076662471813,25.772980359431,7424,2,55.396,
9425,2017-12-30T06:12:26Z,-32.51210000,148.29875000,7940.076662471813,26.772980359431,7425,2,55.379,
9426,2017-12-30T06:12:27Z,-32.51193333,148.29871667,7941.076662471813,27.772980359431,7426,2,55.36,
9427,2017-12-30T06:12:28Z,-32.51175000,148.29868333,7942.076662471813,28.772980359431,7427,2,55.341,
9428,2017-12-30T06:12:29Z,-32.51155000,148.29865000,7943.076662471813,29.772980359431,7428,2,55.319,
9429,2017-12-30T06:12:30Z,-32.51138333,148.29863333,7944.076662471813,30.772980359431,7429,2,55.302,
9430,2017-12-30T06:12:31Z,-32.51120000,148.29860000,7945.076662471813,31.772980359431,7430,2,55.282,
9431,2017-12-30T06:12:32Z,-32.51101667,148.29858333,7946.076662471813,32.772980359431,7431,2,55.263,
9432,2017-12-30T06:12:33Z,-32.51083333,148.29855000,7947.076662471813,33.772980359431,7432,2,55.243,
9433,2017-12-30T06:12:34Z,-32.51066667,148.29850000,7948.076662471813,34.772980359431,7433,2,55.224,
9434,2017-12-30T06:12:35Z,-32.51050000,148.29845000,7949.076662471813,35.772980359431,7434,2,55.206,
9435,2017-12-30T06:12:36Z,-32.51035000,148.29838333,7950.076662471813,36.772980359431,7435,2,55.188,
9436,2017-12-30T06:12:37Z,-32.51020000,148.29830000,7951.076662471813,37.772980359431,7436,2,55.169,
9437,2017-12-30T06:12:38Z,-32.51005000,148.29823333,7952.076662471813,38.772980359431,7437,2,55.152,
9438,2017-12-30T06:12:39Z,-32.50988333,148.29818333,7953.076662471813,39.772980359431,7438,2,55.133,
9439,2017-12-30T06:12:40Z,-32.50971667,148.29813333,7954.076662471813,40.772980359431,7439,2,55.114,
9440,2017-12-30T06:12:41Z,-32.50955000,148.29810000,7955.076662471813,41.772980359431,7440,2,55.096,
9441,2017-12-30T06:12:42Z,-32.50938333,148.29806667,7956.076662471813,42.772980359431,7441,2,55.078,
9442,2017-12-30T06:12:43Z,-32.50921667,148.29805000,7957.076662471813,43.772980359431,7442,2,55.061,
9443,2017-12-30T06:12:44Z,-32.50903333,148.29803333,7958.076662471813,44.772980359431,7443,2,55.042,
9444,2017-12-30T06:12:45Z,-32.50886667,148.29800000,7959.076662471813,45.772980359431,7444,2,55.023,
9445,2017-12-30T06:12:46Z,-32.50870000,148.29798333,7960.076662471813,46.772980359431,7445,2,55.006,
9446,2017-12-30T06:12:47Z,-32.50853333,148.29795000,7961.076662471813,47.772980359431,7446,2,54.988,
9447,2017-12-30T06:12:48Z,-32.50835000,148.29793333,7962.076662471813,48.772980359431,7447,2,54.969,
9448,2017-12-30T06:12:49Z,-32.50818333,148.29790000,7963.076662471813,49.772980359431,7448,2,54.951,
9449,2017-12-30T06:12:50Z,-32.50801667,148.29790000,7964.076662471813,50.772980359431,7449,2,54.934,
9450,2017-12-30T06:12:51Z,-32.50786667,148.29788333,7965.076662471813,51.772980359431,7450,2,54.918,
9451,2017-12-30T06:12:52Z,-32.50771667,148.29786667,7966.076662471813,52.772980359431,7451,2,54.903,
9452,2017-12-30T06:12:53Z,-32.50756667,148.29786667,7967.076662471813,53.772980359431,7452,2,54.887,
9453,2017-12-30T06:12:54Z,-32.50741667,148.29786667,7968.076662471813,54.772980359431,7453,2,54.872,
9454,2017-12-30T06:12:55Z,-32.50725000,148.29786667,7969.076662471813,55.772980359431,7454,2,54.856,
9455,2017-12-30T06:12:56Z,-32.50708333,148.29785000,7970.076662471813,56.772980359431,7455,2,54.838,
9456,2017-12-30T06:12:57Z,-32.50691667,148.29785000,7971.076662471813,57.772980359431,7456,2,54.822,
9457,2017-12-30T06:12:58Z,-32.50675000,148.29783333,7972.076662471813,58.772980359431,7457,2,54.804,
9458,2017-12-30T06:12:59Z,-32.50660000,148.29780000,7973.076662471813,59.772980359431,7458,2,54.788,
9459,2017-12-30T06:13:00Z,-32.50645000,148.29778333,7974.076662471813,60.772980359431,7459,2,54.772,
9460,2017-12-30T06:13:01Z,-32.50630000,148.29775000,7975.076662471813,61.772980359431,7460,2,54.756,
9461,2017-12-30T06:13:02Z,-32.50615000,148.29771667,7976.076662471813,62.772980359431,7461,2,54.739,
9462,2017-12-30T06:13:03Z,-32.50603333,148.29766667,7977.076662471813,63.772980359431,7462,2,54.725,
9463,2017-12-30T06:13:04Z,-32.50591667,148.29760000,7978.076662471813,64.772980359431,7463,2,54.711,
9464,2017-12-30T06:13:05Z,-32.50580000,148.29753333,7979.076662471813,65.772980359431,7464,2,54.697,
9465,2017-12-30T06:13:06Z,-32.50570000,148.29746667,7980.076662471813,66.772980359431,7465,2,54.684,
9466,2017-12-30T06:13:07Z,-32.50561667,148.29738333,7981.076662471813,67.772980359431,7466,2,54.672,
9467,2017-12-30T06:13:08Z,-32.50555000,148.29730000,7982.076662471813,68.772980359431,7467,2,54.662,
9468,2017-12-30T06:13:09Z,-32.50548333,148.29721667,7983.076662471813,69.772980359431,7468,2,54.652,
9469,2017-12-30T06:13:10Z,-32.50545000,148.29711667,7984.076662471813,70.772980359431,7469,2,54.645,
9470,2017-12-30T06:13:11Z,-32.50541667,148.29705000,7985.076662471813,71.772980359431,7470,2,54.639,
9471,2017-12-30T06:13:12Z,-32.50538333,148.29696667,7986.076662471813,72.772980359431,7471,2,54.632,
9472,2017-12-30T06:13:13Z,-32.50536667,148.29690000,7987.076662471813,73.772980359431,7472,2,54.628,
9473,2017-12-30T06:13:14Z,-32.50536667,148.29681667,7988.076662471813,74.772980359431,7473,2,54.624,
9474,2017-12-30T06:13:15Z,-32.50538333,148.29675000,7989.076662471813,75.772980359431,7474,2,54.623,
9475,2017-12-30T06:13:16Z,-32.50541667,148.29668333,7990.076662471813,76.772980359431,7475,2,54.624,
9476,2017-12-30T06:13:17Z,-32.50546667,148.29661667,7991.076662471813,77.772980359431,7476,2,54.626,
9477,2017-12-30T06:13:18Z,-32.50551667,148.29656667,7992.076662471813,78.772980359431,7477,2,54.629,
9478,2017-12-30T06:13:19Z,-32.50556667,148.29651667,7993.076662471813,79.772980359431,7478,2,54.632,
9479,2017-12-30T06:13:20Z,-32.50561667,148.29648333,7994.076662471813,80.772980359431,7479,2,54.636,
9480,2017-12-30T06:13:21Z,-32.50563333,148.29645000,7995.076662471813,81.772980359431,7480,2,54.636,
9481,2017-12-30T06:13:22Z,-32.50565000,148.29641667,7996.076662471813,82.772980359431,7481,2,54.637,
9482,2017-12-30T06:13:23Z,-32.50568333,148.29636667,7997.076662471813,83.772980359431,7482,2,54.638,
9483,2017-12-30T06:13:24Z,-32.50573333,148.29631667,7998.076662471813,84.772980359431,7483,2,54.641,
9484,2017-12-30T06:13:25Z,-32.50578333,148.29626667,7999.076662471813,85.772980359431,7484,2,54.644,
9485,2017-12-30T06:13:26Z,-32.50585000,148.29623333,8000.076662471813,86.772980359431,7485,2,54.649,
9486,2017-12-30T06:13:27Z,-32.50591667,148.29620000,8001.076662471813,87.772980359431,7486,2,54.655,
9487,2017-12-30T06:13:28Z,-32.50600000,148.29618333,8002.076662471813,88.772980359431,7487,2,54.662,
9488,2017-12-30T06:13:29Z,-32.50606667,148.29616667,8003.076662471813,89.772980359431,7488,2,54.668,
9489,2017-12-30T06:13:30Z,-32.50613333,148.29615000,8004.076662471813,90.772980359431,7489,2,54.674,
9490,2017-12-30T06:13:31Z,-32.50621667,148.29613333,8005.076662471813,91.772980359431,7490,2,54.682,
9491,2017-12-30T06:13:32Z,-32.50628333,148.29611667,8006.076662471813,92.772980359431,7491,2,54.688,
9492,2017-12-30T06:13:33Z,-32.50635000,148.29610000,8007.076662471813,93.772980359431,7492,2,54.694,
9493,2017-12-30T06:13:34Z,-32.50640000,148.29606667,8008.076662471813,94.772980359431,7493,2,54.698,
9494,2017-12-30T06:13:35Z,-32.50641667,148.29601667,8009.076662471813,95.772980359431,7494,2,54.698,
9495,2017-12-30T06:13:36Z,-32.50643333,148.29596667,8010.076662471813,96.772980359431,7495,2,54.697,
9496,2017-12-30T06:13:37Z,-32.50640000,148.29590000,8011.076662471813,97.772980359431,7496,2,54.691,
9497,2017-12-30T06:13:38Z,-32.50633333,148.29583333,8012.076662471813,98.772980359431,7497,2,54.682,
9498,2017-12-30T06:13:39Z,-32.50623333,148.29576667,8013.076662471813,99.772980359431,7498,2,54.669,
9499,2017-12-30T06:13:40Z,-32.50610000,148.29575000,8014.076662471813,100.772980359431,7499,2,54.655,
9500,2017-12-30T06:13:41Z,-32.50596667,148.29573333,8015.076662471813,101.772980359431,7500,2,54.641,
9501,2017-12-30T06:13:42Z,-32.50580000,148.29576667,8016.076662471813,102.772980359431,7501,2,54.626,
9502,2017-12-30T06:13:43Z,-32.50565000,148.29583333,8017.076662471813,103.772980359431,7502,2,54.613,
9503,2017-12-30T06:13:44Z,-32.50548333,148.29596667,8018.076662471813,104.772980359431,7503,2,54.602,
9504,2017-12-30T06:13:45Z,-32.50533333,148.29611667,8019.076662471813,105.772980359431,7504,2,54.593,
9505,2017-12-30T06:13:46Z,-32.50520000,148.29631667,8020.076662471813,106.772980359431,7505,2,54.587,
9506,2017-12-30T06:13:47Z,-32.50508333,148.29651667,8021.076662471813,107.772980359431,7506,2,54.584,
9507,2017-12-30T06:13:48Z,-32.50498333,148.29675000,8022.076662471813,108.772980359431,7507,2,54.583,
9508,2017-12-30T06:13:49Z,-32.50495000,148.29700000,8023.076662471813,109.772980359431,7508,2,54.59,
9509,2017-12-30T06:13:50Z,-32.50493333,148.29723333,8024.076662471813,110.772980359431,7509,2,54.598,
9510,2017-12-30T06:13:51Z,-32.50495000,148.29746667,8025.076662471813,111.772980359431,7510,2,54.609,
9511,2017-12-30T06:13:52Z,-32.50500000,148.29770000,8026.076662471813,112.772980359431,7511,2,54.623,
9512,2017-12-30T06:13:53Z,-32.50506667,148.29790000,8027.076662471813,113.772980359431,7512,2,54.638,
9513,2017-12-30T06:13:54Z,-32.50515000,148.29808333,8028.076662471813,114.772980359431,7513,2,54.654,
9514,2017-12-30T06:13:55Z,-32.50523333,148.29825000,8029.076662471813,115.772980359431,7514,2,54.669,
9515,2017-12-30T06:13:56Z,-32.50533333,148.29838333,8030.076662471813,116.772980359431,7515,2,54.684,
9516,2017-12-30T06:13:57Z,-32.50541667,148.29850000,8031.076662471813,117.772980359431,7516,2,54.697,
9517,2017-12-30T06:13:58Z,-32.50551667,148.29858333,8032.076662471813,118.772980359431,7517,2,54.711,
9518,2017-12-30T06:13:59Z,-32.50560000,148.29863333,8033.076662471813,119.772980359431,7518,2,54.721,
9519,2017-12-30T06:14:00Z,-32.50570000,148.29866667,8034.076662471813,120.772980359431,7519,2,54.732,
9520,2017-12-30T06:14:01Z,-32.50576667,148.29865000,8035.076662471813,121.772980359431,7520,2,54.738,
9521,2017-12-30T06:14:02Z,-32.50581667,148.29860000,8036.076662471813,122.772980359431,7521,2,54.741,
9522,2017-12-30T06:14:03Z,-32.50585000,148.29855000,8037.076662471813,123.772980359431,7522,2,54.743,
9523,2017-12-30T06:14:04Z,-32.50586667,148.29846667,8038.076662471813,124.772980359431,7523,2,54.741,
9524,2017-12-30T06:14:05Z,-32.50585000,148.29838333,8039.076662471813,125.772980359431,7524,2,54.736,
9525,2017-12-30T06:14:06Z,-32.50578333,148.29830000,8040.076662471813,126.772980359431,7525,2,54.726,
9526,2017-12-30T06:14:07Z,-32.50570000,148.29820000,8041.076662471813,127.772980359431,7526,2,54.714,
9527,2017-12-30T06:14:08Z,-32.50558333,148.29813333,8042.076662471813,128.772980359431,7527,2,54.699,
9528,2017-12-30T06:14:09Z,-32.50545000,148.29806667,8043.076662471813,129.772980359431,7528,2,54.683,
9529,2017-12-30T06:14:10Z,-32.50530000,148.29803333,8044.076662471813,130.772980359431,7529,2,54.667,
9530,2017-12-30T06:14:11Z,-32.50513333,148.29803333,8045.076662471813,131.772980359431,7530,2,54.65,
9531,2017-12-30T06:14:12Z,-32.50496667,148.29805000,8046.076662471813,132.772980359431,7531,2,54.634,
9532,2017-12-30T06:14:13Z,-32.50480000,148.29811667,8047.076662471813,133.772980359431,7532,2,54.62,
9533,2017-12-30T06:14:14Z,-32.50463333,148.29818333,8048.076662471813,134.772980359431,7533,2,54.606,
9534,2017-12-30T06:14:15Z,-32.50446667,148.29830000,8049.076662471813,135.772980359431,7534,2,54.594,
9535,2017-12-30T06:14:16Z,-32.50431667,148.29845000,8050.076662471813,136.772980359431,7535,2,54.585,
9536,2017-12-30T06:14:17Z,-32.50418333,148.29863333,8051.076662471813,137.772980359431,7536,2,54.579,
9537,2017-12-30T06:14:18Z,-32.50408333,148.29885000,8052.076662471813,138.772980359431,7537,2,54.578,
9538,2017-12-30T06:14:19Z,-32.50400000,148.29908333,8053.076662471813,139.772980359431,7538,2,54.579,
9539,2017-12-30T06:14:20Z,-32.50395000,148.29931667,8054.076662471813,140.772980359431,7539,2,54.583,
9540,2017-12-30T06:14:21Z,-32.50393333,148.29956667,8055.076662471813,141.772980359431,7540,2,54.592,
9541,2017-12-30T06:14:22Z,-32.50393333,148.29980000,8056.076662471813,142.772980359431,7541,2,54.601,
9542,2017-12-30T06:14:23Z,-32.50396667,148.30003333,8057.076662471813,143.772980359431,7542,2,54.614,
9543,2017-12-30T06:14:24Z,-32.50403333,148.30025000,8058.076662471813,144.772980359431,7543,2,54.63,
9544,2017-12-30T06:14:25Z,-32.50410000,148.30045000,8059.076662471813,145.772980359431,7544,2,54.645,
9545,2017-12-30T06:14:26Z,-32.50418333,148.30063333,8060.076662471813,146.772980359431,7545,2,54.66,
9546,2017-12-30T06:14:27Z,-32.50426667,148.30080000,8061.076662471813,147.772980359431,7546,2,54.676,
9547,2017-12-30T06:14:28Z,-32.50435000,148.30095000,8062.076662471813,148.772980359431,7547,2,54.69,
9548,2017-12-30T06:14:29Z,-32.50443333,148.30108333,8063.076662471813,149.772980359431,7548,2,54.704,
9549,2017-12-30T06:14:30Z,-32.50453333,148.30123333,8064.076662471813,150.772980359431,7549,2,54.72,
9550,2017-12-30T06:14:31Z,-32.50461667,148.30135000,8065.076662471813,151.772980359431,7550,2,54.733,
9551,2017-12-30T06:14:32Z,-32.50471667,148.30145000,8066.076662471813,152.772980359431,7551,2,54.747,
9552,2017-12-30T06:14:33Z,-32.50480000,148.30151667,8067.076662471813,153.772980359431,7552,2,54.758,
9553,2017-12-30T06:14:34Z,-32.50490000,148.30158333,8068.076662471813,154.772980359431,7553,2,54.771,
9554,2017-12-30T06:14:35Z,-32.50496667,148.30160000,8069.076662471813,155.772980359431,7554,2,54.778,
9555,2017-12-30T06:14:36Z,-32.50505000,148.30161667,8070.076662471813,156.772980359431,7555,2,54.787,
9556,2017-12-30T06:14:37Z,-32.50510000,148.30156667,8071.076662471813,157.772980359431,7556,2,54.79,
9557,2017-12-30T06:14:38Z,-32.50515000,148.30150000,8072.076662471813,158.772980359431,7557,2,54.793,
9558,2017-12-30T06:14:39Z,-32.50516667,148.30141667,8073.076662471813,159.772980359431,7558,2,54.791,
9559,2017-12-30T06:14:40Z,-32.50515000,148.30131667,8074.076662471813,160.772980359431,7559,2,54.785,
9560,2017-12-30T06:14:41Z,-32.50510000,148.30123333,8075.076662471813,161.772980359431,7560,2,54.777,
9561,2017-12-30T06:14:42Z,-32.50505000,148.30115000,8076.076662471813,162.772980359431,7561,2,54.768,
9562,2017-12-30T06:14:43Z,-32.50495000,148.30106667,8077.076662471813,163.772980359431,7562,2,54.755,
9563,2017-12-30T06:14:44Z,-32.50481667,148.30101667,8078.076662471813,164.772980359431,7563,2,54.74,
9564,2017-12-30T06:14:45Z,-32.50468333,148.30101667,8079.076662471813,165.772980359431,7564,2,54.726,
9565,2017-12-30T06:14:46Z,-32.50451667,148.30103333,8080.076662471813,166.772980359431,7565,2,54.71,
9566,2017-12-30T06:14:47Z,-32.50433333,148.30110000,8081.076662471813,167.772980359431,7566,2,54.695,
9567,2017-12-30T06:14:48Z,-32.50416667,148.30121667,8082.076662471813,168.772980359431,7567,2,54.683,
9568,2017-12-30T06:14:49Z,-32.50400000,148.30135000,8083.076662471813,169.772980359431,7568,2,54.671,
9569,2017-12-30T06:14:50Z,-32.50385000,148.30151667,8084.076662471813,170.772980359431,7569,2,54.663,
9570,2017-12-30T06:14:51Z,-32.50371667,148.30171667,8085.076662471813,171.772980359431,7570,2,54.658,
9571,2017-12-30T06:14:52Z,-32.50361667,148.30195000,8086.076662471813,172.772980359431,7571,2,54.658,
9572,2017-12-30T06:14:53Z,-32.50355000,148.30220000,8087.076662471813,173.772980359431,7572,2,54.661,
9573,2017-12-30T06:14:54Z,-32.50351667,148.30243333,8088.076662471813,174.772980359431,7573,2,54.668,
9574,2017-12-30T06:14:55Z,-32.50351667,148.30268333,8089.076662471813,175.772980359431,7574,2,54.678,
9575,2017-12-30T06:14:56Z,-32.50356667,148.30290000,8090.076662471813,176.772980359431,7575,2,54.692,
9576,2017-12-30T06:14:57Z,-32.50365000,148.30308333,8091.076662471813,177.772980359431,7576,2,54.708,
9577,2017-12-30T06:14:58Z,-32.50373333,148.30323333,8092.076662471813,178.772980359431,7577,2,54.722,
9578,2017-12-30T06:14:59Z,-32.50385000,148.30335000,8093.076662471813,179.772980359431,7578,2,54.739,
9579,2017-12-30T06:15:00Z,-32.50395000,148.30346667,8094.076662471813,180.772980359431,7579,2,54.753,
9580,2017-12-30T06:15:01Z,-32.50406667,148.30353333,8095.076662471813,181.772980359431,7580,2,54.768,
9581,2017-12-30T06:15:02Z,-32.50416667,148.30356667,8096.076662471813,182.772980359431,7581,2,54.779,
9582,2017-12-30T06:15:03Z,-32.50428333,148.30360000,8097.076662471813,183.772980359431,7582,2,54.792,
9583,2017-12-30T06:15:04Z,-32.50440000,148.30363333,8098.076662471813,184.772980359431,7583,2,54.805,
9584,2017-12-30T06:15:05Z,-32.50451667,148.30370000,8099.076662471813,185.772980359431,7584,2,54.82,
9585,2017-12-30T06:15:06Z,-32.50465000,148.30378333,8100.076662471813,186.772980359431,7585,2,54.836,
9586,2017-12-30T06:15:07Z,-32.50476667,148.30388333,8101.076662471813,187.772980359431,7586,2,54.852,
9587,2017-12-30T06:15:08Z,-32.50488333,148.30398333,8102.076662471813,188.772980359431,7587,2,54.868,
9588,2017-12-30T06:15:09Z,-32.50500000,148.30410000,8103.076662471813,189.772980359431,7588,2,54.884,
9589,2017-12-30T06:15:10Z,-32.50510000,148.30423333,8104.076662471813,190.772980359431,7589,2,54.9,
9590,2017-12-30T06:15:11Z,-32.50520000,148.30436667,8105.076662471813,191.772980359431,7590,2,54.915,
9591,2017-12-30T06:15:12Z,-32.50530000,148.30450000,8106.076662471813,192.772980359431,7591,2,54.931,
9592,2017-12-30T06:15:13Z,-32.50540000,148.30463333,8107.076662471813,193.772980359431,7592,2,54.946,
9593,2017-12-30T06:15:14Z,-32.50548333,148.30476667,8108.076662471813,194.772980359431,7593,2,54.96,
9594,2017-12-30T06:15:15Z,-32.50556667,148.30490000,8109.076662471813,195.772980359431,7594,2,54.974,
9595,2017-12-30T06:15:16Z,-32.50566667,148.30500000,8110.076662471813,196.772980359431,7595,2,54.988,
9596,2017-12-30T06:15:17Z,-32.50575000,148.30508333,8111.076662471813,197.772980359431,7596,2,55.0,
9597,2017-12-30T06:15:18Z,-32.50585000,148.30515000,8112.076662471813,198.772980359431,7597,2,55.013,
9598,2017-12-30T06:15:19Z,-32.50593333,148.30518333,8113.076662471813,199.772980359431,7598,2,55.022,
9599,2017-12-30T06:15:20Z,-32.50600000,148.30518333,8114.076662471813,200.772980359431,7599,2,55.029,
9600,2017-12-30T06:15:21Z,-32.50605000,148.30513333,8115.076662471813,201.772980359431,7600,2,55.032,
9601,2017-12-30T06:15:22Z,-32.50606667,148.30505000,8116.076662471813,202.772980359431,7601,2,55.03,
9602,2017-12-30T06:15:23Z,-32.50608333,148.30495000,8117.076662471813,203.772980359431,7602,2,55.028,
9603,2017-12-30T06:15:24Z,-32.50606667,148.30485000,8118.076662471813,204.772980359431,7603,2,55.022,
9604,2017-12-30T06:15:25Z,-32.50603333,148.30473333,8119.076662471813,205.772980359431,7604,2,55.014,
9605,2017-12-30T06:15:26Z,-32.50593333,148.30461667,8120.076662471813,206.772980359431,7605,2,54.999,
9606,2017-12-30T06:15:27Z,-32.50581667,148.30453333,8121.076662471813,207.772980359431,7606,2,54.984,
9607,2017-12-30T06:15:28Z,-32.50568333,148.30446667,8122.076662471813,208.772980359431,7607,2,54.968,
9608,2017-12-30T06:15:29Z,-32.50551667,148.30441667,8123.076662471813,209.772980359431,7608,2,54.949,
9609,2017-12-30T06:15:30Z,-32.50535000,148.30440000,8124.076662471813,210.772980359431,7609,2,54.932,
9610,2017-12-30T06:15:31Z,-32.50515000,148.30441667,8125.076662471813,211.772980359431,7610,2,54.912,
9611,2017-12-30T06:15:32Z,-32.50496667,148.30450000,8126.076662471813,212.772980359431,7611,2,54.898,
9612,2017-12-30T06:15:33Z,-32.50480000,148.30465000,8127.076662471813,213.772980359431,7612,2,54.887,
9613,2017-12-30T06:15:34Z,-32.50465000,148.30485000,8128.076662471813,214.772980359431,7613,2,54.88,
9614,2017-12-30T06:15:35Z,-32.50455000,148.30508333,8129.076662471813,215.772980359431,7614,2,54.88,
9615,2017-12-30T06:15:36Z,-32.50446667,148.30531667,8130.076662471813,216.772980359431,7615,2,54.881,
9616,2017-12-30T06:15:37Z,-32.50441667,148.30555000,8131.076662471813,217.772980359431,7616,2,54.886,
9617,2017-12-30T06:15:38Z,-32.50438333,148.30580000,8132.076662471813,218.772980359431,7617,2,54.893,
9618,2017-12-30T06:15:39Z,-32.50436667,148.30605000,8133.076662471813,219.772980359431,7618,2,54.901,
9619,2017-12-30T06:15:40Z,-32.50433333,148.30630000,8134.076662471813,220.772980359431,7619,2,54.908,
9620,2017-12-30T06:15:41Z,-32.50433333,148.30653333,8135.076662471813,221.772980359431,7620,2,54.918,
9621,2017-12-30T06:15:42Z,-32.50433333,148.30676667,8136.076662471813,222.772980359431,7621,2,54.927,
9622,2017-12-30T06:15:43Z,-32.50433333,148.30698333,8137.076662471813,223.772980359431,7622,2,54.936,
9623,2017-12-30T06:15:44Z,-32.50435000,148.30720000,8138.076662471813,224.772980359431,7623,2,54.947,
9624,2017-12-30T06:15:45Z,-32.50436667,148.30743333,8139.076662471813,225.772980359431,7624,2,54.958,
9625,2017-12-30T06:15:46Z,-32.50436667,148.30766667,8140.076662471813,226.772980359431,7625,2,54.968,
9626,2017-12-30T06:15:47Z,-32.50438333,148.30790000,8141.076662471813,227.772980359431,7626,2,54.979,
9627,2017-12-30T06:15:48Z,-32.50441667,148.30811667,8142.076662471813,228.772980359431,7627,2,54.991,
9628,2017-12-30T06:15:49Z,-32.50446667,148.30831667,8143.076662471813,229.772980359431,7628,2,55.005,
9629,2017-12-30T06:15:50Z,-32.50451667,148.30850000,8144.076662471813,230.772980359431,7629,2,55.017,
9630,2017-12-30T06:15:51Z,-32.50458333,148.30866667,8145.076662471813,231.772980359431,7630,2,55.031,
9631,2017-12-30T06:15:52Z,-32.50466667,148.30880000,8146.076662471813,232.772980359431,7631,2,55.044,
9632,2017-12-30T06:15:53Z,-32.50475000,148.30888333,8147.076662471813,233.772980359431,7632,2,55.056,
9633,2017-12-30T06:15:54Z,-32.50485000,148.30891667,8148.076662471813,234.772980359431,7633,2,55.068,
9634,2017-12-30T06:15:55Z,-32.50491667,148.30890000,8149.076662471813,235.772980359431,7634,2,55.074,
9635,2017-12-30T06:15:56Z,-32.50498333,148.30886667,8150.076662471813,236.772980359431,7635,2,55.079,
9636,2017-12-30T06:15:57Z,-32.50500000,148.30876667,8151.076662471813,237.772980359431,7636,2,55.076,
9637,2017-12-30T06:15:58Z,-32.50500000,148.30866667,8152.076662471813,238.772980359431,7637,2,55.072,
9638,2017-12-30T06:15:59Z,-32.50496667,148.30856667,8153.076662471813,239.772980359431,7638,2,55.065,
9639,2017-12-30T06:16:00Z,-32.50488333,148.30845000,8154.076662471813,240.772980359431,7639,2,55.052,
9640,2017-12-30T06:16:01Z,-32.50478333,148.30835000,8155.076662471813,241.772980359431,7640,2,55.038,
9641,2017-12-30T06:16:02Z,-32.50465000,148.30828333,8156.076662471813,242.772980359431,7641,2,55.022,
9642,2017-12-30T06:16:03Z,-32.50448333,148.30826667,8157.076662471813,243.772980359431,7642,2,55.004,
9643,2017-12-30T06:16:04Z,-32.50431667,148.30831667,8158.076662471813,244.772980359431,7643,2,54.99,
9644,2017-12-30T06:16:05Z,-32.50415000,148.30840000,8159.076662471813,245.772980359431,7644,2,54.976,
9645,2017-12-30T06:16:06Z,-32.50400000,148.30853333,8160.076662471813,246.772980359431,7645,2,54.967,
9646,2017-12-30T06:16:07Z,-32.50386667,148.30870000,8161.076662471813,247.772980359431,7646,2,54.96,
9647,2017-12-30T06:16:08Z,-32.50375000,148.30888333,8162.076662471813,248.772980359431,7647,2,54.956,
9648,2017-12-30T06:16:09Z,-32.50365000,148.30910000,8163.076662471813,249.772980359431,7648,2,54.955,
9649,2017-12-30T06:16:10Z,-32.50355000,148.30931667,8164.076662471813,250.772980359431,7649,2,54.954,
9650,2017-12-30T06:16:11Z,-32.50346667,148.30955000,8165.076662471813,251.772980359431,7650,2,54.956,
9651,2017-12-30T06:16:12Z,-32.50338333,148.30976667,8166.076662471813,252.772980359431,7651,2,54.956,
9652,2017-12-30T06:16:13Z,-32.50333333,148.31000000,8167.076662471813,253.772980359431,7652,2,54.961,
9653,2017-12-30T06:16:14Z,-32.50328333,148.31021667,8168.076662471813,254.772980359431,7653,2,54.965,
9654,2017-12-30T06:16:15Z,-32.50325000,148.31045000,8169.076662471813,255.772980359431,7654,2,54.972,
9655,2017-12-30T06:16:16Z,-32.50323333,148.31065000,8170.076662471813,256.772980359431,7655,2,54.978,
9656,2017-12-30T06:16:17Z,-32.50321667,148.31086667,8171.076662471813,257.772980359431,7656,2,54.986,
9657,2017-12-30T06:16:18Z,-32.50321667,148.31105000,8172.076662471813,258.772980359431,7657,2,54.993,
9658,2017-12-30T06:16:19Z,-32.50323333,148.31125000,8173.076662471813,259.772980359431,7658,2,55.003,
9659,2017-12-30T06:16:20Z,-32.50328333,148.31143333,8174.076662471813,260.772980359431,7659,2,55.016,
9660,2017-12-30T06:16:21Z,-32.50333333,148.31160000,8175.076662471813,261.772980359431,7660,2,55.028,
9661,2017-12-30T06:16:22Z,-32.50338333,148.31178333,8176.076662471813,262.772980359431,7661,2,55.04,
9662,2017-12-30T06:16:23Z,-32.50345000,148.31196667,8177.076662471813,263.772980359431,7662,2,55.055,
9663,2017-12-30T06:16:24Z,-32.50351667,148.31213333,8178.076662471813,264.772980359431,7663,2,55.068,
9664,2017-12-30T06:16:25Z,-32.50358333,148.31230000,8179.076662471813,265.772980359431,7664,2,55.082,
9665,2017-12-30T06:16:26Z,-32.50363333,148.31245000,8180.076662471813,266.772980359431,7665,2,55.093,
9666,2017-12-30T06:16:27Z,-32.50370000,148.31256667,8181.076662471813,267.772980359431,7666,2,55.105,
9667,2017-12-30T06:16:28Z,-32.50376667,148.31268333,8182.076662471813,268.772980359431,7667,2,55.116,
9668,2017-12-30T06:16:29Z,-32.50383333,148.31280000,8183.076662471813,269.772980359431,7668,2,55.128,
9669,2017-12-30T06:16:30Z,-32.50390000,148.31288333,8184.076662471813,270.772980359431,7669,2,55.138,
9670,2017-12-30T06:16:31Z,-32.50398333,148.31293333,8185.076662471813,271.772980359431,7670,2,55.148,
9671,2017-12-30T06:16:32Z,-32.50408333,148.31296667,8186.076662471813,272.772980359431,7671,2,55.16,
9672,2017-12-30T06:16:33Z,-32.50416667,148.31298333,8187.076662471813,273.772980359431,7672,2,55.169,
9673,2017-12-30T06:16:34Z,-32.50426667,148.31298333,8188.076662471813,274.772980359431,7673,2,55.179,
9674,2017-12-30T06:16:35Z,-32.50433333,148.31298333,8189.076662471813,275.772980359431,7674,2,55.185,
9675,2017-12-30T06:16:36Z,-32.50441667,148.31296667,8190.076662471813,276.772980359431,7675,2,55.193,
9676,2017-12-30T06:16:37Z,-32.50450000,148.31295000,8191.076662471813,277.772980359431,7676,2,55.2,
9677,2017-12-30T06:16:38Z,-32.50458333,148.31291667,8192.076662471813,278.772980359431,7677,2,55.207,
9678,2017-12-30T06:16:39Z,-32.50466667,148.31290000,8193.076662471813,279.772980359431,7678,2,55.215,
9679,2017-12-30T06:16:40Z,-32.50473333,148.31288333,8194.076662471813,280.772980359431,7679,2,55.221,
9680,2017-12-30T06:16:41Z,-32.50480000,148.31286667,8195.076662471813,281.772980359431,7680,2,55.227,
9681,2017-12-30T06:16:42Z,-32.50486667,148.31283333,8196.076662471813,282.772980359431,7681,2,55.232,
9682,2017-12-30T06:16:43Z,-32.50491667,148.31280000,8197.076662471813,283.772980359431,7682,2,55.236,
9683,2017-12-30T06:16:44Z,-32.50496667,148.31275000,8198.076662471813,284.772980359431,7683,2,55.238,
9684,2017-12-30T06:16:45Z,-32.50496667,148.31266667,8199.076662471813,285.772980359431,7684,2,55.235,
9685,2017-12-30T06:16:46Z,-32.50496667,148.31258333,8200.076662471813,286.772980359431,7685,2,55.231,
9686,2017-12-30T06:16:47Z,-32.50491667,148.31250000,8201.076662471813,287.772980359431,7686,2,55.223,
9687,2017-12-30T06:16:48Z,-32.50483333,148.31240000,8202.076662471813,288.772980359431,7687,2,55.211,
9688,2017-12-30T06:16:49Z,-32.50473333,148.31235000,8203.076662471813,289.772980359431,7688,2,55.199,
9689,2017-12-30T06:16:50Z,-32.50461667,148.31231667,8204.076662471813,290.772980359431,7689,2,55.185,
9690,2017-12-30T06:16:51Z,-32.50446667,148.31231667,8205.076662471813,291.772980359431,7690,2,55.171,
9691,2017-12-30T06:16:52Z,-32.50430000,148.31236667,8206.076662471813,292.772980359431,7691,2,55.156,
9692,2017-12-30T06:16:53Z,-32.50413333,148.31246667,8207.076662471813,293.772980359431,7692,2,55.144,
9693,2017-12-30T06:16:54Z,-32.50400000,148.31261667,8208.076662471813,294.772980359431,7693,2,55.137,
9694,2017-12-30T06:16:55Z,-32.50388333,148.31281667,8209.076662471813,295.772980359431,7694,2,55.133,
9695,2017-12-30T06:16:56Z,-32.50381667,148.31303333,8210.076662471813,296.772980359431,7695,2,55.136,
9696,2017-12-30T06:16:57Z,-32.50380000,148.31326667,8211.076662471813,297.772980359431,7696,2,55.144,
9697,2017-12-30T06:16:58Z,-32.50385000,148.31346667,8212.076662471813,298.772980359431,7697,2,55.157,
9698,2017-12-30T06:16:59Z,-32.50391667,148.31363333,8213.076662471813,299.772980359431,7698,2,55.171,
9699,2017-12-30T06:17:00Z,-32.50400000,148.31378333,8214.076662471813,300.772980359431,7699,2,55.186,
9700,2017-12-30T06:17:01Z,-32.50408333,148.31388333,8215.076662471813,301.772980359431,7700,2,55.198,
9701,2017-12-30T06:17:02Z,-32.50416667,148.31396667,8216.076662471813,302.772980359431,7701,2,55.21,
9702,2017-12-30T06:17:03Z,-32.50425000,148.31398333,8217.076662471813,303.772980359431,7702,2,55.219,
9703,2017-12-30T06:17:04Z,-32.50433333,148.31395000,8218.076662471813,304.772980359431,7703,2,55.226,
9704,2017-12-30T06:17:05Z,-32.50438333,148.31388333,8219.076662471813,305.772980359431,7704,2,55.228,
9705,2017-12-30T06:17:06Z,-32.50440000,148.31380000,8220.076662471813,306.772980359431,7705,2,55.226,
9706,2017-12-30T06:17:07Z,-32.50440000,148.31370000,8221.076662471813,307.772980359431,7706,2,55.222,
9707,2017-12-30T06:17:08Z,-32.50440000,148.31361667,8222.076662471813,308.772980359431,7707,2,55.218,
9708,2017-12-30T06:17:09Z,-32.50436667,148.31351667,8223.076662471813,309.772980359431,7708,2,55.211,
9709,2017-12-30T06:17:10Z,-32.50431667,148.31345000,8224.076662471813,310.772980359431,7709,2,55.203,
9710,2017-12-30T06:17:11Z,-32.50425000,148.31338333,8225.076662471813,311.772980359431,7710,2,55.194,
9711,2017-12-30T06:17:12Z,-32.50415000,148.31331667,8226.076662471813,312.772980359431,7711,2,55.181,
9712,2017-12-30T06:17:13Z,-32.50403333,148.31326667,8227.076662471813,313.772980359431,7712,2,55.167,
9713,2017-12-30T06:17:14Z,-32.50390000,148.31325000,8228.076662471813,314.772980359431,7713,2,55.153,
9714,2017-12-30T06:17:15Z,-32.50373333,148.31323333,8229.076662471813,315.772980359431,7714,2,55.136,
9715,2017-12-30T06:17:16Z,-32.50358333,148.31326667,8230.076662471813,316.772980359431,7715,2,55.122,
9716,2017-12-30T06:17:17Z,-32.50340000,148.31333333,8231.076662471813,317.772980359431,7716,2,55.107,
9717,2017-12-30T06:17:18Z,-32.50323333,148.31345000,8232.076662471813,318.772980359431,7717,2,55.095,
9718,2017-12-30T06:17:19Z,-32.50308333,148.31356667,8233.076662471813,319.772980359431,7718,2,55.085,
9719,2017-12-30T06:17:20Z,-32.50293333,148.31371667,8234.076662471813,320.772980359431,7719,2,55.077,
9720,2017-12-30T06:17:21Z,-32.50278333,148.31390000,8235.076662471813,321.772980359431,7720,2,55.07,
9721,2017-12-30T06:17:22Z,-32.50266667,148.31410000,8236.076662471813,322.772980359431,7721,2,55.066,
9722,2017-12-30T06:17:23Z,-32.50256667,148.31431667,8237.076662471813,323.772980359431,7722,2,55.066,
9723,2017-12-30T06:17:24Z,-32.50248333,148.31456667,8238.076662471813,324.772980359431,7723,2,55.068,
9724,2017-12-30T06:17:25Z,-32.50243333,148.31483333,8239.076662471813,325.772980359431,7724,2,55.074,
9725,2017-12-30T06:17:26Z,-32.50241667,148.31508333,8240.076662471813,326.772980359431,7725,2,55.083,
9726,2017-12-30T06:17:27Z,-32.50243333,148.31533333,8241.076662471813,327.772980359431,7726,2,55.095,
9727,2017-12-30T06:17:28Z,-32.50246667,148.31555000,8242.076662471813,328.772980359431,7727,2,55.108,
9728,2017-12-30T06:17:29Z,-32.50251667,148.31575000,8243.076662471813,329.772980359431,7728,2,55.121,
9729,2017-12-30T06:17:30Z,-32.50258333,148.31593333,8244.076662471813,330.772980359431,7729,2,55.136,
9730,2017-12-30T06:17:31Z,-32.50266667,148.31606667,8245.076662471813,331.772980359431,7730,2,55.149,
9731,2017-12-30T06:17:32Z,-32.50275000,148.31618333,8246.076662471813,332.772980359431,7731,2,55.163,
9732,2017-12-30T06:17:33Z,-32.50285000,148.31630000,8247.076662471813,333.772980359431,7732,2,55.177,
9733,2017-12-30T06:17:34Z,-32.50295000,148.31638333,8248.076662471813,334.772980359431,7733,2,55.191,
9734,2017-12-30T06:17:35Z,-32.50305000,148.31643333,8249.076662471813,335.772980359431,7734,2,55.203,
9735,2017-12-30T06:17:36Z,-32.50315000,148.31646667,8250.076662471813,336.772980359431,7735,2,55.214,
9736,2017-12-30T06:17:37Z,-32.50321667,148.31643333,8251.076662471813,337.772980359431,7736,2,55.22,
9737,2017-12-30T06:17:38Z,-32.50325000,148.31640000,8252.076662471813,338.772980359431,7737,2,55.221,
9738,2017-12-30T06:17:39Z,-32.50326667,148.31631667,8253.076662471813,339.772980359431,7738,2,55.22,
9739,2017-12-30T06:17:40Z,-32.50323333,148.31625000,8254.076662471813,340.772980359431,7739,2,55.213,
9740,2017-12-30T06:17:41Z,-32.50316667,148.31620000,8255.076662471813,341.772980359431,7740,2,55.205,
9741,2017-12-30T06:17:42Z,-32.50305000,148.31616667,8256.076662471813,342.772980359431,7741,2,55.192,
9742,2017-12-30T06:17:43Z,-32.50291667,148.31615000,8257.076662471813,343.772980359431,7742,2,55.178,
9743,2017-12-30T06:17:44Z,-32.50275000,148.31618333,8258.076662471813,344.772980359431,7743,2,55.163,
9744,2017-12-30T06:17:45Z,-32.50258333,148.31625000,8259.076662471813,345.772980359431,7744,2,55.149,
9745,2017-12-30T06:17:46Z,-32.50240000,148.31635000,8260.076662471813,346.772980359431,7745,2,55.135,
9746,2017-12-30T06:17:47Z,-32.50223333,148.31646667,8261.076662471813,347.772980359431,7746,2,55.123,
9747,2017-12-30T06:17:48Z,-32.50206667,148.31656667,8262.076662471813,348.772980359431,7747,2,55.111,
9748,2017-12-30T06:17:49Z,-32.50191667,148.31670000,8263.076662471813,349.772980359431,7748,2,55.102,
9749,2017-12-30T06:17:50Z,-32.50176667,148.31683333,8264.076662471813,350.772980359431,7749,2,55.093,
9750,2017-12-30T06:17:51Z,-32.50165000,148.31700000,8265.076662471813,351.772980359431,7750,2,55.088,
9751,2017-12-30T06:17:52Z,-32.50155000,148.31718333,8266.076662471813,352.772980359431,7751,2,55.086,
9752,2017-12-30T06:17:53Z,-32.50146667,148.31740000,8267.076662471813,353.772980359431,7752,2,55.087,
9753,2017-12-30T06:17:54Z,-32.50143333,148.31763333,8268.076662471813,354.772980359431,7753,2,55.094,
9754,2017-12-30T06:17:55Z,-32.50145000,148.31786667,8269.076662471813,355.772980359431,7754,2,55.105,
9755,2017-12-30T06:17:56Z,-32.50146667,148.31808333,8270.076662471813,356.772980359431,7755,2,55.116,
9756,2017-12-30T06:17:57Z,-32.50151667,148.31828333,8271.076662471813,357.772980359431,7756,2,55.13,
9757,2017-12-30T06:17:58Z,-32.50158333,148.31846667,8272.076662471813,358.772980359431,7757,2,55.144,
9758,2017-12-30T06:17:59Z,-32.50166667,148.31861667,8273.076662471813,359.772980359431,7758,2,55.159,
9759,2017-12-30T06:18:00Z,-32.50175000,148.31876667,8274.076662471813,360.772980359431,7759,2,55.174,
9760,2017-12-30T06:18:01Z,-32.50183333,148.31890000,8275.076662471813,361.772980359431,7760,2,55.188,
9761,2017-12-30T06:18:02Z,-32.50193333,148.31900000,8276.076662471813,362.772980359431,7761,2,55.202,
9762,2017-12-30T06:18:03Z,-32.50201667,148.31910000,8277.076662471813,363.772980359431,7762,2,55.214,
9763,2017-12-30T06:18:04Z,-32.50211667,148.31916667,8278.076662471813,364.772980359431,7763,2,55.227,
9764,2017-12-30T06:18:05Z,-32.50221667,148.31923333,8279.076662471813,365.772980359431,7764,2,55.24,
9765,2017-12-30T06:18:06Z,-32.50231667,148.31928333,8280.076662471813,366.772980359431,7765,2,55.252,
9766,2017-12-30T06:18:07Z,-32.50241667,148.31930000,8281.076662471813,367.772980359431,7766,2,55.262,
9767,2017-12-30T06:18:08Z,-32.50251667,148.31933333,8282.076662471813,368.772980359431,7767,2,55.274,
9768,2017-12-30T06:18:09Z,-32.50261667,148.31936667,8283.076662471813,369.772980359431,7768,2,55.285,
9769,2017-12-30T06:18:10Z,-32.50271667,148.31941667,8284.076662471813,370.772980359431,7769,2,55.297,
9770,2017-12-30T06:18:11Z,-32.50281667,148.31948333,8285.076662471813,371.772980359431,7770,2,55.31,
9771,2017-12-30T06:18:12Z,-32.50291667,148.31951667,8286.076662471813,372.772980359431,7771,2,55.321,
9772,2017-12-30T06:18:13Z,-32.50301667,148.31955000,8287.076662471813,373.772980359431,7772,2,55.332,
9773,2017-12-30T06:18:14Z,-32.50313333,148.31956667,8288.076662471813,374.772980359431,7773,2,55.345,
9774,2017-12-30T06:18:15Z,-32.50323333,148.31960000,8289.076662471813,375.772980359431,7774,2,55.356,
9775,2017-12-30T06:18:16Z,-32.50333333,148.31961667,8290.076662471813,376.772980359431,7775,2,55.367,
9776,2017-12-30T06:18:17Z,-32.50343333,148.31965000,8291.076662471813,377.772980359431,7776,2,55.378,
9777,2017-12-30T06:18:18Z,-32.50353333,148.31968333,8292.076662471813,378.772980359431,7777,2,55.389,
9778,2017-12-30T06:18:19Z,-32.50363333,148.31971667,8293.076662471813,379.772980359431,7778,2,55.401,
9779,2017-12-30T06:18:20Z,-32.50373333,148.31976667,8294.076662471813,380.772980359431,7779,2,55.413,
9780,2017-12-30T06:18:21Z,-32.50383333,148.31981667,8295.076662471813,381.772980359431,7780,2,55.425,
9781,2017-12-30T06:18:22Z,-32.50395000,148.31985000,8296.076662471813,382.772980359431,7781,2,55.438,
9782,2017-12-30T06:18:23Z,-32.50403333,148.31990000,8297.076662471813,383.772980359431,7782,2,55.448,
9783,2017-12-30T06:18:24Z,-32.50413333,148.31993333,8298.076662471813,384.772980359431,7783,2,55.459,
9784,2017-12-30T06:18:25Z,-32.50421667,148.31996667,8299.076662471813,385.772980359431,7784,2,55.469,
9785,2017-12-30T06:18:26Z,-32.50430000,148.31998333,8300.076662471813,386.772980359431,7785,2,55.478,
9786,2017-12-30T06:18:27Z,-32.50438333,148.31998333,8301.076662471813,387.772980359431,7786,2,55.486,
9787,2017-12-30T06:18:28Z,-32.50445000,148.31996667,8302.076662471813,388.772980359431,7787,2,55.492,
9788,2017-12-30T06:18:29Z,-32.50448333,148.31991667,8303.076662471813,389.772980359431,7788,2,55.493,
9789,2017-12-30T06:18:30Z,-32.50450000,148.31986667,8304.076662471813,390.772980359431,7789,2,55.493,
9790,2017-12-30T06:18:31Z,-32.50446667,148.31978333,8305.076662471813,391.772980359431,7790,2,55.486,
9791,2017-12-30T06:18:32Z,-32.50441667,148.31971667,8306.076662471813,392.772980359431,7791,2,55.478,
9792,2017-12-30T06:18:33Z,-32.50436667,148.31963333,8307.076662471813,393.772980359431,7792,2,55.47,
9793,2017-12-30T06:18:34Z,-32.50430000,148.31958333,8308.076662471813,394.772980359431,7793,2,55.461,
9794,2017-12-30T06:18:35Z,-32.50420000,148.31953333,8309.076662471813,395.772980359431,7794,2,55.449,
9795,2017-12-30T06:18:36Z,-32.50410000,148.31948333,8310.076662471813,396.772980359431,7795,2,55.437,
9796,2017-12-30T06:18:37Z,-32.50398333,148.31943333,8311.076662471813,397.772980359431,7796,2,55.423,
9797,2017-12-30T06:18:38Z,-32.50386667,148.31940000,8312.076662471813,398.772980359431,7797,2,55.41,
9798,2017-12-30T06:18:39Z,-32.50375000,148.31936667,8313.076662471813,399.772980359431,7798,2,55.397,
9799,2017-12-30T06:18:40Z,-32.50363333,148.31935000,8314.076662471813,400.772980359431,7799,2,55.385,
9800,2017-12-30T06:18:41Z,-32.50353333,148.31933333,8315.076662471813,401.772980359431,7800,2,55.374,
9801,2017-12-30T06:18:42Z,-32.50341667,148.31931667,8316.076662471813,402.772980359431,7801,2,55.362,
9802,2017-12-30T06:18:43Z,-32.50330000,148.31931667,8317.076662471813,403.772980359431,7802,2,55.35,
9803,2017-12-30T06:18:44Z,-32.50318333,148.31931667,8318.076662471813,404.772980359431,7803,2,55.339,
9804,2017-12-30T06:18:45Z,-32.50305000,148.31931667,8319.076662471813,405.772980359431,7804,2,55.326,
9805,2017-12-30T06:18:46Z,-32.50291667,148.31931667,8320.076662471813,406.772980359431,7805,2,55.313,
9806,2017-12-30T06:18:47Z,-32.50278333,148.31931667,8321.076662471813,407.772980359431,7806,2,55.299,
9807,2017-12-30T06:18:48Z,-32.50265000,148.31931667,8322.076662471813,408.772980359431,7807,2,55.286,
9808,2017-12-30T06:18:49Z,-32.50250000,148.31931667,8323.076662471813,409.772980359431,7808,2,55.271,
9809,2017-12-30T06:18:50Z,-32.50236667,148.31931667,8324.076662471813,410.772980359431,7809,2,55.258,
9810,2017-12-30T06:18:51Z,-32.50223333,148.31931667,8325.076662471813,411.772980359431,7810,2,55.245,
9811,2017-12-30T06:18:52Z,-32.50211667,148.31933333,8326.076662471813,412.772980359431,7811,2,55.234,
9812,2017-12-30T06:18:53Z,-32.50198333,148.31933333,8327.076662471813,413.772980359431,7812,2,55.221,
9813,2017-12-30T06:18:54Z,-32.50185000,148.31931667,8328.076662471813,414.772980359431,7813,2,55.207,
9814,2017-12-30T06:18:55Z,-32.50171667,148.31931667,8329.076662471813,415.772980359431,7814,2,55.194,
9815,2017-12-30T06:18:56Z,-32.50158333,148.31931667,8330.076662471813,416.772980359431,7815,2,55.181,
9816,2017-12-30T06:18:57Z,-32.50145000,148.31931667,8331.076662471813,417.772980359431,7816,2,55.167,
9817,2017-12-30T06:18:58Z,-32.50131667,148.31931667,8332.076662471813,418.772980359431,7817,2,55.154,
9818,2017-12-30T06:18:59Z,-32.50116667,148.31933333,8333.076662471813,419.772980359431,7818,2,55.14,
9819,2017-12-30T06:19:00Z,-32.50103333,148.31933333,8334.076662471813,420.772980359431,7819,2,55.127,
9820,2017-12-30T06:19:01Z,-32.50088333,148.31935000,8335.076662471813,421.772980359431,7820,2,55.113,
9821,2017-12-30T06:19:02Z,-32.50073333,148.31936667,8336.076662471813,422.772980359431,7821,2,55.099,
9822,2017-12-30T06:19:03Z,-32.50058333,148.31938333,8337.076662471813,423.772980359431,7822,2,55.085,
9823,2017-12-30T06:19:04Z,-32.50043333,148.31940000,8338.076662471813,424.772980359431,7823,2,55.071,
9824,2017-12-30T06:19:05Z,-32.50028333,148.31940000,8339.076662471813,425.772980359431,7824,2,55.056,
9825,2017-12-30T06:19:06Z,-32.50013333,148.31940000,8340.076662471813,426.772980359431,7825,2,55.041,
9826,2017-12-30T06:19:07Z,-32.50000000,148.31940000,8341.076662471813,427.772980359431,7826,2,55.028,
9827,2017-12-30T06:19:08Z,-32.49985000,148.31938333,8342.076662471813,428.772980359431,7827,2,55.012,
9828,2017-12-30T06:19:09Z,-32.49971667,148.31938333,8343.076662471813,429.772980359431,7828,2,54.999,
9829,2017-12-30T06:19:10Z,-32.49956667,148.31938333,8344.076662471813,430.772980359431,7829,2,54.984,
9830,2017-12-30T06:19:11Z,-32.49941667,148.31936667,8345.076662471813,431.772980359431,7830,2,54.969,
9831,2017-12-30T06:19:12Z,-32.49928333,148.31935000,8346.076662471813,432.772980359431,7831,2,54.955,
9832,2017-12-30T06:19:13Z,-32.49913333,148.31933333,8347.076662471813,433.772980359431,7832,2,54.939,
9833,2017-12-30T06:19:14Z,-32.49898333,148.31933333,8348.076662471813,434.772980359431,7833,2,54.924,
9834,2017-12-30T06:19:15Z,-32.49883333,148.31931667,8349.076662471813,435.772980359431,7834,2,54.909,
9835,2017-12-30T06:19:16Z,-32.49868333,148.31928333,8350.076662471813,436.772980359431,7835,2,54.893,
9836,2017-12-30T06:19:17Z,-32.49853333,148.31925000,8351.076662471813,437.772980359431,7836,2,54.876,
9837,2017-12-30T06:19:18Z,-32.49840000,148.31921667,8352.076662471813,438.772980359431,7837,2,54.862,
9838,2017-12-30T06:19:19Z,-32.49826667,148.31918333,8353.076662471813,439.772980359431,7838,2,54.847,
9839,2017-12-30T06:19:20Z,-32.49813333,148.31916667,8354.076662471813,440.772980359431,7839,2,54.833,
9840,2017-12-30T06:19:21Z,-32.49798333,148.31913333,8355.076662471813,441.772980359431,7840,2,54.817,
9841,2017-12-30T06:19:22Z,-32.49783333,148.31910000,8356.076662471813,442.772980359431,7841,2,54.801,
9842,2017-12-30T06:19:23Z,-32.49768333,148.31906667,8357.076662471813,443.772980359431,7842,2,54.785,
9843,2017-12-30T06:19:24Z,-32.49755000,148.31905000,8358.076662471813,444.772980359431,7843,2,54.771,
9844,2017-12-30T06:19:25Z,-32.49741667,148.31901667,8359.076662471813,445.772980359431,7844,2,54.756,
9845,2017-12-30T06:19:26Z,-32.49728333,148.31900000,8360.076662471813,446.772980359431,7845,2,54.742,
9846,2017-12-30T06:19:27Z,-32.49715000,148.31898333,8361.076662471813,447.772980359431,7846,2,54.728,
9847,2017-12-30T06:19:28Z,-32.49701667,148.31896667,8362.076662471813,448.772980359431,7847,2,54.714,
9848,2017-12-30T06:19:29Z,-32.49686667,148.31893333,8363.076662471813,449.772980359431,7848,2,54.698,
9849,2017-12-30T06:19:30Z,-32.49673333,148.31890000,8364.076662471813,450.772980359431,7849,2,54.684,
9850,2017-12-30T06:19:31Z,-32.49660000,148.31886667,8365.076662471813,451.772980359431,7850,2,54.669,
9851,2017-12-30T06:19:32Z,-32.49646667,148.31881667,8366.076662471813,452.772980359431,7851,2,54.654,
9852,2017-12-30T06:19:33Z,-32.49633333,148.31876667,8367.076662471813,453.772980359431,7852,2,54.638,
9853,2017-12-30T06:19:34Z,-32.49621667,148.31870000,8368.076662471813,454.772980359431,7853,2,54.624,
9854,2017-12-30T06:19:35Z,-32.49611667,148.31865000,8369.076662471813,455.772980359431,7854,2,54.612,
9855,2017-12-30T06:19:36Z,-32.49603333,148.31858333,8370.076662471813,456.772980359431,7855,2,54.601,
9856,2017-12-30T06:19:37Z,-32.49593333,148.31851667,8371.076662471813,457.772980359431,7856,2,54.588,
9857,2017-12-30T06:19:38Z,-32.49585000,148.31845000,8372.076662471813,458.772980359431,7857,2,54.577,
9858,2017-12-30T06:19:39Z,-32.49573333,148.31838333,8373.076662471813,459.772980359431,7858,2,54.563,
9859,2017-12-30T06:19:40Z,-32.49561667,148.31831667,8374.076662471813,460.772980359431,7859,2,54.548,
9860,2017-12-30T06:19:41Z,-32.49550000,148.31826667,8375.076662471813,461.772980359431,7860,2,54.534,
9861,2017-12-30T06:19:42Z,-32.49536667,148.31821667,8376.076662471813,462.772980359431,7861,2,54.519,
9862,2017-12-30T06:19:43Z,-32.49523333,148.31816667,8377.076662471813,463.772980359431,7862,2,54.504,
9863,2017-12-30T06:19:44Z,-32.49510000,148.31811667,8378.076662471813,464.772980359431,7863,2,54.488,
9864,2017-12-30T06:19:45Z,-32.49495000,148.31808333,8379.076662471813,465.772980359431,7864,2,54.472,
9865,2017-12-30T06:19:46Z,-32.49481667,148.31803333,8380.076662471813,466.772980359431,7865,2,54.457,
9866,2017-12-30T06:19:47Z,-32.49466667,148.31800000,8381.076662471813,467.772980359431,7866,2,54.441,
9867,2017-12-30T06:19:48Z,-32.49451667,148.31796667,8382.076662471813,468.772980359431,7867,2,54.424,
9868,2017-12-30T06:19:49Z,-32.49438333,148.31791667,8383.076662471813,469.772980359431,7868,2,54.409,
9869,2017-12-30T06:19:50Z,-32.49425000,148.31786667,8384.076662471813,470.772980359431,7869,2,54.394,
9870,2017-12-30T06:19:51Z,-32.49411667,148.31780000,8385.076662471813,471.772980359431,7870,2,54.378,
9871,2017-12-30T06:19:52Z,-32.49400000,148.31775000,8386.076662471813,472.772980359431,7871,2,54.364,
9872,2017-12-30T06:19:53Z,-32.49388333,148.31771667,8387.076662471813,473.772980359431,7872,2,54.351,
9873,2017-12-30T06:19:54Z,-32.49376667,148.31771667,8388.076662471813,474.772980359431,7873,2,54.34,
9874,2017-12-30T06:19:55Z,-32.49363333,148.31776667,8389.076662471813,475.772980359431,7874,2,54.329,
9875,2017-12-30T06:19:56Z,-32.49350000,148.31786667,8390.076662471813,476.772980359431,7875,2,54.32,
9876,2017-12-30T06:19:57Z,-32.49336667,148.31801667,8391.076662471813,477.772980359431,7876,2,54.313,
9877,2017-12-30T06:19:58Z,-32.49326667,148.31823333,8392.076662471813,478.772980359431,7877,2,54.313,
9878,2017-12-30T06:19:59Z,-32.49323333,148.31846667,8393.076662471813,479.772980359431,7878,2,54.32,
9879,2017-12-30T06:20:00Z,-32.49323333,148.31871667,8394.076662471813,480.772980359431,7879,2,54.33,
9880,2017-12-30T06:20:01Z,-32.49328333,148.31893333,8395.076662471813,481.772980359431,7880,2,54.345,
9881,2017-12-30T06:20:02Z,-32.49335000,148.31911667,8396.076662471813,482.772980359431,7881,2,54.359,
9882,2017-12-30T06:20:03Z,-32.49346667,148.31926667,8397.076662471813,483.772980359431,7882,2,54.377,
9883,2017-12-30T06:20:04Z,-32.49356667,148.31935000,8398.076662471813,484.772980359431,7883,2,54.391,
9884,2017-12-30T06:20:05Z,-32.49368333,148.31940000,8399.076662471813,485.772980359431,7884,2,54.404,
9885,2017-12-30T06:20:06Z,-32.49380000,148.31943333,8400.076662471813,486.772980359431,7885,2,54.417,
9886,2017-12-30T06:20:07Z,-32.49390000,148.31943333,8401.076662471813,487.772980359431,7886,2,54.427,
9887,2017-12-30T06:20:08Z,-32.49396667,148.31938333,8402.076662471813,488.772980359431,7887,2,54.432,
9888,2017-12-30T06:20:09Z,-32.49403333,148.31933333,8403.076662471813,489.772980359431,7888,2,54.436,
9889,2017-12-30T06:20:10Z,-32.49406667,148.31926667,8404.076662471813,490.772980359431,7889,2,54.436,
9890,2017-12-30T06:20:11Z,-32.49408333,148.31918333,8405.076662471813,491.772980359431,7890,2,54.434,
9891,2017-12-30T06:20:12Z,-32.49408333,148.31911667,8406.076662471813,492.772980359431,7891,2,54.432,
9892,2017-12-30T06:20:13Z,-32.49403333,148.31901667,8407.076662471813,493.772980359431,7892,2,54.422,
9893,2017-12-30T06:20:14Z,-32.49396667,148.31893333,8408.076662471813,494.772980359431,7893,2,54.412,
9894,2017-12-30T06:20:15Z,-32.49386667,148.31886667,8409.076662471813,495.772980359431,7894,2,54.399,
9895,2017-12-30T06:20:16Z,-32.49376667,148.31880000,8410.076662471813,496.772980359431,7895,2,54.387,
9896,2017-12-30T06:20:17Z,-32.49363333,148.31875000,8411.076662471813,497.772980359431,7896,2,54.371,
9897,2017-12-30T06:20:18Z,-32.49350000,148.31870000,8412.076662471813,498.772980359431,7897,2,54.356,
9898,2017-12-30T06:20:19Z,-32.49336667,148.31868333,8413.076662471813,499.772980359431,7898,2,54.342,
9899,2017-12-30T06:20:20Z,-32.49321667,148.31868333,8414.076662471813,500.772980359431,7899,2,54.327,
9900,2017-12-30T06:20:21Z,-32.49305000,148.31871667,8415.076662471813,501.772980359431,7900,2,54.312,
9901,2017-12-30T06:20:22Z,-32.49288333,148.31880000,8416.076662471813,502.772980359431,7901,2,54.3,
9902,2017-12-30T06:20:23Z,-32.49273333,148.31893333,8417.076662471813,503.772980359431,7902,2,54.291,
9903,2017-12-30T06:20:24Z,-32.49258333,148.31911667,8418.076662471813,504.772980359431,7903,2,54.284,
9904,2017-12-30T06:20:25Z,-32.49246667,148.31933333,8419.076662471813,505.772980359431,7904,2,54.282,
9905,2017-12-30T06:20:26Z,-32.49238333,148.31956667,8420.076662471813,506.772980359431,7905,2,54.284,
9906,2017-12-30T06:20:27Z,-32.49233333,148.31980000,8421.076662471813,507.772980359431,7906,2,54.289,
9907,2017-12-30T06:20:28Z,-32.49233333,148.32005000,8422.076662471813,508.772980359431,7907,2,54.3,
9908,2017-12-30T06:20:29Z,-32.49238333,148.32025000,8423.076662471813,509.772980359431,7908,2,54.314,
9909,2017-12-30T06:20:30Z,-32.49245000,148.32043333,8424.076662471813,510.772980359431,7909,2,54.328,
9910,2017-12-30T06:20:31Z,-32.49256667,148.32053333,8425.076662471813,511.772980359431,7910,2,54.344,
9911,2017-12-30T06:20:32Z,-32.49266667,148.32056667,8426.076662471813,512.772980359431,7911,2,54.355,
9912,2017-12-30T06:20:33Z,-32.49275000,148.32055000,8427.076662471813,513.772980359431,7912,2,54.363,
9913,2017-12-30T06:20:34Z,-32.49280000,148.32050000,8428.076662471813,514.772980359431,7913,2,54.365,
9914,2017-12-30T06:20:35Z,-32.49281667,148.32041667,8429.076662471813,515.772980359431,7914,2,54.363,
9915,2017-12-30T06:20:36Z,-32.49280000,148.32033333,8430.076662471813,516.772980359431,7915,2,54.358,
9916,2017-12-30T06:20:37Z,-32.49275000,148.32025000,8431.076662471813,517.772980359431,7916,2,54.35,
9917,2017-12-30T06:20:38Z,-32.49266667,148.32016667,8432.076662471813,518.772980359431,7917,2,54.338,
9918,2017-12-30T06:20:39Z,-32.49255000,148.32010000,8433.076662471813,519.772980359431,7918,2,54.323,
9919,2017-12-30T06:20:40Z,-32.49243333,148.32006667,8434.076662471813,520.772980359431,7919,2,54.31,
9920,2017-12-30T06:20:41Z,-32.49226667,148.32005000,8435.076662471813,521.772980359431,7920,2,54.293,
9921,2017-12-30T06:20:42Z,-32.49210000,148.32006667,8436.076662471813,522.772980359431,7921,2,54.278,
9922,2017-12-30T06:20:43Z,-32.49193333,148.32013333,8437.076662471813,523.772980359431,7922,2,54.264,
9923,2017-12-30T06:20:44Z,-32.49175000,148.32021667,8438.076662471813,524.772980359431,7923,2,54.25,
9924,2017-12-30T06:20:45Z,-32.49158333,148.32035000,8439.076662471813,525.772980359431,7924,2,54.239,
9925,2017-12-30T06:20:46Z,-32.49145000,148.32053333,8440.076662471813,526.772980359431,7925,2,54.234,
9926,2017-12-30T06:20:47Z,-32.49133333,148.32075000,8441.076662471813,527.772980359431,7926,2,54.232,
9927,2017-12-30T06:20:48Z,-32.49126667,148.32101667,8442.076662471813,528.772980359431,7927,2,54.237,
9928,2017-12-30T06:20:49Z,-32.49123333,148.32128333,8443.076662471813,529.772980359431,7928,2,54.246,
9929,2017-12-30T06:20:50Z,-32.49123333,148.32155000,8444.076662471813,530.772980359431,7929,2,54.257,
9930,2017-12-30T06:20:51Z,-32.49126667,148.32180000,8445.076662471813,531.772980359431,7930,2,54.272,
9931,2017-12-30T06:20:52Z,-32.49131667,148.32203333,8446.076662471813,532.772980359431,7931,2,54.287,
9932,2017-12-30T06:20:53Z,-32.49140000,148.32221667,8447.076662471813,533.772980359431,7932,2,54.303,
9933,2017-12-30T06:20:54Z,-32.49150000,148.32236667,8448.076662471813,534.772980359431,7933,2,54.32,
9934,2017-12-30T06:20:55Z,-32.49160000,148.32245000,8449.076662471813,535.772980359431,7934,2,54.333,
9935,2017-12-30T06:20:56Z,-32.49170000,148.32250000,8450.076662471813,536.772980359431,7935,2,54.345,
9936,2017-12-30T06:20:57Z,-32.49180000,148.32253333,8451.076662471813,537.772980359431,7936,2,54.356,
9937,2017-12-30T06:20:58Z,-32.49186667,148.32250000,8452.076662471813,538.772980359431,7937,2,54.361,
9938,2017-12-30T06:20:59Z,-32.49190000,148.32243333,8453.076662471813,539.772980359431,7938,2,54.362,
9939,2017-12-30T06:21:00Z,-32.49188333,148.32235000,8454.076662471813,540.772980359431,7939,2,54.357,
9940,2017-12-30T06:21:01Z,-32.49183333,148.32226667,8455.076662471813,541.772980359431,7940,2,54.348,
9941,2017-12-30T06:21:02Z,-32.49175000,148.32220000,8456.076662471813,542.772980359431,7941,2,54.337,
9942,2017-12-30T06:21:03Z,-32.49165000,148.32213333,8457.076662471813,543.772980359431,7942,2,54.324,
9943,2017-12-30T06:21:04Z,-32.49151667,148.32210000,8458.076662471813,544.772980359431,7943,2,54.31,
9944,2017-12-30T06:21:05Z,-32.49136667,148.32208333,8459.076662471813,545.772980359431,7944,2,54.294,
9945,2017-12-30T06:21:06Z,-32.49121667,148.32206667,8460.076662471813,546.772980359431,7945,2,54.279,
9946,2017-12-30T06:21:07Z,-32.49105000,148.32210000,8461.076662471813,547.772980359431,7946,2,54.264,
9947,2017-12-30T06:21:08Z,-32.49090000,148.32218333,8462.076662471813,548.772980359431,7947,2,54.253,
9948,2017-12-30T06:21:09Z,-32.49073333,148.32231667,8463.076662471813,549.772980359431,7948,2,54.242,
9949,2017-12-30T06:21:10Z,-32.49060000,148.32251667,8464.076662471813,550.772980359431,7949,2,54.238,
9950,2017-12-30T06:21:11Z,-32.49050000,148.32275000,8465.076662471813,551.772980359431,7950,2,54.238,
9951,2017-12-30T06:21:12Z,-32.49045000,148.32298333,8466.076662471813,552.772980359431,7951,2,54.244,
9952,2017-12-30T06:21:13Z,-32.49041667,148.32323333,8467.076662471813,553.772980359431,7952,2,54.252,
9953,2017-12-30T06:21:14Z,-32.49045000,148.32346667,8468.076662471813,554.772980359431,7953,2,54.265,
9954,2017-12-30T06:21:15Z,-32.49053333,148.32368333,8469.076662471813,555.772980359431,7954,2,54.283,
9955,2017-12-30T06:21:16Z,-32.49061667,148.32383333,8470.076662471813,556.772980359431,7955,2,54.298,
9956,2017-12-30T06:21:17Z,-32.49073333,148.32396667,8471.076662471813,557.772980359431,7956,2,54.315,
9957,2017-12-30T06:21:18Z,-32.49086667,148.32408333,8472.076662471813,558.772980359431,7957,2,54.333,
9958,2017-12-30T06:21:19Z,-32.49098333,148.32415000,8473.076662471813,559.772980359431,7958,2,54.348,
9959,2017-12-30T06:21:20Z,-32.49108333,148.32420000,8474.076662471813,560.772980359431,7959,2,54.36,
9960,2017-12-30T06:21:21Z,-32.49116667,148.32418333,8475.076662471813,561.772980359431,7960,2,54.367,
9961,2017-12-30T06:21:22Z,-32.49123333,148.32415000,8476.076662471813,562.772980359431,7961,2,54.372,
9962,2017-12-30T06:21:23Z,-32.49125000,148.32406667,8477.076662471813,563.772980359431,7962,2,54.37,
9963,2017-12-30T06:21:24Z,-32.49123333,148.32400000,8478.076662471813,564.772980359431,7963,2,54.366,
9964,2017-12-30T06:21:25Z,-32.49121667,148.32391667,8479.076662471813,565.772980359431,7964,2,54.36,
9965,2017-12-30T06:21:26Z,-32.49113333,148.32383333,8480.076662471813,566.772980359431,7965,2,54.348,
9966,2017-12-30T06:21:27Z,-32.49105000,148.32375000,8481.076662471813,567.772980359431,7966,2,54.337,
9967,2017-12-30T06:21:28Z,-32.49093333,148.32366667,8482.076662471813,568.772980359431,7967,2,54.321,
9968,2017-12-30T06:21:29Z,-32.49080000,148.32361667,8483.076662471813,569.772980359431,7968,2,54.306,
9969,2017-12-30T06:21:30Z,-32.49065000,148.32358333,8484.076662471813,570.772980359431,7969,2,54.29,
9970,2017-12-30T06:21:31Z,-32.49048333,148.32360000,8485.076662471813,571.772980359431,7970,2,54.274,
9971,2017-12-30T06:21:32Z,-32.49030000,148.32366667,8486.076662471813,572.772980359431,7971,2,54.259,
9972,2017-12-30T06:21:33Z,-32.49013333,148.32378333,8487.076662471813,573.772980359431,7972,2,54.248,
9973,2017-12-30T06:21:34Z,-32.48998333,148.32395000,8488.076662471813,574.772980359431,7973,2,54.241,
9974,2017-12-30T06:21:35Z,-32.48985000,148.32413333,8489.076662471813,575.772980359431,7974,2,54.236,
9975,2017-12-30T06:21:36Z,-32.48975000,148.32436667,8490.076662471813,576.772980359431,7975,2,54.237,
9976,2017-12-30T06:21:37Z,-32.48966667,148.32460000,8491.076662471813,577.772980359431,7976,2,54.239,
9977,2017-12-30T06:21:38Z,-32.48963333,148.32485000,8492.076662471813,578.772980359431,7977,2,54.247,
9978,2017-12-30T06:21:39Z,-32.48961667,148.32510000,8493.076662471813,579.772980359431,7978,2,54.256,
9979,2017-12-30T06:21:40Z,-32.48961667,148.32533333,8494.076662471813,580.772980359431,7979,2,54.267,
9980,2017-12-30T06:21:41Z,-32.48966667,148.32556667,8495.076662471813,581.772980359431,7980,2,54.282,
9981,2017-12-30T06:21:42Z,-32.48973333,148.32576667,8496.076662471813,582.772980359431,7981,2,54.297,
9982,2017-12-30T06:21:43Z,-32.48983333,148.32591667,8497.076662471813,583.772980359431,7982,2,54.314,
9983,2017-12-30T06:21:44Z,-32.48995000,148.32600000,8498.076662471813,584.772980359431,7983,2,54.329,
9984,2017-12-30T06:21:45Z,-32.49006667,148.32605000,8499.076662471813,585.772980359431,7984,2,54.342,
9985,2017-12-30T06:21:46Z,-32.49016667,148.32606667,8500.076662471813,586.772980359431,7985,2,54.353,
9986,2017-12-30T06:21:47Z,-32.49025000,148.32603333,8501.076662471813,587.772980359431,7986,2,54.36,
9987,2017-12-30T06:21:48Z,-32.49031667,148.32596667,8502.076662471813,588.772980359431,7987,2,54.363,
9988,2017-12-30T06:21:49Z,-32.49035000,148.32590000,8503.076662471813,589.772980359431,7988,2,54.364,
9989,2017-12-30T06:21:50Z,-32.49036667,148.32583333,8504.076662471813,590.772980359431,7989,2,54.362,
9990,2017-12-30T06:21:51Z,-32.49033333,148.32575000,8505.076662471813,591.772980359431,7990,2,54.355,
9991,2017-12-30T06:21:52Z,-32.49025000,148.32566667,8506.076662471813,592.772980359431,7991,2,54.343,
9992,2017-12-30T06:21:53Z,-32.49011667,148.32563333,8507.076662471813,593.772980359431,7992,2,54.329,
9993,2017-12-30T06:21:54Z,-32.48995000,148.32561667,8508.076662471813,594.772980359431,7993,2,54.312,
9994,2017-12-30T06:21:55Z,-32.48978333,148.32566667,8509.076662471813,595.772980359431,7994,2,54.298,
9995,2017-12-30T06:21:56Z,-32.48961667,148.32575000,8510.076662471813,596.772980359431,7995,2,54.285,
9996,2017-12-30T06:21:57Z,-32.48946667,148.32590000,8511.076662471813,597.772980359431,7996,2,54.277,
9997,2017-12-30T06:21:58Z,-32.48933333,148.32608333,8512.076662471813,598.772980359431,7997,2,54.272,
9998,2017-12-30T06:21:59Z,-32.48923333,148.32630000,8513.076662471813,599.772980359431,7998,2,54.272,
9999,2017-12-30T06:22:00Z,-32.48915000,148.32655000,8514.076662471813,600.772980359431,7999,2,54.275,
10000,2017-12-30T06:22:01Z,-32.48913333,148.32680000,8515.076662471813,601.772980359431,8000,2,54.284,
10001,2017-12-30T06:22:02Z,-32.48915000,148.32705000,8516.076662471813,602.772980359431,8001,2,54.297,
10002,2017-12-30T06:22:03Z,-32.48921667,148.32725000,8517.076662471813,603.772980359431,8002,2,54.313,
10003,2017-12-30T06:22:04Z,-32.48931667,148.32743333,8518.076662471813,604.772980359431,8003,2,54.33,
10004,2017-12-30T06:22:05Z,-32.48941667,148.32753333,8519.076662471813,605.772980359431,8004,2,54.345,
10005,2017-12-30T06:22:06Z,-32.48953333,148.32758333,8520.076662471813,606.772980359431,8005,2,54.358,
10006,2017-12-30T06:22:07Z,-32.48963333,148.32756667,8521.076662471813,607.772980359431,8006,2,54.367,
10007,2017-12-30T06:22:08Z,-32.48970000,148.32751667,8522.076662471813,608.772980359431,8007,2,54.372,
10008,2017-12-30T06:22:09Z,-32.48975000,148.32745000,8523.076662471813,609.772980359431,8008,2,54.374,
10009,2017-12-30T06:22:10Z,-32.48975000,148.32736667,8524.076662471813,610.772980359431,8009,2,54.37,
10010,2017-12-30T06:22:11Z,-32.48971667,148.32728333,8525.076662471813,611.772980359431,8010,2,54.363,
10011,2017-12-30T06:22:12Z,-32.48963333,148.32718333,8526.076662471813,612.772980359431,8011,2,54.35,
10012,2017-12-30T06:22:13Z,-32.48950000,148.32711667,8527.076662471813,613.772980359431,8012,2,54.334,
10013,2017-12-30T06:22:14Z,-32.48935000,148.32708333,8528.076662471813,614.772980359431,8013,2,54.318,
10014,2017-12-30T06:22:15Z,-32.48918333,148.32705000,8529.076662471813,615.772980359431,8014,2,54.3,
10015,2017-12-30T06:22:16Z,-32.48903333,148.32705000,8530.076662471813,616.772980359431,8015,2,54.286,
10016,2017-12-30T06:22:17Z,-32.48886667,148.32708333,8531.076662471813,617.772980359431,8016,2,54.271,
10017,2017-12-30T06:22:18Z,-32.48870000,148.32715000,8532.076662471813,618.772980359431,8017,2,54.257,
10018,2017-12-30T06:22:19Z,-32.48853333,148.32726667,8533.076662471813,619.772980359431,8018,2,54.246,
10019,2017-12-30T06:22:20Z,-32.48838333,148.32743333,8534.076662471813,620.772980359431,8019,2,54.239,
10020,2017-12-30T06:22:21Z,-32.48825000,148.32763333,8535.076662471813,621.772980359431,8020,2,54.235,
10021,2017-12-30T06:22:22Z,-32.48813333,148.32786667,8536.076662471813,622.772980359431,8021,2,54.234,
10022,2017-12-30T06:22:23Z,-32.48806667,148.32811667,8537.076662471813,623.772980359431,8022,2,54.238,
10023,2017-12-30T06:22:24Z,-32.48803333,148.32836667,8538.076662471813,624.772980359431,8023,2,54.246,
10024,2017-12-30T06:22:25Z,-32.48801667,148.32860000,8539.076662471813,625.772980359431,8024,2,54.255,
10025,2017-12-30T06:22:26Z,-32.48806667,148.32883333,8540.076662471813,626.772980359431,8025,2,54.27,
10026,2017-12-30T06:22:27Z,-32.48813333,148.32905000,8541.076662471813,627.772980359431,8026,2,54.286,
10027,2017-12-30T06:22:28Z,-32.48823333,148.32921667,8542.076662471813,628.772980359431,8027,2,54.304,
10028,2017-12-30T06:22:29Z,-32.48835000,148.32936667,8543.076662471813,629.772980359431,8028,2,54.322,
10029,2017-12-30T06:22:30Z,-32.48845000,148.32948333,8544.076662471813,630.772980359431,8029,2,54.337,
10030,2017-12-30T06:22:31Z,-32.48858333,148.32953333,8545.076662471813,631.772980359431,8030,2,54.352,
10031,2017-12-30T06:22:32Z,-32.48870000,148.32958333,8546.076662471813,632.772980359431,8031,2,54.366,
10032,2017-12-30T06:22:33Z,-32.48881667,148.32961667,8547.076662471813,633.772980359431,8032,2,54.379,
10033,2017-12-30T06:22:34Z,-32.48891667,148.32961667,8548.076662471813,634.772980359431,8033,2,54.388,
10034,2017-12-30T06:22:35Z,-32.48901667,148.32960000,8549.076662471813,635.772980359431,8034,2,54.397,
10035,2017-12-30T06:22:36Z,-32.48906667,148.32956667,8550.076662471813,636.772980359431,8035,2,54.401,
10036,2017-12-30T06:22:37Z,-32.48911667,148.32950000,8551.076662471813,637.772980359431,8036,2,54.403,
10037,2017-12-30T06:22:38Z,-32.48913333,148.32941667,8552.076662471813,638.772980359431,8037,2,54.401,
10038,2017-12-30T06:22:39Z,-32.48915000,148.32931667,8553.076662471813,639.772980359431,8038,2,54.398,
10039,2017-12-30T06:22:40Z,-32.48911667,148.32921667,8554.076662471813,640.772980359431,8039,2,54.39,
10040,2017-12-30T06:22:41Z,-32.48906667,148.32910000,8555.076662471813,641.772980359431,8040,2,54.38,
10041,2017-12-30T06:22:42Z,-32.48901667,148.32900000,8556.076662471813,642.772980359431,8041,2,54.371,
10042,2017-12-30T06:22:43Z,-32.48895000,148.32891667,8557.076662471813,643.772980359431,8042,2,54.36,
10043,2017-12-30T06:22:44Z,-32.48888333,148.32883333,8558.076662471813,644.772980359431,8043,2,54.35,
10044,2017-12-30T06:22:45Z,-32.48880000,148.32875000,8559.076662471813,645.772980359431,8044,2,54.338,
10045,2017-12-30T06:22:46Z,-32.48873333,148.32866667,8560.076662471813,646.772980359431,8045,2,54.328,
10046,2017-12-30T06:22:47Z,-32.48866667,148.32858333,8561.076662471813,647.772980359431,8046,2,54.318,
10047,2017-12-30T06:22:48Z,-32.48861667,148.32848333,8562.076662471813,648.772980359431,8047,2,54.308,
10048,2017-12-30T06:22:49Z,-32.48860000,148.32838333,8563.076662471813,649.772980359431,8048,2,54.302,
10049,2017-12-30T06:22:50Z,-32.48856667,148.32826667,8564.076662471813,650.772980359431,8049,2,54.294,
10050,2017-12-30T06:22:51Z,-32.48853333,148.32818333,8565.076662471813,651.772980359431,8050,2,54.287,
10051,2017-12-30T06:22:52Z,-32.48848333,148.32808333,8566.076662471813,652.772980359431,8051,2,54.278,
10052,2017-12-30T06:22:53Z,-32.48841667,148.32798333,8567.076662471813,653.772980359431,8052,2,54.267,
10053,2017-12-30T06:22:54Z,-32.48831667,148.32790000,8568.076662471813,654.772980359431,8053,2,54.253,
10054,2017-12-30T06:22:55Z,-32.48820000,148.32783333,8569.076662471813,655.772980359431,8054,2,54.239,
10055,2017-12-30T06:22:56Z,-32.48805000,148.32780000,8570.076662471813,656.772980359431,8055,2,54.223,
10056,2017-12-30T06:22:57Z,-32.48786667,148.32783333,8571.076662471813,657.772980359431,8056,2,54.206,
10057,2017-12-30T06:22:58Z,-32.48766667,148.32793333,8572.076662471813,658.772980359431,8057,2,54.191,
10058,2017-12-30T06:22:59Z,-32.48750000,148.32806667,8573.076662471813,659.772980359431,8058,2,54.181,
10059,2017-12-30T06:23:00Z,-32.48735000,148.32825000,8574.076662471813,660.772980359431,8059,2,54.174,
10060,2017-12-30T06:23:01Z,-32.48726667,148.32846667,8575.076662471813,661.772980359431,8060,2,54.176,
10061,2017-12-30T06:23:02Z,-32.48721667,148.32868333,8576.076662471813,662.772980359431,8061,2,54.18,
10062,2017-12-30T06:23:03Z,-32.48721667,148.32890000,8577.076662471813,663.772980359431,8062,2,54.19,
10063,2017-12-30T06:23:04Z,-32.48726667,148.32908333,8578.076662471813,664.772980359431,8063,2,54.203,
10064,2017-12-30T06:23:05Z,-32.48733333,148.32921667,8579.076662471813,665.772980359431,8064,2,54.216,
10065,2017-12-30T06:23:06Z,-32.48741667,148.32931667,8580.076662471813,666.772980359431,8065,2,54.228,
10066,2017-12-30T06:23:07Z,-32.48750000,148.32935000,8581.076662471813,667.772980359431,8066,2,54.238,
10067,2017-12-30T06:23:08Z,-32.48758333,148.32936667,8582.076662471813,668.772980359431,8067,2,54.247,
10068,2017-12-30T06:23:09Z,-32.48763333,148.32933333,8583.076662471813,669.772980359431,8068,2,54.25,
10069,2017-12-30T06:23:10Z,-32.48766667,148.32928333,8584.076662471813,670.772980359431,8069,2,54.251,
10070,2017-12-30T06:23:11Z,-32.48766667,148.32920000,8585.076662471813,671.772980359431,8070,2,54.247,
10071,2017-12-30T06:23:12Z,-32.48765000,148.32910000,8586.076662471813,672.772980359431,8071,2,54.241,
10072,2017-12-30T06:23:13Z,-32.48760000,148.32900000,8587.076662471813,673.772980359431,8072,2,54.232,
10073,2017-12-30T06:23:14Z,-32.48753333,148.32890000,8588.076662471813,674.772980359431,8073,2,54.221,
10074,2017-12-30T06:23:15Z,-32.48743333,148.32880000,8589.076662471813,675.772980359431,8074,2,54.207,
10075,2017-12-30T06:23:16Z,-32.48731667,148.32871667,8590.076662471813,676.772980359431,8075,2,54.192,
10076,2017-12-30T06:23:17Z,-32.48716667,148.32865000,8591.076662471813,677.772980359431,8076,2,54.174,
10077,2017-12-30T06:23:18Z,-32.48698333,148.32861667,8592.076662471813,678.772980359431,8077,2,54.155,
10078,2017-12-30T06:23:19Z,-32.48680000,148.32863333,8593.076662471813,679.772980359431,8078,2,54.137,
10079,2017-12-30T06:23:20Z,-32.48660000,148.32870000,8594.076662471813,680.772980359431,8079,2,54.121,
10080,2017-12-30T06:23:21Z,-32.48643333,148.32881667,8595.076662471813,681.772980359431,8080,2,54.11,
10081,2017-12-30T06:23:22Z,-32.48626667,148.32896667,8596.076662471813,682.772980359431,8081,2,54.1,
10082,2017-12-30T06:23:23Z,-32.48611667,148.32916667,8597.076662471813,683.772980359431,8082,2,54.094,
10083,2017-12-30T06:23:24Z,-32.48601667,148.32938333,8598.076662471813,684.772980359431,8083,2,54.094,
10084,2017-12-30T06:23:25Z,-32.48593333,148.32961667,8599.076662471813,685.772980359431,8084,2,54.097,
10085,2017-12-30T06:23:26Z,-32.48590000,148.32986667,8600.076662471813,686.772980359431,8085,2,54.105,
10086,2017-12-30T06:23:27Z,-32.48588333,148.33010000,8601.076662471813,687.772980359431,8086,2,54.113,
10087,2017-12-30T06:23:28Z,-32.48591667,148.33031667,8602.076662471813,688.772980359431,8087,2,54.126,
10088,2017-12-30T06:23:29Z,-32.48596667,148.33053333,8603.076662471813,689.772980359431,8088,2,54.141,
10089,2017-12-30T06:23:30Z,-32.48603333,148.33068333,8604.076662471813,690.772980359431,8089,2,54.154,
10090,2017-12-30T06:23:31Z,-32.48613333,148.33081667,8605.076662471813,691.772980359431,8090,2,54.17,
10091,2017-12-30T06:23:32Z,-32.48623333,148.33088333,8606.076662471813,692.772980359431,8091,2,54.183,
10092,2017-12-30T06:23:33Z,-32.48631667,148.33093333,8607.076662471813,693.772980359431,8092,2,54.193,
10093,2017-12-30T06:23:34Z,-32.48641667,148.33095000,8608.076662471813,694.772980359431,8093,2,54.204,
10094,2017-12-30T06:23:35Z,-32.48648333,148.33090000,8609.076662471813,695.772980359431,8094,2,54.208,
10095,2017-12-30T06:23:36Z,-32.48653333,148.33081667,8610.076662471813,696.772980359431,8095,2,54.209,
10096,2017-12-30T06:23:37Z,-32.48656667,148.33073333,8611.076662471813,697.772980359431,8096,2,54.209,
10097,2017-12-30T06:23:38Z,-32.48655000,148.33061667,8612.076662471813,698.772980359431,8097,2,54.202,
10098,2017-12-30T06:23:39Z,-32.48651667,148.33051667,8613.076662471813,699.772980359431,8098,2,54.194,
10099,2017-12-30T06:23:40Z,-32.48645000,148.33041667,8614.076662471813,700.772980359431,8099,2,54.183,
10100,2017-12-30T06:23:41Z,-32.48635000,148.33031667,8615.076662471813,701.772980359431,8100,2,54.169,
10101,2017-12-30T06:23:42Z,-32.48623333,148.33023333,8616.076662471813,702.772980359431,8101,2,54.154,
10102,2017-12-30T06:23:43Z,-32.48608333,148.33018333,8617.076662471813,703.772980359431,8102,2,54.137,
10103,2017-12-30T06:23:44Z,-32.48591667,148.33013333,8618.076662471813,704.772980359431,8103,2,54.118,
10104,2017-12-30T06:23:45Z,-32.48573333,148.33010000,8619.076662471813,705.772980359431,8104,2,54.099,
10105,2017-12-30T06:23:46Z,-32.48556667,148.33010000,8620.076662471813,706.772980359431,8105,2,54.083,
10106,2017-12-30T06:23:47Z,-32.48538333,148.33010000,8621.076662471813,707.772980359431,8106,2,54.065,
10107,2017-12-30T06:23:48Z,-32.48521667,148.33010000,8622.076662471813,708.772980359431,8107,2,54.048,
10108,2017-12-30T06:23:49Z,-32.48505000,148.33010000,8623.076662471813,709.772980359431,8108,2,54.032,
10109,2017-12-30T06:23:50Z,-32.48486667,148.33010000,8624.076662471813,710.772980359431,8109,2,54.014,
10110,2017-12-30T06:23:51Z,-32.48470000,148.33010000,8625.076662471813,711.772980359431,8110,2,53.998,
10111,2017-12-30T06:23:52Z,-32.48451667,148.33010000,8626.076662471813,712.772980359431,8111,2,53.98,
10112,2017-12-30T06:23:53Z,-32.48433333,148.33008333,8627.076662471813,713.772980359431,8112,2,53.961,
10113,2017-12-30T06:23:54Z,-32.48415000,148.33006667,8628.076662471813,714.772980359431,8113,2,53.943,
10114,2017-12-30T06:23:55Z,-32.48400000,148.33003333,8629.076662471813,715.772980359431,8114,2,53.927,
10115,2017-12-30T06:23:56Z,-32.48385000,148.33000000,8630.076662471813,716.772980359431,8115,2,53.911,
10116,2017-12-30T06:23:57Z,-32.48370000,148.32996667,8631.076662471813,717.772980359431,8116,2,53.894,
10117,2017-12-30T06:23:58Z,-32.48353333,148.32993333,8632.076662471813,718.772980359431,8117,2,53.877,
10118,2017-12-30T06:23:59Z,-32.48338333,148.32990000,8633.076662471813,719.772980359431,8118,2,53.861,
10119,2017-12-30T06:24:00Z,-32.48320000,148.32986667,8634.076662471813,720.772980359431,8119,2,53.841,
10120,2017-12-30T06:24:01Z,-32.48301667,148.32985000,8635.076662471813,721.772980359431,8120,2,53.822,
10121,2017-12-30T06:24:02Z,-32.48285000,148.32981667,8636.076662471813,722.772980359431,8121,2,53.805,
10122,2017-12-30T06:24:03Z,-32.48266667,148.32980000,8637.076662471813,723.772980359431,8122,2,53.786,
10123,2017-12-30T06:24:04Z,-32.48250000,148.32980000,8638.076662471813,724.772980359431,8123,2,53.77,
10124,2017-12-30T06:24:05Z,-32.48233333,148.32978333,8639.076662471813,725.772980359431,8124,2,53.753,
10125,2017-12-30T06:24:06Z,-32.48215000,148.32976667,8640.076662471813,726.772980359431,8125,2,53.734,
10126,2017-12-30T06:24:07Z,-32.48198333,148.32975000,8641.076662471813,727.772980359431,8126,2,53.717,
10127,2017-12-30T06:24:08Z,-32.48178333,148.32973333,8642.076662471813,728.772980359431,8127,2,53.697,
10128,2017-12-30T06:24:09Z,-32.48161667,148.32968333,8643.076662471813,729.772980359431,8128,2,53.679,
10129,2017-12-30T06:24:10Z,-32.48145000,148.32961667,8644.076662471813,730.772980359431,8129,2,53.659,
10130,2017-12-30T06:24:11Z,-32.48130000,148.32955000,8645.076662471813,731.772980359431,8130,2,53.642,
10131,2017-12-30T06:24:12Z,-32.48116667,148.32948333,8646.076662471813,732.772980359431,8131,2,53.626,
10132,2017-12-30T06:24:13Z,-32.48105000,148.32943333,8647.076662471813,733.772980359431,8132,2,53.612,
10133,2017-12-30T06:24:14Z,-32.48091667,148.32936667,8648.076662471813,734.772980359431,8133,2,53.596,
10134,2017-12-30T06:24:15Z,-32.48078333,148.32930000,8649.076662471813,735.772980359431,8134,2,53.58,
10135,2017-12-30T06:24:16Z,-32.48065000,148.32921667,8650.076662471813,736.772980359431,8135,2,53.563,
10136,2017-12-30T06:24:17Z,-32.48051667,148.32915000,8651.076662471813,737.772980359431,8136,2,53.547,
10137,2017-12-30T06:24:18Z,-32.48036667,148.32908333,8652.076662471813,738.772980359431,8137,2,53.53,
10138,2017-12-30T06:24:19Z,-32.48023333,148.32901667,8653.076662471813,739.772980359431,8138,2,53.514,
10139,2017-12-30T06:24:20Z,-32.48010000,148.32895000,8654.076662471813,740.772980359431,8139,2,53.498,
10140,2017-12-30T06:24:21Z,-32.47996667,148.32886667,8655.076662471813,741.772980359431,8140,2,53.481,
10141,2017-12-30T06:24:22Z,-32.47983333,148.32880000,8656.076662471813,742.772980359431,8141,2,53.465,
10142,2017-12-30T06:24:23Z,-32.47968333,148.32873333,8657.076662471813,743.772980359431,8142,2,53.447,
10143,2017-12-30T06:24:24Z,-32.47953333,148.32868333,8658.076662471813,744.772980359431,8143,2,53.43,
10144,2017-12-30T06:24:25Z,-32.47938333,148.32863333,8659.076662471813,745.772980359431,8144,2,53.413,
10145,2017-12-30T06:24:26Z,-32.47921667,148.32858333,8660.076662471813,746.772980359431,8145,2,53.395,
10146,2017-12-30T06:24:27Z,-32.47905000,148.32855000,8661.076662471813,747.772980359431,8146,2,53.377,
10147,2017-12-30T06:24:28Z,-32.47888333,148.32850000,8662.076662471813,748.772980359431,8147,2,53.359,
10148,2017-12-30T06:24:29Z,-32.47870000,148.32846667,8663.076662471813,749.772980359431,8148,2,53.339,
10149,2017-12-30T06:24:30Z,-32.47851667,148.32843333,8664.076662471813,750.772980359431,8149,2,53.32,
10150,2017-12-30T06:24:31Z,-32.47833333,148.32840000,8665.076662471813,751.772980359431,8150,2,53.301,
10151,2017-12-30T06:24:32Z,-32.47816667,148.32836667,8666.076662471813,752.772980359431,8151,2,53.283,
10152,2017-12-30T06:24:33Z,-32.47798333,148.32833333,8667.076662471813,753.772980359431,8152,2,53.264,
10153,2017-12-30T06:24:34Z,-32.47781667,148.32831667,8668.076662471813,754.772980359431,8153,2,53.247,
10154,2017-12-30T06:24:35Z,-32.47765000,148.32830000,8669.076662471813,755.772980359431,8154,2,53.23,
10155,2017-12-30T06:24:36Z,-32.47748333,148.32826667,8670.076662471813,756.772980359431,8155,2,53.212,
10156,2017-12-30T06:24:37Z,-32.47731667,148.32825000,8671.076662471813,757.772980359431,8156,2,53.195,
10157,2017-12-30T06:24:38Z,-32.47715000,148.32820000,8672.076662471813,758.772980359431,8157,2,53.176,
10158,2017-12-30T06:24:39Z,-32.47698333,148.32815000,8673.076662471813,759.772980359431,8158,2,53.158,
10159,2017-12-30T06:24:40Z,-32.47683333,148.32810000,8674.076662471813,760.772980359431,8159,2,53.141,
10160,2017-12-30T06:24:41Z,-32.47668333,148.32805000,8675.076662471813,761.772980359431,8160,2,53.124,
10161,2017-12-30T06:24:42Z,-32.47653333,148.32801667,8676.076662471813,762.772980359431,8161,2,53.108,
10162,2017-12-30T06:24:43Z,-32.47636667,148.32796667,8677.076662471813,763.772980359431,8162,2,53.09,
10163,2017-12-30T06:24:44Z,-32.47621667,148.32791667,8678.076662471813,764.772980359431,8163,2,53.073,
10164,2017-12-30T06:24:45Z,-32.47605000,148.32788333,8679.076662471813,765.772980359431,8164,2,53.055,
10165,2017-12-30T06:24:46Z,-32.47590000,148.32783333,8680.076662471813,766.772980359431,8165,2,53.038,
10166,2017-12-30T06:24:47Z,-32.47575000,148.32778333,8681.076662471813,767.772980359431,8166,2,53.021,
10167,2017-12-30T06:24:48Z,-32.47558333,148.32771667,8682.076662471813,768.772980359431,8167,2,53.002,
10168,2017-12-30T06:24:49Z,-32.47543333,148.32766667,8683.076662471813,769.772980359431,8168,2,52.985,
10169,2017-12-30T06:24:50Z,-32.47526667,148.32761667,8684.076662471813,770.772980359431,8169,2,52.967,
10170,2017-12-30T06:24:51Z,-32.47510000,148.32756667,8685.076662471813,771.772980359431,8170,2,52.948,
10171,2017-12-30T06:24:52Z,-32.47495000,148.32751667,8686.076662471813,772.772980359431,8171,2,52.931,
10172,2017-12-30T06:24:53Z,-32.47480000,148.32748333,8687.076662471813,773.772980359431,8172,2,52.915,
10173,2017-12-30T06:24:54Z,-32.47465000,148.32745000,8688.076662471813,774.772980359431,8173,2,52.899,
10174,2017-12-30T06:24:55Z,-32.47448333,148.32741667,8689.076662471813,775.772980359431,8174,2,52.881,
10175,2017-12-30T06:24:56Z,-32.47433333,148.32738333,8690.076662471813,776.772980359431,8175,2,52.865,
10176,2017-12-30T06:24:57Z,-32.47416667,148.32735000,8691.076662471813,777.772980359431,8176,2,52.848,
10177,2017-12-30T06:24:58Z,-32.47400000,148.32731667,8692.076662471813,778.772980359431,8177,2,52.83,
10178,2017-12-30T06:24:59Z,-32.47385000,148.32726667,8693.076662471813,779.772980359431,8178,2,52.813,
10179,2017-12-30T06:25:00Z,-32.47368333,148.32721667,8694.076662471813,780.772980359431,8179,2,52.794,
10180,2017-12-30T06:25:01Z,-32.47353333,148.32716667,8695.076662471813,781.772980359431,8180,2,52.778,
10181,2017-12-30T06:25:02Z,-32.47336667,148.32711667,8696.076662471813,782.772980359431,8181,2,52.759,
10182,2017-12-30T06:25:03Z,-32.47320000,148.32708333,8697.076662471813,783.772980359431,8182,2,52.741,
10183,2017-12-30T06:25:04Z,-32.47303333,148.32703333,8698.076662471813,784.772980359431,8183,2,52.723,
10184,2017-12-30T06:25:05Z,-32.47286667,148.32698333,8699.076662471813,785.772980359431,8184,2,52.704,
10185,2017-12-30T06:25:06Z,-32.47271667,148.32691667,8700.076662471813,786.772980359431,8185,2,52.687,
10186,2017-12-30T06:25:07Z,-32.47255000,148.32685000,8701.076662471813,787.772980359431,8186,2,52.668,
10187,2017-12-30T06:25:08Z,-32.47238333,148.32678333,8702.076662471813,788.772980359431,8187,2,52.648,
10188,2017-12-30T06:25:09Z,-32.47223333,148.32671667,8703.076662471813,789.772980359431,8188,2,52.631,
10189,2017-12-30T06:25:10Z,-32.47208333,148.32665000,8704.076662471813,790.772980359431,8189,2,52.613,
10190,2017-12-30T06:25:11Z,-32.47191667,148.32658333,8705.076662471813,791.772980359431,8190,2,52.594,
10191,2017-12-30T06:25:12Z,-32.47176667,148.32651667,8706.076662471813,792.772980359431,8191,2,52.576,
10192,2017-12-30T06:25:13Z,-32.47163333,148.32645000,8707.076662471813,793.772980359431,8192,2,52.56,
10193,2017-12-30T06:25:14Z,-32.47148333,148.32640000,8708.076662471813,794.772980359431,8193,2,52.543,
10194,2017-12-30T06:25:15Z,-32.47133333,148.32633333,8709.076662471813,795.772980359431,8194,2,52.526,
10195,2017-12-30T06:25:16Z,-32.47118333,148.32625000,8710.076662471813,796.772980359431,8195,2,52.507,
10196,2017-12-30T06:25:17Z,-32.47103333,148.32616667,8711.076662471813,797.772980359431,8196,2,52.489,
10197,2017-12-30T06:25:18Z,-32.47088333,148.32608333,8712.076662471813,798.772980359431,8197,2,52.471,
10198,2017-12-30T06:25:19Z,-32.47073333,148.32601667,8713.076662471813,799.772980359431,8198,2,52.453,
10199,2017-12-30T06:25:20Z,-32.47058333,148.32595000,8714.076662471813,800.772980359431,8199,2,52.435,
10200,2017-12-30T06:25:21Z,-32.47043333,148.32588333,8715.076662471813,801.772980359431,8200,2,52.418,
10201,2017-12-30T06:25:22Z,-32.47028333,148.32581667,8716.076662471813,802.772980359431,8201,2,52.4,
10202,2017-12-30T06:25:23Z,-32.47013333,148.32576667,8717.076662471813,803.772980359431,8202,2,52.383,
10203,2017-12-30T06:25:24Z,-32.46998333,148.32571667,8718.076662471813,804.772980359431,8203,2,52.366,
10204,2017-12-30T06:25:25Z,-32.46985000,148.32565000,8719.076662471813,805.772980359431,8204,2,52.351,
10205,2017-12-30T06:25:26Z,-32.46971667,148.32560000,8720.076662471813,806.772980359431,8205,2,52.335,
10206,2017-12-30T06:25:27Z,-32.46958333,148.32553333,8721.076662471813,807.772980359431,8206,2,52.319,
10207,2017-12-30T06:25:28Z,-32.46945000,148.32546667,8722.076662471813,808.772980359431,8207,2,52.303,
10208,2017-12-30T06:25:29Z,-32.46933333,148.32540000,8723.076662471813,809.772980359431,8208,2,52.289,
10209,2017-12-30T06:25:30Z,-32.46921667,148.32531667,8724.076662471813,810.772980359431,8209,2,52.274,
10210,2017-12-30T06:25:31Z,-32.46910000,148.32525000,8725.076662471813,811.772980359431,8210,2,52.259,
10211,2017-12-30T06:25:32Z,-32.46898333,148.32518333,8726.076662471813,812.772980359431,8211,2,52.245,
10212,2017-12-30T06:25:33Z,-32.46885000,148.32510000,8727.076662471813,813.772980359431,8212,2,52.228,
10213,2017-12-30T06:25:34Z,-32.46871667,148.32503333,8728.076662471813,814.772980359431,8213,2,52.212,
10214,2017-12-30T06:25:35Z,-32.46858333,148.32498333,8729.076662471813,815.772980359431,8214,2,52.197,
10215,2017-12-30T06:25:36Z,-32.46846667,148.32493333,8730.076662471813,816.772980359431,8215,2,52.183,
10216,2017-12-30T06:25:37Z,-32.46831667,148.32490000,8731.076662471813,817.772980359431,8216,2,52.167,
10217,2017-12-30T06:25:38Z,-32.46818333,148.32488333,8732.076662471813,818.772980359431,8217,2,52.154,
10218,2017-12-30T06:25:39Z,-32.46803333,148.32486667,8733.076662471813,819.772980359431,8218,2,52.138,
10219,2017-12-30T06:25:40Z,-32.46788333,148.32485000,8734.076662471813,820.772980359431,8219,2,52.123,
10220,2017-12-30T06:25:41Z,-32.46771667,148.32483333,8735.076662471813,821.772980359431,8220,2,52.106,
10221,2017-12-30T06:25:42Z,-32.46756667,148.32481667,8736.076662471813,822.772980359431,8221,2,52.091,
10222,2017-12-30T06:25:43Z,-32.46740000,148.32481667,8737.076662471813,823.772980359431,8222,2,52.075,
10223,2017-12-30T06:25:44Z,-32.46721667,148.32481667,8738.076662471813,824.772980359431,8223,2,52.057,
10224,2017-12-30T06:25:45Z,-32.46705000,148.32483333,8739.076662471813,825.772980359431,8224,2,52.041,
10225,2017-12-30T06:25:46Z,-32.46688333,148.32485000,8740.076662471813,826.772980359431,8225,2,52.026,
10226,2017-12-30T06:25:47Z,-32.46671667,148.32486667,8741.076662471813,827.772980359431,8226,2,52.01,
10227,2017-12-30T06:25:48Z,-32.46655000,148.32488333,8742.076662471813,828.772980359431,8227,2,51.995,
10228,2017-12-30T06:25:49Z,-32.46636667,148.32486667,8743.076662471813,829.772980359431,8228,2,51.977,
10229,2017-12-30T06:25:50Z,-32.46620000,148.32485000,8744.076662471813,830.772980359431,8229,2,51.96,
10230,2017-12-30T06:25:51Z,-32.46605000,148.32480000,8745.076662471813,831.772980359431,8230,2,51.943,
10231,2017-12-30T06:25:52Z,-32.46588333,148.32475000,8746.076662471813,832.772980359431,8231,2,51.924,
10232,2017-12-30T06:25:53Z,-32.46573333,148.32468333,8747.076662471813,833.772980359431,8232,2,51.907,
10233,2017-12-30T06:25:54Z,-32.46558333,148.32460000,8748.076662471813,834.772980359431,8233,2,51.888,
10234,2017-12-30T06:25:55Z,-32.46545000,148.32451667,8749.076662471813,835.772980359431,8234,2,51.872,
10235,2017-12-30T06:25:56Z,-32.46531667,148.32445000,8750.076662471813,836.772980359431,8235,2,51.856,
10236,2017-12-30T06:25:57Z,-32.46518333,148.32436667,8751.076662471813,837.772980359431,8236,2,51.839,
10237,2017-12-30T06:25:58Z,-32.46505000,148.32430000,8752.076662471813,838.772980359431,8237,2,51.823,
10238,2017-12-30T06:25:59Z,-32.46491667,148.32421667,8753.076662471813,839.772980359431,8238,2,51.806,
10239,2017-12-30T06:26:00Z,-32.46476667,148.32413333,8754.076662471813,840.772980359431,8239,2,51.788,
10240,2017-12-30T06:26:01Z,-32.46463333,148.32405000,8755.076662471813,841.772980359431,8240,2,51.771,
10241,2017-12-30T06:26:02Z,-32.46448333,148.32396667,8756.076662471813,842.772980359431,8241,2,51.753,
10242,2017-12-30T06:26:03Z,-32.46433333,148.32388333,8757.076662471813,843.772980359431,8242,2,51.734,
10243,2017-12-30T06:26:04Z,-32.46420000,148.32380000,8758.076662471813,844.772980359431,8243,2,51.717,
10244,2017-12-30T06:26:05Z,-32.46405000,148.32371667,8759.076662471813,845.772980359431,8244,2,51.699,
10245,2017-12-30T06:26:06Z,-32.46393333,148.32363333,8760.076662471813,846.772980359431,8245,2,51.684,
10246,2017-12-30T06:26:07Z,-32.46380000,148.32355000,8761.076662471813,847.772980359431,8246,2,51.667,
10247,2017-12-30T06:26:08Z,-32.46370000,148.32345000,8762.076662471813,848.772980359431,8247,2,51.653,
10248,2017-12-30T06:26:09Z,-32.46358333,148.32335000,8763.076662471813,849.772980359431,8248,2,51.637,
10249,2017-12-30T06:26:10Z,-32.46346667,148.32325000,8764.076662471813,850.772980359431,8249,2,51.621,
10250,2017-12-30T06:26:11Z,-32.46336667,148.32315000,8765.076662471813,851.772980359431,8250,2,51.607,
10251,2017-12-30T06:26:12Z,-32.46326667,148.32305000,8766.076662471813,852.772980359431,8251,2,51.592,
10252,2017-12-30T06:26:13Z,-32.46316667,148.32295000,8767.076662471813,853.772980359431,8252,2,51.578,
10253,2017-12-30T06:26:14Z,-32.46305000,148.32285000,8768.076662471813,854.772980359431,8253,2,51.562,
10254,2017-12-30T06:26:15Z,-32.46293333,148.32275000,8769.076662471813,855.772980359431,8254,2,51.546,
10255,2017-12-30T06:26:16Z,-32.46281667,148.32266667,8770.076662471813,856.772980359431,8255,2,51.531,
10256,2017-12-30T06:26:17Z,-32.46268333,148.32256667,8771.076662471813,857.772980359431,8256,2,51.514,
10257,2017-12-30T06:26:18Z,-32.46253333,148.32248333,8772.076662471813,858.772980359431,8257,2,51.495,
10258,2017-12-30T06:26:19Z,-32.46238333,148.32240000,8773.076662471813,859.772980359431,8258,2,51.477,
10259,2017-12-30T06:26:20Z,-32.46223333,148.32233333,8774.076662471813,860.772980359431,8259,2,51.459,
10260,2017-12-30T06:26:21Z,-32.46208333,148.32226667,8775.076662471813,861.772980359431,8260,2,51.442,
10261,2017-12-30T06:26:22Z,-32.46195000,148.32220000,8776.076662471813,862.772980359431,8261,2,51.426,
10262,2017-12-30T06:26:23Z,-32.46181667,148.32213333,8777.076662471813,863.772980359431,8262,2,51.41,
10263,2017-12-30T06:26:24Z,-32.46168333,148.32206667,8778.076662471813,864.772980359431,8263,2,51.394,
10264,2017-12-30T06:26:25Z,-32.46153333,148.32198333,8779.076662471813,865.772980359431,8264,2,51.375,
10265,2017-12-30T06:26:26Z,-32.46138333,148.32191667,8780.076662471813,866.772980359431,8265,2,51.358,
10266,2017-12-30T06:26:27Z,-32.46123333,148.32183333,8781.076662471813,867.772980359431,8266,2,51.339,
10267,2017-12-30T06:26:28Z,-32.46108333,148.32176667,8782.076662471813,868.772980359431,8267,2,51.322,
10268,2017-12-30T06:26:29Z,-32.46093333,148.32171667,8783.076662471813,869.772980359431,8268,2,51.305,
10269,2017-12-30T06:26:30Z,-32.46078333,148.32165000,8784.076662471813,870.772980359431,8269,2,51.287,
10270,2017-12-30T06:26:31Z,-32.46061667,148.32158333,8785.076662471813,871.772980359431,8270,2,51.268,
10271,2017-12-30T06:26:32Z,-32.46046667,148.32151667,8786.076662471813,872.772980359431,8271,2,51.251,
10272,2017-12-30T06:26:33Z,-32.46031667,148.32145000,8787.076662471813,873.772980359431,8272,2,51.233,
10273,2017-12-30T06:26:34Z,-32.46016667,148.32136667,8788.076662471813,874.772980359431,8273,2,51.215,
10274,2017-12-30T06:26:35Z,-32.46000000,148.32130000,8789.076662471813,875.772980359431,8274,2,51.195,
10275,2017-12-30T06:26:36Z,-32.45985000,148.32123333,8790.076662471813,876.772980359431,8275,2,51.178,
10276,2017-12-30T06:26:37Z,-32.45968333,148.32116667,8791.076662471813,877.772980359431,8276,2,51.159,
10277,2017-12-30T06:26:38Z,-32.45953333,148.32110000,8792.076662471813,878.772980359431,8277,2,51.141,
10278,2017-12-30T06:26:39Z,-32.45938333,148.32105000,8793.076662471813,879.772980359431,8278,2,51.124,
10279,2017-12-30T06:26:40Z,-32.45921667,148.32098333,8794.076662471813,880.772980359431,8279,2,51.105,
10280,2017-12-30T06:26:41Z,-32.45903333,148.32091667,8795.076662471813,881.772980359431,8280,2,51.084,
10281,2017-12-30T06:26:42Z,-32.45885000,148.32083333,8796.076662471813,882.772980359431,8281,2,51.062,
10282,2017-12-30T06:26:43Z,-32.45866667,148.32076667,8797.076662471813,883.772980359431,8282,2,51.042,
10283,2017-12-30T06:26:44Z,-32.45848333,148.32070000,8798.076662471813,884.772980359431,8283,2,51.021,
10284,2017-12-30T06:26:45Z,-32.45831667,148.32063333,8799.076662471813,885.772980359431,8284,2,51.002,
10285,2017-12-30T06:26:46Z,-32.45813333,148.32060000,8800.076662471813,886.772980359431,8285,2,50.982,
10286,2017-12-30T06:26:47Z,-32.45796667,148.32056667,8801.076662471813,887.772980359431,8286,2,50.965,
10287,2017-12-30T06:26:48Z,-32.45780000,148.32053333,8802.076662471813,888.772980359431,8287,2,50.947,
10288,2017-12-30T06:26:49Z,-32.45763333,148.32050000,8803.076662471813,889.772980359431,8288,2,50.929,
10289,2017-12-30T06:26:50Z,-32.45746667,148.32046667,8804.076662471813,890.772980359431,8289,2,50.912,
10290,2017-12-30T06:26:51Z,-32.45728333,148.32043333,8805.076662471813,891.772980359431,8290,2,50.892,
10291,2017-12-30T06:26:52Z,-32.45710000,148.32040000,8806.076662471813,892.772980359431,8291,2,50.873,
10292,2017-12-30T06:26:53Z,-32.45691667,148.32036667,8807.076662471813,893.772980359431,8292,2,50.854,
10293,2017-12-30T06:26:54Z,-32.45673333,148.32033333,8808.076662471813,894.772980359431,8293,2,50.834,
10294,2017-12-30T06:26:55Z,-32.45656667,148.32030000,8809.076662471813,895.772980359431,8294,2,50.817,
10295,2017-12-30T06:26:56Z,-32.45640000,148.32028333,8810.076662471813,896.772980359431,8295,2,50.8,
10296,2017-12-30T06:26:57Z,-32.45623333,148.32025000,8811.076662471813,897.772980359431,8296,2,50.782,
10297,2017-12-30T06:26:58Z,-32.45606667,148.32020000,8812.076662471813,898.772980359431,8297,2,50.764,
10298,2017-12-30T06:26:59Z,-32.45590000,148.32013333,8813.076662471813,899.772980359431,8298,2,50.744,
10299,2017-12-30T06:27:00Z,-32.45573333,148.32008333,8814.076662471813,900.772980359431,8299,2,50.726,
10300,2017-12-30T06:27:01Z,-32.45558333,148.32001667,8815.076662471813,901.772980359431,8300,2,50.708,
10301,2017-12-30T06:27:02Z,-32.45541667,148.31995000,8816.076662471813,902.772980359431,8301,2,50.689,
10302,2017-12-30T06:27:03Z,-32.45526667,148.31990000,8817.076662471813,903.772980359431,8302,2,50.672,
10303,2017-12-30T06:27:04Z,-32.45511667,148.31983333,8818.076662471813,904.772980359431,8303,2,50.655,
10304,2017-12-30T06:27:05Z,-32.45496667,148.31978333,8819.076662471813,905.772980359431,8304,2,50.638,
10305,2017-12-30T06:27:06Z,-32.45481667,148.31971667,8820.076662471813,906.772980359431,8305,2,50.62,
10306,2017-12-30T06:27:07Z,-32.45465000,148.31966667,8821.076662471813,907.772980359431,8306,2,50.602,
10307,2017-12-30T06:27:08Z,-32.45450000,148.31961667,8822.076662471813,908.772980359431,8307,2,50.585,
10308,2017-12-30T06:27:09Z,-32.45433333,148.31956667,8823.076662471813,909.772980359431,8308,2,50.567,
10309,2017-12-30T06:27:10Z,-32.45420000,148.31951667,8824.076662471813,910.772980359431,8309,2,50.551,
10310,2017-12-30T06:27:11Z,-32.45405000,148.31945000,8825.076662471813,911.772980359431,8310,2,50.534,
10311,2017-12-30T06:27:12Z,-32.45391667,148.31940000,8826.076662471813,912.772980359431,8311,2,50.519,
10312,2017-12-30T06:27:13Z,-32.45376667,148.31935000,8827.076662471813,913.772980359431,8312,2,50.502,
10313,2017-12-30T06:27:14Z,-32.45363333,148.31928333,8828.076662471813,914.772980359431,8313,2,50.486,
10314,2017-12-30T06:27:15Z,-32.45351667,148.31921667,8829.076662471813,915.772980359431,8314,2,50.471,
10315,2017-12-30T06:27:16Z,-32.45338333,148.31915000,8830.076662471813,916.772980359431,8315,2,50.455,
10316,2017-12-30T06:27:17Z,-32.45326667,148.31906667,8831.076662471813,917.772980359431,8316,2,50.44,
10317,2017-12-30T06:27:18Z,-32.45313333,148.31898333,8832.076662471813,918.772980359431,8317,2,50.424,
10318,2017-12-30T06:27:19Z,-32.45300000,148.31890000,8833.076662471813,919.772980359431,8318,2,50.407,
10319,2017-12-30T06:27:20Z,-32.45285000,148.31883333,8834.076662471813,920.772980359431,8319,2,50.389,
10320,2017-12-30T06:27:21Z,-32.45270000,148.31876667,8835.076662471813,921.772980359431,8320,2,50.372,
10321,2017-12-30T06:27:22Z,-32.45255000,148.31870000,8836.076662471813,922.772980359431,8321,2,50.354,
10322,2017-12-30T06:27:23Z,-32.45236667,148.31863333,8837.076662471813,923.772980359431,8322,2,50.333,
10323,2017-12-30T06:27:24Z,-32.45220000,148.31855000,8838.076662471813,924.772980359431,8323,2,50.313,
10324,2017-12-30T06:27:25Z,-32.45201667,148.31848333,8839.076662471813,925.772980359431,8324,2,50.292,
10325,2017-12-30T06:27:26Z,-32.45183333,148.31843333,8840.076662471813,926.772980359431,8325,2,50.272,
10326,2017-12-30T06:27:27Z,-32.45166667,148.31838333,8841.076662471813,927.772980359431,8326,2,50.254,
10327,2017-12-30T06:27:28Z,-32.45148333,148.31833333,8842.076662471813,928.772980359431,8327,2,50.234,
10328,2017-12-30T06:27:29Z,-32.45131667,148.31830000,8843.076662471813,929.772980359431,8328,2,50.216,
10329,2017-12-30T06:27:30Z,-32.45113333,148.31826667,8844.076662471813,930.772980359431,8329,2,50.197,
10330,2017-12-30T06:27:31Z,-32.45096667,148.31821667,8845.076662471813,931.772980359431,8330,2,50.178,
10331,2017-12-30T06:27:32Z,-32.45078333,148.31818333,8846.076662471813,932.772980359431,8331,2,50.159,
10332,2017-12-30T06:27:33Z,-32.45060000,148.31815000,8847.076662471813,933.772980359431,8332,2,50.14,
10333,2017-12-30T06:27:34Z,-32.45043333,148.31813333,8848.076662471813,934.772980359431,8333,2,50.123,
10334,2017-12-30T06:27:35Z,-32.45025000,148.31811667,8849.076662471813,935.772980359431,8334,2,50.105,
10335,2017-12-30T06:27:36Z,-32.45008333,148.31811667,8850.076662471813,936.772980359431,8335,2,50.088,
10336,2017-12-30T06:27:37Z,-32.44991667,148.31810000,8851.076662471813,937.772980359431,8336,2,50.072,
10337,2017-12-30T06:27:38Z,-32.44975000,148.31808333,8852.076662471813,938.772980359431,8337,2,50.055,
10338,2017-12-30T06:27:39Z,-32.44958333,148.31806667,8853.076662471813,939.772980359431,8338,2,50.038,
10339,2017-12-30T06:27:40Z,-32.44943333,148.31803333,8854.076662471813,940.772980359431,8339,2,50.022,
10340,2017-12-30T06:27:41Z,-32.44926667,148.31801667,8855.076662471813,941.772980359431,8340,2,50.005,
10341,2017-12-30T06:27:42Z,-32.44911667,148.31800000,8856.076662471813,942.772980359431,8341,2,49.99,
10342,2017-12-30T06:27:43Z,-32.44896667,148.31796667,8857.076662471813,943.772980359431,8342,2,49.974,
10343,2017-12-30T06:27:44Z,-32.44880000,148.31793333,8858.076662471813,944.772980359431,8343,2,49.956,
10344,2017-12-30T06:27:45Z,-32.44863333,148.31788333,8859.076662471813,945.772980359431,8344,2,49.938,
10345,2017-12-30T06:27:46Z,-32.44848333,148.31783333,8860.076662471813,946.772980359431,8345,2,49.921,
10346,2017-12-30T06:27:47Z,-32.44831667,148.31778333,8861.076662471813,947.772980359431,8346,2,49.902,
10347,2017-12-30T06:27:48Z,-32.44816667,148.31775000,8862.076662471813,948.772980359431,8347,2,49.886,
10348,2017-12-30T06:27:49Z,-32.44801667,148.31770000,8863.076662471813,949.772980359431,8348,2,49.869,
10349,2017-12-30T06:27:50Z,-32.44786667,148.31766667,8864.076662471813,950.772980359431,8349,2,49.853,
10350,2017-12-30T06:27:51Z,-32.44770000,148.31761667,8865.076662471813,951.772980359431,8350,2,49.835,
10351,2017-12-30T06:27:52Z,-32.44755000,148.31756667,8866.076662471813,952.772980359431,8351,2,49.818,
10352,2017-12-30T06:27:53Z,-32.44740000,148.31751667,8867.076662471813,953.772980359431,8352,2,49.801,
10353,2017-12-30T06:27:54Z,-32.44725000,148.31745000,8868.076662471813,954.772980359431,8353,2,49.784,
10354,2017-12-30T06:27:55Z,-32.44710000,148.31740000,8869.076662471813,955.772980359431,8354,2,49.767,
10355,2017-12-30T06:27:56Z,-32.44695000,148.31735000,8870.076662471813,956.772980359431,8355,2,49.75,
10356,2017-12-30T06:27:57Z,-32.44681667,148.31731667,8871.076662471813,957.772980359431,8356,2,49.736,
10357,2017-12-30T06:27:58Z,-32.44668333,148.31728333,8872.076662471813,958.772980359431,8357,2,49.721,
10358,2017-12-30T06:27:59Z,-32.44653333,148.31725000,8873.076662471813,959.772980359431,8358,2,49.705,
10359,2017-12-30T06:28:00Z,-32.44638333,148.31721667,8874.076662471813,960.772980359431,8359,2,49.689,
10360,2017-12-30T06:28:01Z,-32.44621667,148.31718333,8875.076662471813,961.772980359431,8360,2,49.672,
10361,2017-12-30T06:28:02Z,-32.44606667,148.31715000,8876.076662471813,962.772980359431,8361,2,49.656,
10362,2017-12-30T06:28:03Z,-32.44590000,148.31711667,8877.076662471813,963.772980359431,8362,2,49.638,
10363,2017-12-30T06:28:04Z,-32.44575000,148.31708333,8878.076662471813,964.772980359431,8363,2,49.622,
10364,2017-12-30T06:28:05Z,-32.44560000,148.31703333,8879.076662471813,965.772980359431,8364,2,49.605,
10365,2017-12-30T06:28:06Z,-32.44545000,148.31700000,8880.076662471813,966.772980359431,8365,2,49.589,
10366,2017-12-30T06:28:07Z,-32.44528333,148.31696667,8881.076662471813,967.772980359431,8366,2,49.571,
10367,2017-12-30T06:28:08Z,-32.44513333,148.31693333,8882.076662471813,968.772980359431,8367,2,49.555,
10368,2017-12-30T06:28:09Z,-32.44496667,148.31690000,8883.076662471813,969.772980359431,8368,2,49.538,
10369,2017-12-30T06:28:10Z,-32.44481667,148.31686667,8884.076662471813,970.772980359431,8369,2,49.522,
10370,2017-12-30T06:28:11Z,-32.44465000,148.31683333,8885.076662471813,971.772980359431,8370,2,49.504,
10371,2017-12-30T06:28:12Z,-32.44448333,148.31681667,8886.076662471813,972.772980359431,8371,2,49.487,
10372,2017-12-30T06:28:13Z,-32.44431667,148.31680000,8887.076662471813,973.772980359431,8372,2,49.47,
10373,2017-12-30T06:28:14Z,-32.44413333,148.31678333,8888.076662471813,974.772980359431,8373,2,49.452,
10374,2017-12-30T06:28:15Z,-32.44396667,148.31676667,8889.076662471813,975.772980359431,8374,2,49.435,
10375,2017-12-30T06:28:16Z,-32.44380000,148.31675000,8890.076662471813,976.772980359431,8375,2,49.418,
10376,2017-12-30T06:28:17Z,-32.44361667,148.31675000,8891.076662471813,977.772980359431,8376,2,49.401,
10377,2017-12-30T06:28:18Z,-32.44345000,148.31673333,8892.076662471813,978.772980359431,8377,2,49.384,
10378,2017-12-30T06:28:19Z,-32.44328333,148.31671667,8893.076662471813,979.772980359431,8378,2,49.367,
10379,2017-12-30T06:28:20Z,-32.44313333,148.31671667,8894.076662471813,980.772980359431,8379,2,49.352,
10380,2017-12-30T06:28:21Z,-32.44296667,148.31670000,8895.076662471813,981.772980359431,8380,2,49.336,
10381,2017-12-30T06:28:22Z,-32.44281667,148.31670000,8896.076662471813,982.772980359431,8381,2,49.321,
10382,2017-12-30T06:28:23Z,-32.44265000,148.31668333,8897.076662471813,983.772980359431,8382,2,49.304,
10383,2017-12-30T06:28:24Z,-32.44250000,148.31666667,8898.076662471813,984.772980359431,8383,2,49.289,
10384,2017-12-30T06:28:25Z,-32.44231667,148.31663333,8899.076662471813,985.772980359431,8384,2,49.27,
10385,2017-12-30T06:28:26Z,-32.44215000,148.31661667,8900.076662471813,986.772980359431,8385,2,49.253,
10386,2017-12-30T06:28:27Z,-32.44196667,148.31660000,8901.076662471813,987.772980359431,8386,2,49.235,
10387,2017-12-30T06:28:28Z,-32.44180000,148.31658333,8902.076662471813,988.772980359431,8387,2,49.218,
10388,2017-12-30T06:28:29Z,-32.44163333,148.31658333,8903.076662471813,989.772980359431,8388,2,49.202,
10389,2017-12-30T06:28:30Z,-32.44146667,148.31656667,8904.076662471813,990.772980359431,8389,2,49.185,
10390,2017-12-30T06:28:31Z,-32.44128333,148.31655000,8905.076662471813,991.772980359431,8390,2,49.167,
10391,2017-12-30T06:28:32Z,-32.44111667,148.31653333,8906.076662471813,992.772980359431,8391,2,49.15,
10392,2017-12-30T06:28:33Z,-32.44095000,148.31651667,8907.076662471813,993.772980359431,8392,2,49.133,
10393,2017-12-30T06:28:34Z,-32.44076667,148.31650000,8908.076662471813,994.772980359431,8393,2,49.114,
10394,2017-12-30T06:28:35Z,-32.44060000,148.31648333,8909.076662471813,995.772980359431,8394,2,49.098,
10395,2017-12-30T06:28:36Z,-32.44043333,148.31646667,8910.076662471813,996.772980359431,8395,2,49.081,
10396,2017-12-30T06:28:37Z,-32.44026667,148.31645000,8911.076662471813,997.772980359431,8396,2,49.064,
10397,2017-12-30T06:28:38Z,-32.44010000,148.31643333,8912.076662471813,998.772980359431,8397,2,49.047,
10398,2017-12-30T06:28:39Z,-32.43993333,148.31641667,8913.076662471813,999.772980359431,8398,2,49.03,
10399,2017-12-30T06:28:40Z,-32.43978333,148.31638333,8914.076662471813,1000.772980359431,8399,2,49.014,
10400,2017-12-30T06:28:41Z,-32.43963333,148.31636667,8915.076662471813,1001.772980359431,8400,2,48.999,
10401,2017-12-30T06:28:42Z,-32.43948333,148.31631667,8916.076662471813,1002.772980359431,8401,2,48.982,
10402,2017-12-30T06:28:43Z,-32.43931667,148.31628333,8917.076662471813,1003.772980359431,8402,2,48.965,
10403,2017-12-30T06:28:44Z,-32.43916667,148.31623333,8918.076662471813,1004.772980359431,8403,2,48.948,
10404,2017-12-30T06:28:45Z,-32.43901667,148.31618333,8919.076662471813,1005.772980359431,8404,2,48.931,
10405,2017-12-30T06:28:46Z,-32.43885000,148.31613333,8920.076662471813,1006.772980359431,8405,2,48.913,
10406,2017-12-30T06:28:47Z,-32.43870000,148.31610000,8921.076662471813,1007.772980359431,8406,2,48.897,
10407,2017-12-30T06:28:48Z,-32.43855000,148.31605000,8922.076662471813,1008.772980359431,8407,2,48.88,
10408,2017-12-30T06:28:49Z,-32.43840000,148.31601667,8923.076662471813,1009.772980359431,8408,2,48.864,
10409,2017-12-30T06:28:50Z,-32.43823333,148.31598333,8924.076662471813,1010.772980359431,8409,2,48.846,
10410,2017-12-30T06:28:51Z,-32.43808333,148.31595000,8925.076662471813,1011.772980359431,8410,2,48.83,
10411,2017-12-30T06:28:52Z,-32.43791667,148.31591667,8926.076662471813,1012.772980359431,8411,2,48.813,
10412,2017-12-30T06:28:53Z,-32.43776667,148.31588333,8927.076662471813,1013.772980359431,8412,2,48.797,
10413,2017-12-30T06:28:54Z,-32.43760000,148.31585000,8928.076662471813,1014.772980359431,8413,2,48.779,
10414,2017-12-30T06:28:55Z,-32.43743333,148.31580000,8929.076662471813,1015.772980359431,8414,2,48.761,
10415,2017-12-30T06:28:56Z,-32.43728333,148.31576667,8930.076662471813,1016.772980359431,8415,2,48.745,
10416,2017-12-30T06:28:57Z,-32.43711667,148.31573333,8931.076662471813,1017.772980359431,8416,2,48.727,
10417,2017-12-30T06:28:58Z,-32.43695000,148.31570000,8932.076662471813,1018.772980359431,8417,2,48.71,
10418,2017-12-30T06:28:59Z,-32.43678333,148.31566667,8933.076662471813,1019.772980359431,8418,2,48.692,
10419,2017-12-30T06:29:00Z,-32.43661667,148.31565000,8934.076662471813,1020.772980359431,8419,2,48.675,
10420,2017-12-30T06:29:01Z,-32.43643333,148.31561667,8935.076662471813,1021.772980359431,8420,2,48.656,
10421,2017-12-30T06:29:02Z,-32.43626667,148.31560000,8936.076662471813,1022.772980359431,8421,2,48.639,
10422,2017-12-30T06:29:03Z,-32.43608333,148.31560000,8937.076662471813,1023.772980359431,8422,2,48.622,
10423,2017-12-30T06:29:04Z,-32.43590000,148.31558333,8938.076662471813,1024.772980359431,8423,2,48.603,
10424,2017-12-30T06:29:05Z,-32.43573333,148.31556667,8939.076662471813,1025.772980359431,8424,2,48.587,
10425,2017-12-30T06:29:06Z,-32.43556667,148.31555000,8940.076662471813,1026.772980359431,8425,2,48.57,
10426,2017-12-30T06:29:07Z,-32.43540000,148.31553333,8941.076662471813,1027.772980359431,8426,2,48.553,
10427,2017-12-30T06:29:08Z,-32.43523333,148.31551667,8942.076662471813,1028.772980359431,8427,2,48.536,
10428,2017-12-30T06:29:09Z,-32.43506667,148.31548333,8943.076662471813,1029.772980359431,8428,2,48.519,
10429,2017-12-30T06:29:10Z,-32.43491667,148.31543333,8944.076662471813,1030.772980359431,8429,2,48.502,
10430,2017-12-30T06:29:11Z,-32.43476667,148.31540000,8945.076662471813,1031.772980359431,8430,2,48.486,
10431,2017-12-30T06:29:12Z,-32.43461667,148.31535000,8946.076662471813,1032.772980359431,8431,2,48.469,
10432,2017-12-30T06:29:13Z,-32.43448333,148.31530000,8947.076662471813,1033.772980359431,8432,2,48.454,
10433,2017-12-30T06:29:14Z,-32.43433333,148.31525000,8948.076662471813,1034.772980359431,8433,2,48.437,
10434,2017-12-30T06:29:15Z,-32.43420000,148.31518333,8949.076662471813,1035.772980359431,8434,2,48.421,
10435,2017-12-30T06:29:16Z,-32.43405000,148.31513333,8950.076662471813,1036.772980359431,8435,2,48.405,
10436,2017-12-30T06:29:17Z,-32.43390000,148.31508333,8951.076662471813,1037.772980359431,8436,2,48.388,
10437,2017-12-30T06:29:18Z,-32.43376667,148.31503333,8952.076662471813,1038.772980359431,8437,2,48.373,
10438,2017-12-30T06:29:19Z,-32.43360000,148.31498333,8953.076662471813,1039.772980359431,8438,2,48.354,
10439,2017-12-30T06:29:20Z,-32.43345000,148.31493333,8954.076662471813,1040.772980359431,8439,2,48.338,
10440,2017-12-30T06:29:21Z,-32.43330000,148.31490000,8955.076662471813,1041.772980359431,8440,2,48.322,
10441,2017-12-30T06:29:22Z,-32.43313333,148.31485000,8956.076662471813,1042.772980359431,8441,2,48.303,
10442,2017-12-30T06:29:23Z,-32.43296667,148.31481667,8957.076662471813,1043.772980359431,8442,2,48.286,
10443,2017-12-30T06:29:24Z,-32.43281667,148.31478333,8958.076662471813,1044.772980359431,8443,2,48.27,
10444,2017-12-30T06:29:25Z,-32.43265000,148.31473333,8959.076662471813,1045.772980359431,8444,2,48.251,
10445,2017-12-30T06:29:26Z,-32.43250000,148.31470000,8960.076662471813,1046.772980359431,8445,2,48.235,
10446,2017-12-30T06:29:27Z,-32.43235000,148.31465000,8961.076662471813,1047.772980359431,8446,2,48.219,
10447,2017-12-30T06:29:28Z,-32.43220000,148.31460000,8962.076662471813,1048.772980359431,8447,2,48.202,
10448,2017-12-30T06:29:29Z,-32.43205000,148.31456667,8963.076662471813,1049.772980359431,8448,2,48.186,
10449,2017-12-30T06:29:30Z,-32.43190000,148.31451667,8964.076662471813,1050.772980359431,8449,2,48.169,
10450,2017-12-30T06:29:31Z,-32.43175000,148.31448333,8965.076662471813,1051.772980359431,8450,2,48.153,
10451,2017-12-30T06:29:32Z,-32.43160000,148.31443333,8966.076662471813,1052.772980359431,8451,2,48.136,
10452,2017-12-30T06:29:33Z,-32.43145000,148.31438333,8967.076662471813,1053.772980359431,8452,2,48.12,
10453,2017-12-30T06:29:34Z,-32.43131667,148.31431667,8968.076662471813,1054.772980359431,8453,2,48.104,
10454,2017-12-30T06:29:35Z,-32.43118333,148.31425000,8969.076662471813,1055.772980359431,8454,2,48.088,
10455,2017-12-30T06:29:36Z,-32.43103333,148.31418333,8970.076662471813,1056.772980359431,8455,2,48.07,
10456,2017-12-30T06:29:37Z,-32.43090000,148.31411667,8971.076662471813,1057.772980359431,8456,2,48.054,
10457,2017-12-30T06:29:38Z,-32.43075000,148.31406667,8972.076662471813,1058.772980359431,8457,2,48.037,
10458,2017-12-30T06:29:39Z,-32.43060000,148.31400000,8973.076662471813,1059.772980359431,8458,2,48.02,
10459,2017-12-30T06:29:40Z,-32.43045000,148.31396667,8974.076662471813,1060.772980359431,8459,2,48.004,
10460,2017-12-30T06:29:41Z,-32.43028333,148.31393333,8975.076662471813,1061.772980359431,8460,2,47.986,
10461,2017-12-30T06:29:42Z,-32.43013333,148.31390000,8976.076662471813,1062.772980359431,8461,2,47.97,
10462,2017-12-30T06:29:43Z,-32.42998333,148.31388333,8977.076662471813,1063.772980359431,8462,2,47.955,
10463,2017-12-30T06:29:44Z,-32.42981667,148.31386667,8978.076662471813,1064.772980359431,8463,2,47.939,
10464,2017-12-30T06:29:45Z,-32.42966667,148.31383333,8979.076662471813,1065.772980359431,8464,2,47.923,
10465,2017-12-30T06:29:46Z,-32.42950000,148.31381667,8980.076662471813,1066.772980359431,8465,2,47.906,
10466,2017-12-30T06:29:47Z,-32.42933333,148.31380000,8981.076662471813,1067.772980359431,8466,2,47.889,
10467,2017-12-30T06:29:48Z,-32.42916667,148.31376667,8982.076662471813,1068.772980359431,8467,2,47.872,
10468,2017-12-30T06:29:49Z,-32.42900000,148.31375000,8983.076662471813,1069.772980359431,8468,2,47.855,
10469,2017-12-30T06:29:50Z,-32.42883333,148.31371667,8984.076662471813,1070.772980359431,8469,2,47.837,
10470,2017-12-30T06:29:51Z,-32.42866667,148.31370000,8985.076662471813,1071.772980359431,8470,2,47.821,
10471,2017-12-30T06:29:52Z,-32.42850000,148.31368333,8986.076662471813,1072.772980359431,8471,2,47.804,
10472,2017-12-30T06:29:53Z,-32.42833333,148.31366667,8987.076662471813,1073.772980359431,8472,2,47.787,
10473,2017-12-30T06:29:54Z,-32.42816667,148.31365000,8988.076662471813,1074.772980359431,8473,2,47.77,
10474,2017-12-30T06:29:55Z,-32.42800000,148.31365000,8989.076662471813,1075.772980359431,8474,2,47.754,
10475,2017-12-30T06:29:56Z,-32.42781667,148.31363333,8990.076662471813,1076.772980359431,8475,2,47.736,
10476,2017-12-30T06:29:57Z,-32.42763333,148.31363333,8991.076662471813,1077.772980359431,8476,2,47.718,
10477,2017-12-30T06:29:58Z,-32.42746667,148.31361667,8992.076662471813,1078.772980359431,8477,2,47.702,
10478,2017-12-30T06:29:59Z,-32.42728333,148.31360000,8993.076662471813,1079.772980359431,8478,2,47.683,
10479,2017-12-30T06:30:00Z,-32.42711667,148.31360000,8994.076662471813,1080.772980359431,8479,2,47.667,
10480,2017-12-30T06:30:01Z,-32.42693333,148.31358333,8995.076662471813,1081.772980359431,8480,2,47.649,
10481,2017-12-30T06:30:02Z,-32.42676667,148.31356667,8996.076662471813,1082.772980359431,8481,2,47.632,
10482,2017-12-30T06:30:03Z,-32.42660000,148.31353333,8997.076662471813,1083.772980359431,8482,2,47.615,
10483,2017-12-30T06:30:04Z,-32.42643333,148.31350000,8998.076662471813,1084.772980359431,8483,2,47.597,
10484,2017-12-30T06:30:05Z,-32.42628333,148.31345000,8999.076662471813,1085.772980359431,8484,2,47.581,
10485,2017-12-30T06:30:06Z,-32.42611667,148.31340000,9000.076662471813,1086.772980359431,8485,2,47.562,
10486,2017-12-30T06:30:07Z,-32.42596667,148.31335000,9001.076662471813,1087.772980359431,8486,2,47.546,
10487,2017-12-30T06:30:08Z,-32.42580000,148.31330000,9002.076662471813,1088.772980359431,8487,2,47.527,
10488,2017-12-30T06:30:09Z,-32.42565000,148.31325000,9003.076662471813,1089.772980359431,8488,2,47.51,
10489,2017-12-30T06:30:10Z,-32.42550000,148.31318333,9004.076662471813,1090.772980359431,8489,2,47.493,
10490,2017-12-30T06:30:11Z,-32.42535000,148.31310000,9005.076662471813,1091.772980359431,8490,2,47.474,
10491,2017-12-30T06:30:12Z,-32.42521667,148.31303333,9006.076662471813,1092.772980359431,8491,2,47.459,
10492,2017-12-30T06:30:13Z,-32.42506667,148.31296667,9007.076662471813,1093.772980359431,8492,2,47.441,
10493,2017-12-30T06:30:14Z,-32.42490000,148.31291667,9008.076662471813,1094.772980359431,8493,2,47.423,
10494,2017-12-30T06:30:15Z,-32.42473333,148.31288333,9009.076662471813,1095.772980359431,8494,2,47.405,
10495,2017-12-30T06:30:16Z,-32.42456667,148.31285000,9010.076662471813,1096.772980359431,8495,2,47.387,
10496,2017-12-30T06:30:17Z,-32.42438333,148.31283333,9011.076662471813,1097.772980359431,8496,2,47.369,
10497,2017-12-30T06:30:18Z,-32.42420000,148.31281667,9012.076662471813,1098.772980359431,8497,2,47.351,
10498,2017-12-30T06:30:19Z,-32.42403333,148.31281667,9013.076662471813,1099.772980359431,8498,2,47.335,
10499,2017-12-30T06:30:20Z,-32.42385000,148.31280000,9014.076662471813,1100.772980359431,8499,2,47.316,
10500,2017-12-30T06:30:21Z,-32.42366667,148.31276667,9015.076662471813,1101.772980359431,8500,2,47.297,
10501,2017-12-30T06:30:22Z,-32.42348333,148.31273333,9016.076662471813,1102.772980359431,8501,2,47.278,
10502,2017-12-30T06:30:23Z,-32.42331667,148.31270000,9017.076662471813,1103.772980359431,8502,2,47.26,
10503,2017-12-30T06:30:24Z,-32.42315000,148.31265000,9018.076662471813,1104.772980359431,8503,2,47.242,
10504,2017-12-30T06:30:25Z,-32.42300000,148.31260000,9019.076662471813,1105.772980359431,8504,2,47.225,
10505,2017-12-30T06:30:26Z,-32.42285000,148.31255000,9020.076662471813,1106.772980359431,8505,2,47.209,
10506,2017-12-30T06:30:27Z,-32.42270000,148.31248333,9021.076662471813,1107.772980359431,8506,2,47.191,
10507,2017-12-30T06:30:28Z,-32.42255000,148.31241667,9022.076662471813,1108.772980359431,8507,2,47.173,
10508,2017-12-30T06:30:29Z,-32.42240000,148.31235000,9023.076662471813,1109.772980359431,8508,2,47.156,
10509,2017-12-30T06:30:30Z,-32.42223333,148.31228333,9024.076662471813,1110.772980359431,8509,2,47.137,
10510,2017-12-30T06:30:31Z,-32.42206667,148.31225000,9025.076662471813,1111.772980359431,8510,2,47.119,
10511,2017-12-30T06:30:32Z,-32.42190000,148.31220000,9026.076662471813,1112.772980359431,8511,2,47.101,
10512,2017-12-30T06:30:33Z,-32.42175000,148.31216667,9027.076662471813,1113.772980359431,8512,2,47.085,
10513,2017-12-30T06:30:34Z,-32.42158333,148.31213333,9028.076662471813,1114.772980359431,8513,2,47.067,
10514,2017-12-30T06:30:35Z,-32.42141667,148.31208333,9029.076662471813,1115.772980359431,8514,2,47.049,
10515,2017-12-30T06:30:36Z,-32.42126667,148.31205000,9030.076662471813,1116.772980359431,8515,2,47.033,
10516,2017-12-30T06:30:37Z,-32.42108333,148.31203333,9031.076662471813,1117.772980359431,8516,2,47.015,
10517,2017-12-30T06:30:38Z,-32.42091667,148.31201667,9032.076662471813,1118.772980359431,8517,2,46.998,
10518,2017-12-30T06:30:39Z,-32.42073333,148.31200000,9033.076662471813,1119.772980359431,8518,2,46.979,
10519,2017-12-30T06:30:40Z,-32.42053333,148.31200000,9034.076662471813,1120.772980359431,8519,2,46.96,
10520,2017-12-30T06:30:41Z,-32.42035000,148.31196667,9035.076662471813,1121.772980359431,8520,2,46.941,
10521,2017-12-30T06:30:42Z,-32.42018333,148.31193333,9036.076662471813,1122.772980359431,8521,2,46.924,
10522,2017-12-30T06:30:43Z,-32.42001667,148.31190000,9037.076662471813,1123.772980359431,8522,2,46.906,
10523,2017-12-30T06:30:44Z,-32.41985000,148.31186667,9038.076662471813,1124.772980359431,8523,2,46.889,
10524,2017-12-30T06:30:45Z,-32.41968333,148.31183333,9039.076662471813,1125.772980359431,8524,2,46.871,
10525,2017-12-30T06:30:46Z,-32.41951667,148.31180000,9040.076662471813,1126.772980359431,8525,2,46.853,
10526,2017-12-30T06:30:47Z,-32.41935000,148.31178333,9041.076662471813,1127.772980359431,8526,2,46.837,
10527,2017-12-30T06:30:48Z,-32.41918333,148.31175000,9042.076662471813,1128.772980359431,8527,2,46.819,
10528,2017-12-30T06:30:49Z,-32.41901667,148.31173333,9043.076662471813,1129.772980359431,8528,2,46.802,
10529,2017-12-30T06:30:50Z,-32.41883333,148.31170000,9044.076662471813,1130.772980359431,8529,2,46.783,
10530,2017-12-30T06:30:51Z,-32.41866667,148.31168333,9045.076662471813,1131.772980359431,8530,2,46.767,
10531,2017-12-30T06:30:52Z,-32.41848333,148.31165000,9046.076662471813,1132.772980359431,8531,2,46.747,
10532,2017-12-30T06:30:53Z,-32.41830000,148.31163333,9047.076662471813,1133.772980359431,8532,2,46.729,
10533,2017-12-30T06:30:54Z,-32.41813333,148.31160000,9048.076662471813,1134.772980359431,8533,2,46.711,
10534,2017-12-30T06:30:55Z,-32.41795000,148.31158333,9049.076662471813,1135.772980359431,8534,2,46.693,
10535,2017-12-30T06:30:56Z,-32.41778333,148.31155000,9050.076662471813,1136.772980359431,8535,2,46.676,
10536,2017-12-30T06:30:57Z,-32.41761667,148.31151667,9051.076662471813,1137.772980359431,8536,2,46.658,
10537,2017-12-30T06:30:58Z,-32.41745000,148.31146667,9052.076662471813,1138.772980359431,8537,2,46.64,
10538,2017-12-30T06:30:59Z,-32.41728333,148.31141667,9053.076662471813,1139.772980359431,8538,2,46.621,
10539,2017-12-30T06:31:00Z,-32.41710000,148.31135000,9054.076662471813,1140.772980359431,8539,2,46.601,
10540,2017-12-30T06:31:01Z,-32.41693333,148.31130000,9055.076662471813,1141.772980359431,8540,2,46.582,
10541,2017-12-30T06:31:02Z,-32.41676667,148.31125000,9056.076662471813,1142.772980359431,8541,2,46.564,
10542,2017-12-30T06:31:03Z,-32.41658333,148.31120000,9057.076662471813,1143.772980359431,8542,2,46.544,
10543,2017-12-30T06:31:04Z,-32.41641667,148.31116667,9058.076662471813,1144.772980359431,8543,2,46.527,
10544,2017-12-30T06:31:05Z,-32.41625000,148.31113333,9059.076662471813,1145.772980359431,8544,2,46.509,
10545,2017-12-30T06:31:06Z,-32.41608333,148.31111667,9060.076662471813,1146.772980359431,8545,2,46.492,
10546,2017-12-30T06:31:07Z,-32.41590000,148.31110000,9061.076662471813,1147.772980359431,8546,2,46.474,
10547,2017-12-30T06:31:08Z,-32.41571667,148.31106667,9062.076662471813,1148.772980359431,8547,2,46.455,
10548,2017-12-30T06:31:09Z,-32.41553333,148.31105000,9063.076662471813,1149.772980359431,8548,2,46.437,
10549,2017-12-30T06:31:10Z,-32.41535000,148.31101667,9064.076662471813,1150.772980359431,8549,2,46.417,
10550,2017-12-30T06:31:11Z,-32.41516667,148.31098333,9065.076662471813,1151.772980359431,8550,2,46.398,
10551,2017-12-30T06:31:12Z,-32.41498333,148.31095000,9066.076662471813,1152.772980359431,8551,2,46.379,
10552,2017-12-30T06:31:13Z,-32.41480000,148.31091667,9067.076662471813,1153.772980359431,8552,2,46.36,
10553,2017-12-30T06:31:14Z,-32.41461667,148.31090000,9068.076662471813,1154.772980359431,8553,2,46.342,
10554,2017-12-30T06:31:15Z,-32.41443333,148.31085000,9069.076662471813,1155.772980359431,8554,2,46.322,
10555,2017-12-30T06:31:16Z,-32.41426667,148.31080000,9070.076662471813,1156.772980359431,8555,2,46.304,
10556,2017-12-30T06:31:17Z,-32.41410000,148.31073333,9071.076662471813,1157.772980359431,8556,2,46.284,
10557,2017-12-30T06:31:18Z,-32.41393333,148.31068333,9072.076662471813,1158.772980359431,8557,2,46.266,
10558,2017-12-30T06:31:19Z,-32.41378333,148.31061667,9073.076662471813,1159.772980359431,8558,2,46.249,
10559,2017-12-30T06:31:20Z,-32.41365000,148.31055000,9074.076662471813,1160.772980359431,8559,2,46.233,
10560,2017-12-30T06:31:21Z,-32.41351667,148.31050000,9075.076662471813,1161.772980359431,8560,2,46.218,
10561,2017-12-30T06:31:22Z,-32.41336667,148.31045000,9076.076662471813,1162.772980359431,8561,2,46.201,
10562,2017-12-30T06:31:23Z,-32.41323333,148.31040000,9077.076662471813,1163.772980359431,8562,2,46.186,
10563,2017-12-30T06:31:24Z,-32.41310000,148.31035000,9078.076662471813,1164.772980359431,8563,2,46.171,
10564,2017-12-30T06:31:25Z,-32.41295000,148.31030000,9079.076662471813,1165.772980359431,8564,2,46.154,
10565,2017-12-30T06:31:26Z,-32.41280000,148.31026667,9080.076662471813,1166.772980359431,8565,2,46.138,
10566,2017-12-30T06:31:27Z,-32.41265000,148.31021667,9081.076662471813,1167.772980359431,8566,2,46.121,
10567,2017-12-30T06:31:28Z,-32.41250000,148.31018333,9082.076662471813,1168.772980359431,8567,2,46.105,
10568,2017-12-30T06:31:29Z,-32.41233333,148.31013333,9083.076662471813,1169.772980359431,8568,2,46.087,
10569,2017-12-30T06:31:30Z,-32.41218333,148.31010000,9084.076662471813,1170.772980359431,8569,2,46.071,
10570,2017-12-30T06:31:31Z,-32.41205000,148.31006667,9085.076662471813,1171.772980359431,8570,2,46.057,
10571,2017-12-30T06:31:32Z,-32.41190000,148.31001667,9086.076662471813,1172.772980359431,8571,2,46.04,
10572,2017-12-30T06:31:33Z,-32.41173333,148.30996667,9087.076662471813,1173.772980359431,8572,2,46.022,
10573,2017-12-30T06:31:34Z,-32.41158333,148.30993333,9088.076662471813,1174.772980359431,8573,2,46.006,
10574,2017-12-30T06:31:35Z,-32.41141667,148.30988333,9089.076662471813,1175.772980359431,8574,2,45.987,
10575,2017-12-30T06:31:36Z,-32.41126667,148.30985000,9090.076662471813,1176.772980359431,8575,2,45.972,
10576,2017-12-30T06:31:37Z,-32.41110000,148.30983333,9091.076662471813,1177.772980359431,8576,2,45.955,
10577,2017-12-30T06:31:38Z,-32.41095000,148.30981667,9092.076662471813,1178.772980359431,8577,2,45.94,
10578,2017-12-30T06:31:39Z,-32.41078333,148.30980000,9093.076662471813,1179.772980359431,8578,2,45.923,
10579,2017-12-30T06:31:40Z,-32.41060000,148.30978333,9094.076662471813,1180.772980359431,8579,2,45.905,
10580,2017-12-30T06:31:41Z,-32.41043333,148.30976667,9095.076662471813,1181.772980359431,8580,2,45.888,
10581,2017-12-30T06:31:42Z,-32.41026667,148.30975000,9096.076662471813,1182.772980359431,8581,2,45.871,
10582,2017-12-30T06:31:43Z,-32.41010000,148.30973333,9097.076662471813,1183.772980359431,8582,2,45.855,
10583,2017-12-30T06:31:44Z,-32.40993333,148.30971667,9098.076662471813,1184.772980359431,8583,2,45.838,
10584,2017-12-30T06:31:45Z,-32.40976667,148.30968333,9099.076662471813,1185.772980359431,8584,2,45.821,
10585,2017-12-30T06:31:46Z,-32.40960000,148.30966667,9100.076662471813,1186.772980359431,8585,2,45.804,
10586,2017-12-30T06:31:47Z,-32.40945000,148.30963333,9101.076662471813,1187.772980359431,8586,2,45.788,
10587,2017-12-30T06:31:48Z,-32.40928333,148.30960000,9102.076662471813,1188.772980359431,8587,2,45.77,
10588,2017-12-30T06:31:49Z,-32.40913333,148.30958333,9103.076662471813,1189.772980359431,8588,2,45.755,
10589,2017-12-30T06:31:50Z,-32.40896667,148.30955000,9104.076662471813,1190.772980359431,8589,2,45.738,
10590,2017-12-30T06:31:51Z,-32.40880000,148.30951667,9105.076662471813,1191.772980359431,8590,2,45.72,
10591,2017-12-30T06:31:52Z,-32.40863333,148.30948333,9106.076662471813,1192.772980359431,8591,2,45.703,
10592,2017-12-30T06:31:53Z,-32.40848333,148.30946667,9107.076662471813,1193.772980359431,8592,2,45.688,
10593,2017-12-30T06:31:54Z,-32.40831667,148.30945000,9108.076662471813,1194.772980359431,8593,2,45.671,
10594,2017-12-30T06:31:55Z,-32.40815000,148.30943333,9109.076662471813,1195.772980359431,8594,2,45.654,
10595,2017-12-30T06:31:56Z,-32.40798333,148.30941667,9110.076662471813,1196.772980359431,8595,2,45.638,
10596,2017-12-30T06:31:57Z,-32.40780000,148.30940000,9111.076662471813,1197.772980359431,8596,2,45.62,
10597,2017-12-30T06:31:58Z,-32.40761667,148.30938333,9112.076662471813,1198.772980359431,8597,2,45.601,
10598,2017-12-30T06:31:59Z,-32.40743333,148.30935000,9113.076662471813,1199.772980359431,8598,2,45.582,
10599,2017-12-30T06:32:00Z,-32.40725000,148.30933333,9114.076662471813,1200.772980359431,8599,2,45.564,
10600,2017-12-30T06:32:01Z,-32.40708333,148.30931667,9115.076662471813,1201.772980359431,8600,2,45.547,
10601,2017-12-30T06:32:02Z,-32.40691667,148.30928333,9116.076662471813,1202.772980359431,8601,2,45.53,
10602,2017-12-30T06:32:03Z,-32.40675000,148.30925000,9117.076662471813,1203.772980359431,8602,2,45.512,
10603,2017-12-30T06:32:04Z,-32.40658333,148.30921667,9118.076662471813,1204.772980359431,8603,2,45.495,
10604,2017-12-30T06:32:05Z,-32.40643333,148.30918333,9119.076662471813,1205.772980359431,8604,2,45.479,
10605,2017-12-30T06:32:06Z,-32.40628333,148.30913333,9120.076662471813,1206.772980359431,8605,2,45.462,
10606,2017-12-30T06:32:07Z,-32.40613333,148.30908333,9121.076662471813,1207.772980359431,8606,2,45.446,
10607,2017-12-30T06:32:08Z,-32.40600000,148.30903333,9122.076662471813,1208.772980359431,8607,2,45.431,
10608,2017-12-30T06:32:09Z,-32.40585000,148.30898333,9123.076662471813,1209.772980359431,8608,2,45.414,
10609,2017-12-30T06:32:10Z,-32.40570000,148.30891667,9124.076662471813,1210.772980359431,8609,2,45.396,
10610,2017-12-30T06:32:11Z,-32.40556667,148.30886667,9125.076662471813,1211.772980359431,8610,2,45.381,
10611,2017-12-30T06:32:12Z,-32.40541667,148.30881667,9126.076662471813,1212.772980359431,8611,2,45.365,
10612,2017-12-30T06:32:13Z,-32.40528333,148.30876667,9127.076662471813,1213.772980359431,8612,2,45.349,
10613,2017-12-30T06:32:14Z,-32.40513333,148.30873333,9128.076662471813,1214.772980359431,8613,2,45.334,
10614,2017-12-30T06:32:15Z,-32.40498333,148.30868333,9129.076662471813,1215.772980359431,8614,2,45.317,
10615,2017-12-30T06:32:16Z,-32.40481667,148.30865000,9130.076662471813,1216.772980359431,8615,2,45.299,
10616,2017-12-30T06:32:17Z,-32.40466667,148.30863333,9131.076662471813,1217.772980359431,8616,2,45.284,
10617,2017-12-30T06:32:18Z,-32.40451667,148.30858333,9132.076662471813,1218.772980359431,8617,2,45.268,
10618,2017-12-30T06:32:19Z,-32.40436667,148.30855000,9133.076662471813,1219.772980359431,8618,2,45.252,
10619,2017-12-30T06:32:20Z,-32.40421667,148.30850000,9134.076662471813,1220.772980359431,8619,2,45.235,
10620,2017-12-30T06:32:21Z,-32.40408333,148.30845000,9135.076662471813,1221.772980359431,8620,2,45.22,
10621,2017-12-30T06:32:22Z,-32.40393333,148.30840000,9136.076662471813,1222.772980359431,8621,2,45.203,
10622,2017-12-30T06:32:23Z,-32.40378333,148.30835000,9137.076662471813,1223.772980359431,8622,2,45.187,
10623,2017-12-30T06:32:24Z,-32.40363333,148.30830000,9138.076662471813,1224.772980359431,8623,2,45.17,
10624,2017-12-30T06:32:25Z,-32.40348333,148.30825000,9139.076662471813,1225.772980359431,8624,2,45.153,
10625,2017-12-30T06:32:26Z,-32.40335000,148.30820000,9140.076662471813,1226.772980359431,8625,2,45.138,
10626,2017-12-30T06:32:27Z,-32.40321667,148.30813333,9141.076662471813,1227.772980359431,8626,2,45.122,
10627,2017-12-30T06:32:28Z,-32.40313333,148.30805000,9142.076662471813,1228.772980359431,8627,2,45.11,
10628,2017-12-30T06:32:29Z,-32.40305000,148.30796667,9143.076662471813,1229.772980359431,8628,2,45.098,
10629,2017-12-30T06:32:30Z,-32.40301667,148.30786667,9144.076662471813,1230.772980359431,8629,2,45.09,
10630,2017-12-30T06:32:31Z,-32.40298333,148.30776667,9145.076662471813,1231.772980359431,8630,2,45.082,
10631,2017-12-30T06:32:32Z,-32.40300000,148.30768333,9146.076662471813,1232.772980359431,8631,2,45.08,
10632,2017-12-30T06:32:33Z,-32.40305000,148.30760000,9147.076662471813,1233.772980359431,8632,2,45.08,
10633,2017-12-30T06:32:34Z,-32.40310000,148.30755000,9148.076662471813,1234.772980359431,8633,2,45.083,
10634,2017-12-30T06:32:35Z,-32.40318333,148.30750000,9149.076662471813,1235.772980359431,8634,2,45.088,
10635,2017-12-30T06:32:36Z,-32.40326667,148.30746667,9150.076662471813,1236.772980359431,8635,2,45.094,
10636,2017-12-30T06:32:37Z,-32.40336667,148.30745000,9151.076662471813,1237.772980359431,8636,2,45.103,
10637,2017-12-30T06:32:38Z,-32.40346667,148.30745000,9152.076662471813,1238.772980359431,8637,2,45.113,
10638,2017-12-30T06:32:39Z,-32.40356667,148.30745000,9153.076662471813,1239.772980359431,8638,2,45.122,
10639,2017-12-30T06:32:40Z,-32.40368333,148.30746667,9154.076662471813,1240.772980359431,8639,2,45.134,
10640,2017-12-30T06:32:41Z,-32.40378333,148.30748333,9155.076662471813,1241.772980359431,8640,2,45.144,
10641,2017-12-30T06:32:42Z,-32.40388333,148.30746667,9156.076662471813,1242.772980359431,8641,2,45.153,
10642,2017-12-30T06:32:43Z,-32.40396667,148.30743333,9157.076662471813,1243.772980359431,8642,2,45.159,
10643,2017-12-30T06:32:44Z,-32.40401667,148.30736667,9158.076662471813,1244.772980359431,8643,2,45.161,
10644,2017-12-30T06:32:45Z,-32.40401667,148.30728333,9159.076662471813,1245.772980359431,8644,2,45.157,
10645,2017-12-30T06:32:46Z,-32.40398333,148.30718333,9160.076662471813,1246.772980359431,8645,2,45.149,
10646,2017-12-30T06:32:47Z,-32.40391667,148.30706667,9161.076662471813,1247.772980359431,8646,2,45.137,
10647,2017-12-30T06:32:48Z,-32.40383333,148.30696667,9162.076662471813,1248.772980359431,8647,2,45.124,
10648,2017-12-30T06:32:49Z,-32.40373333,148.30686667,9163.076662471813,1249.772980359431,8648,2,45.11,
10649,2017-12-30T06:32:50Z,-32.40363333,148.30676667,9164.076662471813,1250.772980359431,8649,2,45.095,
10650,2017-12-30T06:32:51Z,-32.40351667,148.30666667,9165.076662471813,1251.772980359431,8650,2,45.079,
10651,2017-12-30T06:32:52Z,-32.40341667,148.30658333,9166.076662471813,1252.772980359431,8651,2,45.066,
10652,2017-12-30T06:32:53Z,-32.40328333,148.30650000,9167.076662471813,1253.772980359431,8652,2,45.049,
10653,2017-12-30T06:32:54Z,-32.40316667,148.30641667,9168.076662471813,1254.772980359431,8653,2,45.034,
10654,2017-12-30T06:32:55Z,-32.40303333,148.30635000,9169.076662471813,1255.772980359431,8654,2,45.018,
10655,2017-12-30T06:32:56Z,-32.40291667,148.30628333,9170.076662471813,1256.772980359431,8655,2,45.004,
10656,2017-12-30T06:32:57Z,-32.40278333,148.30621667,9171.076662471813,1257.772980359431,8656,2,44.988,
10657,2017-12-30T06:32:58Z,-32.40266667,148.30616667,9172.076662471813,1258.772980359431,8657,2,44.974,
10658,2017-12-30T06:32:59Z,-32.40253333,148.30611667,9173.076662471813,1259.772980359431,8658,2,44.959,
10659,2017-12-30T06:33:00Z,-32.40240000,148.30606667,9174.076662471813,1260.772980359431,8659,2,44.944,
10660,2017-12-30T06:33:01Z,-32.40225000,148.30601667,9175.076662471813,1261.772980359431,8660,2,44.927,
10661,2017-12-30T06:33:02Z,-32.40211667,148.30598333,9176.076662471813,1262.772980359431,8661,2,44.913,
10662,2017-12-30T06:33:03Z,-32.40198333,148.30593333,9177.076662471813,1263.772980359431,8662,2,44.898,
10663,2017-12-30T06:33:04Z,-32.40185000,148.30590000,9178.076662471813,1264.772980359431,8663,2,44.883,
10664,2017-12-30T06:33:05Z,-32.40171667,148.30585000,9179.076662471813,1265.772980359431,8664,2,44.868,
10665,2017-12-30T06:33:06Z,-32.40158333,148.30580000,9180.076662471813,1266.772980359431,8665,2,44.853,
10666,2017-12-30T06:33:07Z,-32.40143333,148.30575000,9181.076662471813,1267.772980359431,8666,2,44.837,
10667,2017-12-30T06:33:08Z,-32.40130000,148.30570000,9182.076662471813,1268.772980359431,8667,2,44.821,
10668,2017-12-30T06:33:09Z,-32.40116667,148.30563333,9183.076662471813,1269.772980359431,8668,2,44.805,
10669,2017-12-30T06:33:10Z,-32.40103333,148.30558333,9184.076662471813,1270.772980359431,8669,2,44.79,
10670,2017-12-30T06:33:11Z,-32.40091667,148.30553333,9185.076662471813,1271.772980359431,8670,2,44.777,
10671,2017-12-30T06:33:12Z,-32.40078333,148.30546667,9186.076662471813,1272.772980359431,8671,2,44.761,
10672,2017-12-30T06:33:13Z,-32.40066667,148.30541667,9187.076662471813,1273.772980359431,8672,2,44.747,
10673,2017-12-30T06:33:14Z,-32.40053333,148.30535000,9188.076662471813,1274.772980359431,8673,2,44.731,
10674,2017-12-30T06:33:15Z,-32.40040000,148.30528333,9189.076662471813,1275.772980359431,8674,2,44.716,
10675,2017-12-30T06:33:16Z,-32.40026667,148.30523333,9190.076662471813,1276.772980359431,8675,2,44.7,
10676,2017-12-30T06:33:17Z,-32.40011667,148.30518333,9191.076662471813,1277.772980359431,8676,2,44.684,
10677,2017-12-30T06:33:18Z,-32.39998333,148.30515000,9192.076662471813,1278.772980359431,8677,2,44.669,
10678,2017-12-30T06:33:19Z,-32.39983333,148.30513333,9193.076662471813,1279.772980359431,8678,2,44.654,
10679,2017-12-30T06:33:20Z,-32.39968333,148.30510000,9194.076662471813,1280.772980359431,8679,2,44.639,
10680,2017-12-30T06:33:21Z,-32.39953333,148.30508333,9195.076662471813,1281.772980359431,8680,2,44.623,
10681,2017-12-30T06:33:22Z,-32.39936667,148.30508333,9196.076662471813,1282.772980359431,8681,2,44.608,
10682,2017-12-30T06:33:23Z,-32.39920000,148.30506667,9197.076662471813,1283.772980359431,8682,2,44.591,
10683,2017-12-30T06:33:24Z,-32.39901667,148.30506667,9198.076662471813,1284.772980359431,8683,2,44.574,
10684,2017-12-30T06:33:25Z,-32.39885000,148.30508333,9199.076662471813,1285.772980359431,8684,2,44.559,
10685,2017-12-30T06:33:26Z,-32.39866667,148.30508333,9200.076662471813,1286.772980359431,8685,2,44.541,
10686,2017-12-30T06:33:27Z,-32.39848333,148.30510000,9201.076662471813,1287.772980359431,8686,2,44.525,
10687,2017-12-30T06:33:28Z,-32.39831667,148.30510000,9202.076662471813,1288.772980359431,8687,2,44.509,
10688,2017-12-30T06:33:29Z,-32.39815000,148.30510000,9203.076662471813,1289.772980359431,8688,2,44.493,
10689,2017-12-30T06:33:30Z,-32.39796667,148.30508333,9204.076662471813,1290.772980359431,8689,2,44.475,
10690,2017-12-30T06:33:31Z,-32.39781667,148.30508333,9205.076662471813,1291.772980359431,8690,2,44.461,
10691,2017-12-30T06:33:32Z,-32.39765000,148.30506667,9206.076662471813,1292.772980359431,8691,2,44.444,
10692,2017-12-30T06:33:33Z,-32.39748333,148.30505000,9207.076662471813,1293.772980359431,8692,2,44.427,
10693,2017-12-30T06:33:34Z,-32.39731667,148.30503333,9208.076662471813,1294.772980359431,8693,2,44.411,
10694,2017-12-30T06:33:35Z,-32.39715000,148.30500000,9209.076662471813,1295.772980359431,8694,2,44.393,
10695,2017-12-30T06:33:36Z,-32.39696667,148.30498333,9210.076662471813,1296.772980359431,8695,2,44.375,
10696,2017-12-30T06:33:37Z,-32.39680000,148.30496667,9211.076662471813,1297.772980359431,8696,2,44.358,
10697,2017-12-30T06:33:38Z,-32.39661667,148.30495000,9212.076662471813,1298.772980359431,8697,2,44.34,
10698,2017-12-30T06:33:39Z,-32.39643333,148.30493333,9213.076662471813,1299.772980359431,8698,2,44.322,
10699,2017-12-30T06:33:40Z,-32.39625000,148.30491667,9214.076662471813,1300.772980359431,8699,2,44.304,
10700,2017-12-30T06:33:41Z,-32.39606667,148.30488333,9215.076662471813,1301.772980359431,8700,2,44.285,
10701,2017-12-30T06:33:42Z,-32.39590000,148.30485000,9216.076662471813,1302.772980359431,8701,2,44.267,
10702,2017-12-30T06:33:43Z,-32.39571667,148.30483333,9217.076662471813,1303.772980359431,8702,2,44.249,
10703,2017-12-30T06:33:44Z,-32.39555000,148.30481667,9218.076662471813,1304.772980359431,8703,2,44.233,
10704,2017-12-30T06:33:45Z,-32.39536667,148.30481667,9219.076662471813,1305.772980359431,8704,2,44.215,
10705,2017-12-30T06:33:46Z,-32.39520000,148.30481667,9220.076662471813,1306.772980359431,8705,2,44.199,
10706,2017-12-30T06:33:47Z,-32.39501667,148.30483333,9221.076662471813,1307.772980359431,8706,2,44.183,
10707,2017-12-30T06:33:48Z,-32.39483333,148.30485000,9222.076662471813,1308.772980359431,8707,2,44.166,
10708,2017-12-30T06:33:49Z,-32.39465000,148.30488333,9223.076662471813,1309.772980359431,8708,2,44.151,
10709,2017-12-30T06:33:50Z,-32.39445000,148.30490000,9224.076662471813,1310.772980359431,8709,2,44.133,
10710,2017-12-30T06:33:51Z,-32.39426667,148.30493333,9225.076662471813,1311.772980359431,8710,2,44.117,
10711,2017-12-30T06:33:52Z,-32.39406667,148.30495000,9226.076662471813,1312.772980359431,8711,2,44.099,
10712,2017-12-30T06:33:53Z,-32.39388333,148.30496667,9227.076662471813,1313.772980359431,8712,2,44.082,
10713,2017-12-30T06:33:54Z,-32.39370000,148.30500000,9228.076662471813,1314.772980359431,8713,2,44.067,
10714,2017-12-30T06:33:55Z,-32.39350000,148.30503333,9229.076662471813,1315.772980359431,8714,2,44.049,
10715,2017-12-30T06:33:56Z,-32.39331667,148.30506667,9230.076662471813,1316.772980359431,8715,2,44.034,
10716,2017-12-30T06:33:57Z,-32.39311667,148.30510000,9231.076662471813,1317.772980359431,8716,2,44.016,
10717,2017-12-30T06:33:58Z,-32.39293333,148.30511667,9232.076662471813,1318.772980359431,8717,2,44.0,
10718,2017-12-30T06:33:59Z,-32.39275000,148.30511667,9233.076662471813,1319.772980359431,8718,2,43.983,
10719,2017-12-30T06:34:00Z,-32.39256667,148.30510000,9234.076662471813,1320.772980359431,8719,2,43.964,
10720,2017-12-30T06:34:01Z,-32.39238333,148.30508333,9235.076662471813,1321.772980359431,8720,2,43.946,
10721,2017-12-30T06:34:02Z,-32.39220000,148.30505000,9236.076662471813,1322.772980359431,8721,2,43.927,
10722,2017-12-30T06:34:03Z,-32.39203333,148.30503333,9237.076662471813,1323.772980359431,8722,2,43.911,
10723,2017-12-30T06:34:04Z,-32.39186667,148.30501667,9238.076662471813,1324.772980359431,8723,2,43.894,
10724,2017-12-30T06:34:05Z,-32.39168333,148.30500000,9239.076662471813,1325.772980359431,8724,2,43.876,
10725,2017-12-30T06:34:06Z,-32.39151667,148.30498333,9240.076662471813,1326.772980359431,8725,2,43.859,
10726,2017-12-30T06:34:07Z,-32.39133333,148.30496667,9241.076662471813,1327.772980359431,8726,2,43.841,
10727,2017-12-30T06:34:08Z,-32.39115000,148.30495000,9242.076662471813,1328.772980359431,8727,2,43.823,
10728,2017-12-30T06:34:09Z,-32.39096667,148.30495000,9243.076662471813,1329.772980359431,8728,2,43.806,
10729,2017-12-30T06:34:10Z,-32.39078333,148.30495000,9244.076662471813,1330.772980359431,8729,2,43.789,
10730,2017-12-30T06:34:11Z,-32.39058333,148.30496667,9245.076662471813,1331.772980359431,8730,2,43.771,
10731,2017-12-30T06:34:12Z,-32.39038333,148.30496667,9246.076662471813,1332.772980359431,8731,2,43.752,
10732,2017-12-30T06:34:13Z,-32.39018333,148.30498333,9247.076662471813,1333.772980359431,8732,2,43.734,
10733,2017-12-30T06:34:14Z,-32.38998333,148.30498333,9248.076662471813,1334.772980359431,8733,2,43.715,
10734,2017-12-30T06:34:15Z,-32.38978333,148.30496667,9249.076662471813,1335.772980359431,8734,2,43.695,
10735,2017-12-30T06:34:16Z,-32.38960000,148.30495000,9250.076662471813,1336.772980359431,8735,2,43.677,
10736,2017-12-30T06:34:17Z,-32.38940000,148.30493333,9251.076662471813,1337.772980359431,8736,2,43.657,
10737,2017-12-30T06:34:18Z,-32.38921667,148.30490000,9252.076662471813,1338.772980359431,8737,2,43.638,
10738,2017-12-30T06:34:19Z,-32.38903333,148.30488333,9253.076662471813,1339.772980359431,8738,2,43.62,
10739,2017-12-30T06:34:20Z,-32.38885000,148.30483333,9254.076662471813,1340.772980359431,8739,2,43.601,
10740,2017-12-30T06:34:21Z,-32.38868333,148.30480000,9255.076662471813,1341.772980359431,8740,2,43.583,
10741,2017-12-30T06:34:22Z,-32.38851667,148.30476667,9256.076662471813,1342.772980359431,8741,2,43.566,
10742,2017-12-30T06:34:23Z,-32.38835000,148.30473333,9257.076662471813,1343.772980359431,8742,2,43.548,
10743,2017-12-30T06:34:24Z,-32.38818333,148.30468333,9258.076662471813,1344.772980359431,8743,2,43.53,
10744,2017-12-30T06:34:25Z,-32.38803333,148.30465000,9259.076662471813,1345.772980359431,8744,2,43.515,
10745,2017-12-30T06:34:26Z,-32.38786667,148.30460000,9260.076662471813,1346.772980359431,8745,2,43.496,
10746,2017-12-30T06:34:27Z,-32.38771667,148.30456667,9261.076662471813,1347.772980359431,8746,2,43.481,
10747,2017-12-30T06:34:28Z,-32.38755000,148.30453333,9262.076662471813,1348.772980359431,8747,2,43.463,
10748,2017-12-30T06:34:29Z,-32.38740000,148.30448333,9263.076662471813,1349.772980359431,8748,2,43.447,
10749,2017-12-30T06:34:30Z,-32.38725000,148.30445000,9264.076662471813,1350.772980359431,8749,2,43.431,
10750,2017-12-30T06:34:31Z,-32.38710000,148.30440000,9265.076662471813,1351.772980359431,8750,2,43.414,
10751,2017-12-30T06:34:32Z,-32.38695000,148.30435000,9266.076662471813,1352.772980359431,8751,2,43.398,
10752,2017-12-30T06:34:33Z,-32.38678333,148.30428333,9267.076662471813,1353.772980359431,8752,2,43.379,
10753,2017-12-30T06:34:34Z,-32.38663333,148.30423333,9268.076662471813,1354.772980359431,8753,2,43.362,
10754,2017-12-30T06:34:35Z,-32.38648333,148.30418333,9269.076662471813,1355.772980359431,8754,2,43.345,
10755,2017-12-30T06:34:36Z,-32.38631667,148.30415000,9270.076662471813,1356.772980359431,8755,2,43.328,
10756,2017-12-30T06:34:37Z,-32.38616667,148.30411667,9271.076662471813,1357.772980359431,8756,2,43.312,
10757,2017-12-30T06:34:38Z,-32.38600000,148.30408333,9272.076662471813,1358.772980359431,8757,2,43.295,
10758,2017-12-30T06:34:39Z,-32.38585000,148.30406667,9273.076662471813,1359.772980359431,8758,2,43.28,
10759,2017-12-30T06:34:40Z,-32.38570000,148.30403333,9274.076662471813,1360.772980359431,8759,2,43.264,
10760,2017-12-30T06:34:41Z,-32.38555000,148.30398333,9275.076662471813,1361.772980359431,8760,2,43.248,
10761,2017-12-30T06:34:42Z,-32.38540000,148.30393333,9276.076662471813,1362.772980359431,8761,2,43.231,
10762,2017-12-30T06:34:43Z,-32.38526667,148.30386667,9277.076662471813,1363.772980359431,8762,2,43.215,
10763,2017-12-30T06:34:44Z,-32.38511667,148.30381667,9278.076662471813,1364.772980359431,8763,2,43.198,
10764,2017-12-30T06:34:45Z,-32.38498333,148.30375000,9279.076662471813,1365.772980359431,8764,2,43.183,
10765,2017-12-30T06:34:46Z,-32.38483333,148.30368333,9280.076662471813,1366.772980359431,8765,2,43.165,
10766,2017-12-30T06:34:47Z,-32.38466667,148.30361667,9281.076662471813,1367.772980359431,8766,2,43.146,
10767,2017-12-30T06:34:48Z,-32.38450000,148.30355000,9282.076662471813,1368.772980359431,8767,2,43.127,
10768,2017-12-30T06:34:49Z,-32.38433333,148.30348333,9283.076662471813,1369.772980359431,8768,2,43.108,
10769,2017-12-30T06:34:50Z,-32.38415000,148.30345000,9284.076662471813,1370.772980359431,8769,2,43.089,
10770,2017-12-30T06:34:51Z,-32.38396667,148.30341667,9285.076662471813,1371.772980359431,8770,2,43.07,
10771,2017-12-30T06:34:52Z,-32.38378333,148.30340000,9286.076662471813,1372.772980359431,8771,2,43.052,
10772,2017-12-30T06:34:53Z,-32.38358333,148.30338333,9287.076662471813,1373.772980359431,8772,2,43.033,
10773,2017-12-30T06:34:54Z,-32.38340000,148.30335000,9288.076662471813,1374.772980359431,8773,2,43.014,
10774,2017-12-30T06:34:55Z,-32.38320000,148.30333333,9289.076662471813,1375.772980359431,8774,2,42.994,
10775,2017-12-30T06:34:56Z,-32.38301667,148.30330000,9290.076662471813,1376.772980359431,8775,2,42.975,
10776,2017-12-30T06:34:57Z,-32.38283333,148.30328333,9291.076662471813,1377.772980359431,8776,2,42.957,
10777,2017-12-30T06:34:58Z,-32.38265000,148.30323333,9292.076662471813,1378.772980359431,8777,2,42.937,
10778,2017-12-30T06:34:59Z,-32.38246667,148.30320000,9293.076662471813,1379.772980359431,8778,2,42.919,
10779,2017-12-30T06:35:00Z,-32.38228333,148.30315000,9294.076662471813,1380.772980359431,8779,2,42.899,
10780,2017-12-30T06:35:01Z,-32.38210000,148.30311667,9295.076662471813,1381.772980359431,8780,2,42.88,
10781,2017-12-30T06:35:02Z,-32.38190000,148.30310000,9296.076662471813,1382.772980359431,8781,2,42.86,
10782,2017-12-30T06:35:03Z,-32.38171667,148.30308333,9297.076662471813,1383.772980359431,8782,2,42.842,
10783,2017-12-30T06:35:04Z,-32.38153333,148.30308333,9298.076662471813,1384.772980359431,8783,2,42.825,
10784,2017-12-30T06:35:05Z,-32.38135000,148.30308333,9299.076662471813,1385.772980359431,8784,2,42.808,
10785,2017-12-30T06:35:06Z,-32.38115000,148.30308333,9300.076662471813,1386.772980359431,8785,2,42.789,
10786,2017-12-30T06:35:07Z,-32.38095000,148.30308333,9301.076662471813,1387.772980359431,8786,2,42.77,
10787,2017-12-30T06:35:08Z,-32.38076667,148.30308333,9302.076662471813,1388.772980359431,8787,2,42.753,
10788,2017-12-30T06:35:09Z,-32.38058333,148.30305000,9303.076662471813,1389.772980359431,8788,2,42.734,
10789,2017-12-30T06:35:10Z,-32.38040000,148.30303333,9304.076662471813,1390.772980359431,8789,2,42.716,
10790,2017-12-30T06:35:11Z,-32.38020000,148.30300000,9305.076662471813,1391.772980359431,8790,2,42.696,
10791,2017-12-30T06:35:12Z,-32.38000000,148.30298333,9306.076662471813,1392.772980359431,8791,2,42.676,
10792,2017-12-30T06:35:13Z,-32.37980000,148.30296667,9307.076662471813,1393.772980359431,8792,2,42.657,
10793,2017-12-30T06:35:14Z,-32.37960000,148.30296667,9308.076662471813,1394.772980359431,8793,2,42.638,
10794,2017-12-30T06:35:15Z,-32.37940000,148.30295000,9309.076662471813,1395.772980359431,8794,2,42.618,
10795,2017-12-30T06:35:16Z,-32.37920000,148.30293333,9310.076662471813,1396.772980359431,8795,2,42.599,
10796,2017-12-30T06:35:17Z,-32.37901667,148.30290000,9311.076662471813,1397.772980359431,8796,2,42.58,
10797,2017-12-30T06:35:18Z,-32.37883333,148.30286667,9312.076662471813,1398.772980359431,8797,2,42.561,
10798,2017-12-30T06:35:19Z,-32.37863333,148.30283333,9313.076662471813,1399.772980359431,8798,2,42.541,
10799,2017-12-30T06:35:20Z,-32.37846667,148.30280000,9314.076662471813,1400.772980359431,8799,2,42.524,
10800,2017-12-30T06:35:21Z,-32.37828333,148.30276667,9315.076662471813,1401.772980359431,8800,2,42.505,
10801,2017-12-30T06:35:22Z,-32.37810000,148.30273333,9316.076662471813,1402.772980359431,8801,2,42.486,
10802,2017-12-30T06:35:23Z,-32.37791667,148.30268333,9317.076662471813,1403.772980359431,8802,2,42.466,
10803,2017-12-30T06:35:24Z,-32.37775000,148.30265000,9318.076662471813,1404.772980359431,8803,2,42.449,
10804,2017-12-30T06:35:25Z,-32.37756667,148.30260000,9319.076662471813,1405.772980359431,8804,2,42.429,
10805,2017-12-30T06:35:26Z,-32.37738333,148.30253333,9320.076662471813,1406.772980359431,8805,2,42.409,
10806,2017-12-30T06:35:27Z,-32.37721667,148.30250000,9321.076662471813,1407.772980359431,8806,2,42.391,
10807,2017-12-30T06:35:28Z,-32.37703333,148.30246667,9322.076662471813,1408.772980359431,8807,2,42.373,
10808,2017-12-30T06:35:29Z,-32.37686667,148.30245000,9323.076662471813,1409.772980359431,8808,2,42.356,
10809,2017-12-30T06:35:30Z,-32.37666667,148.30243333,9324.076662471813,1410.772980359431,8809,2,42.337,
10810,2017-12-30T06:35:31Z,-32.37646667,148.30243333,9325.076662471813,1411.772980359431,8810,2,42.318,
10811,2017-12-30T06:35:32Z,-32.37625000,148.30241667,9326.076662471813,1412.772980359431,8811,2,42.297,
10812,2017-12-30T06:35:33Z,-32.37605000,148.30241667,9327.076662471813,1413.772980359431,8812,2,42.278,
10813,2017-12-30T06:35:34Z,-32.37583333,148.30241667,9328.076662471813,1414.772980359431,8813,2,42.258,
10814,2017-12-30T06:35:35Z,-32.37563333,148.30241667,9329.076662471813,1415.772980359431,8814,2,42.239,
10815,2017-12-30T06:35:36Z,-32.37543333,148.30241667,9330.076662471813,1416.772980359431,8815,2,42.221,
10816,2017-12-30T06:35:37Z,-32.37525000,148.30241667,9331.076662471813,1417.772980359431,8816,2,42.203,
10817,2017-12-30T06:35:38Z,-32.37505000,148.30241667,9332.076662471813,1418.772980359431,8817,2,42.185,
10818,2017-12-30T06:35:39Z,-32.37485000,148.30241667,9333.076662471813,1419.772980359431,8818,2,42.166,
10819,2017-12-30T06:35:40Z,-32.37465000,148.30241667,9334.076662471813,1420.772980359431,8819,2,42.147,
10820,2017-12-30T06:35:41Z,-32.37445000,148.30243333,9335.076662471813,1421.772980359431,8820,2,42.13,
10821,2017-12-30T06:35:42Z,-32.37425000,148.30243333,9336.076662471813,1422.772980359431,8821,2,42.111,
10822,2017-12-30T06:35:43Z,-32.37405000,148.30243333,9337.076662471813,1423.772980359431,8822,2,42.092,
10823,2017-12-30T06:35:44Z,-32.37385000,148.30246667,9338.076662471813,1424.772980359431,8823,2,42.075,
10824,2017-12-30T06:35:45Z,-32.37365000,148.30248333,9339.076662471813,1425.772980359431,8824,2,42.057,
10825,2017-12-30T06:35:46Z,-32.37343333,148.30251667,9340.076662471813,1426.772980359431,8825,2,42.039,
10826,2017-12-30T06:35:47Z,-32.37321667,148.30253333,9341.076662471813,1427.772980359431,8826,2,42.019,
10827,2017-12-30T06:35:48Z,-32.37301667,148.30253333,9342.076662471813,1428.772980359431,8827,2,42.001,
10828,2017-12-30T06:35:49Z,-32.37281667,148.30255000,9343.076662471813,1429.772980359431,8828,2,41.983,
10829,2017-12-30T06:35:50Z,-32.37263333,148.30255000,9344.076662471813,1430.772980359431,8829,2,41.965,
10830,2017-12-30T06:35:51Z,-32.37246667,148.30253333,9345.076662471813,1431.772980359431,8830,2,41.949,
10831,2017-12-30T06:35:52Z,-32.37228333,148.30251667,9346.076662471813,1432.772980359431,8831,2,41.931,
10832,2017-12-30T06:35:53Z,-32.37210000,148.30250000,9347.076662471813,1433.772980359431,8832,2,41.913,
10833,2017-12-30T06:35:54Z,-32.37191667,148.30250000,9348.076662471813,1434.772980359431,8833,2,41.896,
10834,2017-12-30T06:35:55Z,-32.37171667,148.30248333,9349.076662471813,1435.772980359431,8834,2,41.876,
10835,2017-12-30T06:35:56Z,-32.37151667,148.30246667,9350.076662471813,1436.772980359431,8835,2,41.857,
10836,2017-12-30T06:35:57Z,-32.37133333,148.30246667,9351.076662471813,1437.772980359431,8836,2,41.84,
10837,2017-12-30T06:35:58Z,-32.37113333,148.30246667,9352.076662471813,1438.772980359431,8837,2,41.821,
10838,2017-12-30T06:35:59Z,-32.37093333,148.30248333,9353.076662471813,1439.772980359431,8838,2,41.803,
10839,2017-12-30T06:36:00Z,-32.37073333,148.30248333,9354.076662471813,1440.772980359431,8839,2,41.784,
10840,2017-12-30T06:36:01Z,-32.37053333,148.30248333,9355.076662471813,1441.772980359431,8840,2,41.766,
10841,2017-12-30T06:36:02Z,-32.37035000,148.30250000,9356.076662471813,1442.772980359431,8841,2,41.749,
10842,2017-12-30T06:36:03Z,-32.37015000,148.30250000,9357.076662471813,1443.772980359431,8842,2,41.731,
10843,2017-12-30T06:36:04Z,-32.36995000,148.30251667,9358.076662471813,1444.772980359431,8843,2,41.713,
10844,2017-12-30T06:36:05Z,-32.36975000,148.30251667,9359.076662471813,1445.772980359431,8844,2,41.694,
10845,2017-12-30T06:36:06Z,-32.36955000,148.30253333,9360.076662471813,1446.772980359431,8845,2,41.676,
10846,2017-12-30T06:36:07Z,-32.36936667,148.30255000,9361.076662471813,1447.772980359431,8846,2,41.66,
10847,2017-12-30T06:36:08Z,-32.36916667,148.30253333,9362.076662471813,1448.772980359431,8847,2,41.641,
10848,2017-12-30T06:36:09Z,-32.36898333,148.30253333,9363.076662471813,1449.772980359431,8848,2,41.623,
10849,2017-12-30T06:36:10Z,-32.36876667,148.30251667,9364.076662471813,1450.772980359431,8849,2,41.602,
10850,2017-12-30T06:36:11Z,-32.36856667,148.30251667,9365.076662471813,1451.772980359431,8850,2,41.584,
10851,2017-12-30T06:36:12Z,-32.36836667,148.30251667,9366.076662471813,1452.772980359431,8851,2,41.565,
10852,2017-12-30T06:36:13Z,-32.36816667,148.30253333,9367.076662471813,1453.772980359431,8852,2,41.547,
10853,2017-12-30T06:36:14Z,-32.36798333,148.30255000,9368.076662471813,1454.772980359431,8853,2,41.531,
10854,2017-12-30T06:36:15Z,-32.36778333,148.30256667,9369.076662471813,1455.772980359431,8854,2,41.513,
10855,2017-12-30T06:36:16Z,-32.36758333,148.30258333,9370.076662471813,1456.772980359431,8855,2,41.495,
10856,2017-12-30T06:36:17Z,-32.36738333,148.30260000,9371.076662471813,1457.772980359431,8856,2,41.478,
10857,2017-12-30T06:36:18Z,-32.36718333,148.30260000,9372.076662471813,1458.772980359431,8857,2,41.459,
10858,2017-12-30T06:36:19Z,-32.36698333,148.30261667,9373.076662471813,1459.772980359431,8858,2,41.441,
10859,2017-12-30T06:36:20Z,-32.36678333,148.30263333,9374.076662471813,1460.772980359431,8859,2,41.423,
10860,2017-12-30T06:36:21Z,-32.36660000,148.30265000,9375.076662471813,1461.772980359431,8860,2,41.407,
10861,2017-12-30T06:36:22Z,-32.36640000,148.30266667,9376.076662471813,1462.772980359431,8861,2,41.389,
10862,2017-12-30T06:36:23Z,-32.36620000,148.30268333,9377.076662471813,1463.772980359431,8862,2,41.372,
10863,2017-12-30T06:36:24Z,-32.36601667,148.30270000,9378.076662471813,1464.772980359431,8863,2,41.355,
10864,2017-12-30T06:36:25Z,-32.36581667,148.30270000,9379.076662471813,1465.772980359431,8864,2,41.337,
10865,2017-12-30T06:36:26Z,-32.36560000,148.30271667,9380.076662471813,1466.772980359431,8865,2,41.318,
10866,2017-12-30T06:36:27Z,-32.36540000,148.30271667,9381.076662471813,1467.772980359431,8866,2,41.299,
10867,2017-12-30T06:36:28Z,-32.36520000,148.30273333,9382.076662471813,1468.772980359431,8867,2,41.281,
10868,2017-12-30T06:36:29Z,-32.36500000,148.30276667,9383.076662471813,1469.772980359431,8868,2,41.264,
10869,2017-12-30T06:36:30Z,-32.36481667,148.30278333,9384.076662471813,1470.772980359431,8869,2,41.248,
10870,2017-12-30T06:36:31Z,-32.36461667,148.30281667,9385.076662471813,1471.772980359431,8870,2,41.231,
10871,2017-12-30T06:36:32Z,-32.36441667,148.30285000,9386.076662471813,1472.772980359431,8871,2,41.214,
10872,2017-12-30T06:36:33Z,-32.36420000,148.30288333,9387.076662471813,1473.772980359431,8872,2,41.196,
10873,2017-12-30T06:36:34Z,-32.36400000,148.30290000,9388.076662471813,1474.772980359431,8873,2,41.178,
10874,2017-12-30T06:36:35Z,-32.36380000,148.30293333,9389.076662471813,1475.772980359431,8874,2,41.162,
10875,2017-12-30T06:36:36Z,-32.36360000,148.30295000,9390.076662471813,1476.772980359431,8875,2,41.144,
10876,2017-12-30T06:36:37Z,-32.36338333,148.30298333,9391.076662471813,1477.772980359431,8876,2,41.125,
10877,2017-12-30T06:36:38Z,-32.36318333,148.30300000,9392.076662471813,1478.772980359431,8877,2,41.108,
10878,2017-12-30T06:36:39Z,-32.36296667,148.30301667,9393.076662471813,1479.772980359431,8878,2,41.089,
10879,2017-12-30T06:36:40Z,-32.36276667,148.30301667,9394.076662471813,1480.772980359431,8879,2,41.07,
10880,2017-12-30T06:36:41Z,-32.36255000,148.30303333,9395.076662471813,1481.772980359431,8880,2,41.051,
10881,2017-12-30T06:36:42Z,-32.36235000,148.30303333,9396.076662471813,1482.772980359431,8881,2,41.032,
10882,2017-12-30T06:36:43Z,-32.36215000,148.30306667,9397.076662471813,1483.772980359431,8882,2,41.015,
10883,2017-12-30T06:36:44Z,-32.36195000,148.30308333,9398.076662471813,1484.772980359431,8883,2,40.998,
10884,2017-12-30T06:36:45Z,-32.36175000,148.30311667,9399.076662471813,1485.772980359431,8884,2,40.981,
10885,2017-12-30T06:36:46Z,-32.36155000,148.30313333,9400.076662471813,1486.772980359431,8885,2,40.963,
10886,2017-12-30T06:36:47Z,-32.36135000,148.30316667,9401.076662471813,1487.772980359431,8886,2,40.947,
10887,2017-12-30T06:36:48Z,-32.36115000,148.30318333,9402.076662471813,1488.772980359431,8887,2,40.929,
10888,2017-12-30T06:36:49Z,-32.36095000,148.30321667,9403.076662471813,1489.772980359431,8888,2,40.912,
10889,2017-12-30T06:36:50Z,-32.36073333,148.30323333,9404.076662471813,1490.772980359431,8889,2,40.893,
10890,2017-12-30T06:36:51Z,-32.36053333,148.30325000,9405.076662471813,1491.772980359431,8890,2,40.875,
10891,2017-12-30T06:36:52Z,-32.36033333,148.30328333,9406.076662471813,1492.772980359431,8891,2,40.859,
10892,2017-12-30T06:36:53Z,-32.36013333,148.30331667,9407.076662471813,1493.772980359431,8892,2,40.842,
10893,2017-12-30T06:36:54Z,-32.35991667,148.30335000,9408.076662471813,1494.772980359431,8893,2,40.824,
10894,2017-12-30T06:36:55Z,-32.35971667,148.30338333,9409.076662471813,1495.772980359431,8894,2,40.807,
10895,2017-12-30T06:36:56Z,-32.35951667,148.30341667,9410.076662471813,1496.772980359431,8895,2,40.79,
10896,2017-12-30T06:36:57Z,-32.35931667,148.30345000,9411.076662471813,1497.772980359431,8896,2,40.773,
10897,2017-12-30T06:36:58Z,-32.35911667,148.30346667,9412.076662471813,1498.772980359431,8897,2,40.756,
10898,2017-12-30T06:36:59Z,-32.35891667,148.30348333,9413.076662471813,1499.772980359431,8898,2,40.738,
10899,2017-12-30T06:37:00Z,-32.35871667,148.30348333,9414.076662471813,1500.772980359431,8899,2,40.72,
10900,2017-12-30T06:37:01Z,-32.35853333,148.30348333,9415.076662471813,1501.772980359431,8900,2,40.703,
10901,2017-12-30T06:37:02Z,-32.35835000,148.30348333,9416.076662471813,1502.772980359431,8901,2,40.686,
10902,2017-12-30T06:37:03Z,-32.35816667,148.30346667,9417.076662471813,1503.772980359431,8902,2,40.668,
10903,2017-12-30T06:37:04Z,-32.35800000,148.30345000,9418.076662471813,1504.772980359431,8903,2,40.652,
10904,2017-12-30T06:37:05Z,-32.35781667,148.30343333,9419.076662471813,1505.772980359431,8904,2,40.634,
10905,2017-12-30T06:37:06Z,-32.35763333,148.30340000,9420.076662471813,1506.772980359431,8905,2,40.615,
10906,2017-12-30T06:37:07Z,-32.35745000,148.30338333,9421.076662471813,1507.772980359431,8906,2,40.598,
10907,2017-12-30T06:37:08Z,-32.35726667,148.30336667,9422.076662471813,1508.772980359431,8907,2,40.58,
10908,2017-12-30T06:37:09Z,-32.35708333,148.30333333,9423.076662471813,1509.772980359431,8908,2,40.561,
10909,2017-12-30T06:37:10Z,-32.35690000,148.30331667,9424.076662471813,1510.772980359431,8909,2,40.543,
10910,2017-12-30T06:37:11Z,-32.35671667,148.30331667,9425.076662471813,1511.772980359431,8910,2,40.527,
10911,2017-12-30T06:37:12Z,-32.35651667,148.30331667,9426.076662471813,1512.772980359431,8911,2,40.508,
10912,2017-12-30T06:37:13Z,-32.35633333,148.30333333,9427.076662471813,1513.772980359431,8912,2,40.492,
10913,2017-12-30T06:37:14Z,-32.35613333,148.30335000,9428.076662471813,1514.772980359431,8913,2,40.475,
10914,2017-12-30T06:37:15Z,-32.35593333,148.30336667,9429.076662471813,1515.772980359431,8914,2,40.457,
10915,2017-12-30T06:37:16Z,-32.35573333,148.30338333,9430.076662471813,1516.772980359431,8915,2,40.44,
10916,2017-12-30T06:37:17Z,-32.35555000,148.30340000,9431.076662471813,1517.772980359431,8916,2,40.424,
10917,2017-12-30T06:37:18Z,-32.35535000,148.30340000,9432.076662471813,1518.772980359431,8917,2,40.405,
10918,2017-12-30T06:37:19Z,-32.35513333,148.30341667,9433.076662471813,1519.772980359431,8918,2,40.386,
10919,2017-12-30T06:37:20Z,-32.35493333,148.30343333,9434.076662471813,1520.772980359431,8919,2,40.369,
10920,2017-12-30T06:37:21Z,-32.35471667,148.30345000,9435.076662471813,1521.772980359431,8920,2,40.35,
10921,2017-12-30T06:37:22Z,-32.35451667,148.30348333,9436.076662471813,1522.772980359431,8921,2,40.333,
10922,2017-12-30T06:37:23Z,-32.35431667,148.30351667,9437.076662471813,1523.772980359431,8922,2,40.316,
10923,2017-12-30T06:37:24Z,-32.35411667,148.30355000,9438.076662471813,1524.772980359431,8923,2,40.3,
10924,2017-12-30T06:37:25Z,-32.35391667,148.30356667,9439.076662471813,1525.772980359431,8924,2,40.282,
10925,2017-12-30T06:37:26Z,-32.35371667,148.30358333,9440.076662471813,1526.772980359431,8925,2,40.265,
10926,2017-12-30T06:37:27Z,-32.35351667,148.30360000,9441.076662471813,1527.772980359431,8926,2,40.247,
10927,2017-12-30T06:37:28Z,-32.35333333,148.30363333,9442.076662471813,1528.772980359431,8927,2,40.232,
10928,2017-12-30T06:37:29Z,-32.35315000,148.30365000,9443.076662471813,1529.772980359431,8928,2,40.216,
10929,2017-12-30T06:37:30Z,-32.35296667,148.30366667,9444.076662471813,1530.772980359431,8929,2,40.2,
10930,2017-12-30T06:37:31Z,-32.35278333,148.30370000,9445.076662471813,1531.772980359431,8930,2,40.185,
10931,2017-12-30T06:37:32Z,-32.35260000,148.30371667,9446.076662471813,1532.772980359431,8931,2,40.169,
10932,2017-12-30T06:37:33Z,-32.35241667,148.30373333,9447.076662471813,1533.772980359431,8932,2,40.154,
10933,2017-12-30T06:37:34Z,-32.35221667,148.30376667,9448.076662471813,1534.772980359431,8933,2,40.137,
10934,2017-12-30T06:37:35Z,-32.35201667,148.30378333,9449.076662471813,1535.772980359431,8934,2,40.12,
10935,2017-12-30T06:37:36Z,-32.35181667,148.30381667,9450.076662471813,1536.772980359431,8935,2,40.103,
10936,2017-12-30T06:37:37Z,-32.35163333,148.30385000,9451.076662471813,1537.772980359431,8936,2,40.088,
10937,2017-12-30T06:37:38Z,-32.35143333,148.30388333,9452.076662471813,1538.772980359431,8937,2,40.071,
10938,2017-12-30T06:37:39Z,-32.35125000,148.30391667,9453.076662471813,1539.772980359431,8938,2,40.056,
10939,2017-12-30T06:37:40Z,-32.35105000,148.30393333,9454.076662471813,1540.772980359431,8939,2,40.039,
10940,2017-12-30T06:37:41Z,-32.35086667,148.30396667,9455.076662471813,1541.772980359431,8940,2,40.024,
10941,2017-12-30T06:37:42Z,-32.35070000,148.30398333,9456.076662471813,1542.772980359431,8941,2,40.01,
10942,2017-12-30T06:37:43Z,-32.35051667,148.30398333,9457.076662471813,1543.772980359431,8942,2,39.993,
10943,2017-12-30T06:37:44Z,-32.35033333,148.30400000,9458.076662471813,1544.772980359431,8943,2,39.977,
10944,2017-12-30T06:37:45Z,-32.35015000,148.30400000,9459.076662471813,1545.772980359431,8944,2,39.96,
10945,2017-12-30T06:37:46Z,-32.34996667,148.30403333,9460.076662471813,1546.772980359431,8945,2,39.945,
10946,2017-12-30T06:37:47Z,-32.34978333,148.30406667,9461.076662471813,1547.772980359431,8946,2,39.93,
10947,2017-12-30T06:37:48Z,-32.34960000,148.30410000,9462.076662471813,1548.772980359431,8947,2,39.915,
10948,2017-12-30T06:37:49Z,-32.34941667,148.30413333,9463.076662471813,1549.772980359431,8948,2,39.901,
10949,2017-12-30T06:37:50Z,-32.34923333,148.30418333,9464.076662471813,1550.772980359431,8949,2,39.886,
10950,2017-12-30T06:37:51Z,-32.34903333,148.30421667,9465.076662471813,1551.772980359431,8950,2,39.87,
10951,2017-12-30T06:37:52Z,-32.34885000,148.30426667,9466.076662471813,1552.772980359431,8951,2,39.856,
10952,2017-12-30T06:37:53Z,-32.34865000,148.30430000,9467.076662471813,1553.772980359431,8952,2,39.84,
10953,2017-12-30T06:37:54Z,-32.34846667,148.30433333,9468.076662471813,1554.772980359431,8953,2,39.825,
10954,2017-12-30T06:37:55Z,-32.34828333,148.30436667,9469.076662471813,1555.772980359431,8954,2,39.81,
10955,2017-12-30T06:37:56Z,-32.34808333,148.30440000,9470.076662471813,1556.772980359431,8955,2,39.793,
10956,2017-12-30T06:37:57Z,-32.34788333,148.30441667,9471.076662471813,1557.772980359431,8956,2,39.776,
10957,2017-12-30T06:37:58Z,-32.34768333,148.30445000,9472.076662471813,1558.772980359431,8957,2,39.759,
10958,2017-12-30T06:37:59Z,-32.34750000,148.30448333,9473.076662471813,1559.772980359431,8958,2,39.745,
10959,2017-12-30T06:38:00Z,-32.34730000,148.30451667,9474.076662471813,1560.772980359431,8959,2,39.728,
10960,2017-12-30T06:38:01Z,-32.34710000,148.30455000,9475.076662471813,1561.772980359431,8960,2,39.712,
10961,2017-12-30T06:38:02Z,-32.34690000,148.30458333,9476.076662471813,1562.772980359431,8961,2,39.695,
10962,2017-12-30T06:38:03Z,-32.34670000,148.30460000,9477.076662471813,1563.772980359431,8962,2,39.678,
10963,2017-12-30T06:38:04Z,-32.34650000,148.30463333,9478.076662471813,1564.772980359431,8963,2,39.662,
10964,2017-12-30T06:38:05Z,-32.34630000,148.30465000,9479.076662471813,1565.772980359431,8964,2,39.644,
10965,2017-12-30T06:38:06Z,-32.34610000,148.30470000,9480.076662471813,1566.772980359431,8965,2,39.629,
10966,2017-12-30T06:38:07Z,-32.34588333,148.30473333,9481.076662471813,1567.772980359431,8966,2,39.611,
10967,2017-12-30T06:38:08Z,-32.34568333,148.30478333,9482.076662471813,1568.772980359431,8967,2,39.596,
10968,2017-12-30T06:38:09Z,-32.34550000,148.30481667,9483.076662471813,1569.772980359431,8968,2,39.581,
10969,2017-12-30T06:38:10Z,-32.34530000,148.30485000,9484.076662471813,1570.772980359431,8969,2,39.564,
10970,2017-12-30T06:38:11Z,-32.34511667,148.30486667,9485.076662471813,1571.772980359431,8970,2,39.549,
10971,2017-12-30T06:38:12Z,-32.34493333,148.30490000,9486.076662471813,1572.772980359431,8971,2,39.534,
10972,2017-12-30T06:38:13Z,-32.34473333,148.30493333,9487.076662471813,1573.772980359431,8972,2,39.517,
10973,2017-12-30T06:38:14Z,-32.34455000,148.30498333,9488.076662471813,1574.772980359431,8973,2,39.503,
10974,2017-12-30T06:38:15Z,-32.34435000,148.30503333,9489.076662471813,1575.772980359431,8974,2,39.488,
10975,2017-12-30T06:38:16Z,-32.34416667,148.30508333,9490.076662471813,1576.772980359431,8975,2,39.474,
10976,2017-12-30T06:38:17Z,-32.34396667,148.30511667,9491.076662471813,1577.772980359431,8976,2,39.457,
10977,2017-12-30T06:38:18Z,-32.34378333,148.30515000,9492.076662471813,1578.772980359431,8977,2,39.442,
10978,2017-12-30T06:38:19Z,-32.34358333,148.30516667,9493.076662471813,1579.772980359431,8978,2,39.425,
10979,2017-12-30T06:38:20Z,-32.34340000,148.30520000,9494.076662471813,1580.772980359431,8979,2,39.41,
10980,2017-12-30T06:38:21Z,-32.34320000,148.30523333,9495.076662471813,1581.772980359431,8980,2,39.393,
10981,2017-12-30T06:38:22Z,-32.34300000,148.30528333,9496.076662471813,1582.772980359431,8981,2,39.378,
10982,2017-12-30T06:38:23Z,-32.34278333,148.30531667,9497.076662471813,1583.772980359431,8982,2,39.36,
10983,2017-12-30T06:38:24Z,-32.34260000,148.30535000,9498.076662471813,1584.772980359431,8983,2,39.345,
10984,2017-12-30T06:38:25Z,-32.34240000,148.30536667,9499.076662471813,1585.772980359431,8984,2,39.328,
10985,2017-12-30T06:38:26Z,-32.34221667,148.30540000,9500.076662471813,1586.772980359431,8985,2,39.313,
10986,2017-12-30T06:38:27Z,-32.34201667,148.30541667,9501.076662471813,1587.772980359431,8986,2,39.296,
10987,2017-12-30T06:38:28Z,-32.34183333,148.30545000,9502.076662471813,1588.772980359431,8987,2,39.281,
10988,2017-12-30T06:38:29Z,-32.34163333,148.30546667,9503.076662471813,1589.772980359431,8988,2,39.263,
10989,2017-12-30T06:38:30Z,-32.34145000,148.30548333,9504.076662471813,1590.772980359431,8989,2,39.248,
10990,2017-12-30T06:38:31Z,-32.34126667,148.30548333,9505.076662471813,1591.772980359431,8990,2,39.231,
10991,2017-12-30T06:38:32Z,-32.34108333,148.30548333,9506.076662471813,1592.772980359431,8991,2,39.214,
10992,2017-12-30T06:38:33Z,-32.34091667,148.30548333,9507.076662471813,1593.772980359431,8992,2,39.199,
10993,2017-12-30T06:38:34Z,-32.34075000,148.30550000,9508.076662471813,1594.772980359431,8993,2,39.185,
10994,2017-12-30T06:38:35Z,-32.34056667,148.30550000,9509.076662471813,1595.772980359431,8994,2,39.168,
10995,2017-12-30T06:38:36Z,-32.34038333,148.30553333,9510.076662471813,1596.772980359431,8995,2,39.153,
10996,2017-12-30T06:38:37Z,-32.34020000,148.30556667,9511.076662471813,1597.772980359431,8996,2,39.139,
10997,2017-12-30T06:38:38Z,-32.34000000,148.30560000,9512.076662471813,1598.772980359431,8997,2,39.122,
10998,2017-12-30T06:38:39Z,-32.33981667,148.30561667,9513.076662471813,1599.772980359431,8998,2,39.106,
10999,2017-12-30T06:38:40Z,-32.33963333,148.30561667,9514.076662471813,1600.772980359431,8999,2,39.09,
11000,2017-12-30T06:38:41Z,-32.33945000,148.30561667,9515.076662471813,1601.772980359431,9000,2,39.073,
11001,2017-12-30T06:38:42Z,-32.33926667,148.30560000,9516.076662471813,1602.772980359431,9001,2,39.056,
11002,2017-12-30T06:38:43Z,-32.33910000,148.30556667,9517.076662471813,1603.772980359431,9002,2,39.039,
11003,2017-12-30T06:38:44Z,-32.33891667,148.30555000,9518.076662471813,1604.772980359431,9003,2,39.021,
11004,2017-12-30T06:38:45Z,-32.33875000,148.30551667,9519.076662471813,1605.772980359431,9004,2,39.004,
11005,2017-12-30T06:38:46Z,-32.33856667,148.30548333,9520.076662471813,1606.772980359431,9005,2,38.986,
11006,2017-12-30T06:38:47Z,-32.33840000,148.30545000,9521.076662471813,1607.772980359431,9006,2,38.969,
11007,2017-12-30T06:38:48Z,-32.33821667,148.30541667,9522.076662471813,1608.772980359431,9007,2,38.95,
11008,2017-12-30T06:38:49Z,-32.33805000,148.30538333,9523.076662471813,1609.772980359431,9008,2,38.934,
11009,2017-12-30T06:38:50Z,-32.33786667,148.30535000,9524.076662471813,1610.772980359431,9009,2,38.915,
11010,2017-12-30T06:38:51Z,-32.33770000,148.30531667,9525.076662471813,1611.772980359431,9010,2,38.898,
11011,2017-12-30T06:38:52Z,-32.33751667,148.30528333,9526.076662471813,1612.772980359431,9011,2,38.88,
11012,2017-12-30T06:38:53Z,-32.33735000,148.30525000,9527.076662471813,1613.772980359431,9012,2,38.863,
11013,2017-12-30T06:38:54Z,-32.33718333,148.30521667,9528.076662471813,1614.772980359431,9013,2,38.846,
11014,2017-12-30T06:38:55Z,-32.33700000,148.30520000,9529.076662471813,1615.772980359431,9014,2,38.828,
11015,2017-12-30T06:38:56Z,-32.33681667,148.30516667,9530.076662471813,1616.772980359431,9015,2,38.81,
11016,2017-12-30T06:38:57Z,-32.33663333,148.30515000,9531.076662471813,1617.772980359431,9016,2,38.793,
11017,2017-12-30T06:38:58Z,-32.33645000,148.30511667,9532.076662471813,1618.772980359431,9017,2,38.774,
11018,2017-12-30T06:38:59Z,-32.33626667,148.30510000,9533.076662471813,1619.772980359431,9018,2,38.757,
11019,2017-12-30T06:39:00Z,-32.33608333,148.30505000,9534.076662471813,1620.772980359431,9019,2,38.737,
11020,2017-12-30T06:39:01Z,-32.33590000,148.30501667,9535.076662471813,1621.772980359431,9020,2,38.719,
11021,2017-12-30T06:39:02Z,-32.33571667,148.30496667,9536.076662471813,1622.772980359431,9021,2,38.7,
11022,2017-12-30T06:39:03Z,-32.33555000,148.30491667,9537.076662471813,1623.772980359431,9022,2,38.682,
11023,2017-12-30T06:39:04Z,-32.33536667,148.30485000,9538.076662471813,1624.772980359431,9023,2,38.662,
11024,2017-12-30T06:39:05Z,-32.33520000,148.30478333,9539.076662471813,1625.772980359431,9024,2,38.643,
11025,2017-12-30T06:39:06Z,-32.33501667,148.30471667,9540.076662471813,1626.772980359431,9025,2,38.623,
11026,2017-12-30T06:39:07Z,-32.33485000,148.30465000,9541.076662471813,1627.772980359431,9026,2,38.604,
11027,2017-12-30T06:39:08Z,-32.33468333,148.30458333,9542.076662471813,1628.772980359431,9027,2,38.585,
11028,2017-12-30T06:39:09Z,-32.33453333,148.30453333,9543.076662471813,1629.772980359431,9028,2,38.569,
11029,2017-12-30T06:39:10Z,-32.33438333,148.30448333,9544.076662471813,1630.772980359431,9029,2,38.553,
11030,2017-12-30T06:39:11Z,-32.33421667,148.30443333,9545.076662471813,1631.772980359431,9030,2,38.535,
11031,2017-12-30T06:39:12Z,-32.33405000,148.30438333,9546.076662471813,1632.772980359431,9031,2,38.517,
11032,2017-12-30T06:39:13Z,-32.33388333,148.30431667,9547.076662471813,1633.772980359431,9032,2,38.498,
11033,2017-12-30T06:39:14Z,-32.33371667,148.30425000,9548.076662471813,1634.772980359431,9033,2,38.48,
11034,2017-12-30T06:39:15Z,-32.33355000,148.30420000,9549.076662471813,1635.772980359431,9034,2,38.462,
11035,2017-12-30T06:39:16Z,-32.33338333,148.30413333,9550.076662471813,1636.772980359431,9035,2,38.443,
11036,2017-12-30T06:39:17Z,-32.33321667,148.30408333,9551.076662471813,1637.772980359431,9036,2,38.425,
11037,2017-12-30T06:39:18Z,-32.33305000,148.30401667,9552.076662471813,1638.772980359431,9037,2,38.407,
11038,2017-12-30T06:39:19Z,-32.33286667,148.30396667,9553.076662471813,1639.772980359431,9038,2,38.387,
11039,2017-12-30T06:39:20Z,-32.33270000,148.30391667,9554.076662471813,1640.772980359431,9039,2,38.37,
11040,2017-12-30T06:39:21Z,-32.33253333,148.30386667,9555.076662471813,1641.772980359431,9040,2,38.352,
11041,2017-12-30T06:39:22Z,-32.33238333,148.30381667,9556.076662471813,1642.772980359431,9041,2,38.336,
11042,2017-12-30T06:39:23Z,-32.33221667,148.30376667,9557.076662471813,1643.772980359431,9042,2,38.318,
11043,2017-12-30T06:39:24Z,-32.33206667,148.30371667,9558.076662471813,1644.772980359431,9043,2,38.302,
11044,2017-12-30T06:39:25Z,-32.33191667,148.30365000,9559.076662471813,1645.772980359431,9044,2,38.284,
11045,2017-12-30T06:39:26Z,-32.33176667,148.30358333,9560.076662471813,1646.772980359431,9045,2,38.267,
11046,2017-12-30T06:39:27Z,-32.33161667,148.30350000,9561.076662471813,1647.772980359431,9046,2,38.249,
11047,2017-12-30T06:39:28Z,-32.33146667,148.30343333,9562.076662471813,1648.772980359431,9047,2,38.232,
11048,2017-12-30T06:39:29Z,-32.33131667,148.30336667,9563.076662471813,1649.772980359431,9048,2,38.215,
11049,2017-12-30T06:39:30Z,-32.33116667,148.30330000,9564.076662471813,1650.772980359431,9049,2,38.198,
11050,2017-12-30T06:39:31Z,-32.33101667,148.30323333,9565.076662471813,1651.772980359431,9050,2,38.18,
11051,2017-12-30T06:39:32Z,-32.33086667,148.30316667,9566.076662471813,1652.772980359431,9051,2,38.163,
11052,2017-12-30T06:39:33Z,-32.33070000,148.30310000,9567.076662471813,1653.772980359431,9052,2,38.144,
11053,2017-12-30T06:39:34Z,-32.33055000,148.30303333,9568.076662471813,1654.772980359431,9053,2,38.127,
11054,2017-12-30T06:39:35Z,-32.33038333,148.30295000,9569.076662471813,1655.772980359431,9054,2,38.108,
11055,2017-12-30T06:39:36Z,-32.33023333,148.30288333,9570.076662471813,1656.772980359431,9055,2,38.091,
11056,2017-12-30T06:39:37Z,-32.33008333,148.30281667,9571.076662471813,1657.772980359431,9056,2,38.073,
11057,2017-12-30T06:39:38Z,-32.32995000,148.30275000,9572.076662471813,1658.772980359431,9057,2,38.058,
11058,2017-12-30T06:39:39Z,-32.32978333,148.30271667,9573.076662471813,1659.772980359431,9058,2,38.041,
11059,2017-12-30T06:39:40Z,-32.32963333,148.30268333,9574.076662471813,1660.772980359431,9059,2,38.025,
11060,2017-12-30T06:39:41Z,-32.32948333,148.30268333,9575.076662471813,1661.772980359431,9060,2,38.012,
11061,2017-12-30T06:39:42Z,-32.32931667,148.30270000,9576.076662471813,1662.772980359431,9061,2,37.998,
11062,2017-12-30T06:39:43Z,-32.32915000,148.30273333,9577.076662471813,1663.772980359431,9062,2,37.985,
11063,2017-12-30T06:39:44Z,-32.32898333,148.30281667,9578.076662471813,1664.772980359431,9063,2,37.974,
11064,2017-12-30T06:39:45Z,-32.32881667,148.30295000,9579.076662471813,1665.772980359431,9064,2,37.967,
11065,2017-12-30T06:39:46Z,-32.32868333,148.30315000,9580.076662471813,1666.772980359431,9065,2,37.966,
11066,2017-12-30T06:39:47Z,-32.32860000,148.30338333,9581.076662471813,1667.772980359431,9066,2,37.971,
11067,2017-12-30T06:39:48Z,-32.32858333,148.30361667,9582.076662471813,1668.772980359431,9067,2,37.983,
11068,2017-12-30T06:39:49Z,-32.32860000,148.30385000,9583.076662471813,1669.772980359431,9068,2,37.997,
11069,2017-12-30T06:39:50Z,-32.32863333,148.30405000,9584.076662471813,1670.772980359431,9069,2,38.011,
11070,2017-12-30T06:39:51Z,-32.32868333,148.30425000,9585.076662471813,1671.772980359431,9070,2,38.027,
11071,2017-12-30T06:39:52Z,-32.32873333,148.30443333,9586.076662471813,1672.772980359431,9071,2,38.041,
11072,2017-12-30T06:39:53Z,-32.32878333,148.30460000,9587.076662471813,1673.772980359431,9072,2,38.055,
11073,2017-12-30T06:39:54Z,-32.32885000,148.30475000,9588.076662471813,1674.772980359431,9073,2,38.07,
11074,2017-12-30T06:39:55Z,-32.32893333,148.30486667,9589.076662471813,1675.772980359431,9074,2,38.083,
11075,2017-12-30T06:39:56Z,-32.32901667,148.30493333,9590.076662471813,1676.772980359431,9075,2,38.095,
11076,2017-12-30T06:39:57Z,-32.32911667,148.30500000,9591.076662471813,1677.772980359431,9076,2,38.107,
11077,2017-12-30T06:39:58Z,-32.32918333,148.30505000,9592.076662471813,1678.772980359431,9077,2,38.116,
11078,2017-12-30T06:39:59Z,-32.32926667,148.30506667,9593.076662471813,1679.772980359431,9078,2,38.124,
11079,2017-12-30T06:40:00Z,-32.32931667,148.30505000,9594.076662471813,1680.772980359431,9079,2,38.128,
11080,2017-12-30T06:40:01Z,-32.32936667,148.30500000,9595.076662471813,1681.772980359431,9080,2,38.13,
11081,2017-12-30T06:40:02Z,-32.32940000,148.30493333,9596.076662471813,1682.772980359431,9081,2,38.129,
11082,2017-12-30T06:40:03Z,-32.32941667,148.30486667,9597.076662471813,1683.772980359431,9082,2,38.127,
11083,2017-12-30T06:40:04Z,-32.32941667,148.30476667,9598.076662471813,1684.772980359431,9083,2,38.121,
11084,2017-12-30T06:40:05Z,-32.32938333,148.30468333,9599.076662471813,1685.772980359431,9084,2,38.114,
11085,2017-12-30T06:40:06Z,-32.32933333,148.30458333,9600.076662471813,1686.772980359431,9085,2,38.104,
11086,2017-12-30T06:40:07Z,-32.32926667,148.30448333,9601.076662471813,1687.772980359431,9086,2,38.092,
11087,2017-12-30T06:40:08Z,-32.32916667,148.30436667,9602.076662471813,1688.772980359431,9087,2,38.077,
11088,2017-12-30T06:40:09Z,-32.32908333,148.30428333,9603.076662471813,1689.772980359431,9088,2,38.065,
11089,2017-12-30T06:40:10Z,-32.32896667,148.30420000,9604.076662471813,1690.772980359431,9089,2,38.049,
11090,2017-12-30T06:40:11Z,-32.32885000,148.30413333,9605.076662471813,1691.772980359431,9090,2,38.035,
11091,2017-12-30T06:40:12Z,-32.32870000,148.30408333,9606.076662471813,1692.772980359431,9091,2,38.019,
11092,2017-12-30T06:40:13Z,-32.32855000,148.30405000,9607.076662471813,1693.772980359431,9092,2,38.004,
11093,2017-12-30T06:40:14Z,-32.32838333,148.30401667,9608.076662471813,1694.772980359431,9093,2,37.987,
11094,2017-12-30T06:40:15Z,-32.32820000,148.30400000,9609.076662471813,1695.772980359431,9094,2,37.97,
11095,2017-12-30T06:40:16Z,-32.32803333,148.30396667,9610.076662471813,1696.772980359431,9095,2,37.953,
11096,2017-12-30T06:40:17Z,-32.32785000,148.30395000,9611.076662471813,1697.772980359431,9096,2,37.935,
11097,2017-12-30T06:40:18Z,-32.32768333,148.30390000,9612.076662471813,1698.772980359431,9097,2,37.918,
11098,2017-12-30T06:40:19Z,-32.32751667,148.30386667,9613.076662471813,1699.772980359431,9098,2,37.901,
11099,2017-12-30T06:40:20Z,-32.32735000,148.30381667,9614.076662471813,1700.772980359431,9099,2,37.883,
11100,2017-12-30T06:40:21Z,-32.32720000,148.30375000,9615.076662471813,1701.772980359431,9100,2,37.866,
11101,2017-12-30T06:40:22Z,-32.32705000,148.30368333,9616.076662471813,1702.772980359431,9101,2,37.849,
11102,2017-12-30T06:40:23Z,-32.32690000,148.30361667,9617.076662471813,1703.772980359431,9102,2,37.832,
11103,2017-12-30T06:40:24Z,-32.32676667,148.30355000,9618.076662471813,1704.772980359431,9103,2,37.816,
11104,2017-12-30T06:40:25Z,-32.32661667,148.30351667,9619.076662471813,1705.772980359431,9104,2,37.801,
11105,2017-12-30T06:40:26Z,-32.32646667,148.30348333,9620.076662471813,1706.772980359431,9105,2,37.785,
11106,2017-12-30T06:40:27Z,-32.32630000,148.30351667,9621.076662471813,1707.772980359431,9106,2,37.772,
11107,2017-12-30T06:40:28Z,-32.32613333,148.30358333,9622.076662471813,1708.772980359431,9107,2,37.761,
11108,2017-12-30T06:40:29Z,-32.32596667,148.30370000,9623.076662471813,1709.772980359431,9108,2,37.753,
11109,2017-12-30T06:40:30Z,-32.32583333,148.30390000,9624.076662471813,1710.772980359431,9109,2,37.752,
11110,2017-12-30T06:40:31Z,-32.32573333,148.30411667,9625.076662471813,1711.772980359431,9110,2,37.755,
11111,2017-12-30T06:40:32Z,-32.32568333,148.30436667,9626.076662471813,1712.772980359431,9111,2,37.765,
11112,2017-12-30T06:40:33Z,-32.32565000,148.30460000,9627.076662471813,1713.772980359431,9112,2,37.775,
11113,2017-12-30T06:40:34Z,-32.32566667,148.30481667,9628.076662471813,1714.772980359431,9113,2,37.788,
11114,2017-12-30T06:40:35Z,-32.32571667,148.30500000,9629.076662471813,1715.772980359431,9114,2,37.803,
11115,2017-12-30T06:40:36Z,-32.32576667,148.30515000,9630.076662471813,1716.772980359431,9115,2,37.816,
11116,2017-12-30T06:40:37Z,-32.32581667,148.30525000,9631.076662471813,1717.772980359431,9116,2,37.826,
11117,2017-12-30T06:40:38Z,-32.32588333,148.30533333,9632.076662471813,1718.772980359431,9117,2,37.837,
11118,2017-12-30T06:40:39Z,-32.32596667,148.30536667,9633.076662471813,1719.772980359431,9118,2,37.846,
11119,2017-12-30T06:40:40Z,-32.32601667,148.30540000,9634.076662471813,1720.772980359431,9119,2,37.852,
11120,2017-12-30T06:40:41Z,-32.32606667,148.30540000,9635.076662471813,1721.772980359431,9120,2,37.857,
11121,2017-12-30T06:40:42Z,-32.32610000,148.30540000,9636.076662471813,1722.772980359431,9121,2,37.86,
11122,2017-12-30T06:40:43Z,-32.32613333,148.30535000,9637.076662471813,1723.772980359431,9122,2,37.86,
11123,2017-12-30T06:40:44Z,-32.32613333,148.30528333,9638.076662471813,1724.772980359431,9123,2,37.856,
11124,2017-12-30T06:40:45Z,-32.32613333,148.30521667,9639.076662471813,1725.772980359431,9124,2,37.852,
11125,2017-12-30T06:40:46Z,-32.32610000,148.30515000,9640.076662471813,1726.772980359431,9125,2,37.846,
11126,2017-12-30T06:40:47Z,-32.32605000,148.30506667,9641.076662471813,1727.772980359431,9126,2,37.837,
11127,2017-12-30T06:40:48Z,-32.32598333,148.30498333,9642.076662471813,1728.772980359431,9127,2,37.826,
11128,2017-12-30T06:40:49Z,-32.32590000,148.30491667,9643.076662471813,1729.772980359431,9128,2,37.815,
11129,2017-12-30T06:40:50Z,-32.32583333,148.30483333,9644.076662471813,1730.772980359431,9129,2,37.804,
11130,2017-12-30T06:40:51Z,-32.32575000,148.30476667,9645.076662471813,1731.772980359431,9130,2,37.793,
11131,2017-12-30T06:40:52Z,-32.32566667,148.30468333,9646.076662471813,1732.772980359431,9131,2,37.781,
11132,2017-12-30T06:40:53Z,-32.32556667,148.30460000,9647.076662471813,1733.772980359431,9132,2,37.767,
11133,2017-12-30T06:40:54Z,-32.32543333,148.30455000,9648.076662471813,1734.772980359431,9133,2,37.753,
11134,2017-12-30T06:40:55Z,-32.32528333,148.30451667,9649.076662471813,1735.772980359431,9134,2,37.737,
11135,2017-12-30T06:40:56Z,-32.32510000,148.30450000,9650.076662471813,1736.772980359431,9135,2,37.72,
11136,2017-12-30T06:40:57Z,-32.32491667,148.30453333,9651.076662471813,1737.772980359431,9136,2,37.706,
11137,2017-12-30T06:40:58Z,-32.32473333,148.30461667,9652.076662471813,1738.772980359431,9137,2,37.694,
11138,2017-12-30T06:40:59Z,-32.32456667,148.30476667,9653.076662471813,1739.772980359431,9138,2,37.687,
11139,2017-12-30T06:41:00Z,-32.32443333,148.30496667,9654.076662471813,1740.772980359431,9139,2,37.687,
11140,2017-12-30T06:41:01Z,-32.32431667,148.30516667,9655.076662471813,1741.772980359431,9140,2,37.688,
11141,2017-12-30T06:41:02Z,-32.32418333,148.30538333,9656.076662471813,1742.772980359431,9141,2,37.688,
11142,2017-12-30T06:41:03Z,-32.32406667,148.30560000,9657.076662471813,1743.772980359431,9142,2,37.69,
11143,2017-12-30T06:41:04Z,-32.32393333,148.30580000,9658.076662471813,1744.772980359431,9143,2,37.689,
11144,2017-12-30T06:41:05Z,-32.32380000,148.30600000,9659.076662471813,1745.772980359431,9144,2,37.689,
11145,2017-12-30T06:41:06Z,-32.32366667,148.30620000,9660.076662471813,1746.772980359431,9145,2,37.688,
11146,2017-12-30T06:41:07Z,-32.32358333,148.30641667,9661.076662471813,1747.772980359431,9146,2,37.693,
11147,2017-12-30T06:41:08Z,-32.32353333,148.30665000,9662.076662471813,1748.772980359431,9147,2,37.702,
11148,2017-12-30T06:41:09Z,-32.32351667,148.30688333,9663.076662471813,1749.772980359431,9148,2,37.713,
11149,2017-12-30T06:41:10Z,-32.32353333,148.30710000,9664.076662471813,1750.772980359431,9149,2,37.727,
11150,2017-12-30T06:41:11Z,-32.32356667,148.30731667,9665.076662471813,1751.772980359431,9150,2,37.742,
11151,2017-12-30T06:41:12Z,-32.32361667,148.30753333,9666.076662471813,1752.772980359431,9151,2,37.759,
11152,2017-12-30T06:41:13Z,-32.32368333,148.30768333,9667.076662471813,1753.772980359431,9152,2,37.773,
11153,2017-12-30T06:41:14Z,-32.32375000,148.30780000,9668.076662471813,1754.772980359431,9153,2,37.786,
11154,2017-12-30T06:41:15Z,-32.32383333,148.30785000,9669.076662471813,1755.772980359431,9154,2,37.796,
11155,2017-12-30T06:41:16Z,-32.32390000,148.30786667,9670.076662471813,1756.772980359431,9155,2,37.803,
11156,2017-12-30T06:41:17Z,-32.32395000,148.30785000,9671.076662471813,1757.772980359431,9156,2,37.807,
11157,2017-12-30T06:41:18Z,-32.32396667,148.30780000,9672.076662471813,1758.772980359431,9157,2,37.805,
11158,2017-12-30T06:41:19Z,-32.32393333,148.30771667,9673.076662471813,1759.772980359431,9158,2,37.798,
11159,2017-12-30T06:41:20Z,-32.32386667,148.30765000,9674.076662471813,1760.772980359431,9159,2,37.788,
11160,2017-12-30T06:41:21Z,-32.32378333,148.30758333,9675.076662471813,1761.772980359431,9160,2,37.777,
11161,2017-12-30T06:41:22Z,-32.32366667,148.30753333,9676.076662471813,1762.772980359431,9161,2,37.763,
11162,2017-12-30T06:41:23Z,-32.32353333,148.30750000,9677.076662471813,1763.772980359431,9162,2,37.75,
11163,2017-12-30T06:41:24Z,-32.32338333,148.30750000,9678.076662471813,1764.772980359431,9163,2,37.736,
11164,2017-12-30T06:41:25Z,-32.32323333,148.30751667,9679.076662471813,1765.772980359431,9164,2,37.724,
11165,2017-12-30T06:41:26Z,-32.32305000,148.30755000,9680.076662471813,1766.772980359431,9165,2,37.71,
11166,2017-12-30T06:41:27Z,-32.32288333,148.30763333,9681.076662471813,1767.772980359431,9166,2,37.7,
11167,2017-12-30T06:41:28Z,-32.32270000,148.30773333,9682.076662471813,1768.772980359431,9167,2,37.689,
11168,2017-12-30T06:41:29Z,-32.32251667,148.30783333,9683.076662471813,1769.772980359431,9168,2,37.679,
11169,2017-12-30T06:41:30Z,-32.32230000,148.30796667,9684.076662471813,1770.772980359431,9169,2,37.667,
11170,2017-12-30T06:41:31Z,-32.32210000,148.30808333,9685.076662471813,1771.772980359431,9170,2,37.656,
11171,2017-12-30T06:41:32Z,-32.32190000,148.30820000,9686.076662471813,1772.772980359431,9171,2,37.645,
11172,2017-12-30T06:41:33Z,-32.32171667,148.30830000,9687.076662471813,1773.772980359431,9172,2,37.634,
11173,2017-12-30T06:41:34Z,-32.32153333,148.30836667,9688.076662471813,1774.772980359431,9173,2,37.622,
11174,2017-12-30T06:41:35Z,-32.32136667,148.30841667,9689.076662471813,1775.772980359431,9174,2,37.61,
11175,2017-12-30T06:41:36Z,-32.32120000,148.30848333,9690.076662471813,1776.772980359431,9175,2,37.599,
11176,2017-12-30T06:41:37Z,-32.32103333,148.30860000,9691.076662471813,1777.772980359431,9176,2,37.591,
11177,2017-12-30T06:41:38Z,-32.32086667,148.30871667,9692.076662471813,1778.772980359431,9177,2,37.583,
11178,2017-12-30T06:41:39Z,-32.32070000,148.30886667,9693.076662471813,1779.772980359431,9178,2,37.577,
11179,2017-12-30T06:41:40Z,-32.32053333,148.30903333,9694.076662471813,1780.772980359431,9179,2,37.572,
11180,2017-12-30T06:41:41Z,-32.32038333,148.30923333,9695.076662471813,1781.772980359431,9180,2,37.57,
11181,2017-12-30T06:41:42Z,-32.32023333,148.30946667,9696.076662471813,1782.772980359431,9181,2,37.57,
11182,2017-12-30T06:41:43Z,-32.32010000,148.30970000,9697.076662471813,1783.772980359431,9182,2,37.571,
11183,2017-12-30T06:41:44Z,-32.31995000,148.30995000,9698.076662471813,1784.772980359431,9183,2,37.572,
11184,2017-12-30T06:41:45Z,-32.31981667,148.31020000,9699.076662471813,1785.772980359431,9184,2,37.574,
11185,2017-12-30T06:41:46Z,-32.31966667,148.31043333,9700.076662471813,1786.772980359431,9185,2,37.574,
11186,2017-12-30T06:41:47Z,-32.31955000,148.31068333,9701.076662471813,1787.772980359431,9186,2,37.578,
11187,2017-12-30T06:41:48Z,-32.31946667,148.31091667,9702.076662471813,1788.772980359431,9187,2,37.584,
11188,2017-12-30T06:41:49Z,-32.31941667,148.31115000,9703.076662471813,1789.772980359431,9188,2,37.593,
11189,2017-12-30T06:41:50Z,-32.31941667,148.31138333,9704.076662471813,1790.772980359431,9189,2,37.606,
11190,2017-12-30T06:41:51Z,-32.31943333,148.31156667,9705.076662471813,1791.772980359431,9190,2,37.618,
11191,2017-12-30T06:41:52Z,-32.31950000,148.31171667,9706.076662471813,1792.772980359431,9191,2,37.633,
11192,2017-12-30T06:41:53Z,-32.31958333,148.31181667,9707.076662471813,1793.772980359431,9192,2,37.646,
11193,2017-12-30T06:41:54Z,-32.31966667,148.31186667,9708.076662471813,1794.772980359431,9193,2,37.656,
11194,2017-12-30T06:41:55Z,-32.31975000,148.31188333,9709.076662471813,1795.772980359431,9194,2,37.664,
11195,2017-12-30T06:41:56Z,-32.31981667,148.31186667,9710.076662471813,1796.772980359431,9195,2,37.669,
11196,2017-12-30T06:41:57Z,-32.31985000,148.31185000,9711.076662471813,1797.772980359431,9196,2,37.671,
11197,2017-12-30T06:41:58Z,-32.31986667,148.31185000,9712.076662471813,1798.772980359431,9197,2,37.673,
11198,2017-12-30T06:41:59Z,-32.31986667,148.31180000,9713.076662471813,1799.772980359431,9198,2,37.67,
11199,2017-12-30T06:42:00Z,-32.31986667,148.31175000,9714.076662471813,1800.772980359431,9199,2,37.667,
11200,2017-12-30T06:42:01Z,-32.31986667,148.31166667,9715.076662471813,1801.772980359431,9200,2,37.662,
11201,2017-12-30T06:42:02Z,-32.31986667,148.31156667,9716.076662471813,1802.772980359431,9201,2,37.657,
11202,2017-12-30T06:42:03Z,-32.31985000,148.31146667,9717.076662471813,1803.772980359431,9202,2,37.649,
11203,2017-12-30T06:42:04Z,-32.31983333,148.31138333,9718.076662471813,1804.772980359431,9203,2,37.643,
11204,2017-12-30T06:42:05Z,-32.31980000,148.31130000,9719.076662471813,1805.772980359431,9204,2,37.636,
11205,2017-12-30T06:42:06Z,-32.31975000,148.31121667,9720.076662471813,1806.772980359431,9205,2,37.626,
11206,2017-12-30T06:42:07Z,-32.31968333,148.31111667,9721.076662471813,1807.772980359431,9206,2,37.615,
11207,2017-12-30T06:42:08Z,-32.31960000,148.31101667,9722.076662471813,1808.772980359431,9207,2,37.602,
11208,2017-12-30T06:42:09Z,-32.31953333,148.31088333,9723.076662471813,1809.772980359431,9208,2,37.588,
11209,2017-12-30T06:42:10Z,-32.31945000,148.31078333,9724.076662471813,1810.772980359431,9209,2,37.575,
11210,2017-12-30T06:42:11Z,-32.31936667,148.31070000,9725.076662471813,1811.772980359431,9210,2,37.563,
11211,2017-12-30T06:42:12Z,-32.31926667,148.31063333,9726.076662471813,1812.772980359431,9211,2,37.55,
11212,2017-12-30T06:42:13Z,-32.31918333,148.31058333,9727.076662471813,1813.772980359431,9212,2,37.54,
11213,2017-12-30T06:42:14Z,-32.31906667,148.31055000,9728.076662471813,1814.772980359431,9213,2,37.528,
11214,2017-12-30T06:42:15Z,-32.31891667,148.31053333,9729.076662471813,1815.772980359431,9214,2,37.514,
11215,2017-12-30T06:42:16Z,-32.31876667,148.31055000,9730.076662471813,1816.772980359431,9215,2,37.501,
11216,2017-12-30T06:42:17Z,-32.31860000,148.31061667,9731.076662471813,1817.772980359431,9216,2,37.49,
11217,2017-12-30T06:42:18Z,-32.31841667,148.31071667,9732.076662471813,1818.772980359431,9217,2,37.48,
11218,2017-12-30T06:42:19Z,-32.31826667,148.31088333,9733.076662471813,1819.772980359431,9218,2,37.476,
11219,2017-12-30T06:42:20Z,-32.31815000,148.31110000,9734.076662471813,1820.772980359431,9219,2,37.478,
11220,2017-12-30T06:42:21Z,-32.31806667,148.31133333,9735.076662471813,1821.772980359431,9220,2,37.484,
11221,2017-12-30T06:42:22Z,-32.31803333,148.31158333,9736.076662471813,1822.772980359431,9221,2,37.496,
11222,2017-12-30T06:42:23Z,-32.31805000,148.31180000,9737.076662471813,1823.772980359431,9222,2,37.51,
11223,2017-12-30T06:42:24Z,-32.31808333,148.31200000,9738.076662471813,1824.772980359431,9223,2,37.524,
11224,2017-12-30T06:42:25Z,-32.31815000,148.31215000,9739.076662471813,1825.772980359431,9224,2,37.538,
11225,2017-12-30T06:42:26Z,-32.31821667,148.31225000,9740.076662471813,1826.772980359431,9225,2,37.55,
11226,2017-12-30T06:42:27Z,-32.31826667,148.31228333,9741.076662471813,1827.772980359431,9226,2,37.556,
11227,2017-12-30T06:42:28Z,-32.31828333,148.31223333,9742.076662471813,1828.772980359431,9227,2,37.555,
11228,2017-12-30T06:42:29Z,-32.31826667,148.31215000,9743.076662471813,1829.772980359431,9228,2,37.549,
11229,2017-12-30T06:42:30Z,-32.31823333,148.31208333,9744.076662471813,1830.772980359431,9229,2,37.542,
11230,2017-12-30T06:42:31Z,-32.31815000,148.31203333,9745.076662471813,1831.772980359431,9230,2,37.532,
11231,2017-12-30T06:42:32Z,-32.31805000,148.31198333,9746.076662471813,1832.772980359431,9231,2,37.52,
11232,2017-12-30T06:42:33Z,-32.31791667,148.31195000,9747.076662471813,1833.772980359431,9232,2,37.506,
11233,2017-12-30T06:42:34Z,-32.31775000,148.31193333,9748.076662471813,1834.772980359431,9233,2,37.491,
11234,2017-12-30T06:42:35Z,-32.31758333,148.31191667,9749.076662471813,1835.772980359431,9234,2,37.475,
11235,2017-12-30T06:42:36Z,-32.31740000,148.31195000,9750.076662471813,1836.772980359431,9235,2,37.461,
11236,2017-12-30T06:42:37Z,-32.31723333,148.31198333,9751.076662471813,1837.772980359431,9236,2,37.448,
11237,2017-12-30T06:42:38Z,-32.31706667,148.31205000,9752.076662471813,1838.772980359431,9237,2,37.437,
11238,2017-12-30T06:42:39Z,-32.31690000,148.31215000,9753.076662471813,1839.772980359431,9238,2,37.428,
11239,2017-12-30T06:42:40Z,-32.31675000,148.31226667,9754.076662471813,1840.772980359431,9239,2,37.422,
11240,2017-12-30T06:42:41Z,-32.31663333,148.31245000,9755.076662471813,1841.772980359431,9240,2,37.422,
11241,2017-12-30T06:42:42Z,-32.31655000,148.31266667,9756.076662471813,1842.772980359431,9241,2,37.427,
11242,2017-12-30T06:42:43Z,-32.31651667,148.31290000,9757.076662471813,1843.772980359431,9242,2,37.438,
11243,2017-12-30T06:42:44Z,-32.31653333,148.31313333,9758.076662471813,1844.772980359431,9243,2,37.453,
11244,2017-12-30T06:42:45Z,-32.31658333,148.31333333,9759.076662471813,1845.772980359431,9244,2,37.469,
11245,2017-12-30T06:42:46Z,-32.31665000,148.31350000,9760.076662471813,1846.772980359431,9245,2,37.484,
11246,2017-12-30T06:42:47Z,-32.31673333,148.31361667,9761.076662471813,1847.772980359431,9246,2,37.498,
11247,2017-12-30T06:42:48Z,-32.31681667,148.31366667,9762.076662471813,1848.772980359431,9247,2,37.508,
11248,2017-12-30T06:42:49Z,-32.31688333,148.31366667,9763.076662471813,1849.772980359431,9248,2,37.514,
11249,2017-12-30T06:42:50Z,-32.31691667,148.31363333,9764.076662471813,1850.772980359431,9249,2,37.515,
11250,2017-12-30T06:42:51Z,-32.31690000,148.31356667,9765.076662471813,1851.772980359431,9250,2,37.51,
11251,2017-12-30T06:42:52Z,-32.31685000,148.31350000,9766.076662471813,1852.772980359431,9251,2,37.502,
11252,2017-12-30T06:42:53Z,-32.31675000,148.31345000,9767.076662471813,1853.772980359431,9252,2,37.49,
11253,2017-12-30T06:42:54Z,-32.31661667,148.31343333,9768.076662471813,1854.772980359431,9253,2,37.477,
11254,2017-12-30T06:42:55Z,-32.31646667,148.31345000,9769.076662471813,1855.772980359431,9254,2,37.465,
11255,2017-12-30T06:42:56Z,-32.31630000,148.31350000,9770.076662471813,1856.772980359431,9255,2,37.454,
11256,2017-12-30T06:42:57Z,-32.31611667,148.31356667,9771.076662471813,1857.772980359431,9256,2,37.441,
11257,2017-12-30T06:42:58Z,-32.31595000,148.31365000,9772.076662471813,1858.772980359431,9257,2,37.432,
11258,2017-12-30T06:42:59Z,-32.31576667,148.31376667,9773.076662471813,1859.772980359431,9258,2,37.422,
11259,2017-12-30T06:43:00Z,-32.31560000,148.31391667,9774.076662471813,1860.772980359431,9259,2,37.416,
11260,2017-12-30T06:43:01Z,-32.31545000,148.31410000,9775.076662471813,1861.772980359431,9260,2,37.414,
11261,2017-12-30T06:43:02Z,-32.31531667,148.31431667,9776.076662471813,1862.772980359431,9261,2,37.415,
11262,2017-12-30T06:43:03Z,-32.31523333,148.31453333,9777.076662471813,1863.772980359431,9262,2,37.42,
11263,2017-12-30T06:43:04Z,-32.31518333,148.31475000,9778.076662471813,1864.772980359431,9263,2,37.428,
11264,2017-12-30T06:43:05Z,-32.31518333,148.31495000,9779.076662471813,1865.772980359431,9264,2,37.44,
11265,2017-12-30T06:43:06Z,-32.31521667,148.31515000,9780.076662471813,1866.772980359431,9265,2,37.454,
11266,2017-12-30T06:43:07Z,-32.31528333,148.31533333,9781.076662471813,1867.772980359431,9266,2,37.471,
11267,2017-12-30T06:43:08Z,-32.31536667,148.31548333,9782.076662471813,1868.772980359431,9267,2,37.487,
11268,2017-12-30T06:43:09Z,-32.31546667,148.31561667,9783.076662471813,1869.772980359431,9268,2,37.503,
11269,2017-12-30T06:43:10Z,-32.31555000,148.31573333,9784.076662471813,1870.772980359431,9269,2,37.517,
11270,2017-12-30T06:43:11Z,-32.31563333,148.31580000,9785.076662471813,1871.772980359431,9270,2,37.529,
11271,2017-12-30T06:43:12Z,-32.31571667,148.31585000,9786.076662471813,1872.772980359431,9271,2,37.539,
11272,2017-12-30T06:43:13Z,-32.31580000,148.31586667,9787.076662471813,1873.772980359431,9272,2,37.547,
11273,2017-12-30T06:43:14Z,-32.31585000,148.31585000,9788.076662471813,1874.772980359431,9273,2,37.55,
11274,2017-12-30T06:43:15Z,-32.31588333,148.31583333,9789.076662471813,1875.772980359431,9274,2,37.552,
11275,2017-12-30T06:43:16Z,-32.31588333,148.31578333,9790.076662471813,1876.772980359431,9275,2,37.549,
11276,2017-12-30T06:43:17Z,-32.31586667,148.31571667,9791.076662471813,1877.772980359431,9276,2,37.544,
11277,2017-12-30T06:43:18Z,-32.31580000,148.31565000,9792.076662471813,1878.772980359431,9277,2,37.534,
11278,2017-12-30T06:43:19Z,-32.31570000,148.31560000,9793.076662471813,1879.772980359431,9278,2,37.523,
11279,2017-12-30T06:43:20Z,-32.31556667,148.31555000,9794.076662471813,1880.772980359431,9279,2,37.508,
11280,2017-12-30T06:43:21Z,-32.31541667,148.31553333,9795.076662471813,1881.772980359431,9280,2,37.494,
11281,2017-12-30T06:43:22Z,-32.31526667,148.31555000,9796.076662471813,1882.772980359431,9281,2,37.482,
11282,2017-12-30T06:43:23Z,-32.31508333,148.31558333,9797.076662471813,1883.772980359431,9282,2,37.468,
11283,2017-12-30T06:43:24Z,-32.31491667,148.31566667,9798.076662471813,1884.772980359431,9283,2,37.458,
11284,2017-12-30T06:43:25Z,-32.31475000,148.31578333,9799.076662471813,1885.772980359431,9284,2,37.451,
11285,2017-12-30T06:43:26Z,-32.31458333,148.31595000,9800.076662471813,1886.772980359431,9285,2,37.446,
11286,2017-12-30T06:43:27Z,-32.31446667,148.31615000,9801.076662471813,1887.772980359431,9286,2,37.447,
11287,2017-12-30T06:43:28Z,-32.31436667,148.31636667,9802.076662471813,1888.772980359431,9287,2,37.451,
11288,2017-12-30T06:43:29Z,-32.31431667,148.31660000,9803.076662471813,1889.772980359431,9288,2,37.461,
11289,2017-12-30T06:43:30Z,-32.31431667,148.31683333,9804.076662471813,1890.772980359431,9289,2,37.474,
11290,2017-12-30T06:43:31Z,-32.31438333,148.31703333,9805.076662471813,1891.772980359431,9290,2,37.492,
11291,2017-12-30T06:43:32Z,-32.31448333,148.31716667,9806.076662471813,1892.772980359431,9291,2,37.508,
11292,2017-12-30T06:43:33Z,-32.31458333,148.31723333,9807.076662471813,1893.772980359431,9292,2,37.521,
11293,2017-12-30T06:43:34Z,-32.31466667,148.31725000,9808.076662471813,1894.772980359431,9293,2,37.529,
11294,2017-12-30T06:43:35Z,-32.31471667,148.31723333,9809.076662471813,1895.772980359431,9294,2,37.532,
11295,2017-12-30T06:43:36Z,-32.31473333,148.31720000,9810.076662471813,1896.772980359431,9295,2,37.532,
11296,2017-12-30T06:43:37Z,-32.31471667,148.31711667,9811.076662471813,1897.772980359431,9296,2,37.526,
11297,2017-12-30T06:43:38Z,-32.31465000,148.31705000,9812.076662471813,1898.772980359431,9297,2,37.516,
11298,2017-12-30T06:43:39Z,-32.31456667,148.31700000,9813.076662471813,1899.772980359431,9298,2,37.506,
11299,2017-12-30T06:43:40Z,-32.31443333,148.31695000,9814.076662471813,1900.772980359431,9299,2,37.491,
11300,2017-12-30T06:43:41Z,-32.31430000,148.31693333,9815.076662471813,1901.772980359431,9300,2,37.479,
11301,2017-12-30T06:43:42Z,-32.31415000,148.31695000,9816.076662471813,1902.772980359431,9301,2,37.467,
11302,2017-12-30T06:43:43Z,-32.31400000,148.31700000,9817.076662471813,1903.772980359431,9302,2,37.456,
11303,2017-12-30T06:43:44Z,-32.31385000,148.31710000,9818.076662471813,1904.772980359431,9303,2,37.449,
11304,2017-12-30T06:43:45Z,-32.31370000,148.31725000,9819.076662471813,1905.772980359431,9304,2,37.445,
11305,2017-12-30T06:43:46Z,-32.31360000,148.31743333,9820.076662471813,1906.772980359431,9305,2,37.447,
11306,2017-12-30T06:43:47Z,-32.31350000,148.31765000,9821.076662471813,1907.772980359431,9306,2,37.451,
11307,2017-12-30T06:43:48Z,-32.31346667,148.31790000,9822.076662471813,1908.772980359431,9307,2,37.463,
11308,2017-12-30T06:43:49Z,-32.31348333,148.31813333,9823.076662471813,1909.772980359431,9308,2,37.478,
11309,2017-12-30T06:43:50Z,-32.31353333,148.31835000,9824.076662471813,1910.772980359431,9309,2,37.495,
11310,2017-12-30T06:43:51Z,-32.31361667,148.31851667,9825.076662471813,1911.772980359431,9310,2,37.512,
11311,2017-12-30T06:43:52Z,-32.31368333,148.31863333,9826.076662471813,1912.772980359431,9311,2,37.525,
11312,2017-12-30T06:43:53Z,-32.31375000,148.31873333,9827.076662471813,1913.772980359431,9312,2,37.537,
11313,2017-12-30T06:43:54Z,-32.31381667,148.31878333,9828.076662471813,1914.772980359431,9313,2,37.545,
11314,2017-12-30T06:43:55Z,-32.31386667,148.31876667,9829.076662471813,1915.772980359431,9314,2,37.549,
11315,2017-12-30T06:43:56Z,-32.31388333,148.31870000,9830.076662471813,1916.772980359431,9315,2,37.546,
11316,2017-12-30T06:43:57Z,-32.31388333,148.31861667,9831.076662471813,1917.772980359431,9316,2,37.541,
11317,2017-12-30T06:43:58Z,-32.31386667,148.31855000,9832.076662471813,1918.772980359431,9317,2,37.536,
11318,2017-12-30T06:43:59Z,-32.31383333,148.31848333,9833.076662471813,1919.772980359431,9318,2,37.529,
11319,2017-12-30T06:44:00Z,-32.31380000,148.31841667,9834.076662471813,1920.772980359431,9319,2,37.522,
11320,2017-12-30T06:44:01Z,-32.31375000,148.31838333,9835.076662471813,1921.772980359431,9320,2,37.516,
11321,2017-12-30T06:44:02Z,-32.31368333,148.31833333,9836.076662471813,1922.772980359431,9321,2,37.507,
11322,2017-12-30T06:44:03Z,-32.31360000,148.31828333,9837.076662471813,1923.772980359431,9322,2,37.497,
11323,2017-12-30T06:44:04Z,-32.31350000,148.31823333,9838.076662471813,1924.772980359431,9323,2,37.485,
11324,2017-12-30T06:44:05Z,-32.31340000,148.31815000,9839.076662471813,1925.772980359431,9324,2,37.472,
11325,2017-12-30T06:44:06Z,-32.31331667,148.31811667,9840.076662471813,1926.772980359431,9325,2,37.463,
11326,2017-12-30T06:44:07Z,-32.31321667,148.31808333,9841.076662471813,1927.772980359431,9326,2,37.452,
11327,2017-12-30T06:44:08Z,-32.31311667,148.31806667,9842.076662471813,1928.772980359431,9327,2,37.442,
11328,2017-12-30T06:44:09Z,-32.31301667,148.31803333,9843.076662471813,1929.772980359431,9328,2,37.432,
11329,2017-12-30T06:44:10Z,-32.31291667,148.31798333,9844.076662471813,1930.772980359431,9329,2,37.42,
11330,2017-12-30T06:44:11Z,-32.31281667,148.31791667,9845.076662471813,1931.772980359431,9330,2,37.408,
11331,2017-12-30T06:44:12Z,-32.31271667,148.31786667,9846.076662471813,1932.772980359431,9331,2,37.396,
11332,2017-12-30T06:44:13Z,-32.31261667,148.31780000,9847.076662471813,1933.772980359431,9332,2,37.383,
11333,2017-12-30T06:44:14Z,-32.31250000,148.31773333,9848.076662471813,1934.772980359431,9333,2,37.369,
11334,2017-12-30T06:44:15Z,-32.31238333,148.31766667,9849.076662471813,1935.772980359431,9334,2,37.355,
11335,2017-12-30T06:44:16Z,-32.31225000,148.31761667,9850.076662471813,1936.772980359431,9335,2,37.341,
11336,2017-12-30T06:44:17Z,-32.31211667,148.31761667,9851.076662471813,1937.772980359431,9336,2,37.329,
11337,2017-12-30T06:44:18Z,-32.31196667,148.31763333,9852.076662471813,1938.772980359431,9337,2,37.317,
11338,2017-12-30T06:44:19Z,-32.31183333,148.31768333,9853.076662471813,1939.772980359431,9338,2,37.309,
11339,2017-12-30T06:44:20Z,-32.31168333,148.31778333,9854.076662471813,1940.772980359431,9339,2,37.302,
11340,2017-12-30T06:44:21Z,-32.31155000,148.31791667,9855.076662471813,1941.772980359431,9340,2,37.298,
11341,2017-12-30T06:44:22Z,-32.31143333,148.31811667,9856.076662471813,1942.772980359431,9341,2,37.3,
11342,2017-12-30T06:44:23Z,-32.31135000,148.31836667,9857.076662471813,1943.772980359431,9342,2,37.307,
11343,2017-12-30T06:44:24Z,-32.31133333,148.31860000,9858.076662471813,1944.772980359431,9343,2,37.32,
11344,2017-12-30T06:44:25Z,-32.31133333,148.31883333,9859.076662471813,1945.772980359431,9344,2,37.333,
11345,2017-12-30T06:44:26Z,-32.31138333,148.31903333,9860.076662471813,1946.772980359431,9345,2,37.35,
11346,2017-12-30T06:44:27Z,-32.31146667,148.31918333,9861.076662471813,1947.772980359431,9346,2,37.366,
11347,2017-12-30T06:44:28Z,-32.31156667,148.31928333,9862.076662471813,1948.772980359431,9347,2,37.38,
11348,2017-12-30T06:44:29Z,-32.31166667,148.31935000,9863.076662471813,1949.772980359431,9348,2,37.393,
11349,2017-12-30T06:44:30Z,-32.31176667,148.31936667,9864.076662471813,1950.772980359431,9349,2,37.402,
11350,2017-12-30T06:44:31Z,-32.31185000,148.31936667,9865.076662471813,1951.772980359431,9350,2,37.41,
11351,2017-12-30T06:44:32Z,-32.31190000,148.31931667,9866.076662471813,1952.772980359431,9351,2,37.411,
11352,2017-12-30T06:44:33Z,-32.31191667,148.31925000,9867.076662471813,1953.772980359431,9352,2,37.408,
11353,2017-12-30T06:44:34Z,-32.31188333,148.31916667,9868.076662471813,1954.772980359431,9353,2,37.401,
11354,2017-12-30T06:44:35Z,-32.31181667,148.31908333,9869.076662471813,1955.772980359431,9354,2,37.39,
11355,2017-12-30T06:44:36Z,-32.31171667,148.31901667,9870.076662471813,1956.772980359431,9355,2,37.377,
11356,2017-12-30T06:44:37Z,-32.31158333,148.31898333,9871.076662471813,1957.772980359431,9356,2,37.364,
11357,2017-12-30T06:44:38Z,-32.31141667,148.31900000,9872.076662471813,1958.772980359431,9357,2,37.35,
11358,2017-12-30T06:44:39Z,-32.31126667,148.31903333,9873.076662471813,1959.772980359431,9358,2,37.34,
11359,2017-12-30T06:44:40Z,-32.31108333,148.31910000,9874.076662471813,1960.772980359431,9359,2,37.328,
11360,2017-12-30T06:44:41Z,-32.31091667,148.31920000,9875.076662471813,1961.772980359431,9360,2,37.319,
11361,2017-12-30T06:44:42Z,-32.31076667,148.31933333,9876.076662471813,1962.772980359431,9361,2,37.314,
11362,2017-12-30T06:44:43Z,-32.31065000,148.31953333,9877.076662471813,1963.772980359431,9362,2,37.316,
11363,2017-12-30T06:44:44Z,-32.31058333,148.31976667,9878.076662471813,1964.772980359431,9363,2,37.324,
11364,2017-12-30T06:44:45Z,-32.31055000,148.32001667,9879.076662471813,1965.772980359431,9364,2,37.336,
11365,2017-12-30T06:44:46Z,-32.31056667,148.32025000,9880.076662471813,1966.772980359431,9365,2,37.351,
11366,2017-12-30T06:44:47Z,-32.31063333,148.32043333,9881.076662471813,1967.772980359431,9366,2,37.368,
11367,2017-12-30T06:44:48Z,-32.31071667,148.32058333,9882.076662471813,1968.772980359431,9367,2,37.384,
11368,2017-12-30T06:44:49Z,-32.31081667,148.32066667,9883.076662471813,1969.772980359431,9368,2,37.398,
11369,2017-12-30T06:44:50Z,-32.31090000,148.32070000,9884.076662471813,1970.772980359431,9369,2,37.407,
11370,2017-12-30T06:44:51Z,-32.31098333,148.32070000,9885.076662471813,1971.772980359431,9370,2,37.414,
11371,2017-12-30T06:44:52Z,-32.31103333,148.32066667,9886.076662471813,1972.772980359431,9371,2,37.416,
11372,2017-12-30T06:44:53Z,-32.31103333,148.32060000,9887.076662471813,1973.772980359431,9372,2,37.412,
11373,2017-12-30T06:44:54Z,-32.31098333,148.32053333,9888.076662471813,1974.772980359431,9373,2,37.404,
11374,2017-12-30T06:44:55Z,-32.31090000,148.32046667,9889.076662471813,1975.772980359431,9374,2,37.393,
11375,2017-12-30T06:44:56Z,-32.31078333,148.32043333,9890.076662471813,1976.772980359431,9375,2,37.381,
11376,2017-12-30T06:44:57Z,-32.31065000,148.32041667,9891.076662471813,1977.772980359431,9376,2,37.369,
11377,2017-12-30T06:44:58Z,-32.31048333,148.32043333,9892.076662471813,1978.772980359431,9377,2,37.355,
11378,2017-12-30T06:44:59Z,-32.31030000,148.32050000,9893.076662471813,1979.772980359431,9378,2,37.343,
11379,2017-12-30T06:45:00Z,-32.31013333,148.32060000,9894.076662471813,1980.772980359431,9379,2,37.335,
11380,2017-12-30T06:45:01Z,-32.30996667,148.32073333,9895.076662471813,1981.772980359431,9380,2,37.329,
11381,2017-12-30T06:45:02Z,-32.30983333,148.32090000,9896.076662471813,1982.772980359431,9381,2,37.327,
11382,2017-12-30T06:45:03Z,-32.30973333,148.32110000,9897.076662471813,1983.772980359431,9382,2,37.331,
11383,2017-12-30T06:45:04Z,-32.30965000,148.32133333,9898.076662471813,1984.772980359431,9383,2,37.337,
11384,2017-12-30T06:45:05Z,-32.30961667,148.32156667,9899.076662471813,1985.772980359431,9384,2,37.348,
11385,2017-12-30T06:45:06Z,-32.30963333,148.32178333,9900.076662471813,1986.772980359431,9385,2,37.363,
11386,2017-12-30T06:45:07Z,-32.30968333,148.32200000,9901.076662471813,1987.772980359431,9386,2,37.38,
11387,2017-12-30T06:45:08Z,-32.30976667,148.32216667,9902.076662471813,1988.772980359431,9387,2,37.397,
11388,2017-12-30T06:45:09Z,-32.30988333,148.32230000,9903.076662471813,1989.772980359431,9388,2,37.415,
11389,2017-12-30T06:45:10Z,-32.31000000,148.32236667,9904.076662471813,1990.772980359431,9389,2,37.429,
11390,2017-12-30T06:45:11Z,-32.31010000,148.32240000,9905.076662471813,1991.772980359431,9390,2,37.44,
11391,2017-12-30T06:45:12Z,-32.31020000,148.32236667,9906.076662471813,1992.772980359431,9391,2,37.446,
11392,2017-12-30T06:45:13Z,-32.31025000,148.32233333,9907.076662471813,1993.772980359431,9392,2,37.449,
11393,2017-12-30T06:45:14Z,-32.31031667,148.32228333,9908.076662471813,1994.772980359431,9393,2,37.451,
11394,2017-12-30T06:45:15Z,-32.31030000,148.32220000,9909.076662471813,1995.772980359431,9394,2,37.445,
11395,2017-12-30T06:45:16Z,-32.31026667,148.32211667,9910.076662471813,1996.772980359431,9395,2,37.437,
11396,2017-12-30T06:45:17Z,-32.31018333,148.32205000,9911.076662471813,1997.772980359431,9396,2,37.426,
11397,2017-12-30T06:45:18Z,-32.31006667,148.32200000,9912.076662471813,1998.772980359431,9397,2,37.413,
11398,2017-12-30T06:45:19Z,-32.30991667,148.32195000,9913.076662471813,1999.772980359431,9398,2,37.397,
11399,2017-12-30T06:45:20Z,-32.30976667,148.32193333,9914.076662471813,2000.772980359431,9399,2,37.383,
11400,2017-12-30T06:45:21Z,-32.30961667,148.32191667,9915.076662471813,2001.772980359431,9400,2,37.369,
11401,2017-12-30T06:45:22Z,-32.30945000,148.32188333,9916.076662471813,2002.772980359431,9401,2,37.353,
11402,2017-12-30T06:45:23Z,-32.30931667,148.32186667,9917.076662471813,2003.772980359431,9402,2,37.341,
11403,2017-12-30T06:45:24Z,-32.30920000,148.32183333,9918.076662471813,2004.772980359431,9403,2,37.329,
11404,2017-12-30T06:45:25Z,-32.30908333,148.32180000,9919.076662471813,2005.772980359431,9404,2,37.317,
11405,2017-12-30T06:45:26Z,-32.30896667,148.32173333,9920.076662471813,2006.772980359431,9405,2,37.303,
11406,2017-12-30T06:45:27Z,-32.30886667,148.32166667,9921.076662471813,2007.772980359431,9406,2,37.29,
11407,2017-12-30T06:45:28Z,-32.30876667,148.32158333,9922.076662471813,2008.772980359431,9407,2,37.277,
11408,2017-12-30T06:45:29Z,-32.30866667,148.32150000,9923.076662471813,2009.772980359431,9408,2,37.263,
11409,2017-12-30T06:45:30Z,-32.30856667,148.32143333,9924.076662471813,2010.772980359431,9409,2,37.251,
11410,2017-12-30T06:45:31Z,-32.30848333,148.32135000,9925.076662471813,2011.772980359431,9410,2,37.238,
11411,2017-12-30T06:45:32Z,-32.30840000,148.32128333,9926.076662471813,2012.772980359431,9411,2,37.227,
11412,2017-12-30T06:45:33Z,-32.30833333,148.32120000,9927.076662471813,2013.772980359431,9412,2,37.217,
11413,2017-12-30T06:45:34Z,-32.30825000,148.32111667,9928.076662471813,2014.772980359431,9413,2,37.204,
11414,2017-12-30T06:45:35Z,-32.30815000,148.32101667,9929.076662471813,2015.772980359431,9414,2,37.19,
11415,2017-12-30T06:45:36Z,-32.30806667,148.32093333,9930.076662471813,2016.772980359431,9415,2,37.178,
11416,2017-12-30T06:45:37Z,-32.30795000,148.32086667,9931.076662471813,2017.772980359431,9416,2,37.164,
11417,2017-12-30T06:45:38Z,-32.30785000,148.32080000,9932.076662471813,2018.772980359431,9417,2,37.151,
11418,2017-12-30T06:45:39Z,-32.30773333,148.32073333,9933.076662471813,2019.772980359431,9418,2,37.137,
11419,2017-12-30T06:45:40Z,-32.30763333,148.32066667,9934.076662471813,2020.772980359431,9419,2,37.125,
11420,2017-12-30T06:45:41Z,-32.30755000,148.32060000,9935.076662471813,2021.772980359431,9420,2,37.114,
11421,2017-12-30T06:45:42Z,-32.30745000,148.32053333,9936.076662471813,2022.772980359431,9421,2,37.101,
11422,2017-12-30T06:45:43Z,-32.30733333,148.32045000,9937.076662471813,2023.772980359431,9422,2,37.086,
11423,2017-12-30T06:45:44Z,-32.30723333,148.32038333,9938.076662471813,2024.772980359431,9423,2,37.073,
11424,2017-12-30T06:45:45Z,-32.30713333,148.32030000,9939.076662471813,2025.772980359431,9424,2,37.06,
11425,2017-12-30T06:45:46Z,-32.30701667,148.32021667,9940.076662471813,2026.772980359431,9425,2,37.045,
11426,2017-12-30T06:45:47Z,-32.30691667,148.32013333,9941.076662471813,2027.772980359431,9426,2,37.031,
11427,2017-12-30T06:45:48Z,-32.30681667,148.32006667,9942.076662471813,2028.772980359431,9427,2,37.019,
11428,2017-12-30T06:45:49Z,-32.30671667,148.31998333,9943.076662471813,2029.772980359431,9428,2,37.005,
11429,2017-12-30T06:45:50Z,-32.30661667,148.31993333,9944.076662471813,2030.772980359431,9429,2,36.994,
11430,2017-12-30T06:45:51Z,-32.30651667,148.31986667,9945.076662471813,2031.772980359431,9430,2,36.981,
11431,2017-12-30T06:45:52Z,-32.30641667,148.31980000,9946.076662471813,2032.772980359431,9431,2,36.969,
11432,2017-12-30T06:45:53Z,-32.30633333,148.31971667,9947.076662471813,2033.772980359431,9432,2,36.956,
11433,2017-12-30T06:45:54Z,-32.30623333,148.31965000,9948.076662471813,2034.772980359431,9433,2,36.944,
11434,2017-12-30T06:45:55Z,-32.30615000,148.31956667,9949.076662471813,2035.772980359431,9434,2,36.932,
11435,2017-12-30T06:45:56Z,-32.30605000,148.31946667,9950.076662471813,2036.772980359431,9435,2,36.917,
11436,2017-12-30T06:45:57Z,-32.30595000,148.31938333,9951.076662471813,2037.772980359431,9436,2,36.904,
11437,2017-12-30T06:45:58Z,-32.30583333,148.31931667,9952.076662471813,2038.772980359431,9437,2,36.89,
11438,2017-12-30T06:45:59Z,-32.30571667,148.31925000,9953.076662471813,2039.772980359431,9438,2,36.876,
11439,2017-12-30T06:46:00Z,-32.30560000,148.31916667,9954.076662471813,2040.772980359431,9439,2,36.861,
11440,2017-12-30T06:46:01Z,-32.30550000,148.31910000,9955.076662471813,2041.772980359431,9440,2,36.848,
11441,2017-12-30T06:46:02Z,-32.30538333,148.31901667,9956.076662471813,2042.772980359431,9441,2,36.833,
11442,2017-12-30T06:46:03Z,-32.30528333,148.31893333,9957.076662471813,2043.772980359431,9442,2,36.82,
11443,2017-12-30T06:46:04Z,-32.30518333,148.31883333,9958.076662471813,2044.772980359431,9443,2,36.805,
11444,2017-12-30T06:46:05Z,-32.30508333,148.31875000,9959.076662471813,2045.772980359431,9444,2,36.791,
11445,2017-12-30T06:46:06Z,-32.30500000,148.31866667,9960.076662471813,2046.772980359431,9445,2,36.779,
11446,2017-12-30T06:46:07Z,-32.30490000,148.31858333,9961.076662471813,2047.772980359431,9446,2,36.766,
11447,2017-12-30T06:46:08Z,-32.30483333,148.31850000,9962.076662471813,2048.772980359431,9447,2,36.755,
11448,2017-12-30T06:46:09Z,-32.30475000,148.31841667,9963.076662471813,2049.772980359431,9448,2,36.743,
11449,2017-12-30T06:46:10Z,-32.30466667,148.31831667,9964.076662471813,2050.772980359431,9449,2,36.73,
11450,2017-12-30T06:46:11Z,-32.30458333,148.31821667,9965.076662471813,2051.772980359431,9450,2,36.717,
11451,2017-12-30T06:46:12Z,-32.30450000,148.31811667,9966.076662471813,2052.772980359431,9451,2,36.704,
11452,2017-12-30T06:46:13Z,-32.30440000,148.31803333,9967.076662471813,2053.772980359431,9452,2,36.69,
11453,2017-12-30T06:46:14Z,-32.30428333,148.31795000,9968.076662471813,2054.772980359431,9453,2,36.675,
11454,2017-12-30T06:46:15Z,-32.30416667,148.31788333,9969.076662471813,2055.772980359431,9454,2,36.661,
11455,2017-12-30T06:46:16Z,-32.30401667,148.31783333,9970.076662471813,2056.772980359431,9455,2,36.645,
11456,2017-12-30T06:46:17Z,-32.30388333,148.31778333,9971.076662471813,2057.772980359431,9456,2,36.631,
11457,2017-12-30T06:46:18Z,-32.30373333,148.31775000,9972.076662471813,2058.772980359431,9457,2,36.616,
11458,2017-12-30T06:46:19Z,-32.30358333,148.31768333,9973.076662471813,2059.772980359431,9458,2,36.599,
11459,2017-12-30T06:46:20Z,-32.30343333,148.31761667,9974.076662471813,2060.772980359431,9459,2,36.582,
11460,2017-12-30T06:46:21Z,-32.30330000,148.31755000,9975.076662471813,2061.772980359431,9460,2,36.567,
11461,2017-12-30T06:46:22Z,-32.30318333,148.31748333,9976.076662471813,2062.772980359431,9461,2,36.553,
11462,2017-12-30T06:46:23Z,-32.30308333,148.31741667,9977.076662471813,2063.772980359431,9462,2,36.54,
11463,2017-12-30T06:46:24Z,-32.30298333,148.31733333,9978.076662471813,2064.772980359431,9463,2,36.527,
11464,2017-12-30T06:46:25Z,-32.30288333,148.31725000,9979.076662471813,2065.772980359431,9464,2,36.513,
11465,2017-12-30T06:46:26Z,-32.30278333,148.31715000,9980.076662471813,2066.772980359431,9465,2,36.499,
11466,2017-12-30T06:46:27Z,-32.30270000,148.31706667,9981.076662471813,2067.772980359431,9466,2,36.487,
11467,2017-12-30T06:46:28Z,-32.30261667,148.31696667,9982.076662471813,2068.772980359431,9467,2,36.473,
11468,2017-12-30T06:46:29Z,-32.30251667,148.31688333,9983.076662471813,2069.772980359431,9468,2,36.46,
11469,2017-12-30T06:46:30Z,-32.30241667,148.31681667,9984.076662471813,2070.772980359431,9469,2,36.447,
11470,2017-12-30T06:46:31Z,-32.30230000,148.31673333,9985.076662471813,2071.772980359431,9470,2,36.432,
11471,2017-12-30T06:46:32Z,-32.30216667,148.31668333,9986.076662471813,2072.772980359431,9471,2,36.418,
11472,2017-12-30T06:46:33Z,-32.30203333,148.31661667,9987.076662471813,2073.772980359431,9472,2,36.402,
11473,2017-12-30T06:46:34Z,-32.30190000,148.31656667,9988.076662471813,2074.772980359431,9473,2,36.388,
11474,2017-12-30T06:46:35Z,-32.30175000,148.31653333,9989.076662471813,2075.772980359431,9474,2,36.373,
11475,2017-12-30T06:46:36Z,-32.30160000,148.31648333,9990.076662471813,2076.772980359431,9475,2,36.357,
11476,2017-12-30T06:46:37Z,-32.30145000,148.31645000,9991.076662471813,2077.772980359431,9476,2,36.342,
11477,2017-12-30T06:46:38Z,-32.30130000,148.31640000,9992.076662471813,2078.772980359431,9477,2,36.326,
11478,2017-12-30T06:46:39Z,-32.30115000,148.31635000,9993.076662471813,2079.772980359431,9478,2,36.311,
11479,2017-12-30T06:46:40Z,-32.30101667,148.31630000,9994.076662471813,2080.772980359431,9479,2,36.296,
11480,2017-12-30T06:46:41Z,-32.30090000,148.31623333,9995.076662471813,2081.772980359431,9480,2,36.282,
11481,2017-12-30T06:46:42Z,-32.30078333,148.31616667,9996.076662471813,2082.772980359431,9481,2,36.268,
11482,2017-12-30T06:46:43Z,-32.30070000,148.31608333,9997.076662471813,2083.772980359431,9482,2,36.256,
11483,2017-12-30T06:46:44Z,-32.30061667,148.31601667,9998.076662471813,2084.772980359431,9483,2,36.245,
11484,2017-12-30T06:46:45Z,-32.30056667,148.31593333,9999.076662471813,2085.772980359431,9484,2,36.236,
11485,2017-12-30T06:46:46Z,-32.30053333,148.31583333,10000.076662471813,2086.772980359431,9485,2,36.227,
11486,2017-12-30T06:46:47Z,-32.30050000,148.31573333,10001.076662471813,2087.772980359431,9486,2,36.218,
11487,2017-12-30T06:46:48Z,-32.30048333,148.31563333,10002.076662471813,2088.772980359431,9487,2,36.211,
11488,2017-12-30T06:46:49Z,-32.30046667,148.31553333,10003.076662471813,2089.772980359431,9488,2,36.203,
11489,2017-12-30T06:46:50Z,-32.30043333,148.31545000,10004.076662471813,2090.772980359431,9489,2,36.195,
11490,2017-12-30T06:46:51Z,-32.30040000,148.31536667,10005.076662471813,2091.772980359431,9490,2,36.187,
11491,2017-12-30T06:46:52Z,-32.30036667,148.31528333,10006.076662471813,2092.772980359431,9491,2,36.18,
11492,2017-12-30T06:46:53Z,-32.30030000,148.31520000,10007.076662471813,2093.772980359431,9492,2,36.169,
11493,2017-12-30T06:46:54Z,-32.30023333,148.31510000,10008.076662471813,2094.772980359431,9493,2,36.157,
11494,2017-12-30T06:46:55Z,-32.30015000,148.31501667,10009.076662471813,2095.772980359431,9494,2,36.145,
11495,2017-12-30T06:46:56Z,-32.30005000,148.31495000,10010.076662471813,2096.772980359431,9495,2,36.133,
11496,2017-12-30T06:46:57Z,-32.29993333,148.31488333,10011.076662471813,2097.772980359431,9496,2,36.119,
11497,2017-12-30T06:46:58Z,-32.29981667,148.31481667,10012.076662471813,2098.772980359431,9497,2,36.105,
11498,2017-12-30T06:46:59Z,-32.29970000,148.31475000,10013.076662471813,2099.772980359431,9498,2,36.091,
11499,2017-12-30T06:47:00Z,-32.29956667,148.31466667,10014.076662471813,2100.772980359431,9499,2,36.074,
11500,2017-12-30T06:47:01Z,-32.29943333,148.31460000,10015.076662471813,2101.772980359431,9500,2,36.059,
11501,2017-12-30T06:47:02Z,-32.29930000,148.31451667,10016.076662471813,2102.772980359431,9501,2,36.042,
11502,2017-12-30T06:47:03Z,-32.29918333,148.31445000,10017.076662471813,2103.772980359431,9502,2,36.028,
11503,2017-12-30T06:47:04Z,-32.29905000,148.31438333,10018.076662471813,2104.772980359431,9503,2,36.013,
11504,2017-12-30T06:47:05Z,-32.29891667,148.31431667,10019.076662471813,2105.772980359431,9504,2,35.997,
11505,2017-12-30T06:47:06Z,-32.29878333,148.31425000,10020.076662471813,2106.772980359431,9505,2,35.982,
11506,2017-12-30T06:47:07Z,-32.29865000,148.31418333,10021.076662471813,2107.772980359431,9506,2,35.966,
11507,2017-12-30T06:47:08Z,-32.29851667,148.31411667,10022.076662471813,2108.772980359431,9507,2,35.951,
11508,2017-12-30T06:47:09Z,-32.29836667,148.31405000,10023.076662471813,2109.772980359431,9508,2,35.934,
11509,2017-12-30T06:47:10Z,-32.29823333,148.31400000,10024.076662471813,2110.772980359431,9509,2,35.92,
11510,2017-12-30T06:47:11Z,-32.29808333,148.31393333,10025.076662471813,2111.772980359431,9510,2,35.903,
11511,2017-12-30T06:47:12Z,-32.29795000,148.31388333,10026.076662471813,2112.772980359431,9511,2,35.888,
11512,2017-12-30T06:47:13Z,-32.29780000,148.31381667,10027.076662471813,2113.772980359431,9512,2,35.872,
11513,2017-12-30T06:47:14Z,-32.29765000,148.31375000,10028.076662471813,2114.772980359431,9513,2,35.855,
11514,2017-12-30T06:47:15Z,-32.29750000,148.31368333,10029.076662471813,2115.772980359431,9514,2,35.838,
11515,2017-12-30T06:47:16Z,-32.29736667,148.31361667,10030.076662471813,2116.772980359431,9515,2,35.822,
11516,2017-12-30T06:47:17Z,-32.29721667,148.31355000,10031.076662471813,2117.772980359431,9516,2,35.805,
11517,2017-12-30T06:47:18Z,-32.29708333,148.31350000,10032.076662471813,2118.772980359431,9517,2,35.791,
11518,2017-12-30T06:47:19Z,-32.29693333,148.31345000,10033.076662471813,2119.772980359431,9518,2,35.775,
11519,2017-12-30T06:47:20Z,-32.29676667,148.31340000,10034.076662471813,2120.772980359431,9519,2,35.758,
11520,2017-12-30T06:47:21Z,-32.29661667,148.31335000,10035.076662471813,2121.772980359431,9520,2,35.742,
11521,2017-12-30T06:47:22Z,-32.29646667,148.31330000,10036.076662471813,2122.772980359431,9521,2,35.726,
11522,2017-12-30T06:47:23Z,-32.29630000,148.31323333,10037.076662471813,2123.772980359431,9522,2,35.708,
11523,2017-12-30T06:47:24Z,-32.29615000,148.31318333,10038.076662471813,2124.772980359431,9523,2,35.692,
11524,2017-12-30T06:47:25Z,-32.29600000,148.31311667,10039.076662471813,2125.772980359431,9524,2,35.675,
11525,2017-12-30T06:47:26Z,-32.29586667,148.31305000,10040.076662471813,2126.772980359431,9525,2,35.66,
11526,2017-12-30T06:47:27Z,-32.29571667,148.31298333,10041.076662471813,2127.772980359431,9526,2,35.643,
11527,2017-12-30T06:47:28Z,-32.29556667,148.31290000,10042.076662471813,2128.772980359431,9527,2,35.625,
11528,2017-12-30T06:47:29Z,-32.29543333,148.31283333,10043.076662471813,2129.772980359431,9528,2,35.61,
11529,2017-12-30T06:47:30Z,-32.29528333,148.31276667,10044.076662471813,2130.772980359431,9529,2,35.593,
11530,2017-12-30T06:47:31Z,-32.29515000,148.31270000,10045.076662471813,2131.772980359431,9530,2,35.577,
11531,2017-12-30T06:47:32Z,-32.29500000,148.31263333,10046.076662471813,2132.772980359431,9531,2,35.56,
11532,2017-12-30T06:47:33Z,-32.29486667,148.31258333,10047.076662471813,2133.772980359431,9532,2,35.546,
11533,2017-12-30T06:47:34Z,-32.29473333,148.31253333,10048.076662471813,2134.772980359431,9533,2,35.532,
11534,2017-12-30T06:47:35Z,-32.29460000,148.31246667,10049.076662471813,2135.772980359431,9534,2,35.516,
11535,2017-12-30T06:47:36Z,-32.29448333,148.31238333,10050.076662471813,2136.772980359431,9535,2,35.501,
11536,2017-12-30T06:47:37Z,-32.29435000,148.31230000,10051.076662471813,2137.772980359431,9536,2,35.485,
11537,2017-12-30T06:47:38Z,-32.29425000,148.31221667,10052.076662471813,2138.772980359431,9537,2,35.471,
11538,2017-12-30T06:47:39Z,-32.29413333,148.31211667,10053.076662471813,2139.772980359431,9538,2,35.455,
11539,2017-12-30T06:47:40Z,-32.29401667,148.31201667,10054.076662471813,2140.772980359431,9539,2,35.439,
11540,2017-12-30T06:47:41Z,-32.29391667,148.31193333,10055.076662471813,2141.772980359431,9540,2,35.426,
11541,2017-12-30T06:47:42Z,-32.29380000,148.31185000,10056.076662471813,2142.772980359431,9541,2,35.411,
11542,2017-12-30T06:47:43Z,-32.29368333,148.31176667,10057.076662471813,2143.772980359431,9542,2,35.396,
11543,2017-12-30T06:47:44Z,-32.29356667,148.31170000,10058.076662471813,2144.772980359431,9543,2,35.382,
11544,2017-12-30T06:47:45Z,-32.29343333,148.31161667,10059.076662471813,2145.772980359431,9544,2,35.365,
11545,2017-12-30T06:47:46Z,-32.29330000,148.31155000,10060.076662471813,2146.772980359431,9545,2,35.35,
11546,2017-12-30T06:47:47Z,-32.29316667,148.31146667,10061.076662471813,2147.772980359431,9546,2,35.333,
11547,2017-12-30T06:47:48Z,-32.29303333,148.31138333,10062.076662471813,2148.772980359431,9547,2,35.317,
11548,2017-12-30T06:47:49Z,-32.29290000,148.31130000,10063.076662471813,2149.772980359431,9548,2,35.301,
11549,2017-12-30T06:47:50Z,-32.29278333,148.31121667,10064.076662471813,2150.772980359431,9549,2,35.286,
11550,2017-12-30T06:47:51Z,-32.29265000,148.31113333,10065.076662471813,2151.772980359431,9550,2,35.269,
11551,2017-12-30T06:47:52Z,-32.29251667,148.31103333,10066.076662471813,2152.772980359431,9551,2,35.252,
11552,2017-12-30T06:47:53Z,-32.29240000,148.31095000,10067.076662471813,2153.772980359431,9552,2,35.237,
11553,2017-12-30T06:47:54Z,-32.29228333,148.31086667,10068.076662471813,2154.772980359431,9553,2,35.222,
11554,2017-12-30T06:47:55Z,-32.29216667,148.31078333,10069.076662471813,2155.772980359431,9554,2,35.207,
11555,2017-12-30T06:47:56Z,-32.29203333,148.31071667,10070.076662471813,2156.772980359431,9555,2,35.191,
11556,2017-12-30T06:47:57Z,-32.29191667,148.31063333,10071.076662471813,2157.772980359431,9556,2,35.176,
11557,2017-12-30T06:47:58Z,-32.29180000,148.31056667,10072.076662471813,2158.772980359431,9557,2,35.162,
11558,2017-12-30T06:47:59Z,-32.29166667,148.31048333,10073.076662471813,2159.772980359431,9558,2,35.146,
11559,2017-12-30T06:48:00Z,-32.29153333,148.31041667,10074.076662471813,2160.772980359431,9559,2,35.131,
11560,2017-12-30T06:48:01Z,-32.29140000,148.31035000,10075.076662471813,2161.772980359431,9560,2,35.115,
11561,2017-12-30T06:48:02Z,-32.29126667,148.31028333,10076.076662471813,2162.772980359431,9561,2,35.1,
11562,2017-12-30T06:48:03Z,-32.29113333,148.31020000,10077.076662471813,2163.772980359431,9562,2,35.083,
11563,2017-12-30T06:48:04Z,-32.29101667,148.31011667,10078.076662471813,2164.772980359431,9563,2,35.068,
11564,2017-12-30T06:48:05Z,-32.29090000,148.31001667,10079.076662471813,2165.772980359431,9564,2,35.052,
11565,2017-12-30T06:48:06Z,-32.29078333,148.30993333,10080.076662471813,2166.772980359431,9565,2,35.037,
11566,2017-12-30T06:48:07Z,-32.29068333,148.30985000,10081.076662471813,2167.772980359431,9566,2,35.024,
11567,2017-12-30T06:48:08Z,-32.29058333,148.30976667,10082.076662471813,2168.772980359431,9567,2,35.01,
11568,2017-12-30T06:48:09Z,-32.29046667,148.30970000,10083.076662471813,2169.772980359431,9568,2,34.996,
11569,2017-12-30T06:48:10Z,-32.29036667,148.30961667,10084.076662471813,2170.772980359431,9569,2,34.983,
11570,2017-12-30T06:48:11Z,-32.29025000,148.30953333,10085.076662471813,2171.772980359431,9570,2,34.968,
11571,2017-12-30T06:48:12Z,-32.29013333,148.30945000,10086.076662471813,2172.772980359431,9571,2,34.953,
11572,2017-12-30T06:48:13Z,-32.29001667,148.30936667,10087.076662471813,2173.772980359431,9572,2,34.938,
11573,2017-12-30T06:48:14Z,-32.28988333,148.30928333,10088.076662471813,2174.772980359431,9573,2,34.921,
11574,2017-12-30T06:48:15Z,-32.28975000,148.30921667,10089.076662471813,2175.772980359431,9574,2,34.906,
11575,2017-12-30T06:48:16Z,-32.28961667,148.30915000,10090.076662471813,2176.772980359431,9575,2,34.891,
11576,2017-12-30T06:48:17Z,-32.28948333,148.30908333,10091.076662471813,2177.772980359431,9576,2,34.875,
11577,2017-12-30T06:48:18Z,-32.28935000,148.30901667,10092.076662471813,2178.772980359431,9577,2,34.86,
11578,2017-12-30T06:48:19Z,-32.28921667,148.30893333,10093.076662471813,2179.772980359431,9578,2,34.843,
11579,2017-12-30T06:48:20Z,-32.28908333,148.30886667,10094.076662471813,2180.772980359431,9579,2,34.828,
11580,2017-12-30T06:48:21Z,-32.28895000,148.30880000,10095.076662471813,2181.772980359431,9580,2,34.813,
11581,2017-12-30T06:48:22Z,-32.28881667,148.30873333,10096.076662471813,2182.772980359431,9581,2,34.797,
11582,2017-12-30T06:48:23Z,-32.28870000,148.30865000,10097.076662471813,2183.772980359431,9582,2,34.782,
11583,2017-12-30T06:48:24Z,-32.28856667,148.30858333,10098.076662471813,2184.772980359431,9583,2,34.767,
11584,2017-12-30T06:48:25Z,-32.28845000,148.30850000,10099.076662471813,2185.772980359431,9584,2,34.752,
11585,2017-12-30T06:48:26Z,-32.28833333,148.30843333,10100.076662471813,2186.772980359431,9585,2,34.738,
11586,2017-12-30T06:48:27Z,-32.28821667,148.30835000,10101.076662471813,2187.772980359431,9586,2,34.723,
11587,2017-12-30T06:48:28Z,-32.28810000,148.30826667,10102.076662471813,2188.772980359431,9587,2,34.708,
11588,2017-12-30T06:48:29Z,-32.28798333,148.30818333,10103.076662471813,2189.772980359431,9588,2,34.693,
11589,2017-12-30T06:48:30Z,-32.28786667,148.30811667,10104.076662471813,2190.772980359431,9589,2,34.679,
11590,2017-12-30T06:48:31Z,-32.28773333,148.30805000,10105.076662471813,2191.772980359431,9590,2,34.664,
11591,2017-12-30T06:48:32Z,-32.28761667,148.30798333,10106.076662471813,2192.772980359431,9591,2,34.65,
11592,2017-12-30T06:48:33Z,-32.28748333,148.30790000,10107.076662471813,2193.772980359431,9592,2,34.633,
11593,2017-12-30T06:48:34Z,-32.28735000,148.30783333,10108.076662471813,2194.772980359431,9593,2,34.618,
11594,2017-12-30T06:48:35Z,-32.28721667,148.30775000,10109.076662471813,2195.772980359431,9594,2,34.601,
11595,2017-12-30T06:48:36Z,-32.28710000,148.30768333,10110.076662471813,2196.772980359431,9595,2,34.587,
11596,2017-12-30T06:48:37Z,-32.28696667,148.30761667,10111.076662471813,2197.772980359431,9596,2,34.572,
11597,2017-12-30T06:48:38Z,-32.28683333,148.30755000,10112.076662471813,2198.772980359431,9597,2,34.557,
11598,2017-12-30T06:48:39Z,-32.28671667,148.30748333,10113.076662471813,2199.772980359431,9598,2,34.543,
11599,2017-12-30T06:48:40Z,-32.28658333,148.30741667,10114.076662471813,2200.772980359431,9599,2,34.527,
11600,2017-12-30T06:48:41Z,-32.28646667,148.30736667,10115.076662471813,2201.772980359431,9600,2,34.514,
11601,2017-12-30T06:48:42Z,-32.28633333,148.30730000,10116.076662471813,2202.772980359431,9601,2,34.499,
11602,2017-12-30T06:48:43Z,-32.28620000,148.30723333,10117.076662471813,2203.772980359431,9602,2,34.484,
11603,2017-12-30T06:48:44Z,-32.28608333,148.30715000,10118.076662471813,2204.772980359431,9603,2,34.469,
11604,2017-12-30T06:48:45Z,-32.28595000,148.30708333,10119.076662471813,2205.772980359431,9604,2,34.453,
11605,2017-12-30T06:48:46Z,-32.28585000,148.30700000,10120.076662471813,2206.772980359431,9605,2,34.44,
11606,2017-12-30T06:48:47Z,-32.28573333,148.30693333,10121.076662471813,2207.772980359431,9606,2,34.426,
11607,2017-12-30T06:48:48Z,-32.28561667,148.30686667,10122.076662471813,2208.772980359431,9607,2,34.412,
11608,2017-12-30T06:48:49Z,-32.28551667,148.30680000,10123.076662471813,2209.772980359431,9608,2,34.399,
11609,2017-12-30T06:48:50Z,-32.28540000,148.30673333,10124.076662471813,2210.772980359431,9609,2,34.385,
11610,2017-12-30T06:48:51Z,-32.28528333,148.30666667,10125.076662471813,2211.772980359431,9610,2,34.371,
11611,2017-12-30T06:48:52Z,-32.28516667,148.30661667,10126.076662471813,2212.772980359431,9611,2,34.358,
11612,2017-12-30T06:48:53Z,-32.28505000,148.30655000,10127.076662471813,2213.772980359431,9612,2,34.344,
11613,2017-12-30T06:48:54Z,-32.28491667,148.30648333,10128.076662471813,2214.772980359431,9613,2,34.329,
11614,2017-12-30T06:48:55Z,-32.28480000,148.30641667,10129.076662471813,2215.772980359431,9614,2,34.315,
11615,2017-12-30T06:48:56Z,-32.28466667,148.30635000,10130.076662471813,2216.772980359431,9615,2,34.3,
11616,2017-12-30T06:48:57Z,-32.28455000,148.30628333,10131.076662471813,2217.772980359431,9616,2,34.286,
11617,2017-12-30T06:48:58Z,-32.28443333,148.30623333,10132.076662471813,2218.772980359431,9617,2,34.273,
11618,2017-12-30T06:48:59Z,-32.28431667,148.30618333,10133.076662471813,2219.772980359431,9618,2,34.26,
11619,2017-12-30T06:49:00Z,-32.28421667,148.30611667,10134.076662471813,2220.772980359431,9619,2,34.247,
11620,2017-12-30T06:49:01Z,-32.28411667,148.30606667,10135.076662471813,2221.772980359431,9620,2,34.236,
11621,2017-12-30T06:49:02Z,-32.28400000,148.30601667,10136.076662471813,2222.772980359431,9621,2,34.223,
11622,2017-12-30T06:49:03Z,-32.28390000,148.30596667,10137.076662471813,2223.772980359431,9622,2,34.211,
11623,2017-12-30T06:49:04Z,-32.28378333,148.30590000,10138.076662471813,2224.772980359431,9623,2,34.197,
11624,2017-12-30T06:49:05Z,-32.28365000,148.30583333,10139.076662471813,2225.772980359431,9624,2,34.182,
11625,2017-12-30T06:49:06Z,-32.28353333,148.30576667,10140.076662471813,2226.772980359431,9625,2,34.168,
11626,2017-12-30T06:49:07Z,-32.28340000,148.30570000,10141.076662471813,2227.772980359431,9626,2,34.152,
11627,2017-12-30T06:49:08Z,-32.28325000,148.30565000,10142.076662471813,2228.772980359431,9627,2,34.137,
11628,2017-12-30T06:49:09Z,-32.28311667,148.30560000,10143.076662471813,2229.772980359431,9628,2,34.122,
11629,2017-12-30T06:49:10Z,-32.28296667,148.30556667,10144.076662471813,2230.772980359431,9629,2,34.107,
11630,2017-12-30T06:49:11Z,-32.28280000,148.30551667,10145.076662471813,2231.772980359431,9630,2,34.09,
11631,2017-12-30T06:49:12Z,-32.28265000,148.30548333,10146.076662471813,2232.772980359431,9631,2,34.075,
11632,2017-12-30T06:49:13Z,-32.28246667,148.30545000,10147.076662471813,2233.772980359431,9632,2,34.058,
11633,2017-12-30T06:49:14Z,-32.28230000,148.30541667,10148.076662471813,2234.772980359431,9633,2,34.042,
11634,2017-12-30T06:49:15Z,-32.28215000,148.30536667,10149.076662471813,2235.772980359431,9634,2,34.026,
11635,2017-12-30T06:49:16Z,-32.28198333,148.30533333,10150.076662471813,2236.772980359431,9635,2,34.01,
11636,2017-12-30T06:49:17Z,-32.28183333,148.30528333,10151.076662471813,2237.772980359431,9636,2,33.994,
11637,2017-12-30T06:49:18Z,-32.28168333,148.30523333,10152.076662471813,2238.772980359431,9637,2,33.978,
11638,2017-12-30T06:49:19Z,-32.28153333,148.30518333,10153.076662471813,2239.772980359431,9638,2,33.962,
11639,2017-12-30T06:49:20Z,-32.28138333,148.30513333,10154.076662471813,2240.772980359431,9639,2,33.947,
11640,2017-12-30T06:49:21Z,-32.28123333,148.30508333,10155.076662471813,2241.772980359431,9640,2,33.931,
11641,2017-12-30T06:49:22Z,-32.28108333,148.30503333,10156.076662471813,2242.772980359431,9641,2,33.915,
11642,2017-12-30T06:49:23Z,-32.28093333,148.30498333,10157.076662471813,2243.772980359431,9642,2,33.899,
11643,2017-12-30T06:49:24Z,-32.28078333,148.30493333,10158.076662471813,2244.772980359431,9643,2,33.884,
11644,2017-12-30T06:49:25Z,-32.28065000,148.30486667,10159.076662471813,2245.772980359431,9644,2,33.868,
11645,2017-12-30T06:49:26Z,-32.28050000,148.30481667,10160.076662471813,2246.772980359431,9645,2,33.852,
11646,2017-12-30T06:49:27Z,-32.28036667,148.30476667,10161.076662471813,2247.772980359431,9646,2,33.838,
11647,2017-12-30T06:49:28Z,-32.28023333,148.30473333,10162.076662471813,2248.772980359431,9647,2,33.825,
11648,2017-12-30T06:49:29Z,-32.28008333,148.30470000,10163.076662471813,2249.772980359431,9648,2,33.81,
11649,2017-12-30T06:49:30Z,-32.27991667,148.30466667,10164.076662471813,2250.772980359431,9649,2,33.794,
11650,2017-12-30T06:49:31Z,-32.27976667,148.30463333,10165.076662471813,2251.772980359431,9650,2,33.779,
11651,2017-12-30T06:49:32Z,-32.27961667,148.30460000,10166.076662471813,2252.772980359431,9651,2,33.764,
11652,2017-12-30T06:49:33Z,-32.27946667,148.30455000,10167.076662471813,2253.772980359431,9652,2,33.749,
11653,2017-12-30T06:49:34Z,-32.27931667,148.30450000,10168.076662471813,2254.772980359431,9653,2,33.733,
11654,2017-12-30T06:49:35Z,-32.27918333,148.30443333,10169.076662471813,2255.772980359431,9654,2,33.718,
11655,2017-12-30T06:49:36Z,-32.27906667,148.30438333,10170.076662471813,2256.772980359431,9655,2,33.705,
11656,2017-12-30T06:49:37Z,-32.27896667,148.30430000,10171.076662471813,2257.772980359431,9656,2,33.691,
11657,2017-12-30T06:49:38Z,-32.27890000,148.30423333,10172.076662471813,2258.772980359431,9657,2,33.681,
11658,2017-12-30T06:49:39Z,-32.27888333,148.30415000,10173.076662471813,2259.772980359431,9658,2,33.675,
11659,2017-12-30T06:49:40Z,-32.27891667,148.30408333,10174.076662471813,2260.772980359431,9659,2,33.674,
11660,2017-12-30T06:49:41Z,-32.27898333,148.30405000,10175.076662471813,2261.772980359431,9660,2,33.677,
11661,2017-12-30T06:49:42Z,-32.27906667,148.30401667,10176.076662471813,2262.772980359431,9661,2,33.682,
11662,2017-12-30T06:49:43Z,-32.27915000,148.30401667,10177.076662471813,2263.772980359431,9662,2,33.689,
11663,2017-12-30T06:49:44Z,-32.27921667,148.30400000,10178.076662471813,2264.772980359431,9663,2,33.694,
11664,2017-12-30T06:49:45Z,-32.27930000,148.30400000,10179.076662471813,2265.772980359431,9664,2,33.701,
11665,2017-12-30T06:49:46Z,-32.27936667,148.30398333,10180.076662471813,2266.772980359431,9665,2,33.706,
11666,2017-12-30T06:49:47Z,-32.27940000,148.30395000,10181.076662471813,2267.772980359431,9666,2,33.707,
11667,2017-12-30T06:49:48Z,-32.27941667,148.30388333,10182.076662471813,2268.772980359431,9667,2,33.704,
11668,2017-12-30T06:49:49Z,-32.27938333,148.30383333,10183.076662471813,2269.772980359431,9668,2,33.698,
11669,2017-12-30T06:49:50Z,-32.27933333,148.30376667,10184.076662471813,2270.772980359431,9669,2,33.69,
11670,2017-12-30T06:49:51Z,-32.27925000,148.30370000,10185.076662471813,2271.772980359431,9670,2,33.679,
11671,2017-12-30T06:49:52Z,-32.27911667,148.30365000,10186.076662471813,2272.772980359431,9671,2,33.664,
11672,2017-12-30T06:49:53Z,-32.27893333,148.30363333,10187.076662471813,2273.772980359431,9672,2,33.648,
11673,2017-12-30T06:49:54Z,-32.27875000,148.30366667,10188.076662471813,2274.772980359431,9673,2,33.634,
11674,2017-12-30T06:49:55Z,-32.27856667,148.30375000,10189.076662471813,2275.772980359431,9674,2,33.624,
11675,2017-12-30T06:49:56Z,-32.27840000,148.30388333,10190.076662471813,2276.772980359431,9675,2,33.618,
11676,2017-12-30T06:49:57Z,-32.27825000,148.30405000,10191.076662471813,2277.772980359431,9676,2,33.615,
11677,2017-12-30T06:49:58Z,-32.27813333,148.30423333,10192.076662471813,2278.772980359431,9677,2,33.617,
11678,2017-12-30T06:49:59Z,-32.27805000,148.30445000,10193.076662471813,2279.772980359431,9678,2,33.623,
11679,2017-12-30T06:50:00Z,-32.27801667,148.30465000,10194.076662471813,2280.772980359431,9679,2,33.632,
11680,2017-12-30T06:50:01Z,-32.27803333,148.30486667,10195.076662471813,2281.772980359431,9680,2,33.647,
11681,2017-12-30T06:50:02Z,-32.27806667,148.30505000,10196.076662471813,2282.772980359431,9681,2,33.661,
11682,2017-12-30T06:50:03Z,-32.27813333,148.30521667,10197.076662471813,2283.772980359431,9682,2,33.677,
11683,2017-12-30T06:50:04Z,-32.27821667,148.30531667,10198.076662471813,2284.772980359431,9683,2,33.69,
11684,2017-12-30T06:50:05Z,-32.27828333,148.30538333,10199.076662471813,2285.772980359431,9684,2,33.7,
11685,2017-12-30T06:50:06Z,-32.27835000,148.30541667,10200.076662471813,2286.772980359431,9685,2,33.707,
11686,2017-12-30T06:50:07Z,-32.27840000,148.30541667,10201.076662471813,2287.772980359431,9686,2,33.712,
11687,2017-12-30T06:50:08Z,-32.27843333,148.30538333,10202.076662471813,2288.772980359431,9687,2,33.712,
11688,2017-12-30T06:50:09Z,-32.27841667,148.30533333,10203.076662471813,2289.772980359431,9688,2,33.708,
11689,2017-12-30T06:50:10Z,-32.27836667,148.30526667,10204.076662471813,2290.772980359431,9689,2,33.7,
11690,2017-12-30T06:50:11Z,-32.27830000,148.30520000,10205.076662471813,2291.772980359431,9690,2,33.69,
11691,2017-12-30T06:50:12Z,-32.27818333,148.30513333,10206.076662471813,2292.772980359431,9691,2,33.676,
11692,2017-12-30T06:50:13Z,-32.27805000,148.30508333,10207.076662471813,2293.772980359431,9692,2,33.662,
11693,2017-12-30T06:50:14Z,-32.27788333,148.30503333,10208.076662471813,2294.772980359431,9693,2,33.644,
11694,2017-12-30T06:50:15Z,-32.27771667,148.30501667,10209.076662471813,2295.772980359431,9694,2,33.629,
11695,2017-12-30T06:50:16Z,-32.27753333,148.30503333,10210.076662471813,2296.772980359431,9695,2,33.615,
11696,2017-12-30T06:50:17Z,-32.27735000,148.30508333,10211.076662471813,2297.772980359431,9696,2,33.603,
11697,2017-12-30T06:50:18Z,-32.27716667,148.30520000,10212.076662471813,2298.772980359431,9697,2,33.594,
11698,2017-12-30T06:50:19Z,-32.27700000,148.30535000,10213.076662471813,2299.772980359431,9698,2,33.589,
11699,2017-12-30T06:50:20Z,-32.27686667,148.30553333,10214.076662471813,2300.772980359431,9699,2,33.59,
11700,2017-12-30T06:50:21Z,-32.27676667,148.30573333,10215.076662471813,2301.772980359431,9700,2,33.593,
11701,2017-12-30T06:50:22Z,-32.27670000,148.30595000,10216.076662471813,2302.772980359431,9701,2,33.601,
11702,2017-12-30T06:50:23Z,-32.27665000,148.30616667,10217.076662471813,2303.772980359431,9702,2,33.61,
11703,2017-12-30T06:50:24Z,-32.27665000,148.30638333,10218.076662471813,2304.772980359431,9703,2,33.624,
11704,2017-12-30T06:50:25Z,-32.27665000,148.30660000,10219.076662471813,2305.772980359431,9704,2,33.637,
11705,2017-12-30T06:50:26Z,-32.27668333,148.30678333,10220.076662471813,2306.772980359431,9705,2,33.651,
11706,2017-12-30T06:50:27Z,-32.27673333,148.30696667,10221.076662471813,2307.772980359431,9706,2,33.667,
11707,2017-12-30T06:50:28Z,-32.27678333,148.30711667,10222.076662471813,2308.772980359431,9707,2,33.68,
11708,2017-12-30T06:50:29Z,-32.27685000,148.30725000,10223.076662471813,2309.772980359431,9708,2,33.694,
11709,2017-12-30T06:50:30Z,-32.27695000,148.30733333,10224.076662471813,2310.772980359431,9709,2,33.707,
11710,2017-12-30T06:50:31Z,-32.27703333,148.30740000,10225.076662471813,2311.772980359431,9710,2,33.719,
11711,2017-12-30T06:50:32Z,-32.27710000,148.30743333,10226.076662471813,2312.772980359431,9711,2,33.726,
11712,2017-12-30T06:50:33Z,-32.27715000,148.30743333,10227.076662471813,2313.772980359431,9712,2,33.73,
11713,2017-12-30T06:50:34Z,-32.27718333,148.30740000,10228.076662471813,2314.772980359431,9713,2,33.731,
11714,2017-12-30T06:50:35Z,-32.27720000,148.30733333,10229.076662471813,2315.772980359431,9714,2,33.728,
11715,2017-12-30T06:50:36Z,-32.27716667,148.30726667,10230.076662471813,2316.772980359431,9715,2,33.722,
11716,2017-12-30T06:50:37Z,-32.27710000,148.30718333,10231.076662471813,2317.772980359431,9716,2,33.711,
11717,2017-12-30T06:50:38Z,-32.27700000,148.30710000,10232.076662471813,2318.772980359431,9717,2,33.697,
11718,2017-12-30T06:50:39Z,-32.27686667,148.30705000,10233.076662471813,2319.772980359431,9718,2,33.683,
11719,2017-12-30T06:50:40Z,-32.27671667,148.30700000,10234.076662471813,2320.772980359431,9719,2,33.667,
11720,2017-12-30T06:50:41Z,-32.27653333,148.30700000,10235.076662471813,2321.772980359431,9720,2,33.652,
11721,2017-12-30T06:50:42Z,-32.27635000,148.30703333,10236.076662471813,2322.772980359431,9721,2,33.639,
11722,2017-12-30T06:50:43Z,-32.27616667,148.30710000,10237.076662471813,2323.772980359431,9722,2,33.627,
11723,2017-12-30T06:50:44Z,-32.27596667,148.30721667,10238.076662471813,2324.772980359431,9723,2,33.618,
11724,2017-12-30T06:50:45Z,-32.27580000,148.30735000,10239.076662471813,2325.772980359431,9724,2,33.612,
11725,2017-12-30T06:50:46Z,-32.27566667,148.30753333,10240.076662471813,2326.772980359431,9725,2,33.612,
11726,2017-12-30T06:50:47Z,-32.27556667,148.30773333,10241.076662471813,2327.772980359431,9726,2,33.616,
11727,2017-12-30T06:50:48Z,-32.27550000,148.30795000,10242.076662471813,2328.772980359431,9727,2,33.624,
11728,2017-12-30T06:50:49Z,-32.27548333,148.30816667,10243.076662471813,2329.772980359431,9728,2,33.636,
11729,2017-12-30T06:50:50Z,-32.27550000,148.30836667,10244.076662471813,2330.772980359431,9729,2,33.65,
11730,2017-12-30T06:50:51Z,-32.27555000,148.30853333,10245.076662471813,2331.772980359431,9730,2,33.665,
11731,2017-12-30T06:50:52Z,-32.27561667,148.30866667,10246.076662471813,2332.772980359431,9731,2,33.679,
11732,2017-12-30T06:50:53Z,-32.27570000,148.30876667,10247.076662471813,2333.772980359431,9732,2,33.692,
11733,2017-12-30T06:50:54Z,-32.27578333,148.30886667,10248.076662471813,2334.772980359431,9733,2,33.705,
11734,2017-12-30T06:50:55Z,-32.27586667,148.30893333,10249.076662471813,2335.772980359431,9734,2,33.716,
11735,2017-12-30T06:50:56Z,-32.27591667,148.30896667,10250.076662471813,2336.772980359431,9735,2,33.722,
11736,2017-12-30T06:50:57Z,-32.27596667,148.30896667,10251.076662471813,2337.772980359431,9736,2,33.726,
11737,2017-12-30T06:50:58Z,-32.27600000,148.30893333,10252.076662471813,2338.772980359431,9737,2,33.727,
11738,2017-12-30T06:50:59Z,-32.27600000,148.30888333,10253.076662471813,2339.772980359431,9738,2,33.724,
11739,2017-12-30T06:51:00Z,-32.27596667,148.30881667,10254.076662471813,2340.772980359431,9739,2,33.717,
11740,2017-12-30T06:51:01Z,-32.27590000,148.30873333,10255.076662471813,2341.772980359431,9740,2,33.706,
11741,2017-12-30T06:51:02Z,-32.27580000,148.30866667,10256.076662471813,2342.772980359431,9741,2,33.694,
11742,2017-12-30T06:51:03Z,-32.27566667,148.30861667,10257.076662471813,2343.772980359431,9742,2,33.68,
11743,2017-12-30T06:51:04Z,-32.27551667,148.30856667,10258.076662471813,2344.772980359431,9743,2,33.664,
11744,2017-12-30T06:51:05Z,-32.27533333,148.30853333,10259.076662471813,2345.772980359431,9744,2,33.647,
11745,2017-12-30T06:51:06Z,-32.27515000,148.30853333,10260.076662471813,2346.772980359431,9745,2,33.631,
11746,2017-12-30T06:51:07Z,-32.27495000,148.30858333,10261.076662471813,2347.772980359431,9746,2,33.618,
11747,2017-12-30T06:51:08Z,-32.27476667,148.30866667,10262.076662471813,2348.772980359431,9747,2,33.608,
11748,2017-12-30T06:51:09Z,-32.27460000,148.30881667,10263.076662471813,2349.772980359431,9748,2,33.603,
11749,2017-12-30T06:51:10Z,-32.27446667,148.30900000,10264.076662471813,2350.772980359431,9749,2,33.604,
11750,2017-12-30T06:51:11Z,-32.27438333,148.30920000,10265.076662471813,2351.772980359431,9750,2,33.609,
11751,2017-12-30T06:51:12Z,-32.27433333,148.30943333,10266.076662471813,2352.772980359431,9751,2,33.62,
11752,2017-12-30T06:51:13Z,-32.27431667,148.30965000,10267.076662471813,2353.772980359431,9752,2,33.632,
11753,2017-12-30T06:51:14Z,-32.27433333,148.30986667,10268.076662471813,2354.772980359431,9753,2,33.647,
11754,2017-12-30T06:51:15Z,-32.27435000,148.31006667,10269.076662471813,2355.772980359431,9754,2,33.661,
11755,2017-12-30T06:51:16Z,-32.27440000,148.31023333,10270.076662471813,2356.772980359431,9755,2,33.675,
11756,2017-12-30T06:51:17Z,-32.27446667,148.31036667,10271.076662471813,2357.772980359431,9756,2,33.689,
11757,2017-12-30T06:51:18Z,-32.27455000,148.31048333,10272.076662471813,2358.772980359431,9757,2,33.703,
11758,2017-12-30T06:51:19Z,-32.27461667,148.31055000,10273.076662471813,2359.772980359431,9758,2,33.713,
11759,2017-12-30T06:51:20Z,-32.27468333,148.31058333,10274.076662471813,2360.772980359431,9759,2,33.721,
11760,2017-12-30T06:51:21Z,-32.27475000,148.31060000,10275.076662471813,2361.772980359431,9760,2,33.727,
11761,2017-12-30T06:51:22Z,-32.27478333,148.31056667,10276.076662471813,2362.772980359431,9761,2,33.728,
11762,2017-12-30T06:51:23Z,-32.27481667,148.31051667,10277.076662471813,2363.772980359431,9762,2,33.727,
11763,2017-12-30T06:51:24Z,-32.27481667,148.31046667,10278.076662471813,2364.772980359431,9763,2,33.724,
11764,2017-12-30T06:51:25Z,-32.27481667,148.31040000,10279.076662471813,2365.772980359431,9764,2,33.72,
11765,2017-12-30T06:51:26Z,-32.27478333,148.31031667,10280.076662471813,2366.772980359431,9765,2,33.712,
11766,2017-12-30T06:51:27Z,-32.27471667,148.31023333,10281.076662471813,2367.772980359431,9766,2,33.701,
11767,2017-12-30T06:51:28Z,-32.27463333,148.31015000,10282.076662471813,2368.772980359431,9767,2,33.689,
11768,2017-12-30T06:51:29Z,-32.27453333,148.31006667,10283.076662471813,2369.772980359431,9768,2,33.676,
11769,2017-12-30T06:51:30Z,-32.27440000,148.31000000,10284.076662471813,2370.772980359431,9769,2,33.661,
11770,2017-12-30T06:51:31Z,-32.27425000,148.30995000,10285.076662471813,2371.772980359431,9770,2,33.645,
11771,2017-12-30T06:51:32Z,-32.27406667,148.30991667,10286.076662471813,2372.772980359431,9771,2,33.628,
11772,2017-12-30T06:51:33Z,-32.27386667,148.30993333,10287.076662471813,2373.772980359431,9772,2,33.612,
11773,2017-12-30T06:51:34Z,-32.27366667,148.30998333,10288.076662471813,2374.772980359431,9773,2,33.599,
11774,2017-12-30T06:51:35Z,-32.27346667,148.31008333,10289.076662471813,2375.772980359431,9774,2,33.588,
11775,2017-12-30T06:51:36Z,-32.27328333,148.31020000,10290.076662471813,2376.772980359431,9775,2,33.58,
11776,2017-12-30T06:51:37Z,-32.27313333,148.31036667,10291.076662471813,2377.772980359431,9776,2,33.579,
11777,2017-12-30T06:51:38Z,-32.27300000,148.31055000,10292.076662471813,2378.772980359431,9777,2,33.579,
11778,2017-12-30T06:51:39Z,-32.27288333,148.31075000,10293.076662471813,2379.772980359431,9778,2,33.582,
11779,2017-12-30T06:51:40Z,-32.27283333,148.31096667,10294.076662471813,2380.772980359431,9779,2,33.591,
11780,2017-12-30T06:51:41Z,-32.27281667,148.31118333,10295.076662471813,2381.772980359431,9780,2,33.604,
11781,2017-12-30T06:51:42Z,-32.27283333,148.31138333,10296.076662471813,2382.772980359431,9781,2,33.618,
11782,2017-12-30T06:51:43Z,-32.27288333,148.31155000,10297.076662471813,2383.772980359431,9782,2,33.632,
11783,2017-12-30T06:51:44Z,-32.27295000,148.31168333,10298.076662471813,2384.772980359431,9783,2,33.646,
11784,2017-12-30T06:51:45Z,-32.27303333,148.31178333,10299.076662471813,2385.772980359431,9784,2,33.659,
11785,2017-12-30T06:51:46Z,-32.27310000,148.31181667,10300.076662471813,2386.772980359431,9785,2,33.667,
11786,2017-12-30T06:51:47Z,-32.27316667,148.31183333,10301.076662471813,2387.772980359431,9786,2,33.674,
11787,2017-12-30T06:51:48Z,-32.27320000,148.31180000,10302.076662471813,2388.772980359431,9787,2,33.674,
11788,2017-12-30T06:51:49Z,-32.27320000,148.31173333,10303.076662471813,2389.772980359431,9788,2,33.67,
11789,2017-12-30T06:51:50Z,-32.27315000,148.31165000,10304.076662471813,2390.772980359431,9789,2,33.661,
11790,2017-12-30T06:51:51Z,-32.27305000,148.31156667,10305.076662471813,2391.772980359431,9790,2,33.647,
11791,2017-12-30T06:51:52Z,-32.27291667,148.31150000,10306.076662471813,2392.772980359431,9791,2,33.632,
11792,2017-12-30T06:51:53Z,-32.27275000,148.31148333,10307.076662471813,2393.772980359431,9792,2,33.617,
11793,2017-12-30T06:51:54Z,-32.27255000,148.31153333,10308.076662471813,2394.772980359431,9793,2,33.604,
11794,2017-12-30T06:51:55Z,-32.27235000,148.31163333,10309.076662471813,2395.772980359431,9794,2,33.593,
11795,2017-12-30T06:51:56Z,-32.27218333,148.31178333,10310.076662471813,2396.772980359431,9795,2,33.589,
11796,2017-12-30T06:51:57Z,-32.27205000,148.31196667,10311.076662471813,2397.772980359431,9796,2,33.589,
11797,2017-12-30T06:51:58Z,-32.27196667,148.31218333,10312.076662471813,2398.772980359431,9797,2,33.596,
11798,2017-12-30T06:51:59Z,-32.27193333,148.31240000,10313.076662471813,2399.772980359431,9798,2,33.606,
11799,2017-12-30T06:52:00Z,-32.27193333,148.31261667,10314.076662471813,2400.772980359431,9799,2,33.62,
11800,2017-12-30T06:52:01Z,-32.27198333,148.31280000,10315.076662471813,2401.772980359431,9800,2,33.635,
11801,2017-12-30T06:52:02Z,-32.27205000,148.31295000,10316.076662471813,2402.772980359431,9801,2,33.65,
11802,2017-12-30T06:52:03Z,-32.27213333,148.31305000,10317.076662471813,2403.772980359431,9802,2,33.664,
11803,2017-12-30T06:52:04Z,-32.27221667,148.31310000,10318.076662471813,2404.772980359431,9803,2,33.674,
11804,2017-12-30T06:52:05Z,-32.27228333,148.31311667,10319.076662471813,2405.772980359431,9804,2,33.68,
11805,2017-12-30T06:52:06Z,-32.27233333,148.31310000,10320.076662471813,2406.772980359431,9805,2,33.683,
11806,2017-12-30T06:52:07Z,-32.27235000,148.31305000,10321.076662471813,2407.772980359431,9806,2,33.682,
11807,2017-12-30T06:52:08Z,-32.27235000,148.31300000,10322.076662471813,2408.772980359431,9807,2,33.678,
11808,2017-12-30T06:52:09Z,-32.27231667,148.31293333,10323.076662471813,2409.772980359431,9808,2,33.671,
11809,2017-12-30T06:52:10Z,-32.27226667,148.31285000,10324.076662471813,2410.772980359431,9809,2,33.662,
11810,2017-12-30T06:52:11Z,-32.27218333,148.31276667,10325.076662471813,2411.772980359431,9810,2,33.65,
11811,2017-12-30T06:52:12Z,-32.27210000,148.31268333,10326.076662471813,2412.772980359431,9811,2,33.638,
11812,2017-12-30T06:52:13Z,-32.27195000,148.31263333,10327.076662471813,2413.772980359431,9812,2,33.622,
11813,2017-12-30T06:52:14Z,-32.27178333,148.31258333,10328.076662471813,2414.772980359431,9813,2,33.605,
11814,2017-12-30T06:52:15Z,-32.27158333,148.31258333,10329.076662471813,2415.772980359431,9814,2,33.589,
11815,2017-12-30T06:52:16Z,-32.27138333,148.31263333,10330.076662471813,2416.772980359431,9815,2,33.575,
11816,2017-12-30T06:52:17Z,-32.27120000,148.31271667,10331.076662471813,2417.772980359431,9816,2,33.565,
11817,2017-12-30T06:52:18Z,-32.27103333,148.31283333,10332.076662471813,2418.772980359431,9817,2,33.559,
11818,2017-12-30T06:52:19Z,-32.27088333,148.31300000,10333.076662471813,2419.772980359431,9818,2,33.557,
11819,2017-12-30T06:52:20Z,-32.27078333,148.31318333,10334.076662471813,2420.772980359431,9819,2,33.56,
11820,2017-12-30T06:52:21Z,-32.27071667,148.31338333,10335.076662471813,2421.772980359431,9820,2,33.567,
11821,2017-12-30T06:52:22Z,-32.27070000,148.31360000,10336.076662471813,2422.772980359431,9821,2,33.579,
11822,2017-12-30T06:52:23Z,-32.27071667,148.31380000,10337.076662471813,2423.772980359431,9822,2,33.593,
11823,2017-12-30T06:52:24Z,-32.27076667,148.31396667,10338.076662471813,2424.772980359431,9823,2,33.608,
11824,2017-12-30T06:52:25Z,-32.27083333,148.31411667,10339.076662471813,2425.772980359431,9824,2,33.623,
11825,2017-12-30T06:52:26Z,-32.27091667,148.31423333,10340.076662471813,2426.772980359431,9825,2,33.637,
11826,2017-12-30T06:52:27Z,-32.27098333,148.31433333,10341.076662471813,2427.772980359431,9826,2,33.649,
11827,2017-12-30T06:52:28Z,-32.27106667,148.31440000,10342.076662471813,2428.772980359431,9827,2,33.66,
11828,2017-12-30T06:52:29Z,-32.27113333,148.31445000,10343.076662471813,2429.772980359431,9828,2,33.668,
11829,2017-12-30T06:52:30Z,-32.27120000,148.31445000,10344.076662471813,2430.772980359431,9829,2,33.674,
11830,2017-12-30T06:52:31Z,-32.27121667,148.31441667,10345.076662471813,2431.772980359431,9830,2,33.673,
11831,2017-12-30T06:52:32Z,-32.27123333,148.31436667,10346.076662471813,2432.772980359431,9831,2,33.672,
11832,2017-12-30T06:52:33Z,-32.27120000,148.31430000,10347.076662471813,2433.772980359431,9832,2,33.665,
11833,2017-12-30T06:52:34Z,-32.27113333,148.31421667,10348.076662471813,2434.772980359431,9833,2,33.654,
11834,2017-12-30T06:52:35Z,-32.27103333,148.31415000,10349.076662471813,2435.772980359431,9834,2,33.641,
11835,2017-12-30T06:52:36Z,-32.27088333,148.31410000,10350.076662471813,2436.772980359431,9835,2,33.626,
11836,2017-12-30T06:52:37Z,-32.27071667,148.31408333,10351.076662471813,2437.772980359431,9836,2,33.611,
11837,2017-12-30T06:52:38Z,-32.27053333,148.31408333,10352.076662471813,2438.772980359431,9837,2,33.596,
11838,2017-12-30T06:52:39Z,-32.27035000,148.31411667,10353.076662471813,2439.772980359431,9838,2,33.583,
11839,2017-12-30T06:52:40Z,-32.27015000,148.31416667,10354.076662471813,2440.772980359431,9839,2,33.569,
11840,2017-12-30T06:52:41Z,-32.26996667,148.31423333,10355.076662471813,2441.772980359431,9840,2,33.559,
11841,2017-12-30T06:52:42Z,-32.26980000,148.31433333,10356.076662471813,2442.772980359431,9841,2,33.551,
11842,2017-12-30T06:52:43Z,-32.26963333,148.31446667,10357.076662471813,2443.772980359431,9842,2,33.546,
11843,2017-12-30T06:52:44Z,-32.26950000,148.31463333,10358.076662471813,2444.772980359431,9843,2,33.545,
11844,2017-12-30T06:52:45Z,-32.26940000,148.31483333,10359.076662471813,2445.772980359431,9844,2,33.55,
11845,2017-12-30T06:52:46Z,-32.26931667,148.31505000,10360.076662471813,2446.772980359431,9845,2,33.557,
11846,2017-12-30T06:52:47Z,-32.26928333,148.31526667,10361.076662471813,2447.772980359431,9846,2,33.568,
11847,2017-12-30T06:52:48Z,-32.26928333,148.31546667,10362.076662471813,2448.772980359431,9847,2,33.58,
11848,2017-12-30T06:52:49Z,-32.26931667,148.31565000,10363.076662471813,2449.772980359431,9848,2,33.595,
11849,2017-12-30T06:52:50Z,-32.26936667,148.31580000,10364.076662471813,2450.772980359431,9849,2,33.608,
11850,2017-12-30T06:52:51Z,-32.26945000,148.31591667,10365.076662471813,2451.772980359431,9850,2,33.622,
11851,2017-12-30T06:52:52Z,-32.26953333,148.31596667,10366.076662471813,2452.772980359431,9851,2,33.632,
11852,2017-12-30T06:52:53Z,-32.26960000,148.31598333,10367.076662471813,2453.772980359431,9852,2,33.639,
11853,2017-12-30T06:52:54Z,-32.26966667,148.31596667,10368.076662471813,2454.772980359431,9853,2,33.643,
11854,2017-12-30T06:52:55Z,-32.26971667,148.31593333,10369.076662471813,2455.772980359431,9854,2,33.645,
11855,2017-12-30T06:52:56Z,-32.26975000,148.31588333,10370.076662471813,2456.772980359431,9855,2,33.645,
11856,2017-12-30T06:52:57Z,-32.26976667,148.31583333,10371.076662471813,2457.772980359431,9856,2,33.643,
11857,2017-12-30T06:52:58Z,-32.26976667,148.31576667,10372.076662471813,2458.772980359431,9857,2,33.639,
11858,2017-12-30T06:52:59Z,-32.26973333,148.31566667,10373.076662471813,2459.772980359431,9858,2,33.63,
11859,2017-12-30T06:53:00Z,-32.26966667,148.31556667,10374.076662471813,2460.772980359431,9859,2,33.618,
11860,2017-12-30T06:53:01Z,-32.26956667,148.31546667,10375.076662471813,2461.772980359431,9860,2,33.603,
11861,2017-12-30T06:53:02Z,-32.26946667,148.31538333,10376.076662471813,2462.772980359431,9861,2,33.59,
11862,2017-12-30T06:53:03Z,-32.26933333,148.31531667,10377.076662471813,2463.772980359431,9862,2,33.575,
11863,2017-12-30T06:53:04Z,-32.26918333,148.31525000,10378.076662471813,2464.772980359431,9863,2,33.558,
11864,2017-12-30T06:53:05Z,-32.26903333,148.31521667,10379.076662471813,2465.772980359431,9864,2,33.544,
11865,2017-12-30T06:53:06Z,-32.26885000,148.31521667,10380.076662471813,2466.772980359431,9865,2,33.529,
11866,2017-12-30T06:53:07Z,-32.26868333,148.31525000,10381.076662471813,2467.772980359431,9866,2,33.517,
11867,2017-12-30T06:53:08Z,-32.26850000,148.31531667,10382.076662471813,2468.772980359431,9867,2,33.506,
11868,2017-12-30T06:53:09Z,-32.26833333,148.31543333,10383.076662471813,2469.772980359431,9868,2,33.5,
11869,2017-12-30T06:53:10Z,-32.26818333,148.31560000,10384.076662471813,2470.772980359431,9869,2,33.498,
11870,2017-12-30T06:53:11Z,-32.26806667,148.31580000,10385.076662471813,2471.772980359431,9870,2,33.501,
11871,2017-12-30T06:53:12Z,-32.26796667,148.31600000,10386.076662471813,2472.772980359431,9871,2,33.506,
11872,2017-12-30T06:53:13Z,-32.26788333,148.31621667,10387.076662471813,2473.772980359431,9872,2,33.513,
11873,2017-12-30T06:53:14Z,-32.26778333,148.31643333,10388.076662471813,2474.772980359431,9873,2,33.519,
11874,2017-12-30T06:53:15Z,-32.26766667,148.31663333,10389.076662471813,2475.772980359431,9874,2,33.522,
11875,2017-12-30T06:53:16Z,-32.26753333,148.31683333,10390.076662471813,2476.772980359431,9875,2,33.524,
11876,2017-12-30T06:53:17Z,-32.26738333,148.31698333,10391.076662471813,2477.772980359431,9876,2,33.521,
11877,2017-12-30T06:53:18Z,-32.26720000,148.31710000,10392.076662471813,2478.772980359431,9877,2,33.513,
11878,2017-12-30T06:53:19Z,-32.26701667,148.31716667,10393.076662471813,2479.772980359431,9878,2,33.503,
11879,2017-12-30T06:53:20Z,-32.26683333,148.31718333,10394.076662471813,2480.772980359431,9879,2,33.489,
11880,2017-12-30T06:53:21Z,-32.26666667,148.31715000,10395.076662471813,2481.772980359431,9880,2,33.473,
11881,2017-12-30T06:53:22Z,-32.26655000,148.31708333,10396.076662471813,2482.772980359431,9881,2,33.459,
11882,2017-12-30T06:53:23Z,-32.26645000,148.31700000,10397.076662471813,2483.772980359431,9882,2,33.446,
11883,2017-12-30T06:53:24Z,-32.26640000,148.31690000,10398.076662471813,2484.772980359431,9883,2,33.435,
11884,2017-12-30T06:53:25Z,-32.26638333,148.31681667,10399.076662471813,2485.772980359431,9884,2,33.429,
11885,2017-12-30T06:53:26Z,-32.26636667,148.31673333,10400.076662471813,2486.772980359431,9885,2,33.422,
11886,2017-12-30T06:53:27Z,-32.26640000,148.31668333,10401.076662471813,2487.772980359431,9886,2,33.422,
11887,2017-12-30T06:53:28Z,-32.26645000,148.31666667,10402.076662471813,2488.772980359431,9887,2,33.425,
11888,2017-12-30T06:53:29Z,-32.26651667,148.31666667,10403.076662471813,2489.772980359431,9888,2,33.43,
11889,2017-12-30T06:53:30Z,-32.26660000,148.31670000,10404.076662471813,2490.772980359431,9889,2,33.439,
11890,2017-12-30T06:53:31Z,-32.26668333,148.31676667,10405.076662471813,2491.772980359431,9890,2,33.45,
11891,2017-12-30T06:53:32Z,-32.26676667,148.31683333,10406.076662471813,2492.772980359431,9891,2,33.461,
11892,2017-12-30T06:53:33Z,-32.26686667,148.31693333,10407.076662471813,2493.772980359431,9892,2,33.476,
11893,2017-12-30T06:53:34Z,-32.26695000,148.31700000,10408.076662471813,2494.772980359431,9893,2,33.487,
11894,2017-12-30T06:53:35Z,-32.26703333,148.31706667,10409.076662471813,2495.772980359431,9894,2,33.498,
11895,2017-12-30T06:53:36Z,-32.26710000,148.31710000,10410.076662471813,2496.772980359431,9895,2,33.505,
11896,2017-12-30T06:53:37Z,-32.26718333,148.31713333,10411.076662471813,2497.772980359431,9896,2,33.514,
11897,2017-12-30T06:53:38Z,-32.26726667,148.31711667,10412.076662471813,2498.772980359431,9897,2,33.52,
11898,2017-12-30T06:53:39Z,-32.26731667,148.31706667,10413.076662471813,2499.772980359431,9898,2,33.521,
11899,2017-12-30T06:53:40Z,-32.26736667,148.31700000,10414.076662471813,2500.772980359431,9899,2,33.521,
11900,2017-12-30T06:53:41Z,-32.26738333,148.31690000,10415.076662471813,2501.772980359431,9900,2,33.516,
11901,2017-12-30T06:53:42Z,-32.26738333,148.31680000,10416.076662471813,2502.772980359431,9901,2,33.509,
11902,2017-12-30T06:53:43Z,-32.26735000,148.31670000,10417.076662471813,2503.772980359431,9902,2,33.5,
11903,2017-12-30T06:53:44Z,-32.26731667,148.31660000,10418.076662471813,2504.772980359431,9903,2,33.491,
11904,2017-12-30T06:53:45Z,-32.26726667,148.31650000,10419.076662471813,2505.772980359431,9904,2,33.481,
11905,2017-12-30T06:53:46Z,-32.26720000,148.31638333,10420.076662471813,2506.772980359431,9905,2,33.468,
11906,2017-12-30T06:53:47Z,-32.26713333,148.31628333,10421.076662471813,2507.772980359431,9906,2,33.456,
11907,2017-12-30T06:53:48Z,-32.26705000,148.31618333,10422.076662471813,2508.772980359431,9907,2,33.443,
11908,2017-12-30T06:53:49Z,-32.26696667,148.31610000,10423.076662471813,2509.772980359431,9908,2,33.431,
11909,2017-12-30T06:53:50Z,-32.26686667,148.31601667,10424.076662471813,2510.772980359431,9909,2,33.417,
11910,2017-12-30T06:53:51Z,-32.26676667,148.31595000,10425.076662471813,2511.772980359431,9910,2,33.405,
11911,2017-12-30T06:53:52Z,-32.26668333,148.31586667,10426.076662471813,2512.772980359431,9911,2,33.393,
11912,2017-12-30T06:53:53Z,-32.26658333,148.31576667,10427.076662471813,2513.772980359431,9912,2,33.378,
11913,2017-12-30T06:53:54Z,-32.26646667,148.31568333,10428.076662471813,2514.772980359431,9913,2,33.363,
11914,2017-12-30T06:53:55Z,-32.26635000,148.31558333,10429.076662471813,2515.772980359431,9914,2,33.347,
11915,2017-12-30T06:53:56Z,-32.26623333,148.31550000,10430.076662471813,2516.772980359431,9915,2,33.332,
11916,2017-12-30T06:53:57Z,-32.26611667,148.31543333,10431.076662471813,2517.772980359431,9916,2,33.319,
11917,2017-12-30T06:53:58Z,-32.26600000,148.31536667,10432.076662471813,2518.772980359431,9917,2,33.305,
11918,2017-12-30T06:53:59Z,-32.26588333,148.31530000,10433.076662471813,2519.772980359431,9918,2,33.291,
11919,2017-12-30T06:54:00Z,-32.26576667,148.31521667,10434.076662471813,2520.772980359431,9919,2,33.276,
11920,2017-12-30T06:54:01Z,-32.26565000,148.31513333,10435.076662471813,2521.772980359431,9920,2,33.261,
11921,2017-12-30T06:54:02Z,-32.26553333,148.31503333,10436.076662471813,2522.772980359431,9921,2,33.245,
11922,2017-12-30T06:54:03Z,-32.26540000,148.31495000,10437.076662471813,2523.772980359431,9922,2,33.229,
11923,2017-12-30T06:54:04Z,-32.26530000,148.31486667,10438.076662471813,2524.772980359431,9923,2,33.216,
11924,2017-12-30T06:54:05Z,-32.26520000,148.31478333,10439.076662471813,2525.772980359431,9924,2,33.202,
11925,2017-12-30T06:54:06Z,-32.26511667,148.31470000,10440.076662471813,2526.772980359431,9925,2,33.19,
11926,2017-12-30T06:54:07Z,-32.26505000,148.31461667,10441.076662471813,2527.772980359431,9926,2,33.179,
11927,2017-12-30T06:54:08Z,-32.26496667,148.31451667,10442.076662471813,2528.772980359431,9927,2,33.166,
11928,2017-12-30T06:54:09Z,-32.26488333,148.31441667,10443.076662471813,2529.772980359431,9928,2,33.153,
11929,2017-12-30T06:54:10Z,-32.26480000,148.31433333,10444.076662471813,2530.772980359431,9929,2,33.141,
11930,2017-12-30T06:54:11Z,-32.26470000,148.31425000,10445.076662471813,2531.772980359431,9930,2,33.127,
11931,2017-12-30T06:54:12Z,-32.26460000,148.31416667,10446.076662471813,2532.772980359431,9931,2,33.114,
11932,2017-12-30T06:54:13Z,-32.26451667,148.31408333,10447.076662471813,2533.772980359431,9932,2,33.102,
11933,2017-12-30T06:54:14Z,-32.26441667,148.31398333,10448.076662471813,2534.772980359431,9933,2,33.087,
11934,2017-12-30T06:54:15Z,-32.26435000,148.31390000,10449.076662471813,2535.772980359431,9934,2,33.077,
11935,2017-12-30T06:54:16Z,-32.26428333,148.31380000,10450.076662471813,2536.772980359431,9935,2,33.065,
11936,2017-12-30T06:54:17Z,-32.26423333,148.31371667,10451.076662471813,2537.772980359431,9936,2,33.055,
11937,2017-12-30T06:54:18Z,-32.26420000,148.31361667,10452.076662471813,2538.772980359431,9937,2,33.046,
11938,2017-12-30T06:54:19Z,-32.26418333,148.31355000,10453.076662471813,2539.772980359431,9938,2,33.041,
11939,2017-12-30T06:54:20Z,-32.26420000,148.31346667,10454.076662471813,2540.772980359431,9939,2,33.037,
11940,2017-12-30T06:54:21Z,-32.26420000,148.31338333,10455.076662471813,2541.772980359431,9940,2,33.031,
11941,2017-12-30T06:54:22Z,-32.26418333,148.31330000,10456.076662471813,2542.772980359431,9941,2,33.025,
11942,2017-12-30T06:54:23Z,-32.26416667,148.31321667,10457.076662471813,2543.772980359431,9942,2,33.018,
11943,2017-12-30T06:54:24Z,-32.26415000,148.31313333,10458.076662471813,2544.772980359431,9943,2,33.011,
11944,2017-12-30T06:54:25Z,-32.26411667,148.31305000,10459.076662471813,2545.772980359431,9944,2,33.003,
11945,2017-12-30T06:54:26Z,-32.26406667,148.31296667,10460.076662471813,2546.772980359431,9945,2,32.994,
11946,2017-12-30T06:54:27Z,-32.26401667,148.31286667,10461.076662471813,2547.772980359431,9946,2,32.983,
11947,2017-12-30T06:54:28Z,-32.26398333,148.31278333,10462.076662471813,2548.772980359431,9947,2,32.975,
11948,2017-12-30T06:54:29Z,-32.26393333,148.31268333,10463.076662471813,2549.772980359431,9948,2,32.965,
11949,2017-12-30T06:54:30Z,-32.26388333,148.31258333,10464.076662471813,2550.772980359431,9949,2,32.954,
11950,2017-12-30T06:54:31Z,-32.26383333,148.31248333,10465.076662471813,2551.772980359431,9950,2,32.944,
11951,2017-12-30T06:54:32Z,-32.26378333,148.31240000,10466.076662471813,2552.772980359431,9951,2,32.935,
11952,2017-12-30T06:54:33Z,-32.26371667,148.31231667,10467.076662471813,2553.772980359431,9952,2,32.924,
11953,2017-12-30T06:54:34Z,-32.26365000,148.31225000,10468.076662471813,2554.772980359431,9953,2,32.914,
11954,2017-12-30T06:54:35Z,-32.26358333,148.31216667,10469.076662471813,2555.772980359431,9954,2,32.903,
11955,2017-12-30T06:54:36Z,-32.26350000,148.31206667,10470.076662471813,2556.772980359431,9955,2,32.89,
11956,2017-12-30T06:54:37Z,-32.26341667,148.31198333,10471.076662471813,2557.772980359431,9956,2,32.878,
11957,2017-12-30T06:54:38Z,-32.26333333,148.31188333,10472.076662471813,2558.772980359431,9957,2,32.865,
11958,2017-12-30T06:54:39Z,-32.26325000,148.31180000,10473.076662471813,2559.772980359431,9958,2,32.853,
11959,2017-12-30T06:54:40Z,-32.26320000,148.31171667,10474.076662471813,2560.772980359431,9959,2,32.843,
11960,2017-12-30T06:54:41Z,-32.26313333,148.31161667,10475.076662471813,2561.772980359431,9960,2,32.831,
11961,2017-12-30T06:54:42Z,-32.26310000,148.31153333,10476.076662471813,2562.772980359431,9961,2,32.823,
11962,2017-12-30T06:54:43Z,-32.26305000,148.31145000,10477.076662471813,2563.772980359431,9962,2,32.814,
11963,2017-12-30T06:54:44Z,-32.26298333,148.31136667,10478.076662471813,2564.772980359431,9963,2,32.803,
11964,2017-12-30T06:54:45Z,-32.26291667,148.31126667,10479.076662471813,2565.772980359431,9964,2,32.791,
11965,2017-12-30T06:54:46Z,-32.26285000,148.31118333,10480.076662471813,2566.772980359431,9965,2,32.781,
11966,2017-12-30T06:54:47Z,-32.26278333,148.31108333,10481.076662471813,2567.772980359431,9966,2,32.769,
11967,2017-12-30T06:54:48Z,-32.26271667,148.31100000,10482.076662471813,2568.772980359431,9967,2,32.758,
11968,2017-12-30T06:54:49Z,-32.26266667,148.31090000,10483.076662471813,2569.772980359431,9968,2,32.748,
11969,2017-12-30T06:54:50Z,-32.26263333,148.31081667,10484.076662471813,2570.772980359431,9969,2,32.74,
11970,2017-12-30T06:54:51Z,-32.26260000,148.31071667,10485.076662471813,2571.772980359431,9970,2,32.731,
11971,2017-12-30T06:54:52Z,-32.26256667,148.31063333,10486.076662471813,2572.772980359431,9971,2,32.722,
11972,2017-12-30T06:54:53Z,-32.26253333,148.31053333,10487.076662471813,2573.772980359431,9972,2,32.713,
11973,2017-12-30T06:54:54Z,-32.26250000,148.31043333,10488.076662471813,2574.772980359431,9973,2,32.704,
11974,2017-12-30T06:54:55Z,-32.26246667,148.31033333,10489.076662471813,2575.772980359431,9974,2,32.695,
11975,2017-12-30T06:54:56Z,-32.26243333,148.31023333,10490.076662471813,2576.772980359431,9975,2,32.686,
11976,2017-12-30T06:54:57Z,-32.26240000,148.31013333,10491.076662471813,2577.772980359431,9976,2,32.677,
11977,2017-12-30T06:54:58Z,-32.26236667,148.31003333,10492.076662471813,2578.772980359431,9977,2,32.668,
11978,2017-12-30T06:54:59Z,-32.26233333,148.30993333,10493.076662471813,2579.772980359431,9978,2,32.659,
11979,2017-12-30T06:55:00Z,-32.26230000,148.30983333,10494.076662471813,2580.772980359431,9979,2,32.65,
11980,2017-12-30T06:55:01Z,-32.26228333,148.30975000,10495.076662471813,2581.772980359431,9980,2,32.643,
11981,2017-12-30T06:55:02Z,-32.26225000,148.30965000,10496.076662471813,2582.772980359431,9981,2,32.634,
11982,2017-12-30T06:55:03Z,-32.26220000,148.30955000,10497.076662471813,2583.772980359431,9982,2,32.624,
11983,2017-12-30T06:55:04Z,-32.26215000,148.30946667,10498.076662471813,2584.772980359431,9983,2,32.614,
11984,2017-12-30T06:55:05Z,-32.26210000,148.30936667,10499.076662471813,2585.772980359431,9984,2,32.604,
11985,2017-12-30T06:55:06Z,-32.26205000,148.30925000,10500.076662471813,2586.772980359431,9985,2,32.592,
11986,2017-12-30T06:55:07Z,-32.26201667,148.30915000,10501.076662471813,2587.772980359431,9986,2,32.583,
11987,2017-12-30T06:55:08Z,-32.26196667,148.30903333,10502.076662471813,2588.772980359431,9987,2,32.572,
11988,2017-12-30T06:55:09Z,-32.26193333,148.30893333,10503.076662471813,2589.772980359431,9988,2,32.562,
11989,2017-12-30T06:55:10Z,-32.26188333,148.30883333,10504.076662471813,2590.772980359431,9989,2,32.552,
11990,2017-12-30T06:55:11Z,-32.26185000,148.30873333,10505.076662471813,2591.772980359431,9990,2,32.543,
11991,2017-12-30T06:55:12Z,-32.26180000,148.30865000,10506.076662471813,2592.772980359431,9991,2,32.534,
11992,2017-12-30T06:55:13Z,-32.26176667,148.30858333,10507.076662471813,2593.772980359431,9992,2,32.527,
11993,2017-12-30T06:55:14Z,-32.26171667,148.30848333,10508.076662471813,2594.772980359431,9993,2,32.516,
11994,2017-12-30T06:55:15Z,-32.26166667,148.30838333,10509.076662471813,2595.772980359431,9994,2,32.506,
11995,2017-12-30T06:55:16Z,-32.26160000,148.30826667,10510.076662471813,2596.772980359431,9995,2,32.493,
11996,2017-12-30T06:55:17Z,-32.26153333,148.30816667,10511.076662471813,2597.772980359431,9996,2,32.481,
11997,2017-12-30T06:55:18Z,-32.26148333,148.30805000,10512.076662471813,2598.772980359431,9997,2,32.469,
11998,2017-12-30T06:55:19Z,-32.26141667,148.30795000,10513.076662471813,2599.772980359431,9998,2,32.458,
11999,2017-12-30T06:55:20Z,-32.26136667,148.30785000,10514.076662471813,2600.772980359431,9999,2,32.447,
12000,2017-12-30T06:55:21Z,-32.26130000,148.30775000,10515.076662471813,2601.772980359431,10000,2,32.435,
12001,2017-12-30T06:55:22Z,-32.26125000,148.30763333,10516.076662471813,2602.772980359431,10001,2,32.424,
12002,2017-12-30T06:55:23Z,-32.26118333,148.30755000,10517.076662471813,2603.772980359431,10002,2,32.413,
12003,2017-12-30T06:55:24Z,-32.26111667,148.30746667,10518.076662471813,2604.772980359431,10003,2,32.402,
12004,2017-12-30T06:55:25Z,-32.26105000,148.30738333,10519.076662471813,2605.772980359431,10004,2,32.392,
12005,2017-12-30T06:55:26Z,-32.26100000,148.30730000,10520.076662471813,2606.772980359431,10005,2,32.382,
12006,2017-12-30T06:55:27Z,-32.26093333,148.30720000,10521.076662471813,2607.772980359431,10006,2,32.37,
12007,2017-12-30T06:55:28Z,-32.26086667,148.30711667,10522.076662471813,2608.772980359431,10007,2,32.36,
12008,2017-12-30T06:55:29Z,-32.26080000,148.30701667,10523.076662471813,2609.772980359431,10008,2,32.348,
12009,2017-12-30T06:55:30Z,-32.26071667,148.30693333,10524.076662471813,2610.772980359431,10009,2,32.336,
12010,2017-12-30T06:55:31Z,-32.26065000,148.30685000,10525.076662471813,2611.772980359431,10010,2,32.325,
12011,2017-12-30T06:55:32Z,-32.26058333,148.30676667,10526.076662471813,2612.772980359431,10011,2,32.314,
12012,2017-12-30T06:55:33Z,-32.26051667,148.30666667,10527.076662471813,2613.772980359431,10012,2,32.302,
12013,2017-12-30T06:55:34Z,-32.26043333,148.30656667,10528.076662471813,2614.772980359431,10013,2,32.289,
12014,2017-12-30T06:55:35Z,-32.26036667,148.30648333,10529.076662471813,2615.772980359431,10014,2,32.278,
12015,2017-12-30T06:55:36Z,-32.26028333,148.30640000,10530.076662471813,2616.772980359431,10015,2,32.266,
12016,2017-12-30T06:55:37Z,-32.26021667,148.30631667,10531.076662471813,2617.772980359431,10016,2,32.256,
12017,2017-12-30T06:55:38Z,-32.26013333,148.30623333,10532.076662471813,2618.772980359431,10017,2,32.243,
12018,2017-12-30T06:55:39Z,-32.26003333,148.30613333,10533.076662471813,2619.772980359431,10018,2,32.229,
12019,2017-12-30T06:55:40Z,-32.25995000,148.30605000,10534.076662471813,2620.772980359431,10019,2,32.217,
12020,2017-12-30T06:55:41Z,-32.25983333,148.30595000,10535.076662471813,2621.772980359431,10020,2,32.201,
12021,2017-12-30T06:55:42Z,-32.25973333,148.30586667,10536.076662471813,2622.772980359431,10021,2,32.187,
12022,2017-12-30T06:55:43Z,-32.25961667,148.30578333,10537.076662471813,2623.772980359431,10022,2,32.172,
12023,2017-12-30T06:55:44Z,-32.25950000,148.30568333,10538.076662471813,2624.772980359431,10023,2,32.157,
12024,2017-12-30T06:55:45Z,-32.25938333,148.30560000,10539.076662471813,2625.772980359431,10024,2,32.142,
12025,2017-12-30T06:55:46Z,-32.25928333,148.30551667,10540.076662471813,2626.772980359431,10025,2,32.128,
12026,2017-12-30T06:55:47Z,-32.25916667,148.30543333,10541.076662471813,2627.772980359431,10026,2,32.113,
12027,2017-12-30T06:55:48Z,-32.25906667,148.30535000,10542.076662471813,2628.772980359431,10027,2,32.1,
12028,2017-12-30T06:55:49Z,-32.25898333,148.30525000,10543.076662471813,2629.772980359431,10028,2,32.087,
12029,2017-12-30T06:55:50Z,-32.25891667,148.30516667,10544.076662471813,2630.772980359431,10029,2,32.076,
12030,2017-12-30T06:55:51Z,-32.25885000,148.30506667,10545.076662471813,2631.772980359431,10030,2,32.064,
12031,2017-12-30T06:55:52Z,-32.25880000,148.30496667,10546.076662471813,2632.772980359431,10031,2,32.054,
12032,2017-12-30T06:55:53Z,-32.25875000,148.30486667,10547.076662471813,2633.772980359431,10032,2,32.043,
12033,2017-12-30T06:55:54Z,-32.25870000,148.30476667,10548.076662471813,2634.772980359431,10033,2,32.033,
12034,2017-12-30T06:55:55Z,-32.25865000,148.30466667,10549.076662471813,2635.772980359431,10034,2,32.022,
12035,2017-12-30T06:55:56Z,-32.25858333,148.30458333,10550.076662471813,2636.772980359431,10035,2,32.012,
12036,2017-12-30T06:55:57Z,-32.25855000,148.30450000,10551.076662471813,2637.772980359431,10036,2,32.004,
12037,2017-12-30T06:55:58Z,-32.25850000,148.30440000,10552.076662471813,2638.772980359431,10037,2,31.993,
12038,2017-12-30T06:55:59Z,-32.25845000,148.30430000,10553.076662471813,2639.772980359431,10038,2,31.983,
12039,2017-12-30T06:56:00Z,-32.25841667,148.30420000,10554.076662471813,2640.772980359431,10039,2,31.974,
12040,2017-12-30T06:56:01Z,-32.25836667,148.30411667,10555.076662471813,2641.772980359431,10040,2,31.964,
12041,2017-12-30T06:56:02Z,-32.25831667,148.30403333,10556.076662471813,2642.772980359431,10041,2,31.955,
12042,2017-12-30T06:56:03Z,-32.25826667,148.30395000,10557.076662471813,2643.772980359431,10042,2,31.945,
12043,2017-12-30T06:56:04Z,-32.25823333,148.30385000,10558.076662471813,2644.772980359431,10043,2,31.936,
12044,2017-12-30T06:56:05Z,-32.25816667,148.30375000,10559.076662471813,2645.772980359431,10044,2,31.924,
12045,2017-12-30T06:56:06Z,-32.25811667,148.30366667,10560.076662471813,2646.772980359431,10045,2,31.915,
12046,2017-12-30T06:56:07Z,-32.25805000,148.30358333,10561.076662471813,2647.772980359431,10046,2,31.904,
12047,2017-12-30T06:56:08Z,-32.25798333,148.30350000,10562.076662471813,2648.772980359431,10047,2,31.894,
12048,2017-12-30T06:56:09Z,-32.25791667,148.30341667,10563.076662471813,2649.772980359431,10048,2,31.883,
12049,2017-12-30T06:56:10Z,-32.25786667,148.30331667,10564.076662471813,2650.772980359431,10049,2,31.872,
12050,2017-12-30T06:56:11Z,-32.25781667,148.30323333,10565.076662471813,2651.772980359431,10050,2,31.863,
12051,2017-12-30T06:56:12Z,-32.25775000,148.30313333,10566.076662471813,2652.772980359431,10051,2,31.851,
12052,2017-12-30T06:56:13Z,-32.25770000,148.30305000,10567.076662471813,2653.772980359431,10052,2,31.842,
12053,2017-12-30T06:56:14Z,-32.25765000,148.30296667,10568.076662471813,2654.772980359431,10053,2,31.832,
12054,2017-12-30T06:56:15Z,-32.25760000,148.30288333,10569.076662471813,2655.772980359431,10054,2,31.823,
12055,2017-12-30T06:56:16Z,-32.25755000,148.30280000,10570.076662471813,2656.772980359431,10055,2,31.814,
12056,2017-12-30T06:56:17Z,-32.25748333,148.30270000,10571.076662471813,2657.772980359431,10056,2,31.802,
12057,2017-12-30T06:56:18Z,-32.25743333,148.30260000,10572.076662471813,2658.772980359431,10057,2,31.791,
12058,2017-12-30T06:56:19Z,-32.25738333,148.30251667,10573.076662471813,2659.772980359431,10058,2,31.782,
12059,2017-12-30T06:56:20Z,-32.25733333,148.30243333,10574.076662471813,2660.772980359431,10059,2,31.773,
12060,2017-12-30T06:56:21Z,-32.25730000,148.30235000,10575.076662471813,2661.772980359431,10060,2,31.765,
12061,2017-12-30T06:56:22Z,-32.25725000,148.30225000,10576.076662471813,2662.772980359431,10061,2,31.754,
12062,2017-12-30T06:56:23Z,-32.25720000,148.30215000,10577.076662471813,2663.772980359431,10062,2,31.744,
12063,2017-12-30T06:56:24Z,-32.25715000,148.30205000,10578.076662471813,2664.772980359431,10063,2,31.733,
12064,2017-12-30T06:56:25Z,-32.25708333,148.30195000,10579.076662471813,2665.772980359431,10064,2,31.721,
12065,2017-12-30T06:56:26Z,-32.25701667,148.30185000,10580.076662471813,2666.772980359431,10065,2,31.71,
12066,2017-12-30T06:56:27Z,-32.25695000,148.30175000,10581.076662471813,2667.772980359431,10066,2,31.698,
12067,2017-12-30T06:56:28Z,-32.25688333,148.30165000,10582.076662471813,2668.772980359431,10067,2,31.686,
12068,2017-12-30T06:56:29Z,-32.25681667,148.30155000,10583.076662471813,2669.772980359431,10068,2,31.674,
12069,2017-12-30T06:56:30Z,-32.25675000,148.30146667,10584.076662471813,2670.772980359431,10069,2,31.663,
12070,2017-12-30T06:56:31Z,-32.25668333,148.30138333,10585.076662471813,2671.772980359431,10070,2,31.653,
12071,2017-12-30T06:56:32Z,-32.25661667,148.30130000,10586.076662471813,2672.772980359431,10071,2,31.642,
12072,2017-12-30T06:56:33Z,-32.25655000,148.30121667,10587.076662471813,2673.772980359431,10072,2,31.631,
12073,2017-12-30T06:56:34Z,-32.25648333,148.30113333,10588.076662471813,2674.772980359431,10073,2,31.62,
12074,2017-12-30T06:56:35Z,-32.25641667,148.30105000,10589.076662471813,2675.772980359431,10074,2,31.61,
12075,2017-12-30T06:56:36Z,-32.25633333,148.30095000,10590.076662471813,2676.772980359431,10075,2,31.596,
12076,2017-12-30T06:56:37Z,-32.25626667,148.30086667,10591.076662471813,2677.772980359431,10076,2,31.586,
12077,2017-12-30T06:56:38Z,-32.25620000,148.30076667,10592.076662471813,2678.772980359431,10077,2,31.574,
12078,2017-12-30T06:56:39Z,-32.25611667,148.30068333,10593.076662471813,2679.772980359431,10078,2,31.562,
12079,2017-12-30T06:56:40Z,-32.25605000,148.30060000,10594.076662471813,2680.772980359431,10079,2,31.551,
12080,2017-12-30T06:56:41Z,-32.25596667,148.30051667,10595.076662471813,2681.772980359431,10080,2,31.539,
12081,2017-12-30T06:56:42Z,-32.25590000,148.30045000,10596.076662471813,2682.772980359431,10081,2,31.529,
12082,2017-12-30T06:56:43Z,-32.25581667,148.30038333,10597.076662471813,2683.772980359431,10082,2,31.518,
12083,2017-12-30T06:56:44Z,-32.25573333,148.30031667,10598.076662471813,2684.772980359431,10083,2,31.507,
12084,2017-12-30T06:56:45Z,-32.25563333,148.30023333,10599.076662471813,2685.772980359431,10084,2,31.494,
12085,2017-12-30T06:56:46Z,-32.25555000,148.30016667,10600.076662471813,2686.772980359431,10085,2,31.482,
12086,2017-12-30T06:56:47Z,-32.25546667,148.30008333,10601.076662471813,2687.772980359431,10086,2,31.47,
12087,2017-12-30T06:56:48Z,-32.25536667,148.30000000,10602.076662471813,2688.772980359431,10087,2,31.457,
12088,2017-12-30T06:56:49Z,-32.25526667,148.29991667,10603.076662471813,2689.772980359431,10088,2,31.443,
12089,2017-12-30T06:56:50Z,-32.25518333,148.29985000,10604.076662471813,2690.772980359431,10089,2,31.432,
12090,2017-12-30T06:56:51Z,-32.25510000,148.29978333,10605.076662471813,2691.772980359431,10090,2,31.421,
12091,2017-12-30T06:56:52Z,-32.25501667,148.29970000,10606.076662471813,2692.772980359431,10091,2,31.409,
12092,2017-12-30T06:56:53Z,-32.25495000,148.29961667,10607.076662471813,2693.772980359431,10092,2,31.398,
12093,2017-12-30T06:56:54Z,-32.25486667,148.29953333,10608.076662471813,2694.772980359431,10093,2,31.386,
12094,2017-12-30T06:56:55Z,-32.25480000,148.29945000,10609.076662471813,2695.772980359431,10094,2,31.375,
12095,2017-12-30T06:56:56Z,-32.25471667,148.29936667,10610.076662471813,2696.772980359431,10095,2,31.363,
12096,2017-12-30T06:56:57Z,-32.25463333,148.29928333,10611.076662471813,2697.772980359431,10096,2,31.351,
12097,2017-12-30T06:56:58Z,-32.25455000,148.29921667,10612.076662471813,2698.772980359431,10097,2,31.34,
12098,2017-12-30T06:56:59Z,-32.25446667,148.29913333,10613.076662471813,2699.772980359431,10098,2,31.328,
12099,2017-12-30T06:57:00Z,-32.25438333,148.29906667,10614.076662471813,2700.772980359431,10099,2,31.317,
12100,2017-12-30T06:57:01Z,-32.25428333,148.29900000,10615.076662471813,2701.772980359431,10100,2,31.304,
12101,2017-12-30T06:57:02Z,-32.25420000,148.29891667,10616.076662471813,2702.772980359431,10101,2,31.292,
12102,2017-12-30T06:57:03Z,-32.25411667,148.29885000,10617.076662471813,2703.772980359431,10102,2,31.281,
12103,2017-12-30T06:57:04Z,-32.25403333,148.29876667,10618.076662471813,2704.772980359431,10103,2,31.269,
12104,2017-12-30T06:57:05Z,-32.25395000,148.29868333,10619.076662471813,2705.772980359431,10104,2,31.257,
12105,2017-12-30T06:57:06Z,-32.25388333,148.29860000,10620.076662471813,2706.772980359431,10105,2,31.246,
12106,2017-12-30T06:57:07Z,-32.25381667,148.29851667,10621.076662471813,2707.772980359431,10106,2,31.236,
12107,2017-12-30T06:57:08Z,-32.25376667,148.29843333,10622.076662471813,2708.772980359431,10107,2,31.226,
12108,2017-12-30T06:57:09Z,-32.25370000,148.29835000,10623.076662471813,2709.772980359431,10108,2,31.215,
12109,2017-12-30T06:57:10Z,-32.25365000,148.29826667,10624.076662471813,2710.772980359431,10109,2,31.206,
12110,2017-12-30T06:57:11Z,-32.25358333,148.29816667,10625.076662471813,2711.772980359431,10110,2,31.194,
12111,2017-12-30T06:57:12Z,-32.25353333,148.29806667,10626.076662471813,2712.772980359431,10111,2,31.184,
12112,2017-12-30T06:57:13Z,-32.25346667,148.29798333,10627.076662471813,2713.772980359431,10112,2,31.173,
12113,2017-12-30T06:57:14Z,-32.25341667,148.29790000,10628.076662471813,2714.772980359431,10113,2,31.164,
12114,2017-12-30T06:57:15Z,-32.25335000,148.29781667,10629.076662471813,2715.772980359431,10114,2,31.153,
12115,2017-12-30T06:57:16Z,-32.25328333,148.29775000,10630.076662471813,2716.772980359431,10115,2,31.143,
12116,2017-12-30T06:57:17Z,-32.25321667,148.29766667,10631.076662471813,2717.772980359431,10116,2,31.132,
12117,2017-12-30T06:57:18Z,-32.25315000,148.29758333,10632.076662471813,2718.772980359431,10117,2,31.122,
12118,2017-12-30T06:57:19Z,-32.25308333,148.29750000,10633.076662471813,2719.772980359431,10118,2,31.111,
12119,2017-12-30T06:57:20Z,-32.25303333,148.29741667,10634.076662471813,2720.772980359431,10119,2,31.101,
12120,2017-12-30T06:57:21Z,-32.25296667,148.29731667,10635.076662471813,2721.772980359431,10120,2,31.09,
12121,2017-12-30T06:57:22Z,-32.25293333,148.29723333,10636.076662471813,2722.772980359431,10121,2,31.082,
12122,2017-12-30T06:57:23Z,-32.25288333,148.29715000,10637.076662471813,2723.772980359431,10122,2,31.072,
12123,2017-12-30T06:57:24Z,-32.25285000,148.29706667,10638.076662471813,2724.772980359431,10123,2,31.064,
12124,2017-12-30T06:57:25Z,-32.25283333,148.29698333,10639.076662471813,2725.772980359431,10124,2,31.058,
12125,2017-12-30T06:57:26Z,-32.25281667,148.29690000,10640.076662471813,2726.772980359431,10125,2,31.051,
12126,2017-12-30T06:57:27Z,-32.25281667,148.29683333,10641.076662471813,2727.772980359431,10126,2,31.047,
12127,2017-12-30T06:57:28Z,-32.25281667,148.29675000,10642.076662471813,2728.772980359431,10127,2,31.041,
12128,2017-12-30T06:57:29Z,-32.25281667,148.29665000,10643.076662471813,2729.772980359431,10128,2,31.035,
12129,2017-12-30T06:57:30Z,-32.25281667,148.29658333,10644.076662471813,2730.772980359431,10129,2,31.031,
12130,2017-12-30T06:57:31Z,-32.25280000,148.29651667,10645.076662471813,2731.772980359431,10130,2,31.025,
12131,2017-12-30T06:57:32Z,-32.25278333,148.29645000,10646.076662471813,2732.772980359431,10131,2,31.02,
12132,2017-12-30T06:57:33Z,-32.25276667,148.29638333,10647.076662471813,2733.772980359431,10132,2,31.014,
12133,2017-12-30T06:57:34Z,-32.25275000,148.29633333,10648.076662471813,2734.772980359431,10133,2,31.01,
12134,2017-12-30T06:57:35Z,-32.25271667,148.29626667,10649.076662471813,2735.772980359431,10134,2,31.003,
12135,2017-12-30T06:57:36Z,-32.25268333,148.29620000,10650.076662471813,2736.772980359431,10135,2,30.996,
12136,2017-12-30T06:57:37Z,-32.25263333,148.29613333,10651.076662471813,2737.772980359431,10136,2,30.987,
12137,2017-12-30T06:57:38Z,-32.25258333,148.29606667,10652.076662471813,2738.772980359431,10137,2,30.979,
12138,2017-12-30T06:57:39Z,-32.25255000,148.29600000,10653.076662471813,2739.772980359431,10138,2,30.972,
12139,2017-12-30T06:57:40Z,-32.25250000,148.29593333,10654.076662471813,2740.772980359431,10139,2,30.964,
12140,2017-12-30T06:57:41Z,-32.25245000,148.29586667,10655.076662471813,2741.772980359431,10140,2,30.956,
12141,2017-12-30T06:57:42Z,-32.25240000,148.29580000,10656.076662471813,2742.772980359431,10141,2,30.947,
12142,2017-12-30T06:57:43Z,-32.25235000,148.29573333,10657.076662471813,2743.772980359431,10142,2,30.939,
12143,2017-12-30T06:57:44Z,-32.25228333,148.29566667,10658.076662471813,2744.772980359431,10143,2,30.929,
12144,2017-12-30T06:57:45Z,-32.25221667,148.29558333,10659.076662471813,2745.772980359431,10144,2,30.918,
12145,2017-12-30T06:57:46Z,-32.25215000,148.29551667,10660.076662471813,2746.772980359431,10145,2,30.909,
12146,2017-12-30T06:57:47Z,-32.25208333,148.29545000,10661.076662471813,2747.772980359431,10146,2,30.899,
12147,2017-12-30T06:57:48Z,-32.25200000,148.29538333,10662.076662471813,2748.772980359431,10147,2,30.888,
12148,2017-12-30T06:57:49Z,-32.25191667,148.29531667,10663.076662471813,2749.772980359431,10148,2,30.877,
12149,2017-12-30T06:57:50Z,-32.25183333,148.29523333,10664.076662471813,2750.772980359431,10149,2,30.865,
12150,2017-12-30T06:57:51Z,-32.25175000,148.29516667,10665.076662471813,2751.772980359431,10150,2,30.854,
12151,2017-12-30T06:57:52Z,-32.25166667,148.29508333,10666.076662471813,2752.772980359431,10151,2,30.841,
12152,2017-12-30T06:57:53Z,-32.25160000,148.29500000,10667.076662471813,2753.772980359431,10152,2,30.831,
12153,2017-12-30T06:57:54Z,-32.25155000,148.29491667,10668.076662471813,2754.772980359431,10153,2,30.821,
12154,2017-12-30T06:57:55Z,-32.25148333,148.29483333,10669.076662471813,2755.772980359431,10154,2,30.811,
12155,2017-12-30T06:57:56Z,-32.25143333,148.29475000,10670.076662471813,2756.772980359431,10155,2,30.801,
12156,2017-12-30T06:57:57Z,-32.25138333,148.29466667,10671.076662471813,2757.772980359431,10156,2,30.792,
12157,2017-12-30T06:57:58Z,-32.25133333,148.29458333,10672.076662471813,2758.772980359431,10157,2,30.782,
12158,2017-12-30T06:57:59Z,-32.25128333,148.29450000,10673.076662471813,2759.772980359431,10158,2,30.773,
12159,2017-12-30T06:58:00Z,-32.25123333,148.29443333,10674.076662471813,2760.772980359431,10159,2,30.765,
12160,2017-12-30T06:58:01Z,-32.25118333,148.29435000,10675.076662471813,2761.772980359431,10160,2,30.755,
12161,2017-12-30T06:58:02Z,-32.25111667,148.29428333,10676.076662471813,2762.772980359431,10161,2,30.746,
12162,2017-12-30T06:58:03Z,-32.25106667,148.29421667,10677.076662471813,2763.772980359431,10162,2,30.737,
12163,2017-12-30T06:58:04Z,-32.25101667,148.29415000,10678.076662471813,2764.772980359431,10163,2,30.729,
12164,2017-12-30T06:58:05Z,-32.25093333,148.29408333,10679.076662471813,2765.772980359431,10164,2,30.718,
12165,2017-12-30T06:58:06Z,-32.25086667,148.29400000,10680.076662471813,2766.772980359431,10165,2,30.707,
12166,2017-12-30T06:58:07Z,-32.25078333,148.29393333,10681.076662471813,2767.772980359431,10166,2,30.696,
12167,2017-12-30T06:58:08Z,-32.25071667,148.29385000,10682.076662471813,2768.772980359431,10167,2,30.685,
12168,2017-12-30T06:58:09Z,-32.25065000,148.29378333,10683.076662471813,2769.772980359431,10168,2,30.676,
12169,2017-12-30T06:58:10Z,-32.25058333,148.29370000,10684.076662471813,2770.772980359431,10169,2,30.665,
12170,2017-12-30T06:58:11Z,-32.25051667,148.29361667,10685.076662471813,2771.772980359431,10170,2,30.654,
12171,2017-12-30T06:58:12Z,-32.25046667,148.29353333,10686.076662471813,2772.772980359431,10171,2,30.645,
12172,2017-12-30T06:58:13Z,-32.25041667,148.29345000,10687.076662471813,2773.772980359431,10172,2,30.635,
12173,2017-12-30T06:58:14Z,-32.25036667,148.29336667,10688.076662471813,2774.772980359431,10173,2,30.626,
12174,2017-12-30T06:58:15Z,-32.25033333,148.29326667,10689.076662471813,2775.772980359431,10174,2,30.617,
12175,2017-12-30T06:58:16Z,-32.25030000,148.29320000,10690.076662471813,2776.772980359431,10175,2,30.61,
12176,2017-12-30T06:58:17Z,-32.25025000,148.29311667,10691.076662471813,2777.772980359431,10176,2,30.601,
12177,2017-12-30T06:58:18Z,-32.25021667,148.29303333,10692.076662471813,2778.772980359431,10177,2,30.593,
12178,2017-12-30T06:58:19Z,-32.25016667,148.29295000,10693.076662471813,2779.772980359431,10178,2,30.583,
12179,2017-12-30T06:58:20Z,-32.25013333,148.29286667,10694.076662471813,2780.772980359431,10179,2,30.575,
12180,2017-12-30T06:58:21Z,-32.25006667,148.29278333,10695.076662471813,2781.772980359431,10180,2,30.564,
12181,2017-12-30T06:58:22Z,-32.25001667,148.29270000,10696.076662471813,2782.772980359431,10181,2,30.555,
12182,2017-12-30T06:58:23Z,-32.24995000,148.29261667,10697.076662471813,2783.772980359431,10182,2,30.544,
12183,2017-12-30T06:58:24Z,-32.24988333,148.29253333,10698.076662471813,2784.772980359431,10183,2,30.534,
12184,2017-12-30T06:58:25Z,-32.24981667,148.29243333,10699.076662471813,2785.772980359431,10184,2,30.522,
12185,2017-12-30T06:58:26Z,-32.24971667,148.29233333,10700.076662471813,2786.772980359431,10185,2,30.507,
12186,2017-12-30T06:58:27Z,-32.24963333,148.29225000,10701.076662471813,2787.772980359431,10186,2,30.495,
12187,2017-12-30T06:58:28Z,-32.24955000,148.29218333,10702.076662471813,2788.772980359431,10187,2,30.484,
12188,2017-12-30T06:58:29Z,-32.24946667,148.29211667,10703.076662471813,2789.772980359431,10188,2,30.473,
12189,2017-12-30T06:58:30Z,-32.24940000,148.29203333,10704.076662471813,2790.772980359431,10189,2,30.462,
12190,2017-12-30T06:58:31Z,-32.24933333,148.29196667,10705.076662471813,2791.772980359431,10190,2,30.452,
12191,2017-12-30T06:58:32Z,-32.24928333,148.29188333,10706.076662471813,2792.772980359431,10191,2,30.443,
12192,2017-12-30T06:58:33Z,-32.24925000,148.29180000,10707.076662471813,2793.772980359431,10192,2,30.435,
12193,2017-12-30T06:58:34Z,-32.24920000,148.29173333,10708.076662471813,2794.772980359431,10193,2,30.427,
12194,2017-12-30T06:58:35Z,-32.24916667,148.29165000,10709.076662471813,2795.772980359431,10194,2,30.419,
12195,2017-12-30T06:58:36Z,-32.24913333,148.29158333,10710.076662471813,2796.772980359431,10195,2,30.412,
12196,2017-12-30T06:58:37Z,-32.24911667,148.29150000,10711.076662471813,2797.772980359431,10196,2,30.405,
12197,2017-12-30T06:58:38Z,-32.24908333,148.29141667,10712.076662471813,2798.772980359431,10197,2,30.397,
12198,2017-12-30T06:58:39Z,-32.24905000,148.29133333,10713.076662471813,2799.772980359431,10198,2,30.389,
12199,2017-12-30T06:58:40Z,-32.24900000,148.29125000,10714.076662471813,2800.772980359431,10199,2,30.38,
12200,2017-12-30T06:58:41Z,-32.24895000,148.29116667,10715.076662471813,2801.772980359431,10200,2,30.37,
12201,2017-12-30T06:58:42Z,-32.24888333,148.29108333,10716.076662471813,2802.772980359431,10201,2,30.36,
12202,2017-12-30T06:58:43Z,-32.24880000,148.29100000,10717.076662471813,2803.772980359431,10202,2,30.348,
12203,2017-12-30T06:58:44Z,-32.24871667,148.29091667,10718.076662471813,2804.772980359431,10203,2,30.335,
12204,2017-12-30T06:58:45Z,-32.24861667,148.29083333,10719.076662471813,2805.772980359431,10204,2,30.322,
12205,2017-12-30T06:58:46Z,-32.24850000,148.29075000,10720.076662471813,2806.772980359431,10205,2,30.307,
12206,2017-12-30T06:58:47Z,-32.24840000,148.29068333,10721.076662471813,2807.772980359431,10206,2,30.295,
12207,2017-12-30T06:58:48Z,-32.24830000,148.29061667,10722.076662471813,2808.772980359431,10207,2,30.282,
12208,2017-12-30T06:58:49Z,-32.24820000,148.29053333,10723.076662471813,2809.772980359431,10208,2,30.269,
12209,2017-12-30T06:58:50Z,-32.24811667,148.29046667,10724.076662471813,2810.772980359431,10209,2,30.258,
12210,2017-12-30T06:58:51Z,-32.24803333,148.29036667,10725.076662471813,2811.772980359431,10210,2,30.244,
12211,2017-12-30T06:58:52Z,-32.24796667,148.29028333,10726.076662471813,2812.772980359431,10211,2,30.234,
12212,2017-12-30T06:58:53Z,-32.24790000,148.29018333,10727.076662471813,2813.772980359431,10212,2,30.222,
12213,2017-12-30T06:58:54Z,-32.24783333,148.29010000,10728.076662471813,2814.772980359431,10213,2,30.211,
12214,2017-12-30T06:58:55Z,-32.24776667,148.29001667,10729.076662471813,2815.772980359431,10214,2,30.2,
12215,2017-12-30T06:58:56Z,-32.24771667,148.28993333,10730.076662471813,2816.772980359431,10215,2,30.191,
12216,2017-12-30T06:58:57Z,-32.24766667,148.28985000,10731.076662471813,2817.772980359431,10216,2,30.182,
12217,2017-12-30T06:58:58Z,-32.24760000,148.28975000,10732.076662471813,2818.772980359431,10217,2,30.17,
12218,2017-12-30T06:58:59Z,-32.24753333,148.28965000,10733.076662471813,2819.772980359431,10218,2,30.158,
12219,2017-12-30T06:59:00Z,-32.24746667,148.28956667,10734.076662471813,2820.772980359431,10219,2,30.147,
12220,2017-12-30T06:59:01Z,-32.24740000,148.28948333,10735.076662471813,2821.772980359431,10220,2,30.136,
12221,2017-12-30T06:59:02Z,-32.24733333,148.28940000,10736.076662471813,2822.772980359431,10221,2,30.126,
12222,2017-12-30T06:59:03Z,-32.24728333,148.28930000,10737.076662471813,2823.772980359431,10222,2,30.115,
12223,2017-12-30T06:59:04Z,-32.24723333,148.28921667,10738.076662471813,2824.772980359431,10223,2,30.106,
12224,2017-12-30T06:59:05Z,-32.24718333,148.28911667,10739.076662471813,2825.772980359431,10224,2,30.095,
12225,2017-12-30T06:59:06Z,-32.24713333,148.28903333,10740.076662471813,2826.772980359431,10225,2,30.086,
12226,2017-12-30T06:59:07Z,-32.24710000,148.28895000,10741.076662471813,2827.772980359431,10226,2,30.078,
12227,2017-12-30T06:59:08Z,-32.24705000,148.28886667,10742.076662471813,2828.772980359431,10227,2,30.069,
12228,2017-12-30T06:59:09Z,-32.24700000,148.28878333,10743.076662471813,2829.772980359431,10228,2,30.059,
12229,2017-12-30T06:59:10Z,-32.24695000,148.28868333,10744.076662471813,2830.772980359431,10229,2,30.049,
12230,2017-12-30T06:59:11Z,-32.24690000,148.28860000,10745.076662471813,2831.772980359431,10230,2,30.04,
12231,2017-12-30T06:59:12Z,-32.24683333,148.28850000,10746.076662471813,2832.772980359431,10231,2,30.028,
12232,2017-12-30T06:59:13Z,-32.24678333,148.28840000,10747.076662471813,2833.772980359431,10232,2,30.017,
12233,2017-12-30T06:59:14Z,-32.24671667,148.28831667,10748.076662471813,2834.772980359431,10233,2,30.007,
12234,2017-12-30T06:59:15Z,-32.24666667,148.28821667,10749.076662471813,2835.772980359431,10234,2,29.996,
12235,2017-12-30T06:59:16Z,-32.24661667,148.28813333,10750.076662471813,2836.772980359431,10235,2,29.987,
12236,2017-12-30T06:59:17Z,-32.24655000,148.28803333,10751.076662471813,2837.772980359431,10236,2,29.975,
12237,2017-12-30T06:59:18Z,-32.24650000,148.28793333,10752.076662471813,2838.772980359431,10237,2,29.965,
12238,2017-12-30T06:59:19Z,-32.24645000,148.28783333,10753.076662471813,2839.772980359431,10238,2,29.954,
12239,2017-12-30T06:59:20Z,-32.24640000,148.28771667,10754.076662471813,2840.772980359431,10239,2,29.943,
12240,2017-12-30T06:59:21Z,-32.24635000,148.28761667,10755.076662471813,2841.772980359431,10240,2,29.932,
12241,2017-12-30T06:59:22Z,-32.24630000,148.28751667,10756.076662471813,2842.772980359431,10241,2,29.922,
12242,2017-12-30T06:59:23Z,-32.24626667,148.28741667,10757.076662471813,2843.772980359431,10242,2,29.913,
12243,2017-12-30T06:59:24Z,-32.24621667,148.28731667,10758.076662471813,2844.772980359431,10243,2,29.902,
12244,2017-12-30T06:59:25Z,-32.24616667,148.28721667,10759.076662471813,2845.772980359431,10244,2,29.892,
12245,2017-12-30T06:59:26Z,-32.24610000,148.28711667,10760.076662471813,2846.772980359431,10245,2,29.88,
12246,2017-12-30T06:59:27Z,-32.24605000,148.28701667,10761.076662471813,2847.772980359431,10246,2,29.87,
12247,2017-12-30T06:59:28Z,-32.24598333,148.28691667,10762.076662471813,2848.772980359431,10247,2,29.858,
12248,2017-12-30T06:59:29Z,-32.24591667,148.28681667,10763.076662471813,2849.772980359431,10248,2,29.846,
12249,2017-12-30T06:59:30Z,-32.24583333,148.28670000,10764.076662471813,2850.772980359431,10249,2,29.832,
12250,2017-12-30T06:59:31Z,-32.24576667,148.28660000,10765.076662471813,2851.772980359431,10250,2,29.82,
12251,2017-12-30T06:59:32Z,-32.24568333,148.28648333,10766.076662471813,2852.772980359431,10251,2,29.806,
12252,2017-12-30T06:59:33Z,-32.24560000,148.28638333,10767.076662471813,2853.772980359431,10252,2,29.793,
12253,2017-12-30T06:59:34Z,-32.24553333,148.28626667,10768.076662471813,2854.772980359431,10253,2,29.78,
12254,2017-12-30T06:59:35Z,-32.24546667,148.28618333,10769.076662471813,2855.772980359431,10254,2,29.769,
12255,2017-12-30T06:59:36Z,-32.24540000,148.28608333,10770.076662471813,2856.772980359431,10255,2,29.757,
12256,2017-12-30T06:59:37Z,-32.24535000,148.28598333,10771.076662471813,2857.772980359431,10256,2,29.747,
12257,2017-12-30T06:59:38Z,-32.24530000,148.28588333,10772.076662471813,2858.772980359431,10257,2,29.737,
12258,2017-12-30T06:59:39Z,-32.24525000,148.28576667,10773.076662471813,2859.772980359431,10258,2,29.725,
12259,2017-12-30T06:59:40Z,-32.24521667,148.28565000,10774.076662471813,2860.772980359431,10259,2,29.715,
12260,2017-12-30T06:59:41Z,-32.24518333,148.28555000,10775.076662471813,2861.772980359431,10260,2,29.706,
12261,2017-12-30T06:59:42Z,-32.24515000,148.28545000,10776.076662471813,2862.772980359431,10261,2,29.697,
12262,2017-12-30T06:59:43Z,-32.24511667,148.28536667,10777.076662471813,2863.772980359431,10262,2,29.689,
12263,2017-12-30T06:59:44Z,-32.24510000,148.28528333,10778.076662471813,2864.772980359431,10263,2,29.682,
12264,2017-12-30T06:59:45Z,-32.24506667,148.28520000,10779.076662471813,2865.772980359431,10264,2,29.674,
12265,2017-12-30T06:59:46Z,-32.24503333,148.28511667,10780.076662471813,2866.772980359431,10265,2,29.666,
12266,2017-12-30T06:59:47Z,-32.24500000,148.28503333,10781.076662471813,2867.772980359431,10266,2,29.658,
12267,2017-12-30T06:59:48Z,-32.24496667,148.28495000,10782.076662471813,2868.772980359431,10267,2,29.65,
12268,2017-12-30T06:59:49Z,-32.24491667,148.28486667,10783.076662471813,2869.772980359431,10268,2,29.641,
12269,2017-12-30T06:59:50Z,-32.24488333,148.28476667,10784.076662471813,2870.772980359431,10269,2,29.632,
12270,2017-12-30T06:59:51Z,-32.24485000,148.28468333,10785.076662471813,2871.772980359431,10270,2,29.624,
12271,2017-12-30T06:59:52Z,-32.24483333,148.28460000,10786.076662471813,2872.772980359431,10271,2,29.617,
12272,2017-12-30T06:59:53Z,-32.24480000,148.28451667,10787.076662471813,2873.772980359431,10272,2,29.609,
12273,2017-12-30T06:59:54Z,-32.24478333,148.28441667,10788.076662471813,2874.772980359431,10273,2,29.602,
12274,2017-12-30T06:59:55Z,-32.24476667,148.28433333,10789.076662471813,2875.772980359431,10274,2,29.595,
12275,2017-12-30T06:59:56Z,-32.24475000,148.28423333,10790.076662471813,2876.772980359431,10275,2,29.588,
12276,2017-12-30T06:59:57Z,-32.24473333,148.28415000,10791.076662471813,2877.772980359431,10276,2,29.581,
12277,2017-12-30T06:59:58Z,-32.24471667,148.28406667,10792.076662471813,2878.772980359431,10277,2,29.574,
12278,2017-12-30T06:59:59Z,-32.24470000,148.28398333,10793.076662471813,2879.772980359431,10278,2,29.568,
12279,2017-12-30T07:00:00Z,-32.24468333,148.28390000,10794.076662471813,2880.772980359431,10279,2,29.561,
12280,2017-12-30T07:00:01Z,-32.24465000,148.28381667,10795.076662471813,2881.772980359431,10280,2,29.553,
12281,2017-12-30T07:00:02Z,-32.24463333,148.28373333,10796.076662471813,2882.772980359431,10281,2,29.547,
12282,2017-12-30T07:00:03Z,-32.24461667,148.28363333,10797.076662471813,2883.772980359431,10282,2,29.539,
12283,2017-12-30T07:00:04Z,-32.24460000,148.28355000,10798.076662471813,2884.772980359431,10283,2,29.532,
12284,2017-12-30T07:00:05Z,-32.24458333,148.28346667,10799.076662471813,2885.772980359431,10284,2,29.526,
12285,2017-12-30T07:00:06Z,-32.24456667,148.28338333,10800.076662471813,2886.772980359431,10285,2,29.519,
12286,2017-12-30T07:00:07Z,-32.24455000,148.28330000,10801.076662471813,2887.772980359431,10286,2,29.513,
12287,2017-12-30T07:00:08Z,-32.24451667,148.28323333,10802.076662471813,2888.772980359431,10287,2,29.506,
12288,2017-12-30T07:00:09Z,-32.24450000,148.28316667,10803.076662471813,2889.772980359431,10288,2,29.5,
12289,2017-12-30T07:00:10Z,-32.24446667,148.28308333,10804.076662471813,2890.772980359431,10289,2,29.492,
12290,2017-12-30T07:00:11Z,-32.24445000,148.28301667,10805.076662471813,2891.772980359431,10290,2,29.487,
12291,2017-12-30T07:00:12Z,-32.24443333,148.28293333,10806.076662471813,2892.772980359431,10291,2,29.48,
12292,2017-12-30T07:00:13Z,-32.24441667,148.28285000,10807.076662471813,2893.772980359431,10292,2,29.473,
12293,2017-12-30T07:00:14Z,-32.24441667,148.28276667,10808.076662471813,2894.772980359431,10293,2,29.468,
12294,2017-12-30T07:00:15Z,-32.24441667,148.28270000,10809.076662471813,2895.772980359431,10294,2,29.464,
12295,2017-12-30T07:00:16Z,-32.24441667,148.28263333,10810.076662471813,2896.772980359431,10295,2,29.46,
12296,2017-12-30T07:00:17Z,-32.24443333,148.28256667,10811.076662471813,2897.772980359431,10296,2,29.457,
12297,2017-12-30T07:00:18Z,-32.24443333,148.28250000,10812.076662471813,2898.772980359431,10297,2,29.453,
12298,2017-12-30T07:00:19Z,-32.24445000,148.28241667,10813.076662471813,2899.772980359431,10298,2,29.449,
12299,2017-12-30T07:00:20Z,-32.24445000,148.28235000,10814.076662471813,2900.772980359431,10299,2,29.445,
12300,2017-12-30T07:00:21Z,-32.24446667,148.28228333,10815.076662471813,2901.772980359431,10300,2,29.442,
12301,2017-12-30T07:00:22Z,-32.24448333,148.28221667,10816.076662471813,2902.772980359431,10301,2,29.44,
12302,2017-12-30T07:00:23Z,-32.24450000,148.28215000,10817.076662471813,2903.772980359431,10302,2,29.437,
12303,2017-12-30T07:00:24Z,-32.24451667,148.28208333,10818.076662471813,2904.772980359431,10303,2,29.434,
12304,2017-12-30T07:00:25Z,-32.24451667,148.28200000,10819.076662471813,2905.772980359431,10304,2,29.429,
12305,2017-12-30T07:00:26Z,-32.24451667,148.28193333,10820.076662471813,2906.772980359431,10305,2,29.425,
12306,2017-12-30T07:00:27Z,-32.24451667,148.28186667,10821.076662471813,2907.772980359431,10306,2,29.421,
12307,2017-12-30T07:00:28Z,-32.24453333,148.28180000,10822.076662471813,2908.772980359431,10307,2,29.418,
12308,2017-12-30T07:00:29Z,-32.24453333,148.28173333,10823.076662471813,2909.772980359431,10308,2,29.414,
12309,2017-12-30T07:00:30Z,-32.24453333,148.28165000,10824.076662471813,2910.772980359431,10309,2,29.408,
12310,2017-12-30T07:00:31Z,-32.24451667,148.28156667,10825.076662471813,2911.772980359431,10310,2,29.402,
12311,2017-12-30T07:00:32Z,-32.24450000,148.28148333,10826.076662471813,2912.772980359431,10311,2,29.395,
12312,2017-12-30T07:00:33Z,-32.24448333,148.28138333,10827.076662471813,2913.772980359431,10312,2,29.387,
12313,2017-12-30T07:00:34Z,-32.24445000,148.28128333,10828.076662471813,2914.772980359431,10313,2,29.378,
12314,2017-12-30T07:00:35Z,-32.24440000,148.28120000,10829.076662471813,2915.772980359431,10314,2,29.369,
12315,2017-12-30T07:00:36Z,-32.24436667,148.28110000,10830.076662471813,2916.772980359431,10315,2,29.36,
12316,2017-12-30T07:00:37Z,-32.24433333,148.28100000,10831.076662471813,2917.772980359431,10316,2,29.351,
12317,2017-12-30T07:00:38Z,-32.24428333,148.28090000,10832.076662471813,2918.772980359431,10317,2,29.34,
12318,2017-12-30T07:00:39Z,-32.24425000,148.28080000,10833.076662471813,2919.772980359431,10318,2,29.331,
12319,2017-12-30T07:00:40Z,-32.24421667,148.28071667,10834.076662471813,2920.772980359431,10319,2,29.323,
12320,2017-12-30T07:00:41Z,-32.24416667,148.28061667,10835.076662471813,2921.772980359431,10320,2,29.313,
12321,2017-12-30T07:00:42Z,-32.24413333,148.28051667,10836.076662471813,2922.772980359431,10321,2,29.304,
12322,2017-12-30T07:00:43Z,-32.24410000,148.28041667,10837.076662471813,2923.772980359431,10322,2,29.295,
12323,2017-12-30T07:00:44Z,-32.24406667,148.28031667,10838.076662471813,2924.772980359431,10323,2,29.286,
12324,2017-12-30T07:00:45Z,-32.24403333,148.28021667,10839.076662471813,2925.772980359431,10324,2,29.277,
12325,2017-12-30T07:00:46Z,-32.24400000,148.28013333,10840.076662471813,2926.772980359431,10325,2,29.269,
12326,2017-12-30T07:00:47Z,-32.24398333,148.28003333,10841.076662471813,2927.772980359431,10326,2,29.261,
12327,2017-12-30T07:00:48Z,-32.24395000,148.27995000,10842.076662471813,2928.772980359431,10327,2,29.253,
12328,2017-12-30T07:00:49Z,-32.24391667,148.27986667,10843.076662471813,2929.772980359431,10328,2,29.245,
12329,2017-12-30T07:00:50Z,-32.24388333,148.27978333,10844.076662471813,2930.772980359431,10329,2,29.237,
12330,2017-12-30T07:00:51Z,-32.24385000,148.27971667,10845.076662471813,2931.772980359431,10330,2,29.23,
12331,2017-12-30T07:00:52Z,-32.24383333,148.27963333,10846.076662471813,2932.772980359431,10331,2,29.224,
12332,2017-12-30T07:00:53Z,-32.24380000,148.27953333,10847.076662471813,2933.772980359431,10332,2,29.215,
12333,2017-12-30T07:00:54Z,-32.24376667,148.27945000,10848.076662471813,2934.772980359431,10333,2,29.207,
12334,2017-12-30T07:00:55Z,-32.24375000,148.27935000,10849.076662471813,2935.772980359431,10334,2,29.199,
12335,2017-12-30T07:00:56Z,-32.24371667,148.27926667,10850.076662471813,2936.772980359431,10335,2,29.191,
12336,2017-12-30T07:00:57Z,-32.24368333,148.27918333,10851.076662471813,2937.772980359431,10336,2,29.183,
12337,2017-12-30T07:00:58Z,-32.24366667,148.27910000,10852.076662471813,2938.772980359431,10337,2,29.176,
12338,2017-12-30T07:00:59Z,-32.24363333,148.27900000,10853.076662471813,2939.772980359431,10338,2,29.167,
12339,2017-12-30T07:01:00Z,-32.24360000,148.27890000,10854.076662471813,2940.772980359431,10339,2,29.158,
12340,2017-12-30T07:01:01Z,-32.24355000,148.27881667,10855.076662471813,2941.772980359431,10340,2,29.149,
12341,2017-12-30T07:01:02Z,-32.24351667,148.27871667,10856.076662471813,2942.772980359431,10341,2,29.14,
12342,2017-12-30T07:01:03Z,-32.24346667,148.27861667,10857.076662471813,2943.772980359431,10342,2,29.129,
12343,2017-12-30T07:01:04Z,-32.24343333,148.27851667,10858.076662471813,2944.772980359431,10343,2,29.12,
12344,2017-12-30T07:01:05Z,-32.24340000,148.27843333,10859.076662471813,2945.772980359431,10344,2,29.112,
12345,2017-12-30T07:01:06Z,-32.24336667,148.27835000,10860.076662471813,2946.772980359431,10345,2,29.104,
12346,2017-12-30T07:01:07Z,-32.24335000,148.27826667,10861.076662471813,2947.772980359431,10346,2,29.098,
12347,2017-12-30T07:01:08Z,-32.24331667,148.27818333,10862.076662471813,2948.772980359431,10347,2,29.09,
12348,2017-12-30T07:01:09Z,-32.24328333,148.27810000,10863.076662471813,2949.772980359431,10348,2,29.082,
12349,2017-12-30T07:01:10Z,-32.24325000,148.27800000,10864.076662471813,2950.772980359431,10349,2,29.073,
12350,2017-12-30T07:01:11Z,-32.24320000,148.27791667,10865.076662471813,2951.772980359431,10350,2,29.063,
12351,2017-12-30T07:01:12Z,-32.24316667,148.27781667,10866.076662471813,2952.772980359431,10351,2,29.054,
12352,2017-12-30T07:01:13Z,-32.24311667,148.27771667,10867.076662471813,2953.772980359431,10352,2,29.044,
12353,2017-12-30T07:01:14Z,-32.24306667,148.27761667,10868.076662471813,2954.772980359431,10353,2,29.034,
12354,2017-12-30T07:01:15Z,-32.24301667,148.27750000,10869.076662471813,2955.772980359431,10354,2,29.022,
12355,2017-12-30T07:01:16Z,-32.24295000,148.27741667,10870.076662471813,2956.772980359431,10355,2,29.011,
12356,2017-12-30T07:01:17Z,-32.24290000,148.27731667,10871.076662471813,2957.772980359431,10356,2,29.001,
12357,2017-12-30T07:01:18Z,-32.24286667,148.27723333,10872.076662471813,2958.772980359431,10357,2,28.993,
12358,2017-12-30T07:01:19Z,-32.24283333,148.27715000,10873.076662471813,2959.772980359431,10358,2,28.985,
12359,2017-12-30T07:01:20Z,-32.24281667,148.27705000,10874.076662471813,2960.772980359431,10359,2,28.977,
12360,2017-12-30T07:01:21Z,-32.24280000,148.27696667,10875.076662471813,2961.772980359431,10360,2,28.971,
12361,2017-12-30T07:01:22Z,-32.24276667,148.27688333,10876.076662471813,2962.772980359431,10361,2,28.963,
12362,2017-12-30T07:01:23Z,-32.24273333,148.27678333,10877.076662471813,2963.772980359431,10362,2,28.954,
12363,2017-12-30T07:01:24Z,-32.24270000,148.27671667,10878.076662471813,2964.772980359431,10363,2,28.947,
12364,2017-12-30T07:01:25Z,-32.24266667,148.27663333,10879.076662471813,2965.772980359431,10364,2,28.939,
12365,2017-12-30T07:01:26Z,-32.24263333,148.27655000,10880.076662471813,2966.772980359431,10365,2,28.931,
12366,2017-12-30T07:01:27Z,-32.24260000,148.27646667,10881.076662471813,2967.772980359431,10366,2,28.923,
12367,2017-12-30T07:01:28Z,-32.24256667,148.27638333,10882.076662471813,2968.772980359431,10367,2,28.915,
12368,2017-12-30T07:01:29Z,-32.24253333,148.27628333,10883.076662471813,2969.772980359431,10368,2,28.906,
12369,2017-12-30T07:01:30Z,-32.24250000,148.27620000,10884.076662471813,2970.772980359431,10369,2,28.898,
12370,2017-12-30T07:01:31Z,-32.24246667,148.27610000,10885.076662471813,2971.772980359431,10370,2,28.889,
12371,2017-12-30T07:01:32Z,-32.24243333,148.27601667,10886.076662471813,2972.772980359431,10371,2,28.881,
12372,2017-12-30T07:01:33Z,-32.24240000,148.27593333,10887.076662471813,2973.772980359431,10372,2,28.873,
12373,2017-12-30T07:01:34Z,-32.24236667,148.27585000,10888.076662471813,2974.772980359431,10373,2,28.865,
12374,2017-12-30T07:01:35Z,-32.24233333,148.27576667,10889.076662471813,2975.772980359431,10374,2,28.857,
12375,2017-12-30T07:01:36Z,-32.24231667,148.27568333,10890.076662471813,2976.772980359431,10375,2,28.85,
12376,2017-12-30T07:01:37Z,-32.24230000,148.27560000,10891.076662471813,2977.772980359431,10376,2,28.844,
12377,2017-12-30T07:01:38Z,-32.24228333,148.27551667,10892.076662471813,2978.772980359431,10377,2,28.837,
12378,2017-12-30T07:01:39Z,-32.24228333,148.27543333,10893.076662471813,2979.772980359431,10378,2,28.832,
12379,2017-12-30T07:01:40Z,-32.24228333,148.27535000,10894.076662471813,2980.772980359431,10379,2,28.827,
12380,2017-12-30T07:01:41Z,-32.24226667,148.27526667,10895.076662471813,2981.772980359431,10380,2,28.82,
12381,2017-12-30T07:01:42Z,-32.24225000,148.27518333,10896.076662471813,2982.772980359431,10381,2,28.814,
12382,2017-12-30T07:01:43Z,-32.24221667,148.27508333,10897.076662471813,2983.772980359431,10382,2,28.805,
12383,2017-12-30T07:01:44Z,-32.24218333,148.27500000,10898.076662471813,2984.772980359431,10383,2,28.797,
12384,2017-12-30T07:01:45Z,-32.24213333,148.27491667,10899.076662471813,2985.772980359431,10384,2,28.787,
12385,2017-12-30T07:01:46Z,-32.24210000,148.27481667,10900.076662471813,2986.772980359431,10385,2,28.778,
12386,2017-12-30T07:01:47Z,-32.24205000,148.27473333,10901.076662471813,2987.772980359431,10386,2,28.769,
12387,2017-12-30T07:01:48Z,-32.24200000,148.27465000,10902.076662471813,2988.772980359431,10387,2,28.759,
12388,2017-12-30T07:01:49Z,-32.24193333,148.27455000,10903.076662471813,2989.772980359431,10388,2,28.748,
12389,2017-12-30T07:01:50Z,-32.24188333,148.27446667,10904.076662471813,2990.772980359431,10389,2,28.738,
12390,2017-12-30T07:01:51Z,-32.24181667,148.27436667,10905.076662471813,2991.772980359431,10390,2,28.727,
12391,2017-12-30T07:01:52Z,-32.24176667,148.27428333,10906.076662471813,2992.772980359431,10391,2,28.717,
12392,2017-12-30T07:01:53Z,-32.24170000,148.27420000,10907.076662471813,2993.772980359431,10392,2,28.706,
12393,2017-12-30T07:01:54Z,-32.24165000,148.27411667,10908.076662471813,2994.772980359431,10393,2,28.697,
12394,2017-12-30T07:01:55Z,-32.24161667,148.27403333,10909.076662471813,2995.772980359431,10394,2,28.689,
12395,2017-12-30T07:01:56Z,-32.24158333,148.27396667,10910.076662471813,2996.772980359431,10395,2,28.682,
12396,2017-12-30T07:01:57Z,-32.24156667,148.27388333,10911.076662471813,2997.772980359431,10396,2,28.676,
12397,2017-12-30T07:01:58Z,-32.24156667,148.27381667,10912.076662471813,2998.772980359431,10397,2,28.671,
12398,2017-12-30T07:01:59Z,-32.24158333,148.27373333,10913.076662471813,2999.772980359431,10398,2,28.668,
12399,2017-12-30T07:02:00Z,-32.24163333,148.27368333,10914.076662471813,3000.772980359431,10399,2,28.669,
12400,2017-12-30T07:02:01Z,-32.24168333,148.27363333,10915.076662471813,3001.772980359431,10400,2,28.67,
12401,2017-12-30T07:02:02Z,-32.24173333,148.27360000,10916.076662471813,3002.772980359431,10401,2,28.672,
12402,2017-12-30T07:02:03Z,-32.24176667,148.27358333,10917.076662471813,3003.772980359431,10402,2,28.674,
12403,2017-12-30T07:02:04Z,-32.24180000,148.27356667,10918.076662471813,3004.772980359431,10403,2,28.675,
12404,2017-12-30T07:02:05Z,-32.24181667,148.27353333,10919.076662471813,3005.772980359431,10404,2,28.675,
12405,2017-12-30T07:02:06Z,-32.24181667,148.27350000,10920.076662471813,3006.772980359431,10405,2,28.673,
12406,2017-12-30T07:02:07Z,-32.24180000,148.27345000,10921.076662471813,3007.772980359431,10406,2,28.668,
12407,2017-12-30T07:02:08Z,-32.24178333,148.27338333,10922.076662471813,3008.772980359431,10407,2,28.663,
12408,2017-12-30T07:02:09Z,-32.24175000,148.27331667,10923.076662471813,3009.772980359431,10408,2,28.656,
12409,2017-12-30T07:02:10Z,-32.24171667,148.27325000,10924.076662471813,3010.772980359431,10409,2,28.649,
12410,2017-12-30T07:02:11Z,-32.24166667,148.27318333,10925.076662471813,3011.772980359431,10410,2,28.64,
12411,2017-12-30T07:02:12Z,-32.24160000,148.27310000,10926.076662471813,3012.772980359431,10411,2,28.63,
12412,2017-12-30T07:02:13Z,-32.24155000,148.27301667,10927.076662471813,3013.772980359431,10412,2,28.62,
12413,2017-12-30T07:02:14Z,-32.24148333,148.27293333,10928.076662471813,3014.772980359431,10413,2,28.61,
12414,2017-12-30T07:02:15Z,-32.24141667,148.27285000,10929.076662471813,3015.772980359431,10414,2,28.599,
12415,2017-12-30T07:02:16Z,-32.24135000,148.27276667,10930.076662471813,3016.772980359431,10415,2,28.588,
12416,2017-12-30T07:02:17Z,-32.24128333,148.27270000,10931.076662471813,3017.772980359431,10416,2,28.578,
12417,2017-12-30T07:02:18Z,-32.24123333,148.27263333,10932.076662471813,3018.772980359431,10417,2,28.57,
12418,2017-12-30T07:02:19Z,-32.24116667,148.27258333,10933.076662471813,3019.772980359431,10418,2,28.561,
12419,2017-12-30T07:02:20Z,-32.24111667,148.27253333,10934.076662471813,3020.772980359431,10419,2,28.554,
12420,2017-12-30T07:02:21Z,-32.24106667,148.27245000,10935.076662471813,3021.772980359431,10420,2,28.545,
12421,2017-12-30T07:02:22Z,-32.24101667,148.27238333,10936.076662471813,3022.772980359431,10421,2,28.536,
12422,2017-12-30T07:02:23Z,-32.24096667,148.27230000,10937.076662471813,3023.772980359431,10422,2,28.527,
12423,2017-12-30T07:02:24Z,-32.24093333,148.27225000,10938.076662471813,3024.772980359431,10423,2,28.521,
12424,2017-12-30T07:02:25Z,-32.24091667,148.27221667,10939.076662471813,3025.772980359431,10424,2,28.518,
12425,2017-12-30T07:02:26Z,-32.24090000,148.27218333,10940.076662471813,3026.772980359431,10425,2,28.514,
12426,2017-12-30T07:02:27Z,-32.24090000,148.27211667,10941.076662471813,3027.772980359431,10426,2,28.51,
12427,2017-12-30T07:02:28Z,-32.24091667,148.27205000,10942.076662471813,3028.772980359431,10427,2,28.507,
12428,2017-12-30T07:02:29Z,-32.24093333,148.27198333,10943.076662471813,3029.772980359431,10428,2,28.505,
12429,2017-12-30T07:02:30Z,-32.24091667,148.27193333,10944.076662471813,3030.772980359431,10429,2,28.5,
12430,2017-12-30T07:02:31Z,-32.24088333,148.27190000,10945.076662471813,3031.772980359431,10430,2,28.495,
12431,2017-12-30T07:02:32Z,-32.24085000,148.27185000,10946.076662471813,3032.772980359431,10431,2,28.489,
12432,2017-12-30T07:02:33Z,-32.24080000,148.27175000,10947.076662471813,3033.772980359431,10432,2,28.479,
12433,2017-12-30T07:02:34Z,-32.24073333,148.27165000,10948.076662471813,3034.772980359431,10433,2,28.467,
12434,2017-12-30T07:02:35Z,-32.24065000,148.27156667,10949.076662471813,3035.772980359431,10434,2,28.455,
12435,2017-12-30T07:02:36Z,-32.24058333,148.27146667,10950.076662471813,3036.772980359431,10435,2,28.443,
12436,2017-12-30T07:02:37Z,-32.24051667,148.27136667,10951.076662471813,3037.772980359431,10436,2,28.432,
12437,2017-12-30T07:02:38Z,-32.24046667,148.27128333,10952.076662471813,3038.772980359431,10437,2,28.422,
12438,2017-12-30T07:02:39Z,-32.24041667,148.27118333,10953.076662471813,3039.772980359431,10438,2,28.412,
12439,2017-12-30T07:02:40Z,-32.24036667,148.27110000,10954.076662471813,3040.772980359431,10439,2,28.402,
12440,2017-12-30T07:02:41Z,-32.24033333,148.27101667,10955.076662471813,3041.772980359431,10440,2,28.394,
12441,2017-12-30T07:02:42Z,-32.24031667,148.27093333,10956.076662471813,3042.772980359431,10441,2,28.388,
12442,2017-12-30T07:02:43Z,-32.24028333,148.27085000,10957.076662471813,3043.772980359431,10442,2,28.38,
12443,2017-12-30T07:02:44Z,-32.24025000,148.27075000,10958.076662471813,3044.772980359431,10443,2,28.371,
12444,2017-12-30T07:02:45Z,-32.24021667,148.27065000,10959.076662471813,3045.772980359431,10444,2,28.362,
12445,2017-12-30T07:02:46Z,-32.24016667,148.27055000,10960.076662471813,3046.772980359431,10445,2,28.352,
12446,2017-12-30T07:02:47Z,-32.24010000,148.27046667,10961.076662471813,3047.772980359431,10446,2,28.341,
12447,2017-12-30T07:02:48Z,-32.24005000,148.27038333,10962.076662471813,3048.772980359431,10447,2,28.332,
12448,2017-12-30T07:02:49Z,-32.23998333,148.27028333,10963.076662471813,3049.772980359431,10448,2,28.32,
12449,2017-12-30T07:02:50Z,-32.23993333,148.27018333,10964.076662471813,3050.772980359431,10449,2,28.309,
12450,2017-12-30T07:02:51Z,-32.23988333,148.27008333,10965.076662471813,3051.772980359431,10450,2,28.299,
12451,2017-12-30T07:02:52Z,-32.23983333,148.26998333,10966.076662471813,3052.772980359431,10451,2,28.289,
12452,2017-12-30T07:02:53Z,-32.23980000,148.26990000,10967.076662471813,3053.772980359431,10452,2,28.281,
12453,2017-12-30T07:02:54Z,-32.23975000,148.26983333,10968.076662471813,3054.772980359431,10453,2,28.272,
12454,2017-12-30T07:02:55Z,-32.23971667,148.26975000,10969.076662471813,3055.772980359431,10454,2,28.264,
12455,2017-12-30T07:02:56Z,-32.23968333,148.26966667,10970.076662471813,3056.772980359431,10455,2,28.256,
12456,2017-12-30T07:02:57Z,-32.23965000,148.26958333,10971.076662471813,3057.772980359431,10456,2,28.249,
12457,2017-12-30T07:02:58Z,-32.23961667,148.26948333,10972.076662471813,3058.772980359431,10457,2,28.24,
12458,2017-12-30T07:02:59Z,-32.23958333,148.26940000,10973.076662471813,3059.772980359431,10458,2,28.232,
12459,2017-12-30T07:03:00Z,-32.23955000,148.26931667,10974.076662471813,3060.772980359431,10459,2,28.224,
12460,2017-12-30T07:03:01Z,-32.23950000,148.26923333,10975.076662471813,3061.772980359431,10460,2,28.214,
12461,2017-12-30T07:03:02Z,-32.23946667,148.26915000,10976.076662471813,3062.772980359431,10461,2,28.206,
12462,2017-12-30T07:03:03Z,-32.23941667,148.26906667,10977.076662471813,3063.772980359431,10462,2,28.197,
12463,2017-12-30T07:03:04Z,-32.23936667,148.26900000,10978.076662471813,3064.772980359431,10463,2,28.189,
12464,2017-12-30T07:03:05Z,-32.23931667,148.26891667,10979.076662471813,3065.772980359431,10464,2,28.179,
12465,2017-12-30T07:03:06Z,-32.23926667,148.26885000,10980.076662471813,3066.772980359431,10465,2,28.171,
12466,2017-12-30T07:03:07Z,-32.23921667,148.26878333,10981.076662471813,3067.772980359431,10466,2,28.163,
12467,2017-12-30T07:03:08Z,-32.23916667,148.26871667,10982.076662471813,3068.772980359431,10467,2,28.154,
12468,2017-12-30T07:03:09Z,-32.23911667,148.26865000,10983.076662471813,3069.772980359431,10468,2,28.146,
12469,2017-12-30T07:03:10Z,-32.23905000,148.26858333,10984.076662471813,3070.772980359431,10469,2,28.136,
12470,2017-12-30T07:03:11Z,-32.23896667,148.26853333,10985.076662471813,3071.772980359431,10470,2,28.126,
12471,2017-12-30T07:03:12Z,-32.23886667,148.26846667,10986.076662471813,3072.772980359431,10471,2,28.114,
12472,2017-12-30T07:03:13Z,-32.23873333,148.26841667,10987.076662471813,3073.772980359431,10472,2,28.1,
12473,2017-12-30T07:03:14Z,-32.23860000,148.26838333,10988.076662471813,3074.772980359431,10473,2,28.086,
12474,2017-12-30T07:03:15Z,-32.23846667,148.26833333,10989.076662471813,3075.772980359431,10474,2,28.072,
12475,2017-12-30T07:03:16Z,-32.23833333,148.26830000,10990.076662471813,3076.772980359431,10475,2,28.059,
12476,2017-12-30T07:03:17Z,-32.23820000,148.26826667,10991.076662471813,3077.772980359431,10476,2,28.046,
12477,2017-12-30T07:03:18Z,-32.23808333,148.26821667,10992.076662471813,3078.772980359431,10477,2,28.033,
12478,2017-12-30T07:03:19Z,-32.23796667,148.26816667,10993.076662471813,3079.772980359431,10478,2,28.02,
12479,2017-12-30T07:03:20Z,-32.23788333,148.26810000,10994.076662471813,3080.772980359431,10479,2,28.009,
12480,2017-12-30T07:03:21Z,-32.23780000,148.26805000,10995.076662471813,3081.772980359431,10480,2,27.999,
12481,2017-12-30T07:03:22Z,-32.23773333,148.26800000,10996.076662471813,3082.772980359431,10481,2,27.99,
12482,2017-12-30T07:03:23Z,-32.23768333,148.26793333,10997.076662471813,3083.772980359431,10482,2,27.982,
12483,2017-12-30T07:03:24Z,-32.23765000,148.26786667,10998.076662471813,3084.772980359431,10483,2,27.975,
12484,2017-12-30T07:03:25Z,-32.23761667,148.26778333,10999.076662471813,3085.772980359431,10484,2,27.967,
12485,2017-12-30T07:03:26Z,-32.23760000,148.26768333,11000.076662471813,3086.772980359431,10485,2,27.959,
12486,2017-12-30T07:03:27Z,-32.23760000,148.26760000,11001.076662471813,3087.772980359431,10486,2,27.954,
12487,2017-12-30T07:03:28Z,-32.23760000,148.26751667,11002.076662471813,3088.772980359431,10487,2,27.949,
12488,2017-12-30T07:03:29Z,-32.23760000,148.26745000,11003.076662471813,3089.772980359431,10488,2,27.945,
12489,2017-12-30T07:03:30Z,-32.23758333,148.26738333,11004.076662471813,3090.772980359431,10489,2,27.939,
12490,2017-12-30T07:03:31Z,-32.23758333,148.26730000,11005.076662471813,3091.772980359431,10490,2,27.934,
12491,2017-12-30T07:03:32Z,-32.23758333,148.26723333,11006.076662471813,3092.772980359431,10491,2,27.93,
12492,2017-12-30T07:03:33Z,-32.23758333,148.26716667,11007.076662471813,3093.772980359431,10492,2,27.926,
12493,2017-12-30T07:03:34Z,-32.23756667,148.26708333,11008.076662471813,3094.772980359431,10493,2,27.919,
12494,2017-12-30T07:03:35Z,-32.23755000,148.26701667,11009.076662471813,3095.772980359431,10494,2,27.914,
12495,2017-12-30T07:03:36Z,-32.23753333,148.26693333,11010.076662471813,3096.772980359431,10495,2,27.907,
12496,2017-12-30T07:03:37Z,-32.23750000,148.26685000,11011.076662471813,3097.772980359431,10496,2,27.899,
12497,2017-12-30T07:03:38Z,-32.23746667,148.26676667,11012.076662471813,3098.772980359431,10497,2,27.891,
12498,2017-12-30T07:03:39Z,-32.23745000,148.26666667,11013.076662471813,3099.772980359431,10498,2,27.884,
12499,2017-12-30T07:03:40Z,-32.23743333,148.26660000,11014.076662471813,3100.772980359431,10499,2,27.878,
12500,2017-12-30T07:03:41Z,-32.23741667,148.26653333,11015.076662471813,3101.772980359431,10500,2,27.873,
12501,2017-12-30T07:03:42Z,-32.23741667,148.26645000,11016.076662471813,3102.772980359431,10501,2,27.868,
12502,2017-12-30T07:03:43Z,-32.23740000,148.26638333,11017.076662471813,3103.772980359431,10502,2,27.862,
12503,2017-12-30T07:03:44Z,-32.23741667,148.26631667,11018.076662471813,3104.772980359431,10503,2,27.859,
12504,2017-12-30T07:03:45Z,-32.23740000,148.26623333,11019.076662471813,3105.772980359431,10504,2,27.853,
12505,2017-12-30T07:03:46Z,-32.23740000,148.26615000,11020.076662471813,3106.772980359431,10505,2,27.848,
12506,2017-12-30T07:03:47Z,-32.23738333,148.26606667,11021.076662471813,3107.772980359431,10506,2,27.841,
12507,2017-12-30T07:03:48Z,-32.23736667,148.26598333,11022.076662471813,3108.772980359431,10507,2,27.835,
12508,2017-12-30T07:03:49Z,-32.23736667,148.26591667,11023.076662471813,3109.772980359431,10508,2,27.831,
12509,2017-12-30T07:03:50Z,-32.23735000,148.26583333,11024.076662471813,3110.772980359431,10509,2,27.824,
12510,2017-12-30T07:03:51Z,-32.23736667,148.26576667,11025.076662471813,3111.772980359431,10510,2,27.821,
12511,2017-12-30T07:03:52Z,-32.23736667,148.26568333,11026.076662471813,3112.772980359431,10511,2,27.816,
12512,2017-12-30T07:03:53Z,-32.23736667,148.26560000,11027.076662471813,3113.772980359431,10512,2,27.811,
12513,2017-12-30T07:03:54Z,-32.23736667,148.26553333,11028.076662471813,3114.772980359431,10513,2,27.807,
12514,2017-12-30T07:03:55Z,-32.23736667,148.26546667,11029.076662471813,3115.772980359431,10514,2,27.803,
12515,2017-12-30T07:03:56Z,-32.23736667,148.26538333,11030.076662471813,3116.772980359431,10515,2,27.798,
12516,2017-12-30T07:03:57Z,-32.23733333,148.26530000,11031.076662471813,3117.772980359431,10516,2,27.79,
12517,2017-12-30T07:03:58Z,-32.23730000,148.26520000,11032.076662471813,3118.772980359431,10517,2,27.781,
12518,2017-12-30T07:03:59Z,-32.23726667,148.26511667,11033.076662471813,3119.772980359431,10518,2,27.773,
12519,2017-12-30T07:04:00Z,-32.23723333,148.26501667,11034.076662471813,3120.772980359431,10519,2,27.764,
12520,2017-12-30T07:04:01Z,-32.23718333,148.26493333,11035.076662471813,3121.772980359431,10520,2,27.755,
12521,2017-12-30T07:04:02Z,-32.23715000,148.26485000,11036.076662471813,3122.772980359431,10521,2,27.747,
12522,2017-12-30T07:04:03Z,-32.23711667,148.26475000,11037.076662471813,3123.772980359431,10522,2,27.738,
12523,2017-12-30T07:04:04Z,-32.23710000,148.26465000,11038.076662471813,3124.772980359431,10523,2,27.73,
12524,2017-12-30T07:04:05Z,-32.23708333,148.26455000,11039.076662471813,3125.772980359431,10524,2,27.723,
12525,2017-12-30T07:04:06Z,-32.23708333,148.26446667,11040.076662471813,3126.772980359431,10525,2,27.718,
12526,2017-12-30T07:04:07Z,-32.23708333,148.26438333,11041.076662471813,3127.772980359431,10526,2,27.712,
12527,2017-12-30T07:04:08Z,-32.23708333,148.26431667,11042.076662471813,3128.772980359431,10527,2,27.708,
12528,2017-12-30T07:04:09Z,-32.23708333,148.26423333,11043.076662471813,3129.772980359431,10528,2,27.703,
12529,2017-12-30T07:04:10Z,-32.23706667,148.26415000,11044.076662471813,3130.772980359431,10529,2,27.697,
12530,2017-12-30T07:04:11Z,-32.23706667,148.26405000,11045.076662471813,3131.772980359431,10530,2,27.691,
12531,2017-12-30T07:04:12Z,-32.23706667,148.26395000,11046.076662471813,3132.772980359431,10531,2,27.684,
12532,2017-12-30T07:04:13Z,-32.23705000,148.26385000,11047.076662471813,3133.772980359431,10532,2,27.677,
12533,2017-12-30T07:04:14Z,-32.23705000,148.26375000,11048.076662471813,3134.772980359431,10533,2,27.671,
12534,2017-12-30T07:04:15Z,-32.23705000,148.26365000,11049.076662471813,3135.772980359431,10534,2,27.665,
12535,2017-12-30T07:04:16Z,-32.23705000,148.26356667,11050.076662471813,3136.772980359431,10535,2,27.66,
12536,2017-12-30T07:04:17Z,-32.23703333,148.26348333,11051.076662471813,3137.772980359431,10536,2,27.653,
12537,2017-12-30T07:04:18Z,-32.23706667,148.26338333,11052.076662471813,3138.772980359431,10537,2,27.65,
12538,2017-12-30T07:04:19Z,-32.23708333,148.26330000,11053.076662471813,3139.772980359431,10538,2,27.646,
12539,2017-12-30T07:04:20Z,-32.23711667,148.26320000,11054.076662471813,3140.772980359431,10539,2,27.643,
12540,2017-12-30T07:04:21Z,-32.23713333,148.26308333,11055.076662471813,3141.772980359431,10540,2,27.637,
12541,2017-12-30T07:04:22Z,-32.23713333,148.26296667,11056.076662471813,3142.772980359431,10541,2,27.63,
12542,2017-12-30T07:04:23Z,-32.23713333,148.26286667,11057.076662471813,3143.772980359431,10542,2,27.624,
12543,2017-12-30T07:04:24Z,-32.23715000,148.26278333,11058.076662471813,3144.772980359431,10543,2,27.62,
12544,2017-12-30T07:04:25Z,-32.23716667,148.26270000,11059.076662471813,3145.772980359431,10544,2,27.616,
12545,2017-12-30T07:04:26Z,-32.23721667,148.26263333,11060.076662471813,3146.772980359431,10545,2,27.616,
12546,2017-12-30T07:04:27Z,-32.23726667,148.26256667,11061.076662471813,3147.772980359431,10546,2,27.617,
12547,2017-12-30T07:04:28Z,-32.23733333,148.26250000,11062.076662471813,3148.772980359431,10547,2,27.618,
12548,2017-12-30T07:04:29Z,-32.23738333,148.26243333,11063.076662471813,3149.772980359431,10548,2,27.618,
12549,2017-12-30T07:04:30Z,-32.23741667,148.26235000,11064.076662471813,3150.772980359431,10549,2,27.616,
12550,2017-12-30T07:04:31Z,-32.23743333,148.26225000,11065.076662471813,3151.772980359431,10550,2,27.611,
12551,2017-12-30T07:04:32Z,-32.23745000,148.26216667,11066.076662471813,3152.772980359431,10551,2,27.608,
12552,2017-12-30T07:04:33Z,-32.23748333,148.26208333,11067.076662471813,3153.772980359431,10552,2,27.606,
12553,2017-12-30T07:04:34Z,-32.23750000,148.26198333,11068.076662471813,3154.772980359431,10553,2,27.601,
12554,2017-12-30T07:04:35Z,-32.23751667,148.26190000,11069.076662471813,3155.772980359431,10554,2,27.597,
12555,2017-12-30T07:04:36Z,-32.23755000,148.26181667,11070.076662471813,3156.772980359431,10555,2,27.595,
12556,2017-12-30T07:04:37Z,-32.23756667,148.26175000,11071.076662471813,3157.772980359431,10556,2,27.592,
12557,2017-12-30T07:04:38Z,-32.23756667,148.26168333,11072.076662471813,3158.772980359431,10557,2,27.588,
12558,2017-12-30T07:04:39Z,-32.23758333,148.26161667,11073.076662471813,3159.772980359431,10558,2,27.586,
12559,2017-12-30T07:04:40Z,-32.23758333,148.26155000,11074.076662471813,3160.772980359431,10559,2,27.582,
12560,2017-12-30T07:04:41Z,-32.23758333,148.26150000,11075.076662471813,3161.772980359431,10560,2,27.578,
12561,2017-12-30T07:04:42Z,-32.23758333,148.26143333,11076.076662471813,3162.772980359431,10561,2,27.574,
12562,2017-12-30T07:04:43Z,-32.23756667,148.26136667,11077.076662471813,3163.772980359431,10562,2,27.569,
12563,2017-12-30T07:04:44Z,-32.23755000,148.26131667,11078.076662471813,3164.772980359431,10563,2,27.565,
12564,2017-12-30T07:04:45Z,-32.23755000,148.26125000,11079.076662471813,3165.772980359431,10564,2,27.56,
12565,2017-12-30T07:04:46Z,-32.23753333,148.26116667,11080.076662471813,3166.772980359431,10565,2,27.554,
12566,2017-12-30T07:04:47Z,-32.23751667,148.26108333,11081.076662471813,3167.772980359431,10566,2,27.548,
12567,2017-12-30T07:04:48Z,-32.23748333,148.26100000,11082.076662471813,3168.772980359431,10567,2,27.54,
12568,2017-12-30T07:04:49Z,-32.23748333,148.26091667,11083.076662471813,3169.772980359431,10568,2,27.535,
12569,2017-12-30T07:04:50Z,-32.23745000,148.26085000,11084.076662471813,3170.772980359431,10569,2,27.528,
12570,2017-12-30T07:04:51Z,-32.23745000,148.26076667,11085.076662471813,3171.772980359431,10570,2,27.523,
12571,2017-12-30T07:04:52Z,-32.23741667,148.26068333,11086.076662471813,3172.772980359431,10571,2,27.515,
12572,2017-12-30T07:04:53Z,-32.23740000,148.26061667,11087.076662471813,3173.772980359431,10572,2,27.509,
12573,2017-12-30T07:04:54Z,-32.23738333,148.26053333,11088.076662471813,3174.772980359431,10573,2,27.503,
12574,2017-12-30T07:04:55Z,-32.23733333,148.26045000,11089.076662471813,3175.772980359431,10574,2,27.494,
12575,2017-12-30T07:04:56Z,-32.23730000,148.26036667,11090.076662471813,3176.772980359431,10575,2,27.486,
12576,2017-12-30T07:04:57Z,-32.23725000,148.26033333,11091.076662471813,3177.772980359431,10576,2,27.479,
12577,2017-12-30T07:04:58Z,-32.23721667,148.26028333,11092.076662471813,3178.772980359431,10577,2,27.473,
12578,2017-12-30T07:04:59Z,-32.23715000,148.26025000,11093.076662471813,3179.772980359431,10578,2,27.466,
12579,2017-12-30T07:05:00Z,-32.23708333,148.26020000,11094.076662471813,3180.772980359431,10579,2,27.457,
12580,2017-12-30T07:05:01Z,-32.23700000,148.26013333,11095.076662471813,3181.772980359431,10580,2,27.446,
12581,2017-12-30T07:05:02Z,-32.23691667,148.26006667,11096.076662471813,3182.772980359431,10581,2,27.435,
12582,2017-12-30T07:05:03Z,-32.23683333,148.26000000,11097.076662471813,3183.772980359431,10582,2,27.424,
12583,2017-12-30T07:05:04Z,-32.23675000,148.25991667,11098.076662471813,3184.772980359431,10583,2,27.412,
12584,2017-12-30T07:05:05Z,-32.23670000,148.25983333,11099.076662471813,3185.772980359431,10584,2,27.402,
12585,2017-12-30T07:05:06Z,-32.23665000,148.25973333,11100.076662471813,3186.772980359431,10585,2,27.392,
12586,2017-12-30T07:05:07Z,-32.23660000,148.25965000,11101.076662471813,3187.772980359431,10586,2,27.383,
12587,2017-12-30T07:05:08Z,-32.23655000,148.25956667,11102.076662471813,3188.772980359431,10587,2,27.373,
12588,2017-12-30T07:05:09Z,-32.23651667,148.25948333,11103.076662471813,3189.772980359431,10588,2,27.365,
12589,2017-12-30T07:05:10Z,-32.23648333,148.25941667,11104.076662471813,3190.772980359431,10589,2,27.359,
12590,2017-12-30T07:05:11Z,-32.23643333,148.25935000,11105.076662471813,3191.772980359431,10590,2,27.35,
12591,2017-12-30T07:05:12Z,-32.23638333,148.25928333,11106.076662471813,3192.772980359431,10591,2,27.342,
12592,2017-12-30T07:05:13Z,-32.23633333,148.25921667,11107.076662471813,3193.772980359431,10592,2,27.334,
12593,2017-12-30T07:05:14Z,-32.23626667,148.25915000,11108.076662471813,3194.772980359431,10593,2,27.324,
12594,2017-12-30T07:05:15Z,-32.23621667,148.25908333,11109.076662471813,3195.772980359431,10594,2,27.316,
12595,2017-12-30T07:05:16Z,-32.23616667,148.25901667,11110.076662471813,3196.772980359431,10595,2,27.307,
12596,2017-12-30T07:05:17Z,-32.23611667,148.25895000,11111.076662471813,3197.772980359431,10596,2,27.299,
12597,2017-12-30T07:05:18Z,-32.23606667,148.25890000,11112.076662471813,3198.772980359431,10597,2,27.292,
12598,2017-12-30T07:05:19Z,-32.23601667,148.25883333,11113.076662471813,3199.772980359431,10598,2,27.284,
12599,2017-12-30T07:05:20Z,-32.23596667,148.25876667,11114.076662471813,3200.772980359431,10599,2,27.275,
12600,2017-12-30T07:05:21Z,-32.23591667,148.25870000,11115.076662471813,3201.772980359431,10600,2,27.267,
12601,2017-12-30T07:05:22Z,-32.23588333,148.25863333,11116.076662471813,3202.772980359431,10601,2,27.26,
12602,2017-12-30T07:05:23Z,-32.23583333,148.25856667,11117.076662471813,3203.772980359431,10602,2,27.252,
12603,2017-12-30T07:05:24Z,-32.23580000,148.25850000,11118.076662471813,3204.772980359431,10603,2,27.245,
12604,2017-12-30T07:05:25Z,-32.23576667,148.25843333,11119.076662471813,3205.772980359431,10604,2,27.238,
12605,2017-12-30T07:05:26Z,-32.23573333,148.25836667,11120.076662471813,3206.772980359431,10605,2,27.231,
12606,2017-12-30T07:05:27Z,-32.23570000,148.25828333,11121.076662471813,3207.772980359431,10606,2,27.223,
12607,2017-12-30T07:05:28Z,-32.23565000,148.25821667,11122.076662471813,3208.772980359431,10607,2,27.215,
12608,2017-12-30T07:05:29Z,-32.23561667,148.25815000,11123.076662471813,3209.772980359431,10608,2,27.208,
12609,2017-12-30T07:05:30Z,-32.23556667,148.25808333,11124.076662471813,3210.772980359431,10609,2,27.2,
12610,2017-12-30T07:05:31Z,-32.23551667,148.25803333,11125.076662471813,3211.772980359431,10610,2,27.193,
12611,2017-12-30T07:05:32Z,-32.23545000,148.25796667,11126.076662471813,3212.772980359431,10611,2,27.183,
12612,2017-12-30T07:05:33Z,-32.23536667,148.25790000,11127.076662471813,3213.772980359431,10612,2,27.172,
12613,2017-12-30T07:05:34Z,-32.23531667,148.25783333,11128.076662471813,3214.772980359431,10613,2,27.163,
12614,2017-12-30T07:05:35Z,-32.23525000,148.25776667,11129.076662471813,3215.772980359431,10614,2,27.154,
12615,2017-12-30T07:05:36Z,-32.23518333,148.25771667,11130.076662471813,3216.772980359431,10615,2,27.145,
12616,2017-12-30T07:05:37Z,-32.23513333,148.25765000,11131.076662471813,3217.772980359431,10616,2,27.137,
12617,2017-12-30T07:05:38Z,-32.23508333,148.25758333,11132.076662471813,3218.772980359431,10617,2,27.128,
12618,2017-12-30T07:05:39Z,-32.23505000,148.25751667,11133.076662471813,3219.772980359431,10618,2,27.122,
12619,2017-12-30T07:05:40Z,-32.23503333,148.25746667,11134.076662471813,3220.772980359431,10619,2,27.117,
12620,2017-12-30T07:05:41Z,-32.23501667,148.25740000,11135.076662471813,3221.772980359431,10620,2,27.112,
12621,2017-12-30T07:05:42Z,-32.23500000,148.25735000,11136.076662471813,3222.772980359431,10621,2,27.107,
12622,2017-12-30T07:05:43Z,-32.23498333,148.25728333,11137.076662471813,3223.772980359431,10622,2,27.102,
12623,2017-12-30T07:05:44Z,-32.23498333,148.25723333,11138.076662471813,3224.772980359431,10623,2,27.099,
12624,2017-12-30T07:05:45Z,-32.23496667,148.25716667,11139.076662471813,3225.772980359431,10624,2,27.093,
12625,2017-12-30T07:05:46Z,-32.23495000,148.25710000,11140.076662471813,3226.772980359431,10625,2,27.088,
12626,2017-12-30T07:05:47Z,-32.23495000,148.25705000,11141.076662471813,3227.772980359431,10626,2,27.085,
12627,2017-12-30T07:05:48Z,-32.23495000,148.25700000,11142.076662471813,3228.772980359431,10627,2,27.082,
12628,2017-12-30T07:05:49Z,-32.23493333,148.25695000,11143.076662471813,3229.772980359431,10628,2,27.077,
12629,2017-12-30T07:05:50Z,-32.23493333,148.25688333,11144.076662471813,3230.772980359431,10629,2,27.073,
12630,2017-12-30T07:05:51Z,-32.23491667,148.25681667,11145.076662471813,3231.772980359431,10630,2,27.068,
12631,2017-12-30T07:05:52Z,-32.23491667,148.25675000,11146.076662471813,3232.772980359431,10631,2,27.064,
12632,2017-12-30T07:05:53Z,-32.23488333,148.25668333,11147.076662471813,3233.772980359431,10632,2,27.057,
12633,2017-12-30T07:05:54Z,-32.23486667,148.25661667,11148.076662471813,3234.772980359431,10633,2,27.052,
12634,2017-12-30T07:05:55Z,-32.23483333,148.25655000,11149.076662471813,3235.772980359431,10634,2,27.045,
12635,2017-12-30T07:05:56Z,-32.23481667,148.25646667,11150.076662471813,3236.772980359431,10635,2,27.038,
12636,2017-12-30T07:05:57Z,-32.23478333,148.25638333,11151.076662471813,3237.772980359431,10636,2,27.03,
12637,2017-12-30T07:05:58Z,-32.23478333,148.25631667,11152.076662471813,3238.772980359431,10637,2,27.026,
12638,2017-12-30T07:05:59Z,-32.23476667,148.25623333,11153.076662471813,3239.772980359431,10638,2,27.02,
12639,2017-12-30T07:06:00Z,-32.23476667,148.25616667,11154.076662471813,3240.772980359431,10639,2,27.016,
12640,2017-12-30T07:06:01Z,-32.23475000,148.25608333,11155.076662471813,3241.772980359431,10640,2,27.009,
12641,2017-12-30T07:06:02Z,-32.23473333,148.25603333,11156.076662471813,3242.772980359431,10641,2,27.005,
12642,2017-12-30T07:06:03Z,-32.23471667,148.25596667,11157.076662471813,3243.772980359431,10642,2,27.0,
12643,2017-12-30T07:06:04Z,-32.23470000,148.25591667,11158.076662471813,3244.772980359431,10643,2,26.995,
12644,2017-12-30T07:06:05Z,-32.23468333,148.25585000,11159.076662471813,3245.772980359431,10644,2,26.99,
12645,2017-12-30T07:06:06Z,-32.23466667,148.25578333,11160.076662471813,3246.772980359431,10645,2,26.984,
12646,2017-12-30T07:06:07Z,-32.23463333,148.25571667,11161.076662471813,3247.772980359431,10646,2,26.977,
12647,2017-12-30T07:06:08Z,-32.23460000,148.25565000,11162.076662471813,3248.772980359431,10647,2,26.971,
12648,2017-12-30T07:06:09Z,-32.23453333,148.25556667,11163.076662471813,3249.772980359431,10648,2,26.96,
12649,2017-12-30T07:06:10Z,-32.23448333,148.25550000,11164.076662471813,3250.772980359431,10649,2,26.952,
12650,2017-12-30T07:06:11Z,-32.23441667,148.25541667,11165.076662471813,3251.772980359431,10650,2,26.941,
12651,2017-12-30T07:06:12Z,-32.23436667,148.25533333,11166.076662471813,3252.772980359431,10651,2,26.932,
12652,2017-12-30T07:06:13Z,-32.23433333,148.25526667,11167.076662471813,3253.772980359431,10652,2,26.925,
12653,2017-12-30T07:06:14Z,-32.23431667,148.25520000,11168.076662471813,3254.772980359431,10653,2,26.919,
12654,2017-12-30T07:06:15Z,-32.23431667,148.25513333,11169.076662471813,3255.772980359431,10654,2,26.915,
12655,2017-12-30T07:06:16Z,-32.23431667,148.25506667,11170.076662471813,3256.772980359431,10655,2,26.911,
12656,2017-12-30T07:06:17Z,-32.23430000,148.25500000,11171.076662471813,3257.772980359431,10656,2,26.906,
12657,2017-12-30T07:06:18Z,-32.23426667,148.25493333,11172.076662471813,3258.772980359431,10657,2,26.899,
12658,2017-12-30T07:06:19Z,-32.23425000,148.25486667,11173.076662471813,3259.772980359431,10658,2,26.893,
12659,2017-12-30T07:06:20Z,-32.23421667,148.25480000,11174.076662471813,3260.772980359431,10659,2,26.887,
12660,2017-12-30T07:06:21Z,-32.23415000,148.25471667,11175.076662471813,3261.772980359431,10660,2,26.876,
12661,2017-12-30T07:06:22Z,-32.23408333,148.25463333,11176.076662471813,3262.772980359431,10661,2,26.865,
12662,2017-12-30T07:06:23Z,-32.23401667,148.25455000,11177.076662471813,3263.772980359431,10662,2,26.854,
12663,2017-12-30T07:06:24Z,-32.23395000,148.25446667,11178.076662471813,3264.772980359431,10663,2,26.844,
12664,2017-12-30T07:06:25Z,-32.23388333,148.25440000,11179.076662471813,3265.772980359431,10664,2,26.834,
12665,2017-12-30T07:06:26Z,-32.23383333,148.25433333,11180.076662471813,3266.772980359431,10665,2,26.826,
12666,2017-12-30T07:06:27Z,-32.23381667,148.25428333,11181.076662471813,3267.772980359431,10666,2,26.821,
12667,2017-12-30T07:06:28Z,-32.23385000,148.25425000,11182.076662471813,3268.772980359431,10667,2,26.822,
12668,2017-12-30T07:06:29Z,-32.23391667,148.25428333,11183.076662471813,3269.772980359431,10668,2,26.83,
12669,2017-12-30T07:06:30Z,-32.23403333,148.25436667,11184.076662471813,3270.772980359431,10669,2,26.845,
12670,2017-12-30T07:06:31Z,-32.23415000,148.25451667,11185.076662471813,3271.772980359431,10670,2,26.864,
12671,2017-12-30T07:06:32Z,-32.23425000,148.25470000,11186.076662471813,3272.772980359431,10671,2,26.883,
12672,2017-12-30T07:06:33Z,-32.23435000,148.25490000,11187.076662471813,3273.772980359431,10672,2,26.904,
12673,2017-12-30T07:06:34Z,-32.23443333,148.25510000,11188.076662471813,3274.772980359431,10673,2,26.923,
12674,2017-12-30T07:06:35Z,-32.23451667,148.25530000,11189.076662471813,3275.772980359431,10674,2,26.942,
12675,2017-12-30T07:06:36Z,-32.23460000,148.25548333,11190.076662471813,3276.772980359431,10675,2,26.96,
12676,2017-12-30T07:06:37Z,-32.23468333,148.25568333,11191.076662471813,3277.772980359431,10676,2,26.98,
12677,2017-12-30T07:06:38Z,-32.23478333,148.25588333,11192.076662471813,3278.772980359431,10677,2,27.0,
12678,2017-12-30T07:06:39Z,-32.23488333,148.25606667,11193.076662471813,3279.772980359431,10678,2,27.02,
12679,2017-12-30T07:06:40Z,-32.23500000,148.25620000,11194.076662471813,3280.772980359431,10679,2,27.038,
12680,2017-12-30T07:06:41Z,-32.23510000,148.25626667,11195.076662471813,3281.772980359431,10680,2,27.05,
12681,2017-12-30T07:06:42Z,-32.23518333,148.25626667,11196.076662471813,3282.772980359431,10681,2,27.057,
12682,2017-12-30T07:06:43Z,-32.23523333,148.25625000,11197.076662471813,3283.772980359431,10682,2,27.061,
12683,2017-12-30T07:06:44Z,-32.23525000,148.25620000,11198.076662471813,3284.772980359431,10683,2,27.059,
12684,2017-12-30T07:06:45Z,-32.23525000,148.25611667,11199.076662471813,3285.772980359431,10684,2,27.054,
12685,2017-12-30T07:06:46Z,-32.23521667,148.25603333,11200.076662471813,3286.772980359431,10685,2,27.046,
12686,2017-12-30T07:06:47Z,-32.23520000,148.25593333,11201.076662471813,3287.772980359431,10686,2,27.039,
12687,2017-12-30T07:06:48Z,-32.23521667,148.25585000,11202.076662471813,3288.772980359431,10687,2,27.035,
12688,2017-12-30T07:06:49Z,-32.23525000,148.25580000,11203.076662471813,3289.772980359431,10688,2,27.035,
12689,2017-12-30T07:06:50Z,-32.23531667,148.25575000,11204.076662471813,3290.772980359431,10689,2,27.038,
12690,2017-12-30T07:06:51Z,-32.23536667,148.25571667,11205.076662471813,3291.772980359431,10690,2,27.04,
12691,2017-12-30T07:06:52Z,-32.23543333,148.25568333,11206.076662471813,3292.772980359431,10691,2,27.044,
12692,2017-12-30T07:06:53Z,-32.23548333,148.25563333,11207.076662471813,3293.772980359431,10692,2,27.045,
12693,2017-12-30T07:06:54Z,-32.23555000,148.25558333,11208.076662471813,3294.772980359431,10693,2,27.048,
12694,2017-12-30T07:06:55Z,-32.23560000,148.25551667,11209.076662471813,3295.772980359431,10694,2,27.048,
12695,2017-12-30T07:06:56Z,-32.23565000,148.25546667,11210.076662471813,3296.772980359431,10695,2,27.049,
12696,2017-12-30T07:06:57Z,-32.23568333,148.25538333,11211.076662471813,3297.772980359431,10696,2,27.047,
12697,2017-12-30T07:06:58Z,-32.23571667,148.25530000,11212.076662471813,3298.772980359431,10697,2,27.045,
12698,2017-12-30T07:06:59Z,-32.23576667,148.25521667,11213.076662471813,3299.772980359431,10698,2,27.044,
12699,2017-12-30T07:07:00Z,-32.23580000,148.25513333,11214.076662471813,3300.772980359431,10699,2,27.042,
12700,2017-12-30T07:07:01Z,-32.23583333,148.25506667,11215.076662471813,3301.772980359431,10700,2,27.041,
12701,2017-12-30T07:07:02Z,-32.23586667,148.25500000,11216.076662471813,3302.772980359431,10701,2,27.04,
12702,2017-12-30T07:07:03Z,-32.23590000,148.25493333,11217.076662471813,3303.772980359431,10702,2,27.039,
12703,2017-12-30T07:07:04Z,-32.23595000,148.25488333,11218.076662471813,3304.772980359431,10703,2,27.04,
12704,2017-12-30T07:07:05Z,-32.23600000,148.25480000,11219.076662471813,3305.772980359431,10704,2,27.039,
12705,2017-12-30T07:07:06Z,-32.23605000,148.25471667,11220.076662471813,3306.772980359431,10705,2,27.039,
12706,2017-12-30T07:07:07Z,-32.23608333,148.25461667,11221.076662471813,3307.772980359431,10706,2,27.036,
12707,2017-12-30T07:07:08Z,-32.23613333,148.25451667,11222.076662471813,3308.772980359431,10707,2,27.034,
12708,2017-12-30T07:07:09Z,-32.23615000,148.25441667,11223.076662471813,3309.772980359431,10708,2,27.029,
12709,2017-12-30T07:07:10Z,-32.23618333,148.25433333,11224.076662471813,3310.772980359431,10709,2,27.027,
12710,2017-12-30T07:07:11Z,-32.23623333,148.25425000,11225.076662471813,3311.772980359431,10710,2,27.027,
12711,2017-12-30T07:07:12Z,-32.23626667,148.25418333,11226.076662471813,3312.772980359431,10711,2,27.025,
12712,2017-12-30T07:07:13Z,-32.23630000,148.25410000,11227.076662471813,3313.772980359431,10712,2,27.023,
12713,2017-12-30T07:07:14Z,-32.23633333,148.25406667,11228.076662471813,3314.772980359431,10713,2,27.024,
12714,2017-12-30T07:07:15Z,-32.23633333,148.25405000,11229.076662471813,3315.772980359431,10714,2,27.023,
12715,2017-12-30T07:07:16Z,-32.23631667,148.25406667,11230.076662471813,3316.772980359431,10715,2,27.023,
12716,2017-12-30T07:07:17Z,-32.23631667,148.25406667,11231.076662471813,3317.772980359431,10716,2,27.023,
