fixIdx,time,lat,lng,alt,tickLead,tickRace,zoneIdx,legIdx,togo,area
1,2017-12-31T01:54:23Z,-33.35628333,147.93356667,258.00,,,,,,
2,2017-12-31T01:54:24Z,-33.35628333,147.93356667,258.00,,,,,,
3,2017-12-31T01:54:25Z,-33.35628333,147.93356667,258.00,,,,,,
4,2017-12-31T01:54:26Z,-33.35628333,147.93356667,258.00,,,,,,
5,2017-12-31T01:54:27Z,-33.35628333,147.93356667,258.00,,,,,,
6,2017-12-31T01:54:28Z,-33.35628333,147.93356667,258.00,,,,,,
7,2017-12-31T01:54:29Z,-33.35628333,147.93356667,258.00,,,,,,
8,2017-12-31T01:54:30Z,-33.35628333,147.93356667,258.00,,,,,,
9,2017-12-31T01:54:31Z,-33.35628333,147.93356667,258.00,,,,,,
10,2017-12-31T01:54:32Z,-33.35628333,147.93356667,258.00,,,,,,
11,2017-12-31T01:54:33Z,-33.35628333,147.93356667,258.00,,,,,,
12,2017-12-31T01:54:34Z,-33.35628333,147.93356667,258.00,,,,,,
13,2017-12-31T01:54:35Z,-33.35628333,147.93356667,258.00,,,,,,
14,2017-12-31T01:54:36Z,-33.35628333,147.93356667,258.00,,,,,,
15,2017-12-31T01:54:37Z,-33.35628333,147.93356667,258.00,,,,,,
16,2017-12-31T01:54:38Z,-33.35628333,147.93356667,258.00,,,,,,
17,2017-12-31T01:54:39Z,-33.35628333,147.93356667,258.00,,,,,,
18,2017-12-31T01:54:40Z,-33.35628333,147.93356667,258.00,,,,,,
19,2017-12-31T01:54:41Z,-33.35628333,147.93356667,258.00,,,,,,
20,2017-12-31T01:54:42Z,-33.35628333,147.93356667,258.00,,,,,,
21,2017-12-31T01:54:43Z,-33.35628333,147.93356667,258.00,,,,,,
22,2017-12-31T01:54:44Z,-33.35628333,147.93356667,258.00,,,,,,
23,2017-12-31T01:54:45Z,-33.35628333,147.93356667,258.00,,,,,,
24,2017-12-31T01:54:46Z,-33.35628333,147.93356667,258.00,,,,,,
25,2017-12-31T01:54:47Z,-33.35628333,147.93358333,258.00,,,,,,
26,2017-12-31T01:54:48Z,-33.35628333,147.93358333,258.00,,,,,,
27,2017-12-31T01:54:49Z,-33.35628333,147.93358333,258.00,,,,,,
28,2017-12-31T01:54:50Z,-33.35628333,147.93358333,258.00,,,,,,
29,2017-12-31T01:54:51Z,-33.35628333,147.93358333,258.00,,,,,,
30,2017-12-31T01:54:52Z,-33.35628333,147.93358333,258.00,,,,,,
31,2017-12-31T01:54:53Z,-33.35628333,147.93358333,259.00,,,,,,
32,2017-12-31T01:54:54Z,-33.35626667,147.93358333,258.00,,,,,,
33,2017-12-31T01:54:55Z,-33.35626667,147.93358333,258.00,,,,,,
34,2017-12-31T01:54:56Z,-33.35626667,147.93358333,258.00,,,,,,
35,2017-12-31T01:54:57Z,-33.35626667,147.93358333,258.00,,,,,,
36,2017-12-31T01:54:58Z,-33.35626667,147.93358333,258.00,,,,,,
37,2017-12-31T01:54:59Z,-33.35626667,147.93358333,258.00,,,,,,
38,2017-12-31T01:55:00Z,-33.35626667,147.93358333,258.00,,,,,,
39,2017-12-31T01:55:01Z,-33.35626667,147.93358333,258.00,,,,,,
40,2017-12-31T01:55:02Z,-33.35626667,147.93358333,258.00,,,,,,
41,2017-12-31T01:55:03Z,-33.35626667,147.93358333,258.00,,,,,,
42,2017-12-31T01:55:04Z,-33.35626667,147.93358333,258.00,,,,,,
43,2017-12-31T01:55:05Z,-33.35626667,147.93358333,258.00,,,,,,
44,2017-12-31T01:55:06Z,-33.35626667,147.93358333,258.00,,,,,,
45,2017-12-31T01:55:07Z,-33.35626667,147.93358333,258.00,,,,,,
46,2017-12-31T01:55:08Z,-33.35626667,147.93358333,258.00,,,,,,
47,2017-12-31T01:55:09Z,-33.35626667,147.93358333,258.00,,,,,,
48,2017-12-31T01:55:10Z,-33.35626667,147.93358333,258.00,,,,,,
49,2017-12-31T01:55:11Z,-33.35626667,147.93358333,258.00,,,,,,
50,2017-12-31T01:55:12Z,-33.35626667,147.93358333,258.00,,,,,,
51,2017-12-31T01:55:13Z,-33.35626667,147.93358333,258.00,,,,,,
52,2017-12-31T01:55:14Z,-33.35626667,147.93358333,258.00,,,,,,
53,2017-12-31T01:55:15Z,-33.35626667,147.93358333,258.00,,,,,,
54,2017-12-31T01:55:16Z,-33.35626667,147.93358333,258.00,,,,,,
55,2017-12-31T01:55:17Z,-33.35626667,147.93358333,258.00,,,,,,
56,2017-12-31T01:56:32Z,-33.34890000,147.93141667,355.00,,,,,,
57,2017-12-31T01:56:34Z,-33.34863333,147.93133333,359.00,,,,,,
58,2017-12-31T01:56:36Z,-33.34836667,147.93126667,361.00,,,,,,
59,2017-12-31T01:56:37Z,-33.34821667,147.93123333,362.00,,,,,,
60,2017-12-31T01:56:38Z,-33.34806667,147.93121667,364.00,,,,,,
61,2017-12-31T01:56:39Z,-33.34793333,147.93118333,365.00,,,,,,
62,2017-12-31T01:56:40Z,-33.34778333,147.93116667,367.00,,,,,,
63,2017-12-31T01:56:41Z,-33.34763333,147.93115000,368.00,,,,,,
64,2017-12-31T01:56:42Z,-33.34748333,147.93113333,370.00,,,,,,
65,2017-12-31T01:56:43Z,-33.34738333,147.93115000,369.00,,,,,,
66,2017-12-31T01:56:45Z,-33.34718333,147.93116667,374.00,,,,,,
67,2017-12-31T01:56:46Z,-33.34703333,147.93118333,375.00,,,,,,
68,2017-12-31T01:56:47Z,-33.34690000,147.93120000,373.00,,,,,,
69,2017-12-31T01:56:48Z,-33.34675000,147.93121667,375.00,,,,,,
70,2017-12-31T01:56:49Z,-33.34661667,147.93125000,374.00,,,,,,
71,2017-12-31T01:56:50Z,-33.34646667,147.93128333,373.00,,,,,,
72,2017-12-31T01:56:51Z,-33.34631667,147.93131667,372.00,,,,,,
73,2017-12-31T01:56:52Z,-33.34616667,147.93133333,373.00,,,,,,
74,2017-12-31T01:56:53Z,-33.34600000,147.93138333,376.00,,,,,,
75,2017-12-31T01:56:54Z,-33.34585000,147.93143333,383.00,,,,,,
76,2017-12-31T01:56:55Z,-33.34568333,147.93148333,385.00,,,,,,
77,2017-12-31T01:56:56Z,-33.34553333,147.93156667,383.00,,,,,,
78,2017-12-31T01:56:57Z,-33.34536667,147.93165000,383.00,,,,,,
79,2017-12-31T01:56:58Z,-33.34520000,147.93175000,385.00,,,,,,
80,2017-12-31T01:56:59Z,-33.34503333,147.93183333,390.00,,,,,,
81,2017-12-31T01:57:00Z,-33.34486667,147.93190000,392.00,,,,,,
82,2017-12-31T01:57:01Z,-33.34470000,147.93196667,392.00,,,,,,
83,2017-12-31T01:57:02Z,-33.34451667,147.93203333,392.00,,,,,,
84,2017-12-31T01:57:03Z,-33.34435000,147.93211667,392.00,,,,,,
85,2017-12-31T01:57:04Z,-33.34416667,147.93220000,395.00,,,,,,
86,2017-12-31T01:57:05Z,-33.34398333,147.93228333,396.00,,,,,,
87,2017-12-31T01:57:06Z,-33.34381667,147.93235000,398.00,,,,,,
88,2017-12-31T01:57:07Z,-33.34363333,147.93241667,402.00,,,,,,
89,2017-12-31T01:57:08Z,-33.34345000,147.93248333,405.00,,,,,,
90,2017-12-31T01:57:09Z,-33.34328333,147.93253333,408.00,,,,,,
91,2017-12-31T01:57:10Z,-33.34311667,147.93258333,410.00,,,,,,
92,2017-12-31T01:57:11Z,-33.34293333,147.93263333,414.00,,,,,,
93,2017-12-31T01:57:12Z,-33.34278333,147.93266667,418.00,,,,,,
94,2017-12-31T01:57:13Z,-33.34263333,147.93270000,424.00,,,,,,
95,2017-12-31T01:57:14Z,-33.34248333,147.93271667,430.00,,,,,,
96,2017-12-31T01:57:15Z,-33.34233333,147.93273333,435.00,,,,,,
97,2017-12-31T01:57:16Z,-33.34220000,147.93273333,439.00,,,,,,
98,2017-12-31T01:57:17Z,-33.34205000,147.93273333,443.00,,,,,,
99,2017-12-31T01:57:18Z,-33.34190000,147.93273333,448.00,,,,,,
100,2017-12-31T01:57:19Z,-33.34175000,147.93271667,449.00,,,,,,
101,2017-12-31T01:57:20Z,-33.34161667,147.93273333,453.00,,,,,,
102,2017-12-31T01:57:21Z,-33.34148333,147.93271667,456.00,,,,,,
103,2017-12-31T01:57:22Z,-33.34133333,147.93273333,461.00,,,,,,
104,2017-12-31T01:57:23Z,-33.34120000,147.93273333,464.00,,,,,,
105,2017-12-31T01:57:24Z,-33.34105000,147.93275000,472.00,,,,,,
106,2017-12-31T01:57:25Z,-33.34095000,147.93273333,476.00,,,,,,
107,2017-12-31T01:57:26Z,-33.34081667,147.93275000,479.00,,,,,,
108,2017-12-31T01:57:27Z,-33.34068333,147.93273333,483.00,,,,,,
109,2017-12-31T01:57:28Z,-33.34055000,147.93275000,487.00,,,,,,
110,2017-12-31T01:57:29Z,-33.34041667,147.93273333,492.00,,,,,,
111,2017-12-31T01:57:30Z,-33.34030000,147.93273333,493.00,,,,,,
112,2017-12-31T01:57:31Z,-33.34018333,147.93271667,497.00,,,,,,
113,2017-12-31T01:57:32Z,-33.34005000,147.93271667,501.00,,,,,,
114,2017-12-31T01:57:33Z,-33.33991667,147.93273333,504.00,,,,,,
115,2017-12-31T01:57:34Z,-33.33978333,147.93275000,506.00,,,,,,
116,2017-12-31T01:57:35Z,-33.33966667,147.93278333,507.00,,,,,,
117,2017-12-31T01:57:36Z,-33.33951667,147.93280000,511.00,,,,,,
118,2017-12-31T01:57:37Z,-33.33936667,147.93283333,512.00,,,,,,
119,2017-12-31T01:57:38Z,-33.33921667,147.93286667,512.00,,,,,,
120,2017-12-31T01:57:39Z,-33.33906667,147.93295000,512.00,,,,,,
121,2017-12-31T01:57:40Z,-33.33895000,147.93306667,513.00,,,,,,
122,2017-12-31T01:57:41Z,-33.33881667,147.93320000,513.00,,,,,,
123,2017-12-31T01:57:42Z,-33.33868333,147.93333333,512.00,,,,,,
124,2017-12-31T01:57:43Z,-33.33856667,147.93348333,514.00,,,,,,
125,2017-12-31T01:57:44Z,-33.33845000,147.93361667,518.00,,,,,,
126,2017-12-31T01:57:45Z,-33.33833333,147.93378333,519.00,,,,,,
127,2017-12-31T01:57:46Z,-33.33823333,147.93395000,522.00,,,,,,
128,2017-12-31T01:57:47Z,-33.33811667,147.93413333,522.00,,,,,,
129,2017-12-31T01:57:48Z,-33.33801667,147.93431667,519.00,,,,,,
130,2017-12-31T01:57:49Z,-33.33791667,147.93453333,519.00,,,,,,
131,2017-12-31T01:57:50Z,-33.33788333,147.93476667,519.00,,,,,,
132,2017-12-31T01:57:51Z,-33.33781667,147.93500000,522.00,,,,,,
133,2017-12-31T01:57:52Z,-33.33776667,147.93521667,526.00,,,,,,
134,2017-12-31T01:57:53Z,-33.33770000,147.93545000,531.00,,,,,,
135,2017-12-31T01:57:54Z,-33.33765000,147.93570000,533.00,,,,,,
136,2017-12-31T01:57:55Z,-33.33763333,147.93596667,535.00,,,,,,
137,2017-12-31T01:57:56Z,-33.33760000,147.93621667,536.00,,,,,,
138,2017-12-31T01:57:57Z,-33.33758333,147.93648333,537.00,,,,,,
139,2017-12-31T01:57:58Z,-33.33758333,147.93675000,538.00,,,,,,
140,2017-12-31T01:57:59Z,-33.33758333,147.93703333,543.00,,,,,,
141,2017-12-31T01:58:00Z,-33.33761667,147.93730000,546.00,,,,,,
142,2017-12-31T01:58:01Z,-33.33765000,147.93755000,550.00,,,,,,
143,2017-12-31T01:58:02Z,-33.33773333,147.93781667,553.00,,,,,,
144,2017-12-31T01:58:03Z,-33.33780000,147.93806667,553.00,,,,,,
145,2017-12-31T01:58:04Z,-33.33790000,147.93833333,552.00,,,,,,
146,2017-12-31T01:58:05Z,-33.33800000,147.93858333,551.00,,,,,,
147,2017-12-31T01:58:06Z,-33.33813333,147.93883333,552.00,,,,,,
148,2017-12-31T01:58:07Z,-33.33831667,147.93905000,553.00,,,,,,
149,2017-12-31T01:58:08Z,-33.33848333,147.93926667,556.00,,,,,,
150,2017-12-31T01:58:09Z,-33.33866667,147.93943333,558.00,,,,,,
151,2017-12-31T01:58:10Z,-33.33886667,147.93960000,559.00,,,,,,
152,2017-12-31T01:58:11Z,-33.33903333,147.93976667,560.00,,,,,,
153,2017-12-31T01:58:12Z,-33.33920000,147.93991667,561.00,,,,,,
154,2017-12-31T01:58:13Z,-33.33936667,147.94006667,563.00,,,,,,
155,2017-12-31T01:58:14Z,-33.33955000,147.94020000,565.00,,,,,,
156,2017-12-31T01:58:15Z,-33.33973333,147.94033333,566.00,,,,,,
157,2017-12-31T01:58:16Z,-33.33990000,147.94045000,569.00,,,,,,
158,2017-12-31T01:58:17Z,-33.34008333,147.94055000,570.00,,,,,,
159,2017-12-31T01:58:18Z,-33.34026667,147.94065000,572.00,,,,,,
160,2017-12-31T01:58:19Z,-33.34045000,147.94071667,574.00,,,,,,
161,2017-12-31T01:58:20Z,-33.34063333,147.94078333,577.00,,,,,,
162,2017-12-31T01:58:21Z,-33.34081667,147.94081667,580.00,,,,,,
163,2017-12-31T01:58:22Z,-33.34100000,147.94083333,583.00,,,,,,
164,2017-12-31T01:58:23Z,-33.34118333,147.94085000,586.00,,,,,,
165,2017-12-31T01:58:24Z,-33.34136667,147.94086667,590.00,,,,,,
166,2017-12-31T01:58:25Z,-33.34158333,147.94086667,589.00,,,,,,
167,2017-12-31T01:58:26Z,-33.34176667,147.94086667,589.00,,,,,,
168,2017-12-31T01:58:27Z,-33.34195000,147.94083333,590.00,,,,,,
169,2017-12-31T01:58:28Z,-33.34211667,147.94081667,596.00,,,,,,
170,2017-12-31T01:58:29Z,-33.34228333,147.94078333,604.00,,,,,,
171,2017-12-31T01:58:30Z,-33.34243333,147.94073333,609.00,,,,,,
172,2017-12-31T01:58:31Z,-33.34258333,147.94068333,612.00,,,,,,
173,2017-12-31T01:58:32Z,-33.34271667,147.94063333,613.00,,,,,,
174,2017-12-31T01:58:33Z,-33.34286667,147.94060000,617.00,,,,,,
175,2017-12-31T01:58:34Z,-33.34303333,147.94055000,622.00,,,,,,
176,2017-12-31T01:58:35Z,-33.34316667,147.94048333,624.00,,,,,,
177,2017-12-31T01:58:36Z,-33.34331667,147.94043333,628.00,,,,,,
178,2017-12-31T01:58:37Z,-33.34348333,147.94040000,633.00,,,,,,
179,2017-12-31T01:58:38Z,-33.34363333,147.94035000,637.00,,,,,,
180,2017-12-31T01:58:39Z,-33.34380000,147.94033333,641.00,,,,,,
181,2017-12-31T01:58:40Z,-33.34398333,147.94030000,641.00,,,,,,
182,2017-12-31T01:58:41Z,-33.34416667,147.94025000,641.00,,,,,,
183,2017-12-31T01:58:42Z,-33.34433333,147.94021667,642.00,,,,,,
184,2017-12-31T01:58:43Z,-33.34450000,147.94016667,642.00,,,,,,
185,2017-12-31T01:58:44Z,-33.34466667,147.94010000,646.00,,,,,,
186,2017-12-31T01:58:45Z,-33.34480000,147.94000000,651.00,,,,,,
187,2017-12-31T01:58:46Z,-33.34491667,147.93990000,655.00,,,,,,
188,2017-12-31T01:58:47Z,-33.34503333,147.93980000,661.00,,,,,,
189,2017-12-31T01:58:48Z,-33.34513333,147.93970000,669.00,,,,,,
190,2017-12-31T01:58:49Z,-33.34521667,147.93960000,671.00,,,,,,
191,2017-12-31T01:58:50Z,-33.34531667,147.93950000,673.00,,,,,,
192,2017-12-31T01:58:51Z,-33.34540000,147.93940000,673.00,,,,,,
193,2017-12-31T01:58:52Z,-33.34548333,147.93930000,673.00,,,,,,
194,2017-12-31T01:58:53Z,-33.34558333,147.93918333,673.00,,,,,,
195,2017-12-31T01:58:54Z,-33.34570000,147.93905000,670.00,,,,,,
196,2017-12-31T01:58:55Z,-33.34581667,147.93891667,668.00,,,,,,
197,2017-12-31T01:58:56Z,-33.34591667,147.93880000,666.00,,,,,,
198,2017-12-31T01:58:57Z,-33.34600000,147.93865000,665.00,,,,,,
199,2017-12-31T01:58:58Z,-33.34606667,147.93850000,664.00,,,,,,
200,2017-12-31T01:58:59Z,-33.34613333,147.93836667,664.00,,,,,,
201,2017-12-31T01:59:00Z,-33.34616667,147.93823333,664.00,,,,,,
202,2017-12-31T01:59:01Z,-33.34621667,147.93810000,663.00,,,,,,
203,2017-12-31T01:59:02Z,-33.34621667,147.93796667,663.00,,,,,,
204,2017-12-31T01:59:03Z,-33.34623333,147.93783333,663.00,,,,,,
205,2017-12-31T01:59:04Z,-33.34621667,147.93770000,662.00,,,,,,
206,2017-12-31T01:59:05Z,-33.34620000,147.93760000,662.00,,,,,,
207,2017-12-31T01:59:06Z,-33.34616667,147.93746667,661.00,,,,,,
208,2017-12-31T01:59:07Z,-33.34611667,147.93733333,659.00,,,,,,
209,2017-12-31T01:59:08Z,-33.34606667,147.93721667,660.00,,,,,,
210,2017-12-31T01:59:09Z,-33.34601667,147.93711667,662.00,,,,,,
211,2017-12-31T01:59:10Z,-33.34591667,147.93701667,664.00,,,,,,
212,2017-12-31T01:59:11Z,-33.34583333,147.93691667,668.00,,,,,,
213,2017-12-31T01:59:12Z,-33.34573333,147.93683333,674.00,,,,,,
214,2017-12-31T01:59:13Z,-33.34563333,147.93673333,677.00,,,,,,
215,2017-12-31T01:59:14Z,-33.34553333,147.93665000,677.00,,,,,,
216,2017-12-31T01:59:15Z,-33.34541667,147.93656667,680.00,,,,,,
217,2017-12-31T01:59:16Z,-33.34530000,147.93650000,684.00,,,,,,
218,2017-12-31T01:59:17Z,-33.34518333,147.93645000,689.00,,,,,,
219,2017-12-31T01:59:18Z,-33.34505000,147.93640000,693.00,,,,,,
220,2017-12-31T01:59:19Z,-33.34491667,147.93635000,696.00,,,,,,
221,2017-12-31T01:59:20Z,-33.34475000,147.93631667,700.00,,,,,,
222,2017-12-31T01:59:21Z,-33.34461667,147.93626667,704.00,,,,,,
223,2017-12-31T01:59:22Z,-33.34445000,147.93623333,709.00,,,,,,
224,2017-12-31T01:59:23Z,-33.34430000,147.93621667,715.00,,,,,,
225,2017-12-31T01:59:24Z,-33.34415000,147.93620000,722.00,,,,,,
226,2017-12-31T01:59:25Z,-33.34398333,147.93620000,728.00,,,,,,
227,2017-12-31T01:59:26Z,-33.34381667,147.93621667,731.00,,,,,,
228,2017-12-31T01:59:27Z,-33.34365000,147.93623333,733.00,,,,,,
229,2017-12-31T01:59:28Z,-33.34350000,147.93623333,736.00,,,,,,
230,2017-12-31T01:59:29Z,-33.34340000,147.93623333,737.00,,,,,,
231,2017-12-31T01:59:30Z,-33.34330000,147.93623333,737.00,,,,,,
232,2017-12-31T01:59:31Z,-33.34323333,147.93618333,737.00,,,,,,
233,2017-12-31T01:59:32Z,-33.34316667,147.93611667,738.00,,,,,,
234,2017-12-31T01:59:33Z,-33.34310000,147.93605000,739.00,,,,,,
235,2017-12-31T01:59:34Z,-33.34305000,147.93598333,740.00,,,,,,
236,2017-12-31T01:59:35Z,-33.34301667,147.93588333,741.00,,,,,,
237,2017-12-31T01:59:36Z,-33.34298333,147.93578333,741.00,,,,,,
238,2017-12-31T01:59:37Z,-33.34296667,147.93568333,739.00,,,,,,
239,2017-12-31T01:59:38Z,-33.34293333,147.93558333,736.00,,,,,,
240,2017-12-31T01:59:39Z,-33.34290000,147.93550000,736.00,,,,,,
241,2017-12-31T01:59:40Z,-33.34283333,147.93541667,739.00,,,,,,
242,2017-12-31T01:59:41Z,-33.34275000,147.93535000,741.00,,,,,,
243,2017-12-31T01:59:42Z,-33.34266667,147.93530000,742.00,,,,,,
244,2017-12-31T01:59:43Z,-33.34258333,147.93525000,742.00,,,,,,
245,2017-12-31T01:59:44Z,-33.34248333,147.93525000,740.00,,,,,,
246,2017-12-31T01:59:45Z,-33.34235000,147.93535000,738.00,,,,,,
247,2017-12-31T01:59:46Z,-33.34221667,147.93543333,738.00,,,,,,
248,2017-12-31T01:59:47Z,-33.34211667,147.93555000,739.00,,,,,,
249,2017-12-31T01:59:48Z,-33.34201667,147.93565000,740.00,,,,,,
250,2017-12-31T01:59:49Z,-33.34191667,147.93575000,737.00,,,,,,
251,2017-12-31T01:59:50Z,-33.34181667,147.93585000,735.00,,,,,,
252,2017-12-31T01:59:51Z,-33.34171667,147.93595000,732.00,,,,,,
253,2017-12-31T01:59:52Z,-33.34160000,147.93601667,729.00,,,,,,
254,2017-12-31T01:59:53Z,-33.34148333,147.93603333,726.00,,,,,,
255,2017-12-31T01:59:54Z,-33.34138333,147.93603333,722.00,,,,,,
256,2017-12-31T01:59:55Z,-33.34126667,147.93600000,721.00,,,,,,
257,2017-12-31T01:59:56Z,-33.34118333,147.93595000,722.00,,,,,,
258,2017-12-31T01:59:57Z,-33.34110000,147.93586667,722.00,,,,,,
259,2017-12-31T01:59:58Z,-33.34103333,147.93580000,722.00,,,,,,
260,2017-12-31T01:59:59Z,-33.34105000,147.93570000,720.00,,,,,,
261,2017-12-31T02:00:00Z,-33.34108333,147.93560000,716.00,,,,,,
262,2017-12-31T02:00:01Z,-33.34116667,147.93553333,712.00,,,,,,
263,2017-12-31T02:00:02Z,-33.34130000,147.93551667,708.00,,,,,,
264,2017-12-31T02:00:03Z,-33.34143333,147.93551667,708.00,,,,,,
265,2017-12-31T02:00:04Z,-33.34156667,147.93555000,710.00,,,,,,
266,2017-12-31T02:00:05Z,-33.34170000,147.93560000,711.00,,,,,,
267,2017-12-31T02:00:06Z,-33.34181667,147.93570000,711.00,,,,,,
268,2017-12-31T02:00:07Z,-33.34191667,147.93580000,708.00,,,,,,
269,2017-12-31T02:00:08Z,-33.34203333,147.93593333,704.00,,,,,,
270,2017-12-31T02:00:09Z,-33.34211667,147.93610000,703.00,,,,,,
271,2017-12-31T02:00:10Z,-33.34220000,147.93626667,703.00,,,,,,
272,2017-12-31T02:00:11Z,-33.34225000,147.93645000,704.00,,,,,,
273,2017-12-31T02:00:12Z,-33.34230000,147.93661667,703.00,,,,,,
274,2017-12-31T02:00:13Z,-33.34233333,147.93678333,701.00,,,,,,
275,2017-12-31T02:00:14Z,-33.34235000,147.93696667,700.00,,,,,,
276,2017-12-31T02:00:15Z,-33.34233333,147.93713333,700.00,,,,,,
277,2017-12-31T02:00:16Z,-33.34231667,147.93731667,699.00,,,,,,
278,2017-12-31T02:00:17Z,-33.34228333,147.93746667,699.00,,,,,,
279,2017-12-31T02:00:18Z,-33.34226667,147.93763333,696.00,,,,,,
280,2017-12-31T02:00:19Z,-33.34226667,147.93778333,692.00,,,,,,
281,2017-12-31T02:00:20Z,-33.34225000,147.93796667,690.00,,,,,,
282,2017-12-31T02:00:21Z,-33.34225000,147.93813333,688.00,,,,,,
283,2017-12-31T02:00:22Z,-33.34223333,147.93831667,687.00,,,,,,
284,2017-12-31T02:00:23Z,-33.34223333,147.93851667,684.00,,,,,,
285,2017-12-31T02:00:24Z,-33.34223333,147.93870000,684.00,,,,,,
286,2017-12-31T02:00:25Z,-33.34223333,147.93890000,684.00,,,,,,
287,2017-12-31T02:00:26Z,-33.34225000,147.93908333,684.00,,,,,,
288,2017-12-31T02:00:27Z,-33.34226667,147.93926667,685.00,,,,,,
289,2017-12-31T02:00:28Z,-33.34231667,147.93945000,685.00,,,,,,
290,2017-12-31T02:00:29Z,-33.34236667,147.93960000,686.00,,,,,,
291,2017-12-31T02:00:30Z,-33.34245000,147.93973333,685.00,,,,,,
292,2017-12-31T02:00:31Z,-33.34253333,147.93986667,681.00,,,,,,
293,2017-12-31T02:00:32Z,-33.34263333,147.94000000,678.00,,,,,,
294,2017-12-31T02:00:33Z,-33.34273333,147.94015000,677.00,,,,,,
295,2017-12-31T02:00:34Z,-33.34285000,147.94028333,679.00,,,,,,
296,2017-12-31T02:00:35Z,-33.34298333,147.94038333,680.00,,,,,,
297,2017-12-31T02:00:36Z,-33.34310000,147.94048333,683.00,,,,,,
298,2017-12-31T02:00:37Z,-33.34321667,147.94056667,684.00,,,,,,
299,2017-12-31T02:00:38Z,-33.34333333,147.94063333,683.00,,,,,,
300,2017-12-31T02:00:39Z,-33.34345000,147.94066667,682.00,,,,,,
301,2017-12-31T02:00:40Z,-33.34356667,147.94070000,681.00,,,,,,
302,2017-12-31T02:00:41Z,-33.34368333,147.94070000,681.00,,,,,,
303,2017-12-31T02:00:42Z,-33.34380000,147.94070000,682.00,,,,,,
304,2017-12-31T02:00:43Z,-33.34393333,147.94066667,684.00,,,,,,
305,2017-12-31T02:00:44Z,-33.34405000,147.94063333,682.00,,,,,,
306,2017-12-31T02:00:45Z,-33.34416667,147.94055000,681.00,,,,,,
307,2017-12-31T02:00:46Z,-33.34426667,147.94046667,685.00,,,,,,
308,2017-12-31T02:00:47Z,-33.34435000,147.94036667,690.00,,,,,,
309,2017-12-31T02:00:48Z,-33.34441667,147.94025000,692.00,,,,,,
310,2017-12-31T02:00:49Z,-33.34445000,147.94015000,693.00,,,,,,
311,2017-12-31T02:00:50Z,-33.34448333,147.94003333,695.00,,,,,,
312,2017-12-31T02:00:51Z,-33.34453333,147.93991667,697.00,,,,,,
313,2017-12-31T02:00:52Z,-33.34458333,147.93983333,700.00,,,,,,
314,2017-12-31T02:00:53Z,-33.34466667,147.93975000,702.00,,,,,,
315,2017-12-31T02:00:54Z,-33.34476667,147.93973333,704.00,,,,,,
316,2017-12-31T02:00:55Z,-33.34490000,147.93976667,706.00,,,,,,
317,2017-12-31T02:00:56Z,-33.34503333,147.93988333,707.00,,,,,,
318,2017-12-31T02:00:57Z,-33.34505000,147.94001667,710.00,,,,,,
319,2017-12-31T02:00:58Z,-33.34500000,147.94020000,715.00,,,,,,
320,2017-12-31T02:00:59Z,-33.34488333,147.94033333,720.00,,,,,,
321,2017-12-31T02:01:00Z,-33.34478333,147.94043333,721.00,,,,,,
322,2017-12-31T02:01:01Z,-33.34468333,147.94046667,722.00,,,,,,
323,2017-12-31T02:01:02Z,-33.34458333,147.94048333,723.00,,,,,,
324,2017-12-31T02:01:03Z,-33.34448333,147.94043333,724.00,,,,,,
325,2017-12-31T02:01:04Z,-33.34441667,147.94036667,726.00,,,,,,
326,2017-12-31T02:01:05Z,-33.34440000,147.94030000,729.00,,,,,,
327,2017-12-31T02:01:06Z,-33.34441667,147.94020000,733.00,,,,,,
328,2017-12-31T02:01:07Z,-33.34445000,147.94013333,737.00,,,,,,
329,2017-12-31T02:01:08Z,-33.34451667,147.94010000,740.00,,,,,,
330,2017-12-31T02:01:09Z,-33.34461667,147.94010000,743.00,,,,,,
331,2017-12-31T02:01:10Z,-33.34471667,147.94013333,746.00,,,,,,
332,2017-12-31T02:01:11Z,-33.34483333,147.94018333,748.00,,,,,,
333,2017-12-31T02:01:12Z,-33.34493333,147.94028333,751.00,,,,,,
334,2017-12-31T02:01:13Z,-33.34503333,147.94036667,754.00,,,,,,
335,2017-12-31T02:01:14Z,-33.34506667,147.94050000,758.00,,,,,,
336,2017-12-31T02:01:15Z,-33.34493333,147.94080000,760.00,,,,,,
337,2017-12-31T02:01:16Z,-33.34486667,147.94095000,762.00,,,,,,
338,2017-12-31T02:01:17Z,-33.34480000,147.94110000,762.00,,,,,,
339,2017-12-31T02:01:18Z,-33.34470000,147.94118333,764.00,,,,,,
340,2017-12-31T02:01:19Z,-33.34460000,147.94126667,766.00,,,,,,
341,2017-12-31T02:01:20Z,-33.34450000,147.94131667,767.00,,,,,,
342,2017-12-31T02:01:21Z,-33.34438333,147.94135000,768.00,,,,,,
343,2017-12-31T02:01:22Z,-33.34426667,147.94136667,769.00,,,,,,
344,2017-12-31T02:01:23Z,-33.34416667,147.94133333,772.00,,,,,,
345,2017-12-31T02:01:24Z,-33.34408333,147.94128333,775.00,,,,,,
346,2017-12-31T02:01:25Z,-33.34401667,147.94120000,777.00,,,,,,
347,2017-12-31T02:01:26Z,-33.34396667,147.94110000,777.00,,,,,,
348,2017-12-31T02:01:27Z,-33.34395000,147.94100000,778.00,,,,,,
349,2017-12-31T02:01:28Z,-33.34396667,147.94088333,779.00,,,,,,
350,2017-12-31T02:01:29Z,-33.34400000,147.94078333,782.00,,,,,,
351,2017-12-31T02:01:30Z,-33.34408333,147.94073333,785.00,,,,,,
352,2017-12-31T02:01:31Z,-33.34416667,147.94068333,788.00,,,,,,
353,2017-12-31T02:01:32Z,-33.34423333,147.94066667,791.00,,,,,,
354,2017-12-31T02:01:33Z,-33.34430000,147.94063333,795.00,,,,,,
355,2017-12-31T02:01:34Z,-33.34436667,147.94065000,797.00,,,,,,
356,2017-12-31T02:01:35Z,-33.34445000,147.94071667,799.00,,,,,,
357,2017-12-31T02:01:36Z,-33.34450000,147.94083333,803.00,,,,,,
358,2017-12-31T02:01:37Z,-33.34456667,147.94098333,807.00,,,,,,
359,2017-12-31T02:01:38Z,-33.34458333,147.94113333,810.00,,,,,,
360,2017-12-31T02:01:39Z,-33.34450000,147.94135000,815.00,,,,,,
361,2017-12-31T02:01:40Z,-33.34443333,147.94158333,818.00,,,,,,
362,2017-12-31T02:01:41Z,-33.34435000,147.94171667,820.00,,,,,,
363,2017-12-31T02:01:42Z,-33.34426667,147.94178333,822.00,,,,,,
364,2017-12-31T02:01:43Z,-33.34418333,147.94181667,822.00,,,,,,
365,2017-12-31T02:01:44Z,-33.34410000,147.94181667,823.00,,,,,,
366,2017-12-31T02:01:45Z,-33.34403333,147.94173333,825.00,,,,,,
367,2017-12-31T02:01:46Z,-33.34396667,147.94166667,826.00,,,,,,
368,2017-12-31T02:01:47Z,-33.34393333,147.94160000,826.00,,,,,,
369,2017-12-31T02:01:48Z,-33.34393333,147.94150000,828.00,,,,,,
370,2017-12-31T02:01:49Z,-33.34396667,147.94140000,832.00,,,,,,
371,2017-12-31T02:01:50Z,-33.34405000,147.94135000,835.00,,,,,,
372,2017-12-31T02:01:51Z,-33.34413333,147.94128333,837.00,,,,,,
373,2017-12-31T02:01:52Z,-33.34420000,147.94123333,836.00,,,,,,
374,2017-12-31T02:01:53Z,-33.34426667,147.94118333,838.00,,,,,,
375,2017-12-31T02:01:54Z,-33.34436667,147.94111667,842.00,,,,,,
376,2017-12-31T02:01:55Z,-33.34446667,147.94108333,844.00,,,,,,
377,2017-12-31T02:01:56Z,-33.34456667,147.94103333,846.00,,,,,,
378,2017-12-31T02:01:57Z,-33.34466667,147.94100000,848.00,,,,,,
379,2017-12-31T02:01:58Z,-33.34478333,147.94100000,851.00,,,,,,
380,2017-12-31T02:01:59Z,-33.34488333,147.94103333,854.00,,,,,,
381,2017-12-31T02:02:00Z,-33.34500000,147.94115000,854.00,,,,,,
382,2017-12-31T02:02:01Z,-33.34511667,147.94126667,853.00,,,,,,
383,2017-12-31T02:02:02Z,-33.34521667,147.94141667,851.00,,,,,,
384,2017-12-31T02:02:03Z,-33.34530000,147.94160000,851.00,,,,,,
385,2017-12-31T02:02:04Z,-33.34535000,147.94181667,855.00,,,,,,
386,2017-12-31T02:02:05Z,-33.34528333,147.94205000,857.00,,,,,,
387,2017-12-31T02:02:06Z,-33.34523333,147.94225000,860.00,,,,,,
388,2017-12-31T02:02:07Z,-33.34515000,147.94240000,864.00,,,,,,
389,2017-12-31T02:02:08Z,-33.34505000,147.94251667,866.00,,,,,,
390,2017-12-31T02:02:09Z,-33.34491667,147.94255000,868.00,,,,,,
391,2017-12-31T02:02:10Z,-33.34483333,147.94255000,869.00,,,,,,
392,2017-12-31T02:02:11Z,-33.34475000,147.94250000,872.00,,,,,,
393,2017-12-31T02:02:12Z,-33.34468333,147.94241667,876.00,,,,,,
394,2017-12-31T02:02:13Z,-33.34466667,147.94235000,879.00,,,,,,
395,2017-12-31T02:02:14Z,-33.34466667,147.94228333,882.00,,,,,,
396,2017-12-31T02:02:15Z,-33.34473333,147.94220000,883.00,,,,,,
397,2017-12-31T02:02:16Z,-33.34480000,147.94213333,885.00,,,,,,
398,2017-12-31T02:02:17Z,-33.34486667,147.94206667,886.00,,,,,,
399,2017-12-31T02:02:18Z,-33.34500000,147.94216667,888.00,,,,,,
400,2017-12-31T02:02:19Z,-33.34511667,147.94230000,889.00,,,,,,
401,2017-12-31T02:02:20Z,-33.34525000,147.94250000,889.00,,,,,,
402,2017-12-31T02:02:21Z,-33.34533333,147.94270000,890.00,,,,,,
403,2017-12-31T02:02:22Z,-33.34536667,147.94290000,892.00,,,,,,
404,2017-12-31T02:02:23Z,-33.34535000,147.94308333,895.00,,,,,,
405,2017-12-31T02:02:24Z,-33.34530000,147.94326667,895.00,,,,,,
406,2017-12-31T02:02:25Z,-33.34521667,147.94343333,894.00,,,,,,
407,2017-12-31T02:02:26Z,-33.34510000,147.94355000,895.00,,,,,,
408,2017-12-31T02:02:27Z,-33.34496667,147.94360000,900.00,,,,,,
409,2017-12-31T02:02:28Z,-33.34485000,147.94361667,905.00,,,,,,
410,2017-12-31T02:02:29Z,-33.34475000,147.94361667,907.00,,,,,,
411,2017-12-31T02:02:30Z,-33.34466667,147.94360000,906.00,,,,,,
412,2017-12-31T02:02:31Z,-33.34460000,147.94355000,907.00,,,,,,
413,2017-12-31T02:02:32Z,-33.34458333,147.94343333,912.00,,,,,,
414,2017-12-31T02:02:33Z,-33.34458333,147.94333333,918.00,,,,,,
415,2017-12-31T02:02:34Z,-33.34463333,147.94323333,925.00,,,,,,
416,2017-12-31T02:02:35Z,-33.34471667,147.94318333,927.00,,,,,,
417,2017-12-31T02:02:36Z,-33.34476667,147.94313333,928.00,,,,,,
418,2017-12-31T02:02:37Z,-33.34483333,147.94311667,928.00,,,,,,
419,2017-12-31T02:02:38Z,-33.34493333,147.94315000,929.00,,,,,,
420,2017-12-31T02:02:39Z,-33.34503333,147.94323333,931.00,,,,,,
421,2017-12-31T02:02:40Z,-33.34513333,147.94338333,933.00,,,,,,
422,2017-12-31T02:02:41Z,-33.34523333,147.94353333,934.00,,,,,,
423,2017-12-31T02:02:42Z,-33.34530000,147.94368333,934.00,,,,,,
424,2017-12-31T02:02:43Z,-33.34535000,147.94385000,934.00,,,,,,
425,2017-12-31T02:02:44Z,-33.34536667,147.94405000,930.00,,,,,,
426,2017-12-31T02:02:45Z,-33.34528333,147.94431667,928.00,,,,,,
427,2017-12-31T02:02:46Z,-33.34523333,147.94450000,928.00,,,,,,
428,2017-12-31T02:02:47Z,-33.34513333,147.94463333,932.00,,,,,,
429,2017-12-31T02:02:48Z,-33.34501667,147.94475000,937.00,,,,,,
430,2017-12-31T02:02:49Z,-33.34490000,147.94485000,940.00,,,,,,
431,2017-12-31T02:02:50Z,-33.34478333,147.94491667,940.00,,,,,,
432,2017-12-31T02:02:51Z,-33.34466667,147.94496667,940.00,,,,,,
433,2017-12-31T02:02:52Z,-33.34455000,147.94498333,943.00,,,,,,
434,2017-12-31T02:02:53Z,-33.34445000,147.94495000,945.00,,,,,,
435,2017-12-31T02:02:54Z,-33.34435000,147.94490000,948.00,,,,,,
436,2017-12-31T02:02:55Z,-33.34428333,147.94481667,948.00,,,,,,
437,2017-12-31T02:02:56Z,-33.34420000,147.94473333,950.00,,,,,,
438,2017-12-31T02:02:57Z,-33.34416667,147.94461667,953.00,,,,,,
439,2017-12-31T02:02:58Z,-33.34415000,147.94453333,957.00,,,,,,
440,2017-12-31T02:02:59Z,-33.34415000,147.94446667,961.00,,,,,,
441,2017-12-31T02:03:00Z,-33.34420000,147.94441667,962.00,,,,,,
442,2017-12-31T02:03:01Z,-33.34430000,147.94435000,963.00,,,,,,
443,2017-12-31T02:03:02Z,-33.34448333,147.94445000,963.00,,,,,,
444,2017-12-31T02:03:03Z,-33.34460000,147.94455000,965.00,,,,,,
445,2017-12-31T02:03:04Z,-33.34468333,147.94471667,967.00,,,,,,
446,2017-12-31T02:03:05Z,-33.34470000,147.94491667,968.00,,,,,,
447,2017-12-31T02:03:06Z,-33.34473333,147.94511667,970.00,,,,,,
448,2017-12-31T02:03:07Z,-33.34473333,147.94533333,972.00,,,,,,
449,2017-12-31T02:03:08Z,-33.34468333,147.94551667,974.00,,,,,,
450,2017-12-31T02:03:09Z,-33.34461667,147.94565000,978.00,,,,,,
451,2017-12-31T02:03:10Z,-33.34455000,147.94571667,979.00,,,,,,
452,2017-12-31T02:03:11Z,-33.34446667,147.94573333,980.00,,,,,,
453,2017-12-31T02:03:12Z,-33.34436667,147.94573333,981.00,,,,,,
454,2017-12-31T02:03:13Z,-33.34430000,147.94566667,981.00,,,,,,
455,2017-12-31T02:03:14Z,-33.34428333,147.94555000,983.00,,,,,,
456,2017-12-31T02:03:15Z,-33.34433333,147.94545000,985.00,,,,,,
457,2017-12-31T02:03:16Z,-33.34436667,147.94533333,989.00,,,,,,
458,2017-12-31T02:03:17Z,-33.34443333,147.94523333,992.00,,,,,,
459,2017-12-31T02:03:18Z,-33.34451667,147.94523333,994.00,,,,,,
460,2017-12-31T02:03:19Z,-33.34461667,147.94528333,994.00,,,,,,
461,2017-12-31T02:03:20Z,-33.34475000,147.94538333,994.00,,,,,,
462,2017-12-31T02:03:21Z,-33.34485000,147.94550000,994.00,,,,,,
463,2017-12-31T02:03:22Z,-33.34493333,147.94561667,991.00,,,,,,
464,2017-12-31T02:03:23Z,-33.34500000,147.94578333,989.00,,,,,,
465,2017-12-31T02:03:24Z,-33.34493333,147.94605000,989.00,,,,,,
466,2017-12-31T02:03:25Z,-33.34488333,147.94628333,992.00,,,,,,
467,2017-12-31T02:03:26Z,-33.34480000,147.94646667,995.00,,,,,,
468,2017-12-31T02:03:27Z,-33.34468333,147.94660000,999.00,,,,,,
469,2017-12-31T02:03:28Z,-33.34458333,147.94671667,1000.00,,,,,,
470,2017-12-31T02:03:29Z,-33.34446667,147.94678333,1002.00,,,,,,
471,2017-12-31T02:03:30Z,-33.34436667,147.94680000,1004.00,,,,,,
472,2017-12-31T02:03:31Z,-33.34425000,147.94680000,1006.00,,,,,,
473,2017-12-31T02:03:32Z,-33.34416667,147.94675000,1008.00,,,,,,
474,2017-12-31T02:03:33Z,-33.34411667,147.94668333,1009.00,,,,,,
475,2017-12-31T02:03:34Z,-33.34410000,147.94658333,1011.00,,,,,,
476,2017-12-31T02:03:35Z,-33.34411667,147.94646667,1011.00,,,,,,
477,2017-12-31T02:03:36Z,-33.34418333,147.94638333,1014.00,,,,,,
478,2017-12-31T02:03:37Z,-33.34426667,147.94635000,1019.00,,,,,,
479,2017-12-31T02:03:38Z,-33.34436667,147.94635000,1021.00,,,,,,
480,2017-12-31T02:03:39Z,-33.34446667,147.94638333,1019.00,,,,,,
481,2017-12-31T02:03:40Z,-33.34458333,147.94643333,1016.00,,,,,,
482,2017-12-31T02:03:41Z,-33.34468333,147.94651667,1012.00,,,,,,
483,2017-12-31T02:03:42Z,-33.34480000,147.94663333,1012.00,,,,,,
484,2017-12-31T02:03:43Z,-33.34490000,147.94678333,1014.00,,,,,,
485,2017-12-31T02:03:44Z,-33.34498333,147.94695000,1016.00,,,,,,
486,2017-12-31T02:03:45Z,-33.34496667,147.94720000,1016.00,,,,,,
487,2017-12-31T02:03:46Z,-33.34495000,147.94740000,1017.00,,,,,,
488,2017-12-31T02:03:47Z,-33.34491667,147.94760000,1020.00,,,,,,
489,2017-12-31T02:03:48Z,-33.34485000,147.94778333,1022.00,,,,,,
490,2017-12-31T02:03:49Z,-33.34475000,147.94796667,1025.00,,,,,,
491,2017-12-31T02:03:50Z,-33.34466667,147.94813333,1026.00,,,,,,
492,2017-12-31T02:03:51Z,-33.34455000,147.94828333,1028.00,,,,,,
493,2017-12-31T02:03:52Z,-33.34445000,147.94841667,1030.00,,,,,,
494,2017-12-31T02:03:53Z,-33.34431667,147.94850000,1031.00,,,,,,
495,2017-12-31T02:03:54Z,-33.34418333,147.94856667,1031.00,,,,,,
496,2017-12-31T02:03:55Z,-33.34405000,147.94855000,1031.00,,,,,,
497,2017-12-31T02:03:56Z,-33.34391667,147.94855000,1033.00,,,,,,
498,2017-12-31T02:03:57Z,-33.34376667,147.94853333,1037.00,,,,,,
499,2017-12-31T02:03:58Z,-33.34365000,147.94850000,1040.00,,,,,,
500,2017-12-31T02:03:59Z,-33.34353333,147.94841667,1042.00,,,,,,
501,2017-12-31T02:04:00Z,-33.34348333,147.94828333,1043.00,,,,,,
502,2017-12-31T02:04:01Z,-33.34343333,147.94818333,1045.00,,,,,,
503,2017-12-31T02:04:02Z,-33.34341667,147.94806667,1047.00,,,,,,
504,2017-12-31T02:04:03Z,-33.34345000,147.94796667,1051.00,,,,,,
505,2017-12-31T02:04:04Z,-33.34351667,147.94788333,1055.00,,,,,,
506,2017-12-31T02:04:05Z,-33.34356667,147.94788333,1052.00,,,,,,
507,2017-12-31T02:04:06Z,-33.34366667,147.94791667,1047.00,,,,,,
508,2017-12-31T02:04:07Z,-33.34376667,147.94801667,1044.00,,,,,,
509,2017-12-31T02:04:08Z,-33.34376667,147.94820000,1046.00,,,,,,
510,2017-12-31T02:04:09Z,-33.34378333,147.94838333,1051.00,,,,,,
511,2017-12-31T02:04:10Z,-33.34376667,147.94858333,1053.00,,,,,,
512,2017-12-31T02:04:11Z,-33.34373333,147.94875000,1054.00,,,,,,
513,2017-12-31T02:04:12Z,-33.34365000,147.94883333,1053.00,,,,,,
514,2017-12-31T02:04:13Z,-33.34356667,147.94888333,1050.00,,,,,,
515,2017-12-31T02:04:14Z,-33.34346667,147.94886667,1049.00,,,,,,
516,2017-12-31T02:04:15Z,-33.34341667,147.94883333,1051.00,,,,,,
517,2017-12-31T02:04:16Z,-33.34333333,147.94876667,1054.00,,,,,,
518,2017-12-31T02:04:17Z,-33.34326667,147.94870000,1056.00,,,,,,
519,2017-12-31T02:04:18Z,-33.34323333,147.94860000,1057.00,,,,,,
520,2017-12-31T02:04:19Z,-33.34323333,147.94850000,1057.00,,,,,,
521,2017-12-31T02:04:20Z,-33.34330000,147.94840000,1058.00,,,,,,
522,2017-12-31T02:04:21Z,-33.34336667,147.94830000,1060.00,,,,,,
523,2017-12-31T02:04:22Z,-33.34345000,147.94825000,1061.00,,,,,,
524,2017-12-31T02:04:23Z,-33.34355000,147.94828333,1061.00,,,,,,
525,2017-12-31T02:04:24Z,-33.34365000,147.94835000,1059.00,,,,,,
526,2017-12-31T02:04:25Z,-33.34373333,147.94850000,1058.00,,,,,,
527,2017-12-31T02:04:26Z,-33.34381667,147.94866667,1060.00,,,,,,
528,2017-12-31T02:04:27Z,-33.34385000,147.94883333,1062.00,,,,,,
529,2017-12-31T02:04:28Z,-33.34388333,147.94901667,1065.00,,,,,,
530,2017-12-31T02:04:29Z,-33.34388333,147.94918333,1065.00,,,,,,
531,2017-12-31T02:04:30Z,-33.34388333,147.94936667,1064.00,,,,,,
532,2017-12-31T02:04:31Z,-33.34386667,147.94953333,1065.00,,,,,,
533,2017-12-31T02:04:32Z,-33.34381667,147.94970000,1066.00,,,,,,
534,2017-12-31T02:04:33Z,-33.34375000,147.94985000,1066.00,,,,,,
535,2017-12-31T02:04:34Z,-33.34368333,147.94996667,1064.00,,,,,,
536,2017-12-31T02:04:35Z,-33.34358333,147.94995000,1063.00,,,,,,
537,2017-12-31T02:04:36Z,-33.34350000,147.94998333,1062.00,,,,,,
538,2017-12-31T02:04:37Z,-33.34340000,147.94996667,1065.00,,,,,,
539,2017-12-31T02:04:38Z,-33.34331667,147.94993333,1069.00,,,,,,
540,2017-12-31T02:04:39Z,-33.34326667,147.94983333,1069.00,,,,,,
541,2017-12-31T02:04:40Z,-33.34326667,147.94968333,1069.00,,,,,,
542,2017-12-31T02:04:41Z,-33.34330000,147.94958333,1069.00,,,,,,
543,2017-12-31T02:04:42Z,-33.34335000,147.94948333,1069.00,,,,,,
544,2017-12-31T02:04:43Z,-33.34341667,147.94940000,1069.00,,,,,,
545,2017-12-31T02:04:44Z,-33.34348333,147.94935000,1066.00,,,,,,
546,2017-12-31T02:04:45Z,-33.34356667,147.94933333,1064.00,,,,,,
547,2017-12-31T02:04:46Z,-33.34365000,147.94935000,1062.00,,,,,,
548,2017-12-31T02:04:47Z,-33.34376667,147.94938333,1061.00,,,,,,
549,2017-12-31T02:04:48Z,-33.34390000,147.94946667,1057.00,,,,,,
550,2017-12-31T02:04:49Z,-33.34401667,147.94958333,1054.00,,,,,,
551,2017-12-31T02:04:50Z,-33.34416667,147.94971667,1051.00,,,,,,
552,2017-12-31T02:04:51Z,-33.34428333,147.94986667,1048.00,,,,,,
553,2017-12-31T02:04:52Z,-33.34440000,147.95001667,1048.00,,,,,,
554,2017-12-31T02:04:53Z,-33.34451667,147.95018333,1051.00,,,,,,
555,2017-12-31T02:04:54Z,-33.34458333,147.95041667,1055.00,,,,,,
556,2017-12-31T02:04:55Z,-33.34456667,147.95066667,1056.00,,,,,,
557,2017-12-31T02:04:56Z,-33.34463333,147.95085000,1055.00,,,,,,
558,2017-12-31T02:04:57Z,-33.34471667,147.95103333,1052.00,,,,,,
559,2017-12-31T02:04:58Z,-33.34483333,147.95118333,1053.00,,,,,,
560,2017-12-31T02:04:59Z,-33.34495000,147.95130000,1059.00,,,,,,
561,2017-12-31T02:05:00Z,-33.34506667,147.95138333,1061.00,,,,,,
562,2017-12-31T02:05:01Z,-33.34520000,147.95141667,1063.00,,,,,,
563,2017-12-31T02:05:02Z,-33.34531667,147.95145000,1063.00,,,,,,
564,2017-12-31T02:05:03Z,-33.34541667,147.95146667,1062.00,,,,,,
565,2017-12-31T02:05:04Z,-33.34551667,147.95150000,1060.00,,,,,,
566,2017-12-31T02:05:05Z,-33.34561667,147.95151667,1059.00,,,,,,
567,2017-12-31T02:05:06Z,-33.34571667,147.95156667,1056.00,,,,,,
568,2017-12-31T02:05:07Z,-33.34583333,147.95163333,1053.00,,,,,,
569,2017-12-31T02:05:08Z,-33.34593333,147.95171667,1049.00,,,,,,
570,2017-12-31T02:05:09Z,-33.34605000,147.95181667,1044.00,,,,,,
571,2017-12-31T02:05:10Z,-33.34618333,147.95191667,1041.00,,,,,,
572,2017-12-31T02:05:11Z,-33.34631667,147.95200000,1039.00,,,,,,
573,2017-12-31T02:05:12Z,-33.34643333,147.95206667,1037.00,,,,,,
574,2017-12-31T02:05:13Z,-33.34656667,147.95210000,1036.00,,,,,,
575,2017-12-31T02:05:14Z,-33.34670000,147.95211667,1033.00,,,,,,
576,2017-12-31T02:05:15Z,-33.34681667,147.95213333,1031.00,,,,,,
577,2017-12-31T02:05:16Z,-33.34693333,147.95211667,1026.00,,,,,,
578,2017-12-31T02:05:17Z,-33.34703333,147.95208333,1021.00,,,,,,
579,2017-12-31T02:05:18Z,-33.34715000,147.95203333,1017.00,,,,,,
580,2017-12-31T02:05:19Z,-33.34723333,147.95196667,1013.00,,,,,,
581,2017-12-31T02:05:20Z,-33.34731667,147.95186667,1011.00,,,,,,
582,2017-12-31T02:05:21Z,-33.34740000,147.95178333,1010.00,,,,,,
583,2017-12-31T02:05:22Z,-33.34743333,147.95168333,1009.00,,,,,,
584,2017-12-31T02:05:23Z,-33.34746667,147.95158333,1004.00,,,,,,
585,2017-12-31T02:05:24Z,-33.34748333,147.95148333,997.00,,,,,,
586,2017-12-31T02:05:25Z,-33.34748333,147.95136667,994.00,,,,,,
587,2017-12-31T02:05:26Z,-33.34746667,147.95123333,994.00,,,,,,
588,2017-12-31T02:05:27Z,-33.34746667,147.95111667,996.00,,,,,,
589,2017-12-31T02:05:28Z,-33.34746667,147.95100000,995.00,,,,,,
590,2017-12-31T02:05:29Z,-33.34746667,147.95088333,992.00,,,,,,
591,2017-12-31T02:05:30Z,-33.34750000,147.95073333,990.00,,,,,,
592,2017-12-31T02:05:31Z,-33.34753333,147.95065000,987.00,,,,,,
593,2017-12-31T02:05:32Z,-33.34756667,147.95053333,984.00,,,,,,
594,2017-12-31T02:05:33Z,-33.34760000,147.95043333,983.00,,,,,,
595,2017-12-31T02:05:34Z,-33.34763333,147.95031667,983.00,,,,,,
596,2017-12-31T02:05:35Z,-33.34766667,147.95021667,983.00,,,,,,
597,2017-12-31T02:05:36Z,-33.34768333,147.95011667,981.00,,,,,,
598,2017-12-31T02:05:37Z,-33.34770000,147.95003333,979.00,,,,,,
599,2017-12-31T02:05:38Z,-33.34771667,147.94996667,975.00,,,,,,
600,2017-12-31T02:05:39Z,-33.34771667,147.94986667,970.00,,,,,,
601,2017-12-31T02:05:40Z,-33.34770000,147.94975000,969.00,,,,,,
602,2017-12-31T02:05:41Z,-33.34768333,147.94965000,969.00,,,,,,
603,2017-12-31T02:05:42Z,-33.34766667,147.94953333,970.00,,,,,,
604,2017-12-31T02:05:43Z,-33.34765000,147.94943333,968.00,,,,,,
605,2017-12-31T02:05:44Z,-33.34763333,147.94931667,966.00,,,,,,
606,2017-12-31T02:05:45Z,-33.34758333,147.94920000,966.00,,,,,,
607,2017-12-31T02:05:46Z,-33.34756667,147.94908333,967.00,,,,,,
608,2017-12-31T02:05:47Z,-33.34755000,147.94896667,967.00,,,,,,
609,2017-12-31T02:05:48Z,-33.34753333,147.94886667,963.00,,,,,,
610,2017-12-31T02:05:49Z,-33.34750000,147.94876667,959.00,,,,,,
611,2017-12-31T02:05:50Z,-33.34746667,147.94866667,958.00,,,,,,
612,2017-12-31T02:05:51Z,-33.34743333,147.94855000,958.00,,,,,,
613,2017-12-31T02:05:52Z,-33.34741667,147.94843333,957.00,,,,,,
614,2017-12-31T02:05:53Z,-33.34740000,147.94830000,956.00,,,,,,
615,2017-12-31T02:05:54Z,-33.34738333,147.94818333,955.00,,,,,,
616,2017-12-31T02:05:55Z,-33.34740000,147.94805000,954.00,,,,,,
617,2017-12-31T02:05:56Z,-33.34743333,147.94793333,952.00,,,,,,
618,2017-12-31T02:05:57Z,-33.34746667,147.94783333,947.00,,,,,,
619,2017-12-31T02:05:58Z,-33.34751667,147.94771667,942.00,,,,,,
620,2017-12-31T02:05:59Z,-33.34756667,147.94760000,938.00,,,,,,
621,2017-12-31T02:06:00Z,-33.34765000,147.94745000,937.00,,,,,,
622,2017-12-31T02:06:01Z,-33.34773333,147.94730000,937.00,,,,,,
623,2017-12-31T02:06:02Z,-33.34781667,147.94716667,937.00,,,,,,
624,2017-12-31T02:06:03Z,-33.34788333,147.94701667,934.00,,,,,,
625,2017-12-31T02:06:04Z,-33.34795000,147.94686667,929.00,,,,,,
626,2017-12-31T02:06:05Z,-33.34801667,147.94671667,928.00,,,,,,
627,2017-12-31T02:06:06Z,-33.34806667,147.94656667,927.00,,,,,,
628,2017-12-31T02:06:07Z,-33.34810000,147.94643333,925.00,,,,,,
629,2017-12-31T02:06:08Z,-33.34815000,147.94628333,924.00,,,,,,
630,2017-12-31T02:06:09Z,-33.34820000,147.94613333,921.00,,,,,,
631,2017-12-31T02:06:10Z,-33.34823333,147.94596667,919.00,,,,,,
632,2017-12-31T02:06:11Z,-33.34826667,147.94580000,918.00,,,,,,
633,2017-12-31T02:06:12Z,-33.34830000,147.94565000,918.00,,,,,,
634,2017-12-31T02:06:13Z,-33.34833333,147.94548333,918.00,,,,,,
635,2017-12-31T02:06:14Z,-33.34835000,147.94531667,917.00,,,,,,
636,2017-12-31T02:06:15Z,-33.34840000,147.94513333,918.00,,,,,,
637,2017-12-31T02:06:16Z,-33.34845000,147.94495000,921.00,,,,,,
638,2017-12-31T02:06:17Z,-33.34851667,147.94478333,922.00,,,,,,
639,2017-12-31T02:06:18Z,-33.34855000,147.94465000,922.00,,,,,,
640,2017-12-31T02:06:19Z,-33.34858333,147.94450000,920.00,,,,,,
641,2017-12-31T02:06:20Z,-33.34860000,147.94435000,921.00,,,,,,
642,2017-12-31T02:06:21Z,-33.34861667,147.94418333,924.00,,,,,,
643,2017-12-31T02:06:22Z,-33.34863333,147.94403333,926.00,,,,,,
644,2017-12-31T02:06:23Z,-33.34863333,147.94386667,928.00,,,,,,
645,2017-12-31T02:06:24Z,-33.34861667,147.94371667,932.00,,,,,,
646,2017-12-31T02:06:25Z,-33.34860000,147.94356667,935.00,,,,,,
647,2017-12-31T02:06:26Z,-33.34858333,147.94340000,937.00,,,,,,
648,2017-12-31T02:06:27Z,-33.34858333,147.94323333,942.00,,,,,,
649,2017-12-31T02:06:28Z,-33.34863333,147.94308333,947.00,,,,,,
650,2017-12-31T02:06:29Z,-33.34871667,147.94303333,951.00,,,,,,
651,2017-12-31T02:06:30Z,-33.34883333,147.94301667,952.00,,,,,,
652,2017-12-31T02:06:31Z,-33.34893333,147.94305000,954.00,,,,,,
653,2017-12-31T02:06:32Z,-33.34905000,147.94313333,956.00,,,,,,
654,2017-12-31T02:06:33Z,-33.34913333,147.94325000,956.00,,,,,,
655,2017-12-31T02:06:34Z,-33.34920000,147.94338333,958.00,,,,,,
656,2017-12-31T02:06:35Z,-33.34925000,147.94351667,960.00,,,,,,
657,2017-12-31T02:06:36Z,-33.34923333,147.94366667,967.00,,,,,,
658,2017-12-31T02:06:37Z,-33.34913333,147.94383333,973.00,,,,,,
659,2017-12-31T02:06:38Z,-33.34893333,147.94391667,976.00,,,,,,
660,2017-12-31T02:06:39Z,-33.34880000,147.94383333,978.00,,,,,,
661,2017-12-31T02:06:40Z,-33.34871667,147.94373333,982.00,,,,,,
662,2017-12-31T02:06:41Z,-33.34866667,147.94363333,988.00,,,,,,
663,2017-12-31T02:06:42Z,-33.34865000,147.94353333,990.00,,,,,,
664,2017-12-31T02:06:43Z,-33.34863333,147.94345000,991.00,,,,,,
665,2017-12-31T02:06:44Z,-33.34861667,147.94336667,991.00,,,,,,
666,2017-12-31T02:06:45Z,-33.34873333,147.94341667,991.00,,,,,,
667,2017-12-31T02:06:46Z,-33.34883333,147.94345000,992.00,,,,,,
668,2017-12-31T02:06:47Z,-33.34893333,147.94356667,993.00,,,,,,
669,2017-12-31T02:06:48Z,-33.34903333,147.94370000,995.00,,,,,,
670,2017-12-31T02:06:49Z,-33.34905000,147.94388333,1000.00,,,,,,
671,2017-12-31T02:06:50Z,-33.34906667,147.94408333,1004.00,,,,,,
672,2017-12-31T02:06:51Z,-33.34906667,147.94425000,1012.00,,,,,,
673,2017-12-31T02:06:52Z,-33.34905000,147.94440000,1016.00,,,,,,
674,2017-12-31T02:06:53Z,-33.34901667,147.94455000,1018.00,,,,,,
675,2017-12-31T02:06:54Z,-33.34896667,147.94468333,1022.00,,,,,,
676,2017-12-31T02:06:55Z,-33.34883333,147.94476667,1025.00,,,,,,
677,2017-12-31T02:06:56Z,-33.34873333,147.94485000,1027.00,,,,,,
678,2017-12-31T02:06:57Z,-33.34863333,147.94490000,1029.00,,,,,,
679,2017-12-31T02:06:58Z,-33.34853333,147.94490000,1032.00,,,,,,
680,2017-12-31T02:06:59Z,-33.34843333,147.94488333,1037.00,,,,,,
681,2017-12-31T02:07:00Z,-33.34833333,147.94475000,1041.00,,,,,,
682,2017-12-31T02:07:01Z,-33.34826667,147.94463333,1044.00,,,,,,
683,2017-12-31T02:07:02Z,-33.34833333,147.94450000,1043.00,,,,,,
684,2017-12-31T02:07:03Z,-33.34838333,147.94441667,1043.00,,,,,,
685,2017-12-31T02:07:04Z,-33.34846667,147.94436667,1043.00,,,,,,
686,2017-12-31T02:07:05Z,-33.34856667,147.94433333,1044.00,,,,,,
687,2017-12-31T02:07:06Z,-33.34868333,147.94436667,1046.00,,,,,,
688,2017-12-31T02:07:07Z,-33.34878333,147.94443333,1047.00,,,,,,
689,2017-12-31T02:07:08Z,-33.34886667,147.94451667,1049.00,,,,,,
690,2017-12-31T02:07:09Z,-33.34891667,147.94461667,1053.00,,,,,,
691,2017-12-31T02:07:10Z,-33.34893333,147.94476667,1057.00,,,,,,
692,2017-12-31T02:07:11Z,-33.34895000,147.94490000,1062.00,,,,,,
693,2017-12-31T02:07:12Z,-33.34891667,147.94503333,1066.00,,,,,,
694,2017-12-31T02:07:13Z,-33.34886667,147.94516667,1069.00,,,,,,
695,2017-12-31T02:07:14Z,-33.34876667,147.94530000,1073.00,,,,,,
696,2017-12-31T02:07:15Z,-33.34866667,147.94541667,1077.00,,,,,,
697,2017-12-31T02:07:16Z,-33.34851667,147.94546667,1080.00,,,,,,
698,2017-12-31T02:07:17Z,-33.34841667,147.94551667,1083.00,,,,,,
699,2017-12-31T02:07:18Z,-33.34830000,147.94555000,1085.00,,,,,,
700,2017-12-31T02:07:19Z,-33.34820000,147.94551667,1089.00,,,,,,
701,2017-12-31T02:07:20Z,-33.34821667,147.94516667,1091.00,,,,,,
702,2017-12-31T02:07:21Z,-33.34823333,147.94506667,1095.00,,,,,,
703,2017-12-31T02:07:22Z,-33.34830000,147.94500000,1096.00,,,,,,
704,2017-12-31T02:07:23Z,-33.34836667,147.94500000,1096.00,,,,,,
705,2017-12-31T02:07:24Z,-33.34848333,147.94505000,1095.00,,,,,,
706,2017-12-31T02:07:25Z,-33.34855000,147.94515000,1096.00,,,,,,
707,2017-12-31T02:07:26Z,-33.34863333,147.94528333,1098.00,,,,,,
708,2017-12-31T02:07:27Z,-33.34866667,147.94546667,1103.00,,,,,,
709,2017-12-31T02:07:28Z,-33.34865000,147.94563333,1106.00,,,,,,
710,2017-12-31T02:07:29Z,-33.34860000,147.94580000,1110.00,,,,,,
711,2017-12-31T02:07:30Z,-33.34850000,147.94593333,1112.00,,,,,,
712,2017-12-31T02:07:31Z,-33.34836667,147.94603333,1116.00,,,,,,
713,2017-12-31T02:07:32Z,-33.34821667,147.94608333,1119.00,,,,,,
714,2017-12-31T02:07:33Z,-33.34808333,147.94608333,1123.00,,,,,,
715,2017-12-31T02:07:34Z,-33.34795000,147.94603333,1126.00,,,,,,
716,2017-12-31T02:07:36Z,-33.34776667,147.94586667,1127.00,,,,,,
717,2017-12-31T02:07:37Z,-33.34771667,147.94573333,1127.00,,,,,,
718,2017-12-31T02:07:38Z,-33.34771667,147.94560000,1131.00,,,,,,
719,2017-12-31T02:07:39Z,-33.34775000,147.94548333,1135.00,,,,,,
720,2017-12-31T02:07:40Z,-33.34781667,147.94538333,1136.00,,,,,,
721,2017-12-31T02:07:41Z,-33.34790000,147.94531667,1135.00,,,,,,
722,2017-12-31T02:07:42Z,-33.34801667,147.94528333,1132.00,,,,,,
723,2017-12-31T02:07:43Z,-33.34815000,147.94526667,1130.00,,,,,,
724,2017-12-31T02:07:44Z,-33.34830000,147.94528333,1132.00,,,,,,
725,2017-12-31T02:07:45Z,-33.34845000,147.94533333,1134.00,,,,,,
726,2017-12-31T02:07:46Z,-33.34858333,147.94543333,1137.00,,,,,,
727,2017-12-31T02:07:47Z,-33.34868333,147.94556667,1139.00,,,,,,
728,2017-12-31T02:07:48Z,-33.34876667,147.94571667,1141.00,,,,,,
729,2017-12-31T02:07:49Z,-33.34880000,147.94588333,1142.00,,,,,,
730,2017-12-31T02:07:50Z,-33.34881667,147.94605000,1145.00,,,,,,
731,2017-12-31T02:07:51Z,-33.34881667,147.94625000,1148.00,,,,,,
732,2017-12-31T02:07:52Z,-33.34880000,147.94643333,1152.00,,,,,,
733,2017-12-31T02:07:53Z,-33.34875000,147.94661667,1154.00,,,,,,
734,2017-12-31T02:07:54Z,-33.34866667,147.94676667,1157.00,,,,,,
735,2017-12-31T02:07:55Z,-33.34856667,147.94691667,1159.00,,,,,,
736,2017-12-31T02:07:56Z,-33.34841667,147.94698333,1163.00,,,,,,
737,2017-12-31T02:07:57Z,-33.34828333,147.94695000,1167.00,,,,,,
738,2017-12-31T02:07:58Z,-33.34816667,147.94688333,1170.00,,,,,,
739,2017-12-31T02:07:59Z,-33.34813333,147.94678333,1172.00,,,,,,
740,2017-12-31T02:08:00Z,-33.34811667,147.94668333,1173.00,,,,,,
741,2017-12-31T02:08:01Z,-33.34815000,147.94660000,1174.00,,,,,,
742,2017-12-31T02:08:02Z,-33.34820000,147.94653333,1175.00,,,,,,
743,2017-12-31T02:08:03Z,-33.34826667,147.94648333,1175.00,,,,,,
744,2017-12-31T02:08:04Z,-33.34836667,147.94648333,1177.00,,,,,,
745,2017-12-31T02:08:05Z,-33.34846667,147.94651667,1179.00,,,,,,
746,2017-12-31T02:08:06Z,-33.34856667,147.94661667,1182.00,,,,,,
747,2017-12-31T02:08:07Z,-33.34863333,147.94675000,1184.00,,,,,,
748,2017-12-31T02:08:08Z,-33.34870000,147.94690000,1186.00,,,,,,
749,2017-12-31T02:08:09Z,-33.34871667,147.94706667,1190.00,,,,,,
750,2017-12-31T02:08:10Z,-33.34870000,147.94725000,1194.00,,,,,,
751,2017-12-31T02:08:11Z,-33.34865000,147.94741667,1198.00,,,,,,
752,2017-12-31T02:08:12Z,-33.34855000,147.94753333,1201.00,,,,,,
753,2017-12-31T02:08:13Z,-33.34843333,147.94760000,1203.00,,,,,,
754,2017-12-31T02:08:14Z,-33.34831667,147.94760000,1205.00,,,,,,
755,2017-12-31T02:08:15Z,-33.34821667,147.94756667,1206.00,,,,,,
756,2017-12-31T02:08:16Z,-33.34813333,147.94748333,1209.00,,,,,,
757,2017-12-31T02:08:17Z,-33.34808333,147.94738333,1214.00,,,,,,
758,2017-12-31T02:08:18Z,-33.34805000,147.94728333,1218.00,,,,,,
759,2017-12-31T02:08:19Z,-33.34806667,147.94720000,1219.00,,,,,,
760,2017-12-31T02:08:20Z,-33.34811667,147.94713333,1219.00,,,,,,
761,2017-12-31T02:08:21Z,-33.34816667,147.94706667,1218.00,,,,,,
762,2017-12-31T02:08:22Z,-33.34825000,147.94703333,1219.00,,,,,,
763,2017-12-31T02:08:23Z,-33.34835000,147.94703333,1220.00,,,,,,
764,2017-12-31T02:08:24Z,-33.34846667,147.94705000,1224.00,,,,,,
765,2017-12-31T02:08:25Z,-33.34856667,147.94711667,1226.00,,,,,,
766,2017-12-31T02:08:26Z,-33.34866667,147.94723333,1230.00,,,,,,
767,2017-12-31T02:08:27Z,-33.34876667,147.94735000,1232.00,,,,,,
768,2017-12-31T02:08:28Z,-33.34881667,147.94750000,1235.00,,,,,,
769,2017-12-31T02:08:29Z,-33.34883333,147.94766667,1237.00,,,,,,
770,2017-12-31T02:08:30Z,-33.34881667,147.94783333,1239.00,,,,,,
771,2017-12-31T02:08:31Z,-33.34875000,147.94798333,1242.00,,,,,,
772,2017-12-31T02:08:32Z,-33.34865000,147.94808333,1245.00,,,,,,
773,2017-12-31T02:08:33Z,-33.34853333,147.94815000,1248.00,,,,,,
774,2017-12-31T02:08:34Z,-33.34841667,147.94815000,1252.00,,,,,,
775,2017-12-31T02:08:35Z,-33.34831667,147.94810000,1254.00,,,,,,
776,2017-12-31T02:08:36Z,-33.34825000,147.94800000,1256.00,,,,,,
777,2017-12-31T02:08:37Z,-33.34823333,147.94790000,1258.00,,,,,,
778,2017-12-31T02:08:38Z,-33.34826667,147.94780000,1260.00,,,,,,
779,2017-12-31T02:08:39Z,-33.34833333,147.94773333,1263.00,,,,,,
780,2017-12-31T02:08:40Z,-33.34841667,147.94771667,1263.00,,,,,,
781,2017-12-31T02:08:41Z,-33.34853333,147.94776667,1262.00,,,,,,
782,2017-12-31T02:08:42Z,-33.34865000,147.94786667,1260.00,,,,,,
783,2017-12-31T02:08:43Z,-33.34873333,147.94800000,1262.00,,,,,,
784,2017-12-31T02:08:44Z,-33.34881667,147.94816667,1268.00,,,,,,
785,2017-12-31T02:08:45Z,-33.34883333,147.94833333,1272.00,,,,,,
786,2017-12-31T02:08:46Z,-33.34878333,147.94850000,1277.00,,,,,,
787,2017-12-31T02:08:47Z,-33.34873333,147.94863333,1278.00,,,,,,
788,2017-12-31T02:08:48Z,-33.34863333,147.94876667,1281.00,,,,,,
789,2017-12-31T02:08:49Z,-33.34851667,147.94886667,1284.00,,,,,,
790,2017-12-31T02:08:50Z,-33.34838333,147.94893333,1288.00,,,,,,
791,2017-12-31T02:08:51Z,-33.34826667,147.94895000,1292.00,,,,,,
792,2017-12-31T02:08:52Z,-33.34813333,147.94893333,1297.00,,,,,,
793,2017-12-31T02:08:53Z,-33.34803333,147.94888333,1300.00,,,,,,
794,2017-12-31T02:08:54Z,-33.34795000,147.94880000,1302.00,,,,,,
795,2017-12-31T02:08:55Z,-33.34791667,147.94870000,1303.00,,,,,,
796,2017-12-31T02:08:56Z,-33.34788333,147.94863333,1303.00,,,,,,
797,2017-12-31T02:08:57Z,-33.34798333,147.94853333,1302.00,,,,,,
798,2017-12-31T02:08:58Z,-33.34806667,147.94845000,1303.00,,,,,,
799,2017-12-31T02:08:59Z,-33.34816667,147.94843333,1305.00,,,,,,
800,2017-12-31T02:09:00Z,-33.34833333,147.94845000,1305.00,,,,,,
801,2017-12-31T02:09:01Z,-33.34845000,147.94853333,1303.00,,,,,,
802,2017-12-31T02:09:02Z,-33.34856667,147.94865000,1302.00,,,,,,
803,2017-12-31T02:09:03Z,-33.34865000,147.94880000,1303.00,,,,,,
804,2017-12-31T02:09:04Z,-33.34870000,147.94896667,1308.00,,,,,,
805,2017-12-31T02:09:05Z,-33.34870000,147.94915000,1312.00,,,,,,
806,2017-12-31T02:09:06Z,-33.34866667,147.94933333,1317.00,,,,,,
807,2017-12-31T02:09:07Z,-33.34861667,147.94951667,1322.00,,,,,,
808,2017-12-31T02:09:08Z,-33.34856667,147.94968333,1325.00,,,,,,
809,2017-12-31T02:09:09Z,-33.34848333,147.94981667,1329.00,,,,,,
810,2017-12-31T02:09:10Z,-33.34838333,147.94990000,1332.00,,,,,,
811,2017-12-31T02:09:11Z,-33.34826667,147.94995000,1336.00,,,,,,
812,2017-12-31T02:09:12Z,-33.34815000,147.94993333,1339.00,,,,,,
813,2017-12-31T02:09:13Z,-33.34805000,147.94986667,1341.00,,,,,,
814,2017-12-31T02:09:14Z,-33.34803333,147.94975000,1343.00,,,,,,
815,2017-12-31T02:09:15Z,-33.34805000,147.94963333,1344.00,,,,,,
816,2017-12-31T02:09:16Z,-33.34810000,147.94951667,1349.00,,,,,,
817,2017-12-31T02:09:17Z,-33.34816667,147.94941667,1353.00,,,,,,
818,2017-12-31T02:09:18Z,-33.34823333,147.94935000,1354.00,,,,,,
819,2017-12-31T02:09:19Z,-33.34831667,147.94931667,1353.00,,,,,,
820,2017-12-31T02:09:20Z,-33.34843333,147.94933333,1351.00,,,,,,
821,2017-12-31T02:09:21Z,-33.34856667,147.94938333,1349.00,,,,,,
822,2017-12-31T02:09:22Z,-33.34870000,147.94948333,1350.00,,,,,,
823,2017-12-31T02:09:23Z,-33.34881667,147.94961667,1352.00,,,,,,
824,2017-12-31T02:09:24Z,-33.34891667,147.94976667,1358.00,,,,,,
825,2017-12-31T02:09:25Z,-33.34900000,147.94991667,1361.00,,,,,,
826,2017-12-31T02:09:26Z,-33.34906667,147.95010000,1365.00,,,,,,
827,2017-12-31T02:09:27Z,-33.34911667,147.95026667,1370.00,,,,,,
828,2017-12-31T02:09:28Z,-33.34918333,147.95045000,1375.00,,,,,,
829,2017-12-31T02:09:29Z,-33.34925000,147.95061667,1380.00,,,,,,
830,2017-12-31T02:09:30Z,-33.34928333,147.95078333,1383.00,,,,,,
831,2017-12-31T02:09:31Z,-33.34926667,147.95095000,1388.00,,,,,,
832,2017-12-31T02:09:32Z,-33.34920000,147.95108333,1392.00,,,,,,
833,2017-12-31T02:09:33Z,-33.34913333,147.95118333,1393.00,,,,,,
834,2017-12-31T02:09:34Z,-33.34903333,147.95123333,1386.00,,,,,,
835,2017-12-31T02:09:35Z,-33.34895000,147.95115000,1384.00,,,,,,
836,2017-12-31T02:09:36Z,-33.34888333,147.95103333,1387.00,,,,,,
837,2017-12-31T02:09:37Z,-33.34886667,147.95086667,1395.00,,,,,,
838,2017-12-31T02:09:38Z,-33.34886667,147.95071667,1405.00,,,,,,
839,2017-12-31T02:09:39Z,-33.34891667,147.95058333,1412.00,,,,,,
840,2017-12-31T02:09:40Z,-33.34898333,147.95046667,1415.00,,,,,,
841,2017-12-31T02:09:41Z,-33.34905000,147.95040000,1418.00,,,,,,
842,2017-12-31T02:09:42Z,-33.34913333,147.95036667,1421.00,,,,,,
843,2017-12-31T02:09:43Z,-33.34921667,147.95036667,1424.00,,,,,,
844,2017-12-31T02:09:44Z,-33.34933333,147.95041667,1429.00,,,,,,
845,2017-12-31T02:09:45Z,-33.34945000,147.95053333,1433.00,,,,,,
846,2017-12-31T02:09:46Z,-33.34951667,147.95065000,1437.00,,,,,,
847,2017-12-31T02:09:47Z,-33.34956667,147.95080000,1440.00,,,,,,
848,2017-12-31T02:09:48Z,-33.34958333,147.95098333,1443.00,,,,,,
849,2017-12-31T02:09:49Z,-33.34956667,147.95116667,1449.00,,,,,,
850,2017-12-31T02:09:51Z,-33.34941667,147.95143333,1460.00,,,,,,
851,2017-12-31T02:09:52Z,-33.34933333,147.95148333,1463.00,,,,,,
852,2017-12-31T02:09:53Z,-33.34923333,147.95146667,1463.00,,,,,,
853,2017-12-31T02:09:54Z,-33.34916667,147.95140000,1465.00,,,,,,
854,2017-12-31T02:09:55Z,-33.34911667,147.95130000,1469.00,,,,,,
855,2017-12-31T02:09:56Z,-33.34910000,147.95118333,1475.00,,,,,,
856,2017-12-31T02:09:57Z,-33.34913333,147.95106667,1481.00,,,,,,
857,2017-12-31T02:09:58Z,-33.34918333,147.95098333,1485.00,,,,,,
858,2017-12-31T02:09:59Z,-33.34925000,147.95091667,1487.00,,,,,,
859,2017-12-31T02:10:00Z,-33.34933333,147.95086667,1489.00,,,,,,
860,2017-12-31T02:10:01Z,-33.34943333,147.95085000,1491.00,,,,,,
861,2017-12-31T02:10:02Z,-33.34955000,147.95086667,1495.00,,,,,,
862,2017-12-31T02:10:03Z,-33.34966667,147.95093333,1497.00,,,,,,
863,2017-12-31T02:10:04Z,-33.34978333,147.95101667,1501.00,,,,,,
864,2017-12-31T02:10:05Z,-33.34986667,147.95115000,1503.00,,,,,,
865,2017-12-31T02:10:06Z,-33.34993333,147.95128333,1507.00,,,,,,
866,2017-12-31T02:10:07Z,-33.34996667,147.95145000,1511.00,,,,,,
867,2017-12-31T02:10:08Z,-33.34995000,147.95165000,1517.00,,,,,,
868,2017-12-31T02:10:09Z,-33.34991667,147.95183333,1521.00,,,,,,
869,2017-12-31T02:10:10Z,-33.34986667,147.95200000,1522.00,,,,,,
870,2017-12-31T02:10:11Z,-33.34978333,147.95213333,1523.00,,,,,,
871,2017-12-31T02:10:12Z,-33.34970000,147.95223333,1524.00,,,,,,
872,2017-12-31T02:10:13Z,-33.34961667,147.95230000,1521.00,,,,,,
873,2017-12-31T02:10:14Z,-33.34950000,147.95233333,1521.00,,,,,,
874,2017-12-31T02:10:15Z,-33.34940000,147.95233333,1522.00,,,,,,
875,2017-12-31T02:10:16Z,-33.34926667,147.95228333,1525.00,,,,,,
876,2017-12-31T02:10:17Z,-33.34915000,147.95218333,1529.00,,,,,,
877,2017-12-31T02:10:18Z,-33.34906667,147.95206667,1533.00,,,,,,
878,2017-12-31T02:10:19Z,-33.34900000,147.95195000,1538.00,,,,,,
879,2017-12-31T02:10:20Z,-33.34900000,147.95181667,1541.00,,,,,,
880,2017-12-31T02:10:21Z,-33.34901667,147.95168333,1543.00,,,,,,
881,2017-12-31T02:10:22Z,-33.34908333,147.95155000,1546.00,,,,,,
882,2017-12-31T02:10:23Z,-33.34915000,147.95145000,1547.00,,,,,,
883,2017-12-31T02:10:24Z,-33.34923333,147.95138333,1544.00,,,,,,
884,2017-12-31T02:10:25Z,-33.34933333,147.95131667,1543.00,,,,,,
885,2017-12-31T02:10:26Z,-33.34943333,147.95130000,1542.00,,,,,,
886,2017-12-31T02:10:27Z,-33.34958333,147.95130000,1541.00,,,,,,
887,2017-12-31T02:10:28Z,-33.34971667,147.95136667,1541.00,,,,,,
888,2017-12-31T02:10:29Z,-33.34986667,147.95143333,1543.00,,,,,,
889,2017-12-31T02:10:30Z,-33.35001667,147.95151667,1544.00,,,,,,
890,2017-12-31T02:10:31Z,-33.35015000,147.95160000,1546.00,,,,,,
891,2017-12-31T02:10:32Z,-33.35030000,147.95166667,1546.00,,,,,,
892,2017-12-31T02:10:33Z,-33.35043333,147.95171667,1546.00,,,,,,
893,2017-12-31T02:10:34Z,-33.35058333,147.95175000,1549.00,,,,,,
894,2017-12-31T02:10:35Z,-33.35073333,147.95178333,1552.00,,,,,,
895,2017-12-31T02:10:36Z,-33.35088333,147.95180000,1554.00,,,,,,
896,2017-12-31T02:10:37Z,-33.35103333,147.95181667,1556.00,,,,,,
897,2017-12-31T02:10:38Z,-33.35116667,147.95183333,1556.00,,,,,,
898,2017-12-31T02:10:39Z,-33.35133333,147.95183333,1556.00,,,,,,
899,2017-12-31T02:10:40Z,-33.35150000,147.95185000,1557.00,,,,,,
900,2017-12-31T02:10:41Z,-33.35165000,147.95188333,1558.00,,,,,,
901,2017-12-31T02:10:42Z,-33.35180000,147.95198333,1561.00,,,,,,
902,2017-12-31T02:10:43Z,-33.35191667,147.95210000,1563.00,,,,,,
903,2017-12-31T02:10:44Z,-33.35198333,147.95225000,1566.00,,,,,,
904,2017-12-31T02:10:45Z,-33.35201667,147.95243333,1567.00,,,,,,
905,2017-12-31T02:10:46Z,-33.35200000,147.95260000,1569.00,,,,,,
906,2017-12-31T02:10:47Z,-33.35193333,147.95273333,1574.00,,,,,,
907,2017-12-31T02:10:48Z,-33.35185000,147.95281667,1581.00,,,,,,
908,2017-12-31T02:10:49Z,-33.35176667,147.95286667,1583.00,,,,,,
909,2017-12-31T02:10:50Z,-33.35170000,147.95285000,1583.00,,,,,,
910,2017-12-31T02:10:51Z,-33.35161667,147.95281667,1583.00,,,,,,
911,2017-12-31T02:10:52Z,-33.35156667,147.95275000,1583.00,,,,,,
912,2017-12-31T02:10:53Z,-33.35156667,147.95263333,1583.00,,,,,,
913,2017-12-31T02:10:54Z,-33.35158333,147.95250000,1583.00,,,,,,
914,2017-12-31T02:10:55Z,-33.35166667,147.95236667,1582.00,,,,,,
915,2017-12-31T02:10:56Z,-33.35176667,147.95223333,1581.00,,,,,,
916,2017-12-31T02:10:57Z,-33.35190000,147.95210000,1582.00,,,,,,
917,2017-12-31T02:10:58Z,-33.35203333,147.95200000,1584.00,,,,,,
918,2017-12-31T02:10:59Z,-33.35218333,147.95195000,1586.00,,,,,,
919,2017-12-31T02:11:00Z,-33.35231667,147.95191667,1587.00,,,,,,
920,2017-12-31T02:11:01Z,-33.35245000,147.95191667,1586.00,,,,,,
921,2017-12-31T02:11:02Z,-33.35258333,147.95193333,1584.00,,,,,,
922,2017-12-31T02:11:03Z,-33.35271667,147.95200000,1583.00,,,,,,
923,2017-12-31T02:11:04Z,-33.35283333,147.95211667,1583.00,,,,,,
924,2017-12-31T02:11:05Z,-33.35293333,147.95226667,1584.00,,,,,,
925,2017-12-31T02:11:06Z,-33.35300000,147.95243333,1585.00,,,,,,
926,2017-12-31T02:11:07Z,-33.35301667,147.95260000,1587.00,,,,,,
927,2017-12-31T02:11:08Z,-33.35300000,147.95278333,1588.00,,,,,,
928,2017-12-31T02:11:09Z,-33.35295000,147.95293333,1589.00,,,,,,
929,2017-12-31T02:11:10Z,-33.35286667,147.95305000,1591.00,,,,,,
930,2017-12-31T02:11:11Z,-33.35276667,147.95313333,1594.00,,,,,,
931,2017-12-31T02:11:12Z,-33.35266667,147.95318333,1595.00,,,,,,
932,2017-12-31T02:11:13Z,-33.35258333,147.95320000,1596.00,,,,,,
933,2017-12-31T02:11:14Z,-33.35248333,147.95316667,1596.00,,,,,,
934,2017-12-31T02:11:15Z,-33.35240000,147.95308333,1597.00,,,,,,
935,2017-12-31T02:11:16Z,-33.35236667,147.95298333,1599.00,,,,,,
936,2017-12-31T02:11:17Z,-33.35235000,147.95286667,1598.00,,,,,,
937,2017-12-31T02:11:18Z,-33.35236667,147.95276667,1595.00,,,,,,
938,2017-12-31T02:11:19Z,-33.35241667,147.95265000,1592.00,,,,,,
939,2017-12-31T02:11:20Z,-33.35250000,147.95253333,1591.00,,,,,,
940,2017-12-31T02:11:21Z,-33.35260000,147.95241667,1593.00,,,,,,
941,2017-12-31T02:11:22Z,-33.35268333,147.95233333,1594.00,,,,,,
942,2017-12-31T02:11:23Z,-33.35280000,147.95226667,1594.00,,,,,,
943,2017-12-31T02:11:24Z,-33.35288333,147.95223333,1590.00,,,,,,
944,2017-12-31T02:11:25Z,-33.35300000,147.95221667,1587.00,,,,,,
945,2017-12-31T02:11:26Z,-33.35311667,147.95223333,1587.00,,,,,,
946,2017-12-31T02:11:27Z,-33.35326667,147.95226667,1586.00,,,,,,
947,2017-12-31T02:11:28Z,-33.35343333,147.95235000,1585.00,,,,,,
948,2017-12-31T02:11:29Z,-33.35356667,147.95246667,1584.00,,,,,,
949,2017-12-31T02:11:30Z,-33.35373333,147.95256667,1582.00,,,,,,
950,2017-12-31T02:11:31Z,-33.35390000,147.95266667,1579.00,,,,,,
951,2017-12-31T02:11:32Z,-33.35405000,147.95271667,1579.00,,,,,,
952,2017-12-31T02:11:33Z,-33.35420000,147.95273333,1581.00,,,,,,
953,2017-12-31T02:11:34Z,-33.35433333,147.95271667,1582.00,,,,,,
954,2017-12-31T02:11:35Z,-33.35446667,147.95268333,1583.00,,,,,,
955,2017-12-31T02:11:36Z,-33.35458333,147.95263333,1584.00,,,,,,
956,2017-12-31T02:11:37Z,-33.35470000,147.95258333,1583.00,,,,,,
957,2017-12-31T02:11:38Z,-33.35478333,147.95251667,1582.00,,,,,,
958,2017-12-31T02:11:39Z,-33.35486667,147.95241667,1582.00,,,,,,
959,2017-12-31T02:11:40Z,-33.35495000,147.95231667,1582.00,,,,,,
960,2017-12-31T02:11:41Z,-33.35501667,147.95220000,1583.00,,,,,,
961,2017-12-31T02:11:42Z,-33.35508333,147.95208333,1584.00,,,,,,
962,2017-12-31T02:11:43Z,-33.35515000,147.95196667,1584.00,,,,,,
963,2017-12-31T02:11:44Z,-33.35521667,147.95185000,1583.00,,,,,,
964,2017-12-31T02:11:45Z,-33.35530000,147.95175000,1581.00,,,,,,
965,2017-12-31T02:11:46Z,-33.35538333,147.95163333,1580.00,,,,,,
966,2017-12-31T02:11:47Z,-33.35548333,147.95150000,1581.00,,,,,,
967,2017-12-31T02:11:48Z,-33.35558333,147.95138333,1582.00,,,,,,
968,2017-12-31T02:11:49Z,-33.35566667,147.95126667,1581.00,,,,,,
969,2017-12-31T02:11:50Z,-33.35576667,147.95115000,1579.00,,,,,,
970,2017-12-31T02:11:51Z,-33.35586667,147.95103333,1577.00,,,,,,
971,2017-12-31T02:11:52Z,-33.35596667,147.95090000,1577.00,,,,,,
972,2017-12-31T02:11:53Z,-33.35606667,147.95075000,1579.00,,,,,,
973,2017-12-31T02:11:54Z,-33.35615000,147.95061667,1582.00,,,,,,
974,2017-12-31T02:11:55Z,-33.35625000,147.95048333,1583.00,,,,,,
975,2017-12-31T02:11:56Z,-33.35635000,147.95036667,1583.00,,,,,,
976,2017-12-31T02:11:57Z,-33.35643333,147.95026667,1581.00,,,,,,
977,2017-12-31T02:11:58Z,-33.35653333,147.95015000,1579.00,,,,,,
978,2017-12-31T02:11:59Z,-33.35665000,147.95001667,1577.00,,,,,,
979,2017-12-31T02:12:00Z,-33.35676667,147.94988333,1576.00,,,,,,
980,2017-12-31T02:12:01Z,-33.35690000,147.94975000,1576.00,,,,,,
981,2017-12-31T02:12:02Z,-33.35701667,147.94961667,1577.00,,,,,,
982,2017-12-31T02:12:03Z,-33.35713333,147.94948333,1577.00,,,,,,
983,2017-12-31T02:12:04Z,-33.35726667,147.94936667,1577.00,,,,,,
984,2017-12-31T02:12:05Z,-33.35740000,147.94923333,1577.00,,,,,,
985,2017-12-31T02:12:06Z,-33.35751667,147.94911667,1577.00,,,,,,
986,2017-12-31T02:12:07Z,-33.35765000,147.94900000,1577.00,,,,,,
987,2017-12-31T02:12:08Z,-33.35776667,147.94888333,1577.00,,,,,,
988,2017-12-31T02:12:09Z,-33.35788333,147.94878333,1576.00,,,,,,
989,2017-12-31T02:12:10Z,-33.35800000,147.94866667,1576.00,,,,,,
990,2017-12-31T02:12:11Z,-33.35811667,147.94856667,1575.00,,,,,,
991,2017-12-31T02:12:12Z,-33.35823333,147.94846667,1573.00,,,,,,
992,2017-12-31T02:12:13Z,-33.35835000,147.94836667,1571.00,,,,,,
993,2017-12-31T02:12:14Z,-33.35846667,147.94826667,1567.00,,,,,,
994,2017-12-31T02:12:15Z,-33.35863333,147.94816667,1565.00,,,,,,
995,2017-12-31T02:12:16Z,-33.35878333,147.94805000,1564.00,,,,,,
996,2017-12-31T02:12:17Z,-33.35893333,147.94793333,1564.00,,,,,,
997,2017-12-31T02:12:18Z,-33.35906667,147.94780000,1563.00,,,,,,
998,2017-12-31T02:12:19Z,-33.35918333,147.94768333,1558.00,,,,,,
999,2017-12-31T02:12:20Z,-33.35931667,147.94755000,1553.00,,,,,,
1000,2017-12-31T02:12:21Z,-33.35943333,147.94743333,1550.00,,,,,,
1001,2017-12-31T02:12:22Z,-33.35955000,147.94730000,1549.00,,,,,,
1002,2017-12-31T02:12:23Z,-33.35968333,147.94715000,1549.00,,,,,,
1003,2017-12-31T02:12:24Z,-33.35980000,147.94700000,1549.00,,,,,,
1004,2017-12-31T02:12:25Z,-33.35993333,147.94685000,1552.00,,,,,,
1005,2017-12-31T02:12:26Z,-33.36005000,147.94671667,1555.00,,,,,,
1006,2017-12-31T02:12:27Z,-33.36020000,147.94658333,1553.00,,,,,,
1007,2017-12-31T02:12:28Z,-33.36031667,147.94646667,1551.00,,,,,,
1008,2017-12-31T02:12:29Z,-33.36045000,147.94635000,1550.00,,,,,,
1009,2017-12-31T02:12:30Z,-33.36058333,147.94625000,1548.00,,,,,,
1010,2017-12-31T02:12:31Z,-33.36071667,147.94615000,1542.00,,,,,,
1011,2017-12-31T02:12:32Z,-33.36085000,147.94603333,1535.00,,,,,,
1012,2017-12-31T02:12:33Z,-33.36100000,147.94591667,1532.00,,,,,,
1013,2017-12-31T02:12:34Z,-33.36115000,147.94581667,1533.00,,,,,,
1014,2017-12-31T02:12:35Z,-33.36130000,147.94571667,1534.00,,,,,,
1015,2017-12-31T02:12:36Z,-33.36146667,147.94561667,1533.00,,,,,,
1016,2017-12-31T02:12:37Z,-33.36163333,147.94553333,1532.00,,,,,,
1017,2017-12-31T02:12:38Z,-33.36176667,147.94543333,1533.00,,,,,,
1018,2017-12-31T02:12:39Z,-33.36190000,147.94535000,1531.00,,,,,,
1019,2017-12-31T02:12:40Z,-33.36203333,147.94526667,1527.00,,,,,,
1020,2017-12-31T02:12:41Z,-33.36216667,147.94518333,1525.00,,,,,,
1021,2017-12-31T02:12:42Z,-33.36230000,147.94511667,1525.00,,,,,,
1022,2017-12-31T02:12:43Z,-33.36243333,147.94505000,1522.00,,,,,,
1023,2017-12-31T02:12:44Z,-33.36256667,147.94496667,1518.00,,,,,,
1024,2017-12-31T02:12:45Z,-33.36275000,147.94491667,1515.00,,,,,,
1025,2017-12-31T02:12:46Z,-33.36288333,147.94485000,1511.00,,,,,,
1026,2017-12-31T02:12:47Z,-33.36305000,147.94476667,1510.00,,,,,,
1027,2017-12-31T02:12:48Z,-33.36323333,147.94470000,1509.00,,,,,,
1028,2017-12-31T02:12:49Z,-33.36340000,147.94461667,1509.00,,,,,,
1029,2017-12-31T02:12:50Z,-33.36356667,147.94453333,1508.00,,,,,,
1030,2017-12-31T02:12:51Z,-33.36371667,147.94445000,1505.00,,,,,,
1031,2017-12-31T02:12:52Z,-33.36386667,147.94436667,1503.00,,,,,,
1032,2017-12-31T02:12:53Z,-33.36400000,147.94428333,1502.00,,,,,,
1033,2017-12-31T02:12:54Z,-33.36415000,147.94418333,1500.00,,,,,,
1034,2017-12-31T02:12:55Z,-33.36430000,147.94408333,1498.00,,,,,,
1035,2017-12-31T02:12:56Z,-33.36443333,147.94400000,1496.00,,,,,,
1036,2017-12-31T02:12:57Z,-33.36456667,147.94390000,1493.00,,,,,,
1037,2017-12-31T02:12:58Z,-33.36468333,147.94381667,1490.00,,,,,,
1038,2017-12-31T02:12:59Z,-33.36483333,147.94371667,1490.00,,,,,,
1039,2017-12-31T02:13:00Z,-33.36496667,147.94361667,1489.00,,,,,,
1040,2017-12-31T02:13:01Z,-33.36510000,147.94353333,1487.00,,,,,,
1041,2017-12-31T02:13:02Z,-33.36521667,147.94345000,1486.00,,,,,,
1042,2017-12-31T02:13:03Z,-33.36535000,147.94335000,1484.00,,,,,,
1043,2017-12-31T02:13:04Z,-33.36546667,147.94325000,1480.00,,,,,,
1044,2017-12-31T02:13:05Z,-33.36558333,147.94316667,1478.00,,,,,,
1045,2017-12-31T02:13:06Z,-33.36568333,147.94306667,1477.00,,,,,,
1046,2017-12-31T02:13:07Z,-33.36580000,147.94296667,1473.00,,,,,,
1047,2017-12-31T02:13:08Z,-33.36590000,147.94286667,1469.00,,,,,,
1048,2017-12-31T02:13:09Z,-33.36600000,147.94276667,1460.00,,,,,,
1049,2017-12-31T02:13:10Z,-33.36611667,147.94263333,1457.00,,,,,,
1050,2017-12-31T02:13:11Z,-33.36623333,147.94251667,1455.00,,,,,,
1051,2017-12-31T02:13:12Z,-33.36636667,147.94240000,1454.00,,,,,,
1052,2017-12-31T02:13:13Z,-33.36648333,147.94230000,1453.00,,,,,,
1053,2017-12-31T02:13:14Z,-33.36661667,147.94220000,1448.00,,,,,,
1054,2017-12-31T02:13:15Z,-33.36673333,147.94208333,1446.00,,,,,,
1055,2017-12-31T02:13:16Z,-33.36685000,147.94198333,1443.00,,,,,,
1056,2017-12-31T02:13:17Z,-33.36696667,147.94186667,1440.00,,,,,,
1057,2017-12-31T02:13:18Z,-33.36708333,147.94176667,1438.00,,,,,,
1058,2017-12-31T02:13:19Z,-33.36720000,147.94166667,1437.00,,,,,,
1059,2017-12-31T02:13:20Z,-33.36731667,147.94158333,1436.00,,,,,,
1060,2017-12-31T02:13:21Z,-33.36743333,147.94148333,1435.00,,,,,,
1061,2017-12-31T02:13:22Z,-33.36753333,147.94138333,1433.00,,,,,,
1062,2017-12-31T02:13:23Z,-33.36765000,147.94128333,1431.00,,,,,,
1063,2017-12-31T02:13:24Z,-33.36775000,147.94118333,1428.00,,,,,,
1064,2017-12-31T02:13:25Z,-33.36786667,147.94110000,1428.00,,,,,,
1065,2017-12-31T02:13:26Z,-33.36798333,147.94100000,1428.00,,,,,,
1066,2017-12-31T02:13:27Z,-33.36808333,147.94090000,1427.00,,,,,,
1067,2017-12-31T02:13:28Z,-33.36820000,147.94080000,1425.00,,,,,,
1068,2017-12-31T02:13:29Z,-33.36830000,147.94070000,1424.00,,,,,,
1069,2017-12-31T02:13:30Z,-33.36841667,147.94061667,1424.00,,,,,,
1070,2017-12-31T02:13:31Z,-33.36853333,147.94051667,1423.00,,,,,,
1071,2017-12-31T02:13:32Z,-33.36865000,147.94043333,1421.00,,,,,,
1072,2017-12-31T02:13:33Z,-33.36876667,147.94033333,1419.00,,,,,,
1073,2017-12-31T02:13:34Z,-33.36890000,147.94023333,1416.00,,,,,,
1074,2017-12-31T02:13:35Z,-33.36903333,147.94013333,1415.00,,,,,,
1075,2017-12-31T02:13:36Z,-33.36915000,147.94005000,1411.00,,,,,,
1076,2017-12-31T02:13:37Z,-33.36930000,147.93996667,1408.00,,,,,,
1077,2017-12-31T02:13:38Z,-33.36943333,147.93990000,1407.00,,,,,,
1078,2017-12-31T02:13:39Z,-33.36958333,147.93980000,1405.00,,,,,,
1079,2017-12-31T02:13:40Z,-33.36971667,147.93975000,1405.00,,,,,,
1080,2017-12-31T02:13:41Z,-33.36983333,147.93968333,1405.00,,,,,,
1081,2017-12-31T02:13:42Z,-33.36996667,147.93961667,1404.00,,,,,,
1082,2017-12-31T02:13:43Z,-33.37008333,147.93955000,1401.00,,,,,,
1083,2017-12-31T02:13:44Z,-33.37018333,147.93948333,1396.00,,,,,,
1084,2017-12-31T02:13:45Z,-33.37030000,147.93941667,1394.00,,,,,,
1085,2017-12-31T02:13:46Z,-33.37041667,147.93931667,1392.00,,,,,,
1086,2017-12-31T02:13:47Z,-33.37055000,147.93921667,1391.00,,,,,,
1087,2017-12-31T02:13:48Z,-33.37068333,147.93911667,1391.00,,,,,,
1088,2017-12-31T02:13:49Z,-33.37081667,147.93900000,1390.00,,,,,,
1089,2017-12-31T02:13:50Z,-33.37091667,147.93888333,1389.00,,,,,,
1090,2017-12-31T02:13:51Z,-33.37101667,147.93876667,1388.00,,,,,,
1091,2017-12-31T02:13:52Z,-33.37110000,147.93865000,1387.00,,,,,,
1092,2017-12-31T02:13:53Z,-33.37118333,147.93851667,1386.00,,,,,,
1093,2017-12-31T02:13:54Z,-33.37126667,147.93838333,1387.00,,,,,,
1094,2017-12-31T02:13:55Z,-33.37135000,147.93825000,1386.00,,,,,,
1095,2017-12-31T02:13:56Z,-33.37141667,147.93810000,1386.00,,,,,,
1096,2017-12-31T02:13:57Z,-33.37150000,147.93796667,1386.00,,,,,,
1097,2017-12-31T02:13:58Z,-33.37158333,147.93783333,1388.00,,,,,,
1098,2017-12-31T02:13:59Z,-33.37165000,147.93768333,1386.00,,,,,,
1099,2017-12-31T02:14:00Z,-33.37175000,147.93755000,1387.00,,,,,,
1100,2017-12-31T02:14:01Z,-33.37183333,147.93743333,1390.00,,,,,,
1101,2017-12-31T02:14:02Z,-33.37191667,147.93731667,1392.00,,,,,,
1102,2017-12-31T02:14:03Z,-33.37200000,147.93720000,1390.00,,,,,,
1103,2017-12-31T02:14:04Z,-33.37206667,147.93708333,1388.00,,,,,,
1104,2017-12-31T02:14:05Z,-33.37211667,147.93695000,1387.00,,,,,,
1105,2017-12-31T02:14:06Z,-33.37216667,147.93680000,1389.00,,,,,,
1106,2017-12-31T02:14:07Z,-33.37220000,147.93665000,1390.00,,,,,,
1107,2017-12-31T02:14:08Z,-33.37223333,147.93650000,1391.00,,,,,,
1108,2017-12-31T02:14:09Z,-33.37225000,147.93633333,1392.00,,,,,,
1109,2017-12-31T02:14:10Z,-33.37226667,147.93616667,1394.00,,,,,,
1110,2017-12-31T02:14:11Z,-33.37230000,147.93600000,1396.00,,,,,,
1111,2017-12-31T02:14:12Z,-33.37231667,147.93585000,1397.00,,,,,,
1112,2017-12-31T02:14:13Z,-33.37235000,147.93568333,1398.00,,,,,,
1113,2017-12-31T02:14:14Z,-33.37236667,147.93553333,1397.00,,,,,,
1114,2017-12-31T02:14:15Z,-33.37241667,147.93535000,1396.00,,,,,,
1115,2017-12-31T02:14:16Z,-33.37245000,147.93518333,1396.00,,,,,,
1116,2017-12-31T02:14:17Z,-33.37250000,147.93501667,1396.00,,,,,,
1117,2017-12-31T02:14:18Z,-33.37255000,147.93486667,1397.00,,,,,,
1118,2017-12-31T02:14:19Z,-33.37260000,147.93471667,1398.00,,,,,,
1119,2017-12-31T02:14:20Z,-33.37263333,147.93456667,1397.00,,,,,,
1120,2017-12-31T02:14:21Z,-33.37268333,147.93441667,1395.00,,,,,,
1121,2017-12-31T02:14:22Z,-33.37271667,147.93425000,1392.00,,,,,,
1122,2017-12-31T02:14:23Z,-33.37275000,147.93408333,1390.00,,,,,,
1123,2017-12-31T02:14:24Z,-33.37280000,147.93390000,1389.00,,,,,,
1124,2017-12-31T02:14:25Z,-33.37283333,147.93373333,1390.00,,,,,,
1125,2017-12-31T02:14:26Z,-33.37290000,147.93356667,1390.00,,,,,,
1126,2017-12-31T02:14:27Z,-33.37293333,147.93341667,1388.00,,,,,,
1127,2017-12-31T02:14:28Z,-33.37296667,147.93325000,1383.00,,,,,,
1128,2017-12-31T02:14:29Z,-33.37300000,147.93310000,1380.00,,,,,,
1129,2017-12-31T02:14:30Z,-33.37303333,147.93293333,1379.00,,,,,,
1130,2017-12-31T02:14:31Z,-33.37308333,147.93278333,1377.00,,,,,,
1131,2017-12-31T02:14:32Z,-33.37313333,147.93265000,1375.00,,,,,,
1132,2017-12-31T02:14:33Z,-33.37318333,147.93251667,1372.00,,,,,,
1133,2017-12-31T02:14:34Z,-33.37321667,147.93238333,1369.00,,,,,,
1134,2017-12-31T02:14:35Z,-33.37326667,147.93225000,1366.00,,,,,,
1135,2017-12-31T02:14:36Z,-33.37330000,147.93208333,1360.00,,,,,,
1136,2017-12-31T02:14:37Z,-33.37331667,147.93191667,1355.00,,,,,,
1137,2017-12-31T02:14:38Z,-33.37335000,147.93173333,1355.00,,,,,,
1138,2017-12-31T02:14:39Z,-33.37338333,147.93156667,1355.00,,,,,,
1139,2017-12-31T02:14:40Z,-33.37343333,147.93140000,1354.00,,,,,,
1140,2017-12-31T02:14:41Z,-33.37348333,147.93123333,1353.00,,,,,,
1141,2017-12-31T02:14:42Z,-33.37355000,147.93106667,1351.00,,,,,,
1142,2017-12-31T02:14:43Z,-33.37361667,147.93091667,1348.00,,,,,,
1143,2017-12-31T02:14:44Z,-33.37368333,147.93076667,1346.00,,,,,,
1144,2017-12-31T02:14:45Z,-33.37376667,147.93065000,1347.00,,,,,,
1145,2017-12-31T02:14:46Z,-33.37385000,147.93053333,1347.00,,,,,,
1146,2017-12-31T02:14:47Z,-33.37391667,147.93041667,1347.00,,,,,,
1147,2017-12-31T02:14:48Z,-33.37398333,147.93031667,1343.00,,,,,,
1148,2017-12-31T02:14:49Z,-33.37403333,147.93021667,1335.00,,,,,,
1149,2017-12-31T02:14:50Z,-33.37408333,147.93010000,1333.00,,,,,,
1150,2017-12-31T02:14:51Z,-33.37411667,147.92998333,1333.00,,,,,,
1151,2017-12-31T02:14:52Z,-33.37416667,147.92985000,1332.00,,,,,,
1152,2017-12-31T02:14:53Z,-33.37421667,147.92973333,1330.00,,,,,,
1153,2017-12-31T02:14:54Z,-33.37426667,147.92961667,1327.00,,,,,,
1154,2017-12-31T02:14:55Z,-33.37431667,147.92950000,1324.00,,,,,,
1155,2017-12-31T02:14:56Z,-33.37436667,147.92936667,1324.00,,,,,,
1156,2017-12-31T02:14:57Z,-33.37443333,147.92925000,1322.00,,,,,,
1157,2017-12-31T02:14:58Z,-33.37448333,147.92911667,1322.00,,,,,,
1158,2017-12-31T02:14:59Z,-33.37453333,147.92900000,1320.00,,,,,,
1159,2017-12-31T02:15:00Z,-33.37456667,147.92886667,1319.00,,,,,,
1160,2017-12-31T02:15:01Z,-33.37461667,147.92875000,1317.00,,,,,,
1161,2017-12-31T02:15:02Z,-33.37465000,147.92861667,1314.00,,,,,,
1162,2017-12-31T02:15:03Z,-33.37468333,147.92848333,1312.00,,,,,,
1163,2017-12-31T02:15:04Z,-33.37473333,147.92836667,1310.00,,,,,,
1164,2017-12-31T02:15:05Z,-33.37476667,147.92823333,1309.00,,,,,,
1165,2017-12-31T02:15:06Z,-33.37480000,147.92810000,1307.00,,,,,,
1166,2017-12-31T02:15:07Z,-33.37485000,147.92798333,1304.00,,,,,,
1167,2017-12-31T02:15:08Z,-33.37488333,147.92786667,1302.00,,,,,,
1168,2017-12-31T02:15:09Z,-33.37495000,147.92775000,1300.00,,,,,,
1169,2017-12-31T02:15:10Z,-33.37500000,147.92765000,1299.00,,,,,,
1170,2017-12-31T02:15:11Z,-33.37505000,147.92753333,1299.00,,,,,,
1171,2017-12-31T02:15:12Z,-33.37511667,147.92740000,1301.00,,,,,,
1172,2017-12-31T02:15:13Z,-33.37516667,147.92728333,1303.00,,,,,,
1173,2017-12-31T02:15:14Z,-33.37520000,147.92716667,1305.00,,,,,,
1174,2017-12-31T02:15:15Z,-33.37521667,147.92705000,1303.00,,,,,,
1175,2017-12-31T02:15:16Z,-33.37525000,147.92693333,1299.00,,,,,,
1176,2017-12-31T02:15:17Z,-33.37526667,147.92680000,1297.00,,,,,,
1177,2017-12-31T02:15:18Z,-33.37528333,147.92668333,1299.00,,,,,,
1178,2017-12-31T02:15:19Z,-33.37528333,147.92653333,1297.00,,,,,,
1179,2017-12-31T02:15:20Z,-33.37526667,147.92640000,1295.00,,,,,,
1180,2017-12-31T02:15:21Z,-33.37526667,147.92625000,1295.00,,,,,,
1181,2017-12-31T02:15:22Z,-33.37526667,147.92610000,1295.00,,,,,,
1182,2017-12-31T02:15:23Z,-33.37525000,147.92595000,1293.00,,,,,,
1183,2017-12-31T02:15:24Z,-33.37525000,147.92580000,1289.00,,,,,,
1184,2017-12-31T02:15:25Z,-33.37525000,147.92563333,1286.00,,,,,,
1185,2017-12-31T02:15:26Z,-33.37525000,147.92548333,1287.00,,,,,,
1186,2017-12-31T02:15:27Z,-33.37526667,147.92533333,1288.00,,,,,,
1187,2017-12-31T02:15:28Z,-33.37528333,147.92520000,1288.00,,,,,,
1188,2017-12-31T02:15:29Z,-33.37530000,147.92506667,1289.00,,,,,,
1189,2017-12-31T02:15:30Z,-33.37531667,147.92495000,1289.00,,,,,,
1190,2017-12-31T02:15:31Z,-33.37535000,147.92483333,1287.00,,,,,,
1191,2017-12-31T02:15:32Z,-33.37538333,147.92471667,1287.00,,,,,,
1192,2017-12-31T02:15:33Z,-33.37541667,147.92460000,1287.00,,,,,,
1193,2017-12-31T02:15:34Z,-33.37546667,147.92448333,1286.00,,,,,,
1194,2017-12-31T02:15:35Z,-33.37553333,147.92438333,1284.00,,,,,,
1195,2017-12-31T02:15:36Z,-33.37556667,147.92428333,1283.00,,,,,,
1196,2017-12-31T02:15:37Z,-33.37561667,147.92416667,1282.00,,,,,,
1197,2017-12-31T02:15:38Z,-33.37568333,147.92405000,1281.00,,,,,,
1198,2017-12-31T02:15:39Z,-33.37573333,147.92395000,1280.00,,,,,,
1199,2017-12-31T02:15:40Z,-33.37580000,147.92385000,1278.00,,,,,,
1200,2017-12-31T02:15:41Z,-33.37586667,147.92375000,1276.00,,,,,,
1201,2017-12-31T02:15:42Z,-33.37593333,147.92363333,1274.00,,,,,,
1202,2017-12-31T02:15:43Z,-33.37596667,147.92351667,1274.00,,,,,,
1203,2017-12-31T02:15:44Z,-33.37598333,147.92340000,1275.00,,,,,,
1204,2017-12-31T02:15:45Z,-33.37598333,147.92328333,1276.00,,,,,,
1205,2017-12-31T02:15:46Z,-33.37598333,147.92316667,1277.00,,,,,,
1206,2017-12-31T02:15:47Z,-33.37596667,147.92305000,1279.00,,,,,,
1207,2017-12-31T02:15:48Z,-33.37595000,147.92293333,1280.00,,,,,,
1208,2017-12-31T02:15:49Z,-33.37591667,147.92283333,1283.00,,,,,,
1209,2017-12-31T02:15:50Z,-33.37588333,147.92273333,1285.00,,,,,,
1210,2017-12-31T02:15:51Z,-33.37585000,147.92261667,1284.00,,,,,,
1211,2017-12-31T02:15:52Z,-33.37580000,147.92250000,1281.00,,,,,,
1212,2017-12-31T02:15:53Z,-33.37575000,147.92238333,1281.00,,,,,,
1213,2017-12-31T02:15:54Z,-33.37568333,147.92226667,1282.00,,,,,,
1214,2017-12-31T02:15:55Z,-33.37561667,147.92216667,1284.00,,,,,,
1215,2017-12-31T02:15:56Z,-33.37555000,147.92206667,1286.00,,,,,,
1216,2017-12-31T02:15:57Z,-33.37551667,147.92198333,1287.00,,,,,,
1217,2017-12-31T02:15:58Z,-33.37546667,147.92188333,1288.00,,,,,,
1218,2017-12-31T02:15:59Z,-33.37543333,147.92180000,1289.00,,,,,,
1219,2017-12-31T02:16:00Z,-33.37540000,147.92170000,1290.00,,,,,,
1220,2017-12-31T02:16:01Z,-33.37536667,147.92160000,1291.00,,,,,,
1221,2017-12-31T02:16:02Z,-33.37531667,147.92150000,1290.00,,,,,,
1222,2017-12-31T02:16:03Z,-33.37528333,147.92140000,1288.00,,,,,,
1223,2017-12-31T02:16:04Z,-33.37523333,147.92128333,1283.00,,,,,,
1224,2017-12-31T02:16:05Z,-33.37520000,147.92115000,1283.00,,,,,,
1225,2017-12-31T02:16:06Z,-33.37515000,147.92101667,1284.00,,,,,,
1226,2017-12-31T02:16:07Z,-33.37511667,147.92086667,1284.00,,,,,,
1227,2017-12-31T02:16:08Z,-33.37508333,147.92073333,1284.00,,,,,,
1228,2017-12-31T02:16:09Z,-33.37506667,147.92060000,1282.00,,,,,,
1229,2017-12-31T02:16:10Z,-33.37505000,147.92046667,1282.00,,,,,,
1230,2017-12-31T02:16:11Z,-33.37505000,147.92033333,1282.00,,,,,,
1231,2017-12-31T02:16:12Z,-33.37506667,147.92020000,1282.00,,,,,,
1232,2017-12-31T02:16:13Z,-33.37508333,147.92008333,1282.00,,,,,,
1233,2017-12-31T02:16:14Z,-33.37508333,147.91996667,1280.00,,,,,,
1234,2017-12-31T02:16:15Z,-33.37510000,147.91983333,1277.00,,,,,,
1235,2017-12-31T02:16:16Z,-33.37508333,147.91971667,1273.00,,,,,,
1236,2017-12-31T02:16:17Z,-33.37506667,147.91961667,1270.00,,,,,,
1237,2017-12-31T02:16:18Z,-33.37501667,147.91953333,1267.00,,,,,,
1238,2017-12-31T02:16:19Z,-33.37496667,147.91945000,1261.00,,,,,,
1239,2017-12-31T02:16:20Z,-33.37488333,147.91940000,1257.00,,,,,,
1240,2017-12-31T02:16:21Z,-33.37480000,147.91936667,1253.00,,,,,,
1241,2017-12-31T02:16:22Z,-33.37468333,147.91935000,1252.00,,,,,,
1242,2017-12-31T02:16:23Z,-33.37460000,147.91938333,1249.00,,,,,,
1243,2017-12-31T02:16:24Z,-33.37448333,147.91943333,1244.00,,,,,,
1244,2017-12-31T02:16:25Z,-33.37423333,147.91958333,1245.00,,,,,,
1245,2017-12-31T02:16:26Z,-33.37410000,147.91968333,1249.00,,,,,,
1246,2017-12-31T02:16:27Z,-33.37393333,147.91981667,1252.00,,,,,,
1247,2017-12-31T02:16:28Z,-33.37378333,147.91995000,1252.00,,,,,,
1248,2017-12-31T02:16:29Z,-33.37365000,147.92010000,1254.00,,,,,,
1249,2017-12-31T02:16:30Z,-33.37350000,147.92025000,1255.00,,,,,,
1250,2017-12-31T02:16:31Z,-33.37335000,147.92041667,1258.00,,,,,,
1251,2017-12-31T02:16:32Z,-33.37321667,147.92058333,1262.00,,,,,,
1252,2017-12-31T02:16:33Z,-33.37308333,147.92075000,1264.00,,,,,,
1253,2017-12-31T02:16:34Z,-33.37293333,147.92090000,1267.00,,,,,,
1254,2017-12-31T02:16:35Z,-33.37280000,147.92101667,1268.00,,,,,,
1255,2017-12-31T02:16:36Z,-33.37266667,147.92111667,1269.00,,,,,,
1256,2017-12-31T02:16:37Z,-33.37253333,147.92110000,1270.00,,,,,,
1257,2017-12-31T02:16:38Z,-33.37241667,147.92103333,1270.00,,,,,,
1258,2017-12-31T02:16:39Z,-33.37240000,147.92091667,1271.00,,,,,,
1259,2017-12-31T02:16:40Z,-33.37238333,147.92078333,1271.00,,,,,,
1260,2017-12-31T02:16:41Z,-33.37235000,147.92068333,1271.00,,,,,,
1261,2017-12-31T02:16:42Z,-33.37236667,147.92056667,1272.00,,,,,,
1262,2017-12-31T02:16:43Z,-33.37241667,147.92048333,1272.00,,,,,,
1263,2017-12-31T02:16:44Z,-33.37250000,147.92040000,1272.00,,,,,,
1264,2017-12-31T02:16:45Z,-33.37266667,147.92031667,1271.00,,,,,,
1265,2017-12-31T02:16:46Z,-33.37288333,147.92023333,1271.00,,,,,,
1266,2017-12-31T02:16:47Z,-33.37303333,147.92023333,1272.00,,,,,,
1267,2017-12-31T02:16:48Z,-33.37318333,147.92028333,1275.00,,,,,,
1268,2017-12-31T02:16:49Z,-33.37335000,147.92036667,1277.00,,,,,,
1269,2017-12-31T02:16:50Z,-33.37350000,147.92048333,1278.00,,,,,,
1270,2017-12-31T02:16:51Z,-33.37361667,147.92061667,1279.00,,,,,,
1271,2017-12-31T02:16:52Z,-33.37371667,147.92073333,1281.00,,,,,,
1272,2017-12-31T02:16:53Z,-33.37378333,147.92088333,1282.00,,,,,,
1273,2017-12-31T02:16:54Z,-33.37383333,147.92105000,1281.00,,,,,,
1274,2017-12-31T02:16:55Z,-33.37380000,147.92123333,1283.00,,,,,,
1275,2017-12-31T02:16:56Z,-33.37376667,147.92140000,1285.00,,,,,,
1276,2017-12-31T02:16:57Z,-33.37373333,147.92156667,1287.00,,,,,,
1277,2017-12-31T02:16:58Z,-33.37370000,147.92173333,1289.00,,,,,,
1278,2017-12-31T02:16:59Z,-33.37365000,147.92188333,1290.00,,,,,,
1279,2017-12-31T02:17:00Z,-33.37360000,147.92203333,1292.00,,,,,,
1280,2017-12-31T02:17:01Z,-33.37355000,147.92218333,1294.00,,,,,,
1281,2017-12-31T02:17:02Z,-33.37350000,147.92230000,1291.00,,,,,,
1282,2017-12-31T02:17:03Z,-33.37343333,147.92240000,1284.00,,,,,,
1283,2017-12-31T02:17:04Z,-33.37333333,147.92243333,1280.00,,,,,,
1284,2017-12-31T02:17:05Z,-33.37321667,147.92243333,1281.00,,,,,,
1285,2017-12-31T02:17:06Z,-33.37308333,147.92243333,1286.00,,,,,,
1286,2017-12-31T02:17:07Z,-33.37296667,147.92241667,1289.00,,,,,,
1287,2017-12-31T02:17:08Z,-33.37285000,147.92240000,1290.00,,,,,,
1288,2017-12-31T02:17:09Z,-33.37275000,147.92240000,1289.00,,,,,,
1289,2017-12-31T02:17:10Z,-33.37266667,147.92238333,1289.00,,,,,,
1290,2017-12-31T02:17:11Z,-33.37258333,147.92238333,1288.00,,,,,,
1291,2017-12-31T02:17:12Z,-33.37248333,147.92240000,1289.00,,,,,,
1292,2017-12-31T02:17:13Z,-33.37238333,147.92240000,1290.00,,,,,,
1293,2017-12-31T02:17:14Z,-33.37226667,147.92243333,1293.00,,,,,,
1294,2017-12-31T02:17:15Z,-33.37215000,147.92248333,1295.00,,,,,,
1295,2017-12-31T02:17:16Z,-33.37203333,147.92253333,1297.00,,,,,,
1296,2017-12-31T02:17:17Z,-33.37193333,147.92261667,1298.00,,,,,,
1297,2017-12-31T02:17:18Z,-33.37185000,147.92270000,1299.00,,,,,,
1298,2017-12-31T02:17:19Z,-33.37176667,147.92281667,1300.00,,,,,,
1299,2017-12-31T02:17:20Z,-33.37168333,147.92296667,1302.00,,,,,,
1300,2017-12-31T02:17:21Z,-33.37161667,147.92310000,1304.00,,,,,,
1301,2017-12-31T02:17:22Z,-33.37153333,147.92325000,1306.00,,,,,,
1302,2017-12-31T02:17:23Z,-33.37146667,147.92336667,1308.00,,,,,,
1303,2017-12-31T02:17:24Z,-33.37140000,147.92348333,1309.00,,,,,,
1304,2017-12-31T02:17:25Z,-33.37133333,147.92358333,1309.00,,,,,,
1305,2017-12-31T02:17:26Z,-33.37125000,147.92370000,1308.00,,,,,,
1306,2017-12-31T02:17:27Z,-33.37116667,147.92380000,1308.00,,,,,,
1307,2017-12-31T02:17:28Z,-33.37110000,147.92391667,1308.00,,,,,,
1308,2017-12-31T02:17:29Z,-33.37100000,147.92401667,1309.00,,,,,,
1309,2017-12-31T02:17:30Z,-33.37090000,147.92413333,1311.00,,,,,,
1310,2017-12-31T02:17:31Z,-33.37080000,147.92423333,1313.00,,,,,,
1311,2017-12-31T02:17:32Z,-33.37070000,147.92433333,1317.00,,,,,,
1312,2017-12-31T02:17:33Z,-33.37060000,147.92441667,1318.00,,,,,,
1313,2017-12-31T02:17:34Z,-33.37048333,147.92450000,1318.00,,,,,,
1314,2017-12-31T02:17:35Z,-33.37040000,147.92456667,1316.00,,,,,,
1315,2017-12-31T02:17:36Z,-33.37030000,147.92463333,1315.00,,,,,,
1316,2017-12-31T02:17:37Z,-33.37021667,147.92470000,1312.00,,,,,,
1317,2017-12-31T02:17:38Z,-33.37011667,147.92478333,1308.00,,,,,,
1318,2017-12-31T02:17:39Z,-33.37001667,147.92488333,1306.00,,,,,,
1319,2017-12-31T02:17:40Z,-33.36990000,147.92500000,1304.00,,,,,,
1320,2017-12-31T02:17:41Z,-33.36980000,147.92511667,1303.00,,,,,,
1321,2017-12-31T02:17:42Z,-33.36968333,147.92521667,1302.00,,,,,,
1322,2017-12-31T02:17:43Z,-33.36958333,147.92533333,1300.00,,,,,,
1323,2017-12-31T02:17:44Z,-33.36948333,147.92545000,1299.00,,,,,,
1324,2017-12-31T02:17:45Z,-33.36938333,147.92555000,1298.00,,,,,,
1325,2017-12-31T02:17:46Z,-33.36930000,147.92566667,1296.00,,,,,,
1326,2017-12-31T02:17:47Z,-33.36918333,147.92578333,1293.00,,,,,,
1327,2017-12-31T02:17:48Z,-33.36906667,147.92588333,1289.00,,,,,,
1328,2017-12-31T02:17:49Z,-33.36898333,147.92600000,1288.00,,,,,,
1329,2017-12-31T02:17:50Z,-33.36883333,147.92613333,1288.00,,,,,,
1330,2017-12-31T02:17:51Z,-33.36871667,147.92626667,1288.00,,,,,,
1331,2017-12-31T02:17:52Z,-33.36858333,147.92638333,1285.00,,,,,,
1332,2017-12-31T02:17:53Z,-33.36846667,147.92651667,1279.00,,,,,,
1333,2017-12-31T02:17:54Z,-33.36833333,147.92666667,1275.00,,,,,,
1334,2017-12-31T02:17:55Z,-33.36820000,147.92681667,1276.00,,,,,,
1335,2017-12-31T02:17:56Z,-33.36808333,147.92696667,1276.00,,,,,,
1336,2017-12-31T02:17:57Z,-33.36795000,147.92711667,1275.00,,,,,,
1337,2017-12-31T02:17:58Z,-33.36781667,147.92726667,1270.00,,,,,,
1338,2017-12-31T02:17:59Z,-33.36770000,147.92741667,1264.00,,,,,,
1339,2017-12-31T02:18:00Z,-33.36756667,147.92756667,1262.00,,,,,,
1340,2017-12-31T02:18:01Z,-33.36743333,147.92771667,1259.00,,,,,,
1341,2017-12-31T02:18:02Z,-33.36730000,147.92786667,1256.00,,,,,,
1342,2017-12-31T02:18:03Z,-33.36715000,147.92800000,1254.00,,,,,,
1343,2017-12-31T02:18:04Z,-33.36701667,147.92811667,1251.00,,,,,,
1344,2017-12-31T02:18:05Z,-33.36688333,147.92823333,1250.00,,,,,,
1345,2017-12-31T02:18:06Z,-33.36675000,147.92835000,1247.00,,,,,,
1346,2017-12-31T02:18:07Z,-33.36663333,147.92845000,1249.00,,,,,,
1347,2017-12-31T02:18:08Z,-33.36651667,147.92856667,1249.00,,,,,,
1348,2017-12-31T02:18:09Z,-33.36641667,147.92868333,1246.00,,,,,,
1349,2017-12-31T02:18:10Z,-33.36630000,147.92881667,1243.00,,,,,,
1350,2017-12-31T02:18:11Z,-33.36618333,147.92895000,1242.00,,,,,,
1351,2017-12-31T02:18:12Z,-33.36608333,147.92913333,1245.00,,,,,,
1352,2017-12-31T02:18:13Z,-33.36598333,147.92930000,1247.00,,,,,,
1353,2017-12-31T02:18:14Z,-33.36591667,147.92950000,1249.00,,,,,,
1354,2017-12-31T02:18:15Z,-33.36583333,147.92971667,1250.00,,,,,,
1355,2017-12-31T02:18:16Z,-33.36576667,147.92990000,1251.00,,,,,,
1356,2017-12-31T02:18:17Z,-33.36570000,147.93010000,1251.00,,,,,,
1357,2017-12-31T02:18:18Z,-33.36563333,147.93030000,1250.00,,,,,,
1358,2017-12-31T02:18:19Z,-33.36556667,147.93048333,1251.00,,,,,,
1359,2017-12-31T02:18:20Z,-33.36551667,147.93066667,1253.00,,,,,,
1360,2017-12-31T02:18:21Z,-33.36545000,147.93085000,1253.00,,,,,,
1361,2017-12-31T02:18:22Z,-33.36536667,147.93103333,1254.00,,,,,,
1362,2017-12-31T02:18:23Z,-33.36530000,147.93120000,1254.00,,,,,,
1363,2017-12-31T02:18:24Z,-33.36521667,147.93138333,1255.00,,,,,,
1364,2017-12-31T02:18:25Z,-33.36513333,147.93153333,1257.00,,,,,,
1365,2017-12-31T02:18:26Z,-33.36503333,147.93168333,1258.00,,,,,,
1366,2017-12-31T02:18:27Z,-33.36493333,147.93181667,1259.00,,,,,,
1367,2017-12-31T02:18:28Z,-33.36481667,147.93196667,1261.00,,,,,,
1368,2017-12-31T02:18:29Z,-33.36468333,147.93208333,1260.00,,,,,,
1369,2017-12-31T02:18:30Z,-33.36455000,147.93220000,1259.00,,,,,,
1370,2017-12-31T02:18:31Z,-33.36441667,147.93231667,1259.00,,,,,,
1371,2017-12-31T02:18:32Z,-33.36426667,147.93241667,1260.00,,,,,,
1372,2017-12-31T02:18:33Z,-33.36413333,147.93253333,1260.00,,,,,,
1373,2017-12-31T02:18:34Z,-33.36398333,147.93265000,1262.00,,,,,,
1374,2017-12-31T02:18:35Z,-33.36386667,147.93275000,1263.00,,,,,,
1375,2017-12-31T02:18:36Z,-33.36375000,147.93288333,1265.00,,,,,,
1376,2017-12-31T02:18:37Z,-33.36361667,147.93300000,1266.00,,,,,,
1377,2017-12-31T02:18:38Z,-33.36350000,147.93313333,1268.00,,,,,,
1378,2017-12-31T02:18:39Z,-33.36338333,147.93325000,1267.00,,,,,,
1379,2017-12-31T02:18:40Z,-33.36325000,147.93340000,1263.00,,,,,,
1380,2017-12-31T02:18:41Z,-33.36311667,147.93355000,1262.00,,,,,,
1381,2017-12-31T02:18:42Z,-33.36298333,147.93371667,1267.00,,,,,,
1382,2017-12-31T02:18:43Z,-33.36285000,147.93388333,1273.00,,,,,,
1383,2017-12-31T02:18:44Z,-33.36271667,147.93405000,1278.00,,,,,,
1384,2017-12-31T02:18:45Z,-33.36256667,147.93420000,1280.00,,,,,,
1385,2017-12-31T02:18:46Z,-33.36243333,147.93433333,1283.00,,,,,,
1386,2017-12-31T02:18:47Z,-33.36230000,147.93443333,1288.00,,,,,,
1387,2017-12-31T02:18:48Z,-33.36216667,147.93443333,1294.00,,,,,,
1388,2017-12-31T02:18:49Z,-33.36206667,147.93438333,1298.00,,,,,,
1389,2017-12-31T02:18:50Z,-33.36205000,147.93426667,1299.00,,,,,,
1390,2017-12-31T02:18:51Z,-33.36208333,147.93416667,1299.00,,,,,,
1391,2017-12-31T02:18:52Z,-33.36215000,147.93411667,1299.00,,,,,,
1392,2017-12-31T02:18:53Z,-33.36228333,147.93411667,1301.00,,,,,,
1393,2017-12-31T02:18:54Z,-33.36240000,147.93418333,1302.00,,,,,,
1394,2017-12-31T02:18:55Z,-33.36250000,147.93430000,1304.00,,,,,,
1395,2017-12-31T02:18:56Z,-33.36258333,147.93445000,1307.00,,,,,,
1396,2017-12-31T02:18:57Z,-33.36265000,147.93461667,1309.00,,,,,,
1397,2017-12-31T02:18:58Z,-33.36271667,147.93476667,1310.00,,,,,,
1398,2017-12-31T02:18:59Z,-33.36266667,147.93498333,1312.00,,,,,,
1399,2017-12-31T02:19:00Z,-33.36258333,147.93515000,1314.00,,,,,,
1400,2017-12-31T02:19:01Z,-33.36246667,147.93528333,1316.00,,,,,,
1401,2017-12-31T02:19:02Z,-33.36233333,147.93540000,1319.00,,,,,,
1402,2017-12-31T02:19:03Z,-33.36220000,147.93550000,1324.00,,,,,,
1403,2017-12-31T02:19:04Z,-33.36206667,147.93558333,1330.00,,,,,,
1404,2017-12-31T02:19:05Z,-33.36195000,147.93563333,1333.00,,,,,,
1405,2017-12-31T02:19:06Z,-33.36183333,147.93570000,1335.00,,,,,,
1406,2017-12-31T02:19:07Z,-33.36171667,147.93573333,1337.00,,,,,,
1407,2017-12-31T02:19:08Z,-33.36158333,147.93576667,1340.00,,,,,,
1408,2017-12-31T02:19:09Z,-33.36146667,147.93578333,1344.00,,,,,,
1409,2017-12-31T02:19:10Z,-33.36136667,147.93580000,1346.00,,,,,,
1410,2017-12-31T02:19:11Z,-33.36125000,147.93583333,1350.00,,,,,,
1411,2017-12-31T02:19:12Z,-33.36113333,147.93583333,1354.00,,,,,,
1412,2017-12-31T02:19:13Z,-33.36103333,147.93580000,1358.00,,,,,,
1413,2017-12-31T02:19:14Z,-33.36095000,147.93573333,1364.00,,,,,,
1414,2017-12-31T02:19:15Z,-33.36088333,147.93568333,1367.00,,,,,,
1415,2017-12-31T02:19:16Z,-33.36086667,147.93563333,1371.00,,,,,,
1416,2017-12-31T02:19:17Z,-33.36085000,147.93556667,1374.00,,,,,,
1417,2017-12-31T02:19:18Z,-33.36088333,147.93553333,1376.00,,,,,,
1418,2017-12-31T02:19:19Z,-33.36098333,147.93550000,1381.00,,,,,,
1419,2017-12-31T02:19:20Z,-33.36113333,147.93548333,1384.00,,,,,,
1420,2017-12-31T02:19:21Z,-33.36125000,147.93558333,1389.00,,,,,,
1421,2017-12-31T02:19:22Z,-33.36131667,147.93575000,1394.00,,,,,,
1422,2017-12-31T02:19:23Z,-33.36133333,147.93593333,1398.00,,,,,,
1423,2017-12-31T02:19:24Z,-33.36131667,147.93611667,1403.00,,,,,,
1424,2017-12-31T02:19:25Z,-33.36126667,147.93626667,1405.00,,,,,,
1425,2017-12-31T02:19:26Z,-33.36118333,147.93641667,1410.00,,,,,,
1426,2017-12-31T02:19:27Z,-33.36108333,147.93653333,1416.00,,,,,,
1427,2017-12-31T02:19:28Z,-33.36100000,147.93663333,1421.00,,,,,,
1428,2017-12-31T02:19:29Z,-33.36088333,147.93668333,1424.00,,,,,,
1429,2017-12-31T02:19:30Z,-33.36080000,147.93670000,1426.00,,,,,,
1430,2017-12-31T02:19:31Z,-33.36071667,147.93666667,1428.00,,,,,,
1431,2017-12-31T02:19:32Z,-33.36065000,147.93663333,1432.00,,,,,,
1432,2017-12-31T02:19:33Z,-33.36066667,147.93651667,1435.00,,,,,,
1433,2017-12-31T02:19:34Z,-33.36070000,147.93643333,1440.00,,,,,,
1434,2017-12-31T02:19:35Z,-33.36078333,147.93633333,1444.00,,,,,,
1435,2017-12-31T02:19:36Z,-33.36086667,147.93625000,1448.00,,,,,,
1436,2017-12-31T02:19:37Z,-33.36101667,147.93620000,1451.00,,,,,,
1437,2017-12-31T02:19:38Z,-33.36115000,147.93625000,1453.00,,,,,,
1438,2017-12-31T02:19:39Z,-33.36126667,147.93635000,1454.00,,,,,,
1439,2017-12-31T02:19:40Z,-33.36133333,147.93648333,1456.00,,,,,,
1440,2017-12-31T02:19:41Z,-33.36136667,147.93668333,1461.00,,,,,,
1441,2017-12-31T02:19:42Z,-33.36136667,147.93686667,1467.00,,,,,,
1442,2017-12-31T02:19:43Z,-33.36133333,147.93703333,1474.00,,,,,,
1443,2017-12-31T02:19:44Z,-33.36128333,147.93718333,1478.00,,,,,,
1444,2017-12-31T02:19:45Z,-33.36118333,147.93728333,1480.00,,,,,,
1445,2017-12-31T02:19:46Z,-33.36110000,147.93735000,1483.00,,,,,,
1446,2017-12-31T02:19:47Z,-33.36100000,147.93733333,1488.00,,,,,,
1447,2017-12-31T02:19:48Z,-33.36093333,147.93730000,1493.00,,,,,,
1448,2017-12-31T02:19:49Z,-33.36086667,147.93725000,1499.00,,,,,,
1449,2017-12-31T02:19:50Z,-33.36085000,147.93718333,1500.00,,,,,,
1450,2017-12-31T02:19:51Z,-33.36085000,147.93711667,1503.00,,,,,,
1451,2017-12-31T02:19:52Z,-33.36091667,147.93705000,1506.00,,,,,,
1452,2017-12-31T02:19:53Z,-33.36101667,147.93701667,1510.00,,,,,,
1453,2017-12-31T02:19:54Z,-33.36115000,147.93701667,1514.00,,,,,,
1454,2017-12-31T02:19:55Z,-33.36130000,147.93701667,1516.00,,,,,,
1455,2017-12-31T02:19:56Z,-33.36143333,147.93706667,1519.00,,,,,,
1456,2017-12-31T02:19:57Z,-33.36156667,147.93716667,1519.00,,,,,,
1457,2017-12-31T02:19:58Z,-33.36168333,147.93730000,1521.00,,,,,,
1458,2017-12-31T02:19:59Z,-33.36173333,147.93748333,1527.00,,,,,,
1459,2017-12-31T02:20:00Z,-33.36173333,147.93766667,1531.00,,,,,,
1460,2017-12-31T02:20:01Z,-33.36171667,147.93783333,1536.00,,,,,,
1461,2017-12-31T02:20:02Z,-33.36168333,147.93798333,1540.00,,,,,,
1462,2017-12-31T02:20:03Z,-33.36161667,147.93813333,1541.00,,,,,,
1463,2017-12-31T02:20:04Z,-33.36155000,147.93828333,1546.00,,,,,,
1464,2017-12-31T02:20:05Z,-33.36141667,147.93825000,1549.00,,,,,,
1465,2017-12-31T02:20:06Z,-33.36133333,147.93821667,1552.00,,,,,,
1466,2017-12-31T02:20:07Z,-33.36128333,147.93816667,1556.00,,,,,,
1467,2017-12-31T02:20:08Z,-33.36126667,147.93810000,1559.00,,,,,,
1468,2017-12-31T02:20:09Z,-33.36123333,147.93801667,1563.00,,,,,,
1469,2017-12-31T02:20:10Z,-33.36135000,147.93790000,1567.00,,,,,,
1470,2017-12-31T02:20:11Z,-33.36143333,147.93785000,1571.00,,,,,,
1471,2017-12-31T02:20:12Z,-33.36153333,147.93783333,1574.00,,,,,,
1472,2017-12-31T02:20:13Z,-33.36165000,147.93783333,1577.00,,,,,,
1473,2017-12-31T02:20:14Z,-33.36180000,147.93788333,1577.00,,,,,,
1474,2017-12-31T02:20:15Z,-33.36190000,147.93798333,1577.00,,,,,,
1475,2017-12-31T02:20:16Z,-33.36203333,147.93815000,1578.00,,,,,,
1476,2017-12-31T02:20:17Z,-33.36210000,147.93833333,1582.00,,,,,,
1477,2017-12-31T02:20:18Z,-33.36213333,147.93853333,1587.00,,,,,,
1478,2017-12-31T02:20:19Z,-33.36211667,147.93871667,1591.00,,,,,,
1479,2017-12-31T02:20:20Z,-33.36208333,147.93888333,1591.00,,,,,,
1480,2017-12-31T02:20:21Z,-33.36201667,147.93901667,1592.00,,,,,,
1481,2017-12-31T02:20:22Z,-33.36193333,147.93915000,1595.00,,,,,,
1482,2017-12-31T02:20:23Z,-33.36183333,147.93921667,1600.00,,,,,,
1483,2017-12-31T02:20:24Z,-33.36175000,147.93923333,1606.00,,,,,,
1484,2017-12-31T02:20:25Z,-33.36166667,147.93918333,1610.00,,,,,,
1485,2017-12-31T02:20:26Z,-33.36165000,147.93911667,1612.00,,,,,,
1486,2017-12-31T02:20:27Z,-33.36165000,147.93903333,1614.00,,,,,,
1487,2017-12-31T02:20:28Z,-33.36170000,147.93893333,1616.00,,,,,,
1488,2017-12-31T02:20:29Z,-33.36175000,147.93885000,1618.00,,,,,,
1489,2017-12-31T02:20:30Z,-33.36181667,147.93875000,1619.00,,,,,,
1490,2017-12-31T02:20:31Z,-33.36191667,147.93870000,1621.00,,,,,,
1491,2017-12-31T02:20:32Z,-33.36210000,147.93875000,1622.00,,,,,,
1492,2017-12-31T02:20:33Z,-33.36223333,147.93886667,1620.00,,,,,,
1493,2017-12-31T02:20:34Z,-33.36235000,147.93903333,1621.00,,,,,,
1494,2017-12-31T02:20:35Z,-33.36245000,147.93918333,1625.00,,,,,,
1495,2017-12-31T02:20:36Z,-33.36256667,147.93935000,1629.00,,,,,,
1496,2017-12-31T02:20:37Z,-33.36265000,147.93950000,1634.00,,,,,,
1497,2017-12-31T02:20:38Z,-33.36271667,147.93965000,1637.00,,,,,,
1498,2017-12-31T02:20:39Z,-33.36273333,147.93983333,1639.00,,,,,,
1499,2017-12-31T02:20:40Z,-33.36251667,147.94013333,1640.00,,,,,,
1500,2017-12-31T02:20:41Z,-33.36245000,147.94030000,1643.00,,,,,,
1501,2017-12-31T02:20:42Z,-33.36235000,147.94040000,1647.00,,,,,,
1502,2017-12-31T02:20:43Z,-33.36225000,147.94050000,1650.00,,,,,,
1503,2017-12-31T02:20:44Z,-33.36215000,147.94055000,1652.00,,,,,,
1504,2017-12-31T02:20:45Z,-33.36205000,147.94056667,1654.00,,,,,,
1505,2017-12-31T02:20:46Z,-33.36195000,147.94055000,1657.00,,,,,,
1506,2017-12-31T02:20:47Z,-33.36186667,147.94051667,1660.00,,,,,,
1507,2017-12-31T02:20:48Z,-33.36186667,147.94043333,1664.00,,,,,,
1508,2017-12-31T02:20:49Z,-33.36190000,147.94035000,1668.00,,,,,,
1509,2017-12-31T02:20:50Z,-33.36200000,147.94026667,1670.00,,,,,,
1510,2017-12-31T02:20:51Z,-33.36208333,147.94020000,1674.00,,,,,,
1511,2017-12-31T02:20:52Z,-33.36220000,147.94016667,1677.00,,,,,,
1512,2017-12-31T02:20:53Z,-33.36233333,147.94016667,1680.00,,,,,,
1513,2017-12-31T02:20:54Z,-33.36245000,147.94023333,1685.00,,,,,,
1514,2017-12-31T02:20:55Z,-33.36256667,147.94035000,1686.00,,,,,,
1515,2017-12-31T02:20:56Z,-33.36266667,147.94048333,1686.00,,,,,,
1516,2017-12-31T02:20:57Z,-33.36275000,147.94063333,1688.00,,,,,,
1517,2017-12-31T02:20:58Z,-33.36281667,147.94081667,1692.00,,,,,,
1518,2017-12-31T02:20:59Z,-33.36278333,147.94101667,1697.00,,,,,,
1519,2017-12-31T02:21:00Z,-33.36273333,147.94120000,1699.00,,,,,,
1520,2017-12-31T02:21:01Z,-33.36265000,147.94133333,1701.00,,,,,,
1521,2017-12-31T02:21:02Z,-33.36256667,147.94145000,1702.00,,,,,,
1522,2017-12-31T02:21:03Z,-33.36246667,147.94151667,1704.00,,,,,,
1523,2017-12-31T02:21:04Z,-33.36233333,147.94150000,1709.00,,,,,,
1524,2017-12-31T02:21:05Z,-33.36230000,147.94141667,1712.00,,,,,,
1525,2017-12-31T02:21:06Z,-33.36228333,147.94133333,1715.00,,,,,,
1526,2017-12-31T02:21:07Z,-33.36230000,147.94123333,1717.00,,,,,,
1527,2017-12-31T02:21:08Z,-33.36235000,147.94115000,1719.00,,,,,,
1528,2017-12-31T02:21:09Z,-33.36240000,147.94105000,1722.00,,,,,,
1529,2017-12-31T02:21:10Z,-33.36256667,147.94100000,1726.00,,,,,,
1530,2017-12-31T02:21:11Z,-33.36271667,147.94100000,1730.00,,,,,,
1531,2017-12-31T02:21:12Z,-33.36285000,147.94108333,1733.00,,,,,,
1532,2017-12-31T02:21:13Z,-33.36296667,147.94118333,1735.00,,,,,,
1533,2017-12-31T02:21:14Z,-33.36308333,147.94128333,1737.00,,,,,,
1534,2017-12-31T02:21:15Z,-33.36311667,147.94151667,1739.00,,,,,,
1535,2017-12-31T02:21:16Z,-33.36316667,147.94170000,1742.00,,,,,,
1536,2017-12-31T02:21:17Z,-33.36313333,147.94190000,1745.00,,,,,,
1537,2017-12-31T02:21:18Z,-33.36310000,147.94206667,1747.00,,,,,,
1538,2017-12-31T02:21:19Z,-33.36303333,147.94220000,1751.00,,,,,,
1539,2017-12-31T02:21:20Z,-33.36295000,147.94228333,1752.00,,,,,,
1540,2017-12-31T02:21:21Z,-33.36286667,147.94236667,1752.00,,,,,,
1541,2017-12-31T02:21:22Z,-33.36276667,147.94240000,1753.00,,,,,,
1542,2017-12-31T02:21:23Z,-33.36268333,147.94241667,1756.00,,,,,,
1543,2017-12-31T02:21:24Z,-33.36258333,147.94240000,1760.00,,,,,,
1544,2017-12-31T02:21:25Z,-33.36255000,147.94228333,1762.00,,,,,,
1545,2017-12-31T02:21:26Z,-33.36250000,147.94220000,1763.00,,,,,,
1546,2017-12-31T02:21:27Z,-33.36246667,147.94211667,1765.00,,,,,,
1547,2017-12-31T02:21:28Z,-33.36248333,147.94203333,1767.00,,,,,,
1548,2017-12-31T02:21:29Z,-33.36253333,147.94193333,1770.00,,,,,,
1549,2017-12-31T02:21:30Z,-33.36270000,147.94185000,1772.00,,,,,,
1550,2017-12-31T02:21:31Z,-33.36286667,147.94181667,1775.00,,,,,,
1551,2017-12-31T02:21:32Z,-33.36306667,147.94186667,1777.00,,,,,,
1552,2017-12-31T02:21:33Z,-33.36320000,147.94196667,1779.00,,,,,,
1553,2017-12-31T02:21:34Z,-33.36333333,147.94211667,1781.00,,,,,,
1554,2017-12-31T02:21:35Z,-33.36345000,147.94228333,1784.00,,,,,,
1555,2017-12-31T02:21:36Z,-33.36353333,147.94245000,1787.00,,,,,,
1556,2017-12-31T02:21:37Z,-33.36360000,147.94261667,1789.00,,,,,,
1557,2017-12-31T02:21:38Z,-33.36355000,147.94281667,1792.00,,,,,,
1558,2017-12-31T02:21:39Z,-33.36350000,147.94298333,1795.00,,,,,,
1559,2017-12-31T02:21:40Z,-33.36343333,147.94311667,1796.00,,,,,,
1560,2017-12-31T02:21:41Z,-33.36336667,147.94323333,1796.00,,,,,,
1561,2017-12-31T02:21:42Z,-33.36328333,147.94331667,1797.00,,,,,,
1562,2017-12-31T02:21:43Z,-33.36320000,147.94336667,1799.00,,,,,,
1563,2017-12-31T02:21:44Z,-33.36310000,147.94336667,1801.00,,,,,,
1564,2017-12-31T02:21:45Z,-33.36301667,147.94330000,1802.00,,,,,,
1565,2017-12-31T02:21:46Z,-33.36295000,147.94325000,1803.00,,,,,,
1566,2017-12-31T02:21:47Z,-33.36290000,147.94318333,1805.00,,,,,,
1567,2017-12-31T02:21:48Z,-33.36288333,147.94310000,1808.00,,,,,,
1568,2017-12-31T02:21:49Z,-33.36290000,147.94300000,1810.00,,,,,,
1569,2017-12-31T02:21:50Z,-33.36316667,147.94281667,1812.00,,,,,,
1570,2017-12-31T02:21:51Z,-33.36328333,147.94273333,1815.00,,,,,,
1571,2017-12-31T02:21:52Z,-33.36341667,147.94266667,1818.00,,,,,,
1572,2017-12-31T02:21:53Z,-33.36356667,147.94266667,1821.00,,,,,,
1573,2017-12-31T02:21:54Z,-33.36370000,147.94268333,1825.00,,,,,,
1574,2017-12-31T02:21:55Z,-33.36386667,147.94278333,1828.00,,,,,,
1575,2017-12-31T02:21:56Z,-33.36400000,147.94288333,1830.00,,,,,,
1576,2017-12-31T02:21:57Z,-33.36411667,147.94300000,1831.00,,,,,,
1577,2017-12-31T02:21:58Z,-33.36423333,147.94313333,1831.00,,,,,,
1578,2017-12-31T02:21:59Z,-33.36431667,147.94330000,1832.00,,,,,,
1579,2017-12-31T02:22:00Z,-33.36433333,147.94350000,1834.00,,,,,,
1580,2017-12-31T02:22:01Z,-33.36433333,147.94368333,1836.00,,,,,,
1581,2017-12-31T02:22:02Z,-33.36431667,147.94386667,1837.00,,,,,,
1582,2017-12-31T02:22:03Z,-33.36426667,147.94403333,1838.00,,,,,,
1583,2017-12-31T02:22:04Z,-33.36418333,147.94415000,1839.00,,,,,,
1584,2017-12-31T02:22:05Z,-33.36406667,147.94425000,1840.00,,,,,,
1585,2017-12-31T02:22:06Z,-33.36396667,147.94433333,1840.00,,,,,,
1586,2017-12-31T02:22:07Z,-33.36388333,147.94440000,1841.00,,,,,,
1587,2017-12-31T02:22:08Z,-33.36378333,147.94445000,1842.00,,,,,,
1588,2017-12-31T02:22:09Z,-33.36366667,147.94446667,1844.00,,,,,,
1589,2017-12-31T02:22:10Z,-33.36358333,147.94446667,1846.00,,,,,,
1590,2017-12-31T02:22:11Z,-33.36350000,147.94441667,1847.00,,,,,,
1591,2017-12-31T02:22:12Z,-33.36343333,147.94436667,1847.00,,,,,,
1592,2017-12-31T02:22:13Z,-33.36340000,147.94428333,1846.00,,,,,,
1593,2017-12-31T02:22:14Z,-33.36338333,147.94420000,1848.00,,,,,,
1594,2017-12-31T02:22:15Z,-33.36348333,147.94406667,1851.00,,,,,,
1595,2017-12-31T02:22:16Z,-33.36351667,147.94396667,1854.00,,,,,,
1596,2017-12-31T02:22:17Z,-33.36360000,147.94386667,1855.00,,,,,,
1597,2017-12-31T02:22:18Z,-33.36386667,147.94383333,1855.00,,,,,,
1598,2017-12-31T02:22:19Z,-33.36403333,147.94385000,1857.00,,,,,,
1599,2017-12-31T02:22:20Z,-33.36421667,147.94391667,1859.00,,,,,,
1600,2017-12-31T02:22:21Z,-33.36436667,147.94401667,1863.00,,,,,,
1601,2017-12-31T02:22:22Z,-33.36450000,147.94413333,1866.00,,,,,,
1602,2017-12-31T02:22:23Z,-33.36460000,147.94426667,1867.00,,,,,,
1603,2017-12-31T02:22:24Z,-33.36466667,147.94441667,1867.00,,,,,,
1604,2017-12-31T02:22:25Z,-33.36466667,147.94465000,1868.00,,,,,,
1605,2017-12-31T02:22:26Z,-33.36468333,147.94483333,1869.00,,,,,,
1606,2017-12-31T02:22:27Z,-33.36466667,147.94501667,1871.00,,,,,,
1607,2017-12-31T02:22:28Z,-33.36461667,147.94516667,1872.00,,,,,,
1608,2017-12-31T02:22:29Z,-33.36456667,147.94531667,1872.00,,,,,,
1609,2017-12-31T02:22:30Z,-33.36448333,147.94543333,1873.00,,,,,,
1610,2017-12-31T02:22:31Z,-33.36440000,147.94551667,1874.00,,,,,,
1611,2017-12-31T02:22:32Z,-33.36430000,147.94553333,1875.00,,,,,,
1612,2017-12-31T02:22:33Z,-33.36420000,147.94551667,1875.00,,,,,,
1613,2017-12-31T02:22:34Z,-33.36411667,147.94550000,1875.00,,,,,,
1614,2017-12-31T02:22:35Z,-33.36408333,147.94545000,1874.00,,,,,,
1615,2017-12-31T02:22:36Z,-33.36403333,147.94536667,1875.00,,,,,,
1616,2017-12-31T02:22:37Z,-33.36401667,147.94528333,1877.00,,,,,,
1617,2017-12-31T02:22:38Z,-33.36400000,147.94520000,1881.00,,,,,,
1618,2017-12-31T02:22:39Z,-33.36403333,147.94511667,1884.00,,,,,,
1619,2017-12-31T02:22:40Z,-33.36416667,147.94500000,1885.00,,,,,,
1620,2017-12-31T02:22:41Z,-33.36428333,147.94490000,1886.00,,,,,,
1621,2017-12-31T02:22:42Z,-33.36440000,147.94483333,1887.00,,,,,,
1622,2017-12-31T02:22:43Z,-33.36453333,147.94481667,1887.00,,,,,,
1623,2017-12-31T02:22:44Z,-33.36468333,147.94485000,1888.00,,,,,,
1624,2017-12-31T02:22:45Z,-33.36486667,147.94493333,1890.00,,,,,,
1625,2017-12-31T02:22:46Z,-33.36500000,147.94505000,1892.00,,,,,,
1626,2017-12-31T02:22:47Z,-33.36511667,147.94518333,1893.00,,,,,,
1627,2017-12-31T02:22:48Z,-33.36521667,147.94533333,1895.00,,,,,,
1628,2017-12-31T02:22:49Z,-33.36525000,147.94551667,1897.00,,,,,,
1629,2017-12-31T02:22:50Z,-33.36521667,147.94575000,1897.00,,,,,,
1630,2017-12-31T02:22:51Z,-33.36520000,147.94591667,1896.00,,,,,,
1631,2017-12-31T02:22:52Z,-33.36515000,147.94606667,1896.00,,,,,,
1632,2017-12-31T02:22:53Z,-33.36508333,147.94620000,1896.00,,,,,,
1633,2017-12-31T02:22:54Z,-33.36501667,147.94631667,1896.00,,,,,,
1634,2017-12-31T02:22:55Z,-33.36491667,147.94638333,1896.00,,,,,,
1635,2017-12-31T02:22:56Z,-33.36483333,147.94645000,1896.00,,,,,,
1636,2017-12-31T02:22:57Z,-33.36475000,147.94650000,1897.00,,,,,,
1637,2017-12-31T02:22:58Z,-33.36465000,147.94651667,1900.00,,,,,,
1638,2017-12-31T02:22:59Z,-33.36456667,147.94650000,1902.00,,,,,,
1639,2017-12-31T02:23:00Z,-33.36446667,147.94648333,1903.00,,,,,,
1640,2017-12-31T02:23:01Z,-33.36438333,147.94645000,1904.00,,,,,,
1641,2017-12-31T02:23:02Z,-33.36431667,147.94641667,1904.00,,,,,,
1642,2017-12-31T02:23:03Z,-33.36426667,147.94636667,1902.00,,,,,,
1643,2017-12-31T02:23:04Z,-33.36421667,147.94630000,1900.00,,,,,,
1644,2017-12-31T02:23:05Z,-33.36423333,147.94613333,1901.00,,,,,,
1645,2017-12-31T02:23:06Z,-33.36421667,147.94603333,1903.00,,,,,,
1646,2017-12-31T02:23:07Z,-33.36421667,147.94593333,1903.00,,,,,,
1647,2017-12-31T02:23:08Z,-33.36425000,147.94583333,1903.00,,,,,,
1648,2017-12-31T02:23:09Z,-33.36426667,147.94573333,1900.00,,,,,,
1649,2017-12-31T02:23:10Z,-33.36428333,147.94565000,1896.00,,,,,,
1650,2017-12-31T02:23:11Z,-33.36430000,147.94555000,1891.00,,,,,,
1651,2017-12-31T02:23:12Z,-33.36435000,147.94545000,1887.00,,,,,,
1652,2017-12-31T02:23:13Z,-33.36438333,147.94533333,1886.00,,,,,,
1653,2017-12-31T02:23:14Z,-33.36441667,147.94520000,1887.00,,,,,,
1654,2017-12-31T02:23:15Z,-33.36446667,147.94505000,1886.00,,,,,,
1655,2017-12-31T02:23:16Z,-33.36448333,147.94491667,1885.00,,,,,,
1656,2017-12-31T02:23:17Z,-33.36450000,147.94480000,1883.00,,,,,,
1657,2017-12-31T02:23:18Z,-33.36450000,147.94466667,1884.00,,,,,,
1658,2017-12-31T02:23:19Z,-33.36446667,147.94455000,1886.00,,,,,,
1659,2017-12-31T02:23:20Z,-33.36438333,147.94445000,1887.00,,,,,,
1660,2017-12-31T02:23:21Z,-33.36431667,147.94433333,1888.00,,,,,,
1661,2017-12-31T02:23:22Z,-33.36425000,147.94421667,1890.00,,,,,,
1662,2017-12-31T02:23:23Z,-33.36418333,147.94408333,1892.00,,,,,,
1663,2017-12-31T02:23:24Z,-33.36411667,147.94396667,1894.00,,,,,,
1664,2017-12-31T02:23:25Z,-33.36406667,147.94385000,1894.00,,,,,,
1665,2017-12-31T02:23:26Z,-33.36401667,147.94373333,1894.00,,,,,,
1666,2017-12-31T02:23:27Z,-33.36395000,147.94360000,1891.00,,,,,,
1667,2017-12-31T02:23:28Z,-33.36391667,147.94346667,1889.00,,,,,,
1668,2017-12-31T02:23:29Z,-33.36390000,147.94331667,1889.00,,,,,,
1669,2017-12-31T02:23:30Z,-33.36391667,147.94315000,1890.00,,,,,,
1670,2017-12-31T02:23:31Z,-33.36391667,147.94298333,1891.00,,,,,,
1671,2017-12-31T02:23:32Z,-33.36391667,147.94281667,1893.00,,,,,,
1672,2017-12-31T02:23:33Z,-33.36393333,147.94265000,1895.00,,,,,,
1673,2017-12-31T02:23:34Z,-33.36395000,147.94248333,1897.00,,,,,,
1674,2017-12-31T02:23:35Z,-33.36396667,147.94231667,1898.00,,,,,,
1675,2017-12-31T02:23:36Z,-33.36396667,147.94216667,1899.00,,,,,,
1676,2017-12-31T02:23:37Z,-33.36395000,147.94201667,1901.00,,,,,,
1677,2017-12-31T02:23:38Z,-33.36391667,147.94186667,1904.00,,,,,,
1678,2017-12-31T02:23:39Z,-33.36390000,147.94171667,1908.00,,,,,,
1679,2017-12-31T02:23:40Z,-33.36386667,147.94155000,1908.00,,,,,,
1680,2017-12-31T02:23:41Z,-33.36383333,147.94140000,1906.00,,,,,,
1681,2017-12-31T02:23:42Z,-33.36380000,147.94125000,1904.00,,,,,,
1682,2017-12-31T02:23:43Z,-33.36376667,147.94110000,1900.00,,,,,,
1683,2017-12-31T02:23:44Z,-33.36373333,147.94096667,1897.00,,,,,,
1684,2017-12-31T02:23:45Z,-33.36368333,147.94078333,1894.00,,,,,,
1685,2017-12-31T02:23:46Z,-33.36365000,147.94063333,1892.00,,,,,,
1686,2017-12-31T02:23:47Z,-33.36361667,147.94048333,1891.00,,,,,,
1687,2017-12-31T02:23:48Z,-33.36356667,147.94031667,1889.00,,,,,,
1688,2017-12-31T02:23:49Z,-33.36353333,147.94016667,1888.00,,,,,,
1689,2017-12-31T02:23:50Z,-33.36350000,147.94000000,1888.00,,,,,,
1690,2017-12-31T02:23:51Z,-33.36345000,147.93985000,1887.00,,,,,,
1691,2017-12-31T02:23:52Z,-33.36341667,147.93968333,1885.00,,,,,,
1692,2017-12-31T02:23:53Z,-33.36338333,147.93953333,1881.00,,,,,,
1693,2017-12-31T02:23:54Z,-33.36335000,147.93936667,1878.00,,,,,,
1694,2017-12-31T02:23:55Z,-33.36331667,147.93920000,1878.00,,,,,,
1695,2017-12-31T02:23:56Z,-33.36330000,147.93905000,1878.00,,,,,,
1696,2017-12-31T02:23:57Z,-33.36328333,147.93888333,1876.00,,,,,,
1697,2017-12-31T02:23:58Z,-33.36325000,147.93873333,1870.00,,,,,,
1698,2017-12-31T02:23:59Z,-33.36321667,147.93858333,1866.00,,,,,,
1699,2017-12-31T02:24:00Z,-33.36316667,147.93845000,1866.00,,,,,,
1700,2017-12-31T02:24:01Z,-33.36311667,147.93830000,1867.00,,,,,,
1701,2017-12-31T02:24:02Z,-33.36306667,147.93818333,1867.00,,,,,,
1702,2017-12-31T02:24:03Z,-33.36301667,147.93806667,1867.00,,,,,,
1703,2017-12-31T02:24:04Z,-33.36296667,147.93793333,1866.00,,,,,,
1704,2017-12-31T02:24:05Z,-33.36291667,147.93780000,1864.00,,,,,,
1705,2017-12-31T02:24:06Z,-33.36288333,147.93768333,1863.00,,,,,,
1706,2017-12-31T02:24:07Z,-33.36285000,147.93756667,1863.00,,,,,,
1707,2017-12-31T02:24:08Z,-33.36283333,147.93745000,1863.00,,,,,,
1708,2017-12-31T02:24:09Z,-33.36281667,147.93731667,1862.00,,,,,,
1709,2017-12-31T02:24:10Z,-33.36283333,147.93721667,1861.00,,,,,,
1710,2017-12-31T02:24:11Z,-33.36285000,147.93708333,1860.00,,,,,,
1711,2017-12-31T02:24:12Z,-33.36285000,147.93695000,1859.00,,,,,,
1712,2017-12-31T02:24:13Z,-33.36285000,147.93681667,1858.00,,,,,,
1713,2017-12-31T02:24:14Z,-33.36286667,147.93668333,1857.00,,,,,,
1714,2017-12-31T02:24:15Z,-33.36288333,147.93653333,1856.00,,,,,,
1715,2017-12-31T02:24:16Z,-33.36290000,147.93640000,1855.00,,,,,,
1716,2017-12-31T02:24:17Z,-33.36290000,147.93625000,1853.00,,,,,,
1717,2017-12-31T02:24:18Z,-33.36291667,147.93608333,1853.00,,,,,,
1718,2017-12-31T02:24:19Z,-33.36295000,147.93593333,1851.00,,,,,,
1719,2017-12-31T02:24:20Z,-33.36296667,147.93578333,1850.00,,,,,,
1720,2017-12-31T02:24:21Z,-33.36300000,147.93563333,1848.00,,,,,,
1721,2017-12-31T02:24:22Z,-33.36301667,147.93548333,1847.00,,,,,,
1722,2017-12-31T02:24:23Z,-33.36305000,147.93533333,1848.00,,,,,,
1723,2017-12-31T02:24:24Z,-33.36308333,147.93518333,1848.00,,,,,,
1724,2017-12-31T02:24:25Z,-33.36311667,147.93505000,1847.00,,,,,,
1725,2017-12-31T02:24:26Z,-33.36316667,147.93491667,1845.00,,,,,,
1726,2017-12-31T02:24:27Z,-33.36320000,147.93476667,1841.00,,,,,,
1727,2017-12-31T02:24:28Z,-33.36323333,147.93461667,1838.00,,,,,,
1728,2017-12-31T02:24:29Z,-33.36326667,147.93445000,1837.00,,,,,,
1729,2017-12-31T02:24:30Z,-33.36331667,147.93428333,1838.00,,,,,,
1730,2017-12-31T02:24:31Z,-33.36335000,147.93413333,1838.00,,,,,,
1731,2017-12-31T02:24:32Z,-33.36338333,147.93398333,1838.00,,,,,,
1732,2017-12-31T02:24:33Z,-33.36341667,147.93385000,1836.00,,,,,,
1733,2017-12-31T02:24:34Z,-33.36345000,147.93371667,1835.00,,,,,,
1734,2017-12-31T02:24:35Z,-33.36346667,147.93358333,1834.00,,,,,,
1735,2017-12-31T02:24:36Z,-33.36348333,147.93345000,1834.00,,,,,,
1736,2017-12-31T02:24:37Z,-33.36351667,147.93331667,1833.00,,,,,,
1737,2017-12-31T02:24:38Z,-33.36353333,147.93320000,1832.00,,,,,,
1738,2017-12-31T02:24:39Z,-33.36355000,147.93306667,1831.00,,,,,,
1739,2017-12-31T02:24:40Z,-33.36358333,147.93293333,1831.00,,,,,,
1740,2017-12-31T02:24:41Z,-33.36360000,147.93280000,1830.00,,,,,,
1741,2017-12-31T02:24:42Z,-33.36363333,147.93266667,1829.00,,,,,,
1742,2017-12-31T02:24:43Z,-33.36365000,147.93255000,1827.00,,,,,,
1743,2017-12-31T02:24:44Z,-33.36368333,147.93241667,1825.00,,,,,,
1744,2017-12-31T02:24:45Z,-33.36370000,147.93230000,1824.00,,,,,,
1745,2017-12-31T02:24:46Z,-33.36371667,147.93216667,1823.00,,,,,,
1746,2017-12-31T02:24:47Z,-33.36371667,147.93203333,1822.00,,,,,,
1747,2017-12-31T02:24:48Z,-33.36371667,147.93191667,1821.00,,,,,,
1748,2017-12-31T02:24:49Z,-33.36371667,147.93178333,1818.00,,,,,,
1749,2017-12-31T02:24:50Z,-33.36371667,147.93165000,1817.00,,,,,,
1750,2017-12-31T02:24:51Z,-33.36371667,147.93151667,1816.00,,,,,,
1751,2017-12-31T02:24:52Z,-33.36373333,147.93140000,1815.00,,,,,,
1752,2017-12-31T02:24:53Z,-33.36373333,147.93126667,1814.00,,,,,,
1753,2017-12-31T02:24:54Z,-33.36375000,147.93115000,1812.00,,,,,,
1754,2017-12-31T02:24:55Z,-33.36376667,147.93101667,1810.00,,,,,,
1755,2017-12-31T02:24:56Z,-33.36380000,147.93088333,1810.00,,,,,,
1756,2017-12-31T02:24:57Z,-33.36381667,147.93076667,1809.00,,,,,,
1757,2017-12-31T02:24:58Z,-33.36385000,147.93063333,1809.00,,,,,,
1758,2017-12-31T02:24:59Z,-33.36388333,147.93051667,1808.00,,,,,,
1759,2017-12-31T02:25:00Z,-33.36391667,147.93040000,1806.00,,,,,,
1760,2017-12-31T02:25:01Z,-33.36395000,147.93026667,1803.00,,,,,,
1761,2017-12-31T02:25:02Z,-33.36398333,147.93013333,1801.00,,,,,,
1762,2017-12-31T02:25:03Z,-33.36400000,147.93000000,1801.00,,,,,,
1763,2017-12-31T02:25:04Z,-33.36403333,147.92986667,1800.00,,,,,,
1764,2017-12-31T02:25:05Z,-33.36406667,147.92971667,1798.00,,,,,,
1765,2017-12-31T02:25:06Z,-33.36408333,147.92956667,1796.00,,,,,,
1766,2017-12-31T02:25:07Z,-33.36410000,147.92941667,1794.00,,,,,,
1767,2017-12-31T02:25:08Z,-33.36413333,147.92928333,1793.00,,,,,,
1768,2017-12-31T02:25:09Z,-33.36416667,147.92913333,1791.00,,,,,,
1769,2017-12-31T02:25:10Z,-33.36421667,147.92900000,1790.00,,,,,,
1770,2017-12-31T02:25:11Z,-33.36426667,147.92885000,1789.00,,,,,,
1771,2017-12-31T02:25:12Z,-33.36431667,147.92871667,1788.00,,,,,,
1772,2017-12-31T02:25:13Z,-33.36436667,147.92856667,1787.00,,,,,,
1773,2017-12-31T02:25:14Z,-33.36440000,147.92843333,1788.00,,,,,,
1774,2017-12-31T02:25:15Z,-33.36441667,147.92828333,1789.00,,,,,,
1775,2017-12-31T02:25:16Z,-33.36443333,147.92813333,1786.00,,,,,,
1776,2017-12-31T02:25:17Z,-33.36441667,147.92798333,1780.00,,,,,,
1777,2017-12-31T02:25:18Z,-33.36440000,147.92783333,1776.00,,,,,,
1778,2017-12-31T02:25:19Z,-33.36435000,147.92770000,1773.00,,,,,,
1779,2017-12-31T02:25:20Z,-33.36423333,147.92760000,1772.00,,,,,,
1780,2017-12-31T02:25:21Z,-33.36415000,147.92750000,1770.00,,,,,,
1781,2017-12-31T02:25:22Z,-33.36400000,147.92743333,1770.00,,,,,,
1782,2017-12-31T02:25:23Z,-33.36388333,147.92736667,1772.00,,,,,,
1783,2017-12-31T02:25:24Z,-33.36375000,147.92731667,1770.00,,,,,,
1784,2017-12-31T02:25:25Z,-33.36360000,147.92728333,1767.00,,,,,,
1785,2017-12-31T02:25:26Z,-33.36346667,147.92725000,1763.00,,,,,,
1786,2017-12-31T02:25:27Z,-33.36333333,147.92721667,1761.00,,,,,,
1787,2017-12-31T02:25:28Z,-33.36316667,147.92718333,1761.00,,,,,,
1788,2017-12-31T02:25:29Z,-33.36301667,147.92715000,1758.00,,,,,,
1789,2017-12-31T02:25:30Z,-33.36285000,147.92713333,1755.00,,,,,,
1790,2017-12-31T02:25:31Z,-33.36270000,147.92710000,1749.00,,,,,,
1791,2017-12-31T02:25:32Z,-33.36253333,147.92706667,1746.00,,,,,,
1792,2017-12-31T02:25:33Z,-33.36236667,147.92705000,1744.00,,,,,,
1793,2017-12-31T02:25:34Z,-33.36220000,147.92703333,1740.00,,,,,,
1794,2017-12-31T02:25:35Z,-33.36203333,147.92701667,1736.00,,,,,,
1795,2017-12-31T02:25:36Z,-33.36185000,147.92701667,1734.00,,,,,,
1796,2017-12-31T02:25:37Z,-33.36166667,147.92698333,1733.00,,,,,,
1797,2017-12-31T02:25:38Z,-33.36150000,147.92696667,1732.00,,,,,,
1798,2017-12-31T02:25:39Z,-33.36135000,147.92693333,1728.00,,,,,,
1799,2017-12-31T02:25:40Z,-33.36118333,147.92690000,1725.00,,,,,,
1800,2017-12-31T02:25:41Z,-33.36101667,147.92686667,1719.00,,,,,,
1801,2017-12-31T02:25:42Z,-33.36083333,147.92681667,1716.00,,,,,,
1802,2017-12-31T02:25:43Z,-33.36066667,147.92675000,1712.00,,,,,,
1803,2017-12-31T02:25:44Z,-33.36050000,147.92670000,1708.00,,,,,,
1804,2017-12-31T02:25:45Z,-33.36033333,147.92665000,1707.00,,,,,,
1805,2017-12-31T02:25:46Z,-33.36015000,147.92660000,1707.00,,,,,,
1806,2017-12-31T02:25:47Z,-33.36000000,147.92655000,1709.00,,,,,,
1807,2017-12-31T02:25:48Z,-33.35985000,147.92650000,1709.00,,,,,,
1808,2017-12-31T02:25:49Z,-33.35970000,147.92645000,1706.00,,,,,,
1809,2017-12-31T02:25:50Z,-33.35955000,147.92641667,1706.00,,,,,,
1810,2017-12-31T02:25:51Z,-33.35940000,147.92636667,1707.00,,,,,,
1811,2017-12-31T02:25:52Z,-33.35925000,147.92631667,1706.00,,,,,,
1812,2017-12-31T02:25:53Z,-33.35910000,147.92628333,1704.00,,,,,,
1813,2017-12-31T02:25:54Z,-33.35893333,147.92623333,1703.00,,,,,,
1814,2017-12-31T02:25:55Z,-33.35876667,147.92621667,1704.00,,,,,,
1815,2017-12-31T02:25:56Z,-33.35858333,147.92618333,1706.00,,,,,,
1816,2017-12-31T02:25:57Z,-33.35841667,147.92616667,1706.00,,,,,,
1817,2017-12-31T02:25:58Z,-33.35825000,147.92615000,1707.00,,,,,,
1818,2017-12-31T02:25:59Z,-33.35808333,147.92615000,1709.00,,,,,,
1819,2017-12-31T02:26:00Z,-33.35791667,147.92615000,1711.00,,,,,,
1820,2017-12-31T02:26:01Z,-33.35775000,147.92615000,1712.00,,,,,,
1821,2017-12-31T02:26:02Z,-33.35760000,147.92615000,1714.00,,,,,,
1822,2017-12-31T02:26:03Z,-33.35745000,147.92616667,1714.00,,,,,,
1823,2017-12-31T02:26:04Z,-33.35730000,147.92618333,1713.00,,,,,,
1824,2017-12-31T02:26:05Z,-33.35715000,147.92618333,1713.00,,,,,,
1825,2017-12-31T02:26:06Z,-33.35698333,147.92616667,1713.00,,,,,,
1826,2017-12-31T02:26:07Z,-33.35683333,147.92615000,1713.00,,,,,,
1827,2017-12-31T02:26:08Z,-33.35666667,147.92613333,1713.00,,,,,,
1828,2017-12-31T02:26:09Z,-33.35651667,147.92611667,1712.00,,,,,,
1829,2017-12-31T02:26:10Z,-33.35635000,147.92610000,1711.00,,,,,,
1830,2017-12-31T02:26:11Z,-33.35618333,147.92608333,1709.00,,,,,,
1831,2017-12-31T02:26:12Z,-33.35601667,147.92606667,1709.00,,,,,,
1832,2017-12-31T02:26:13Z,-33.35586667,147.92605000,1709.00,,,,,,
1833,2017-12-31T02:26:14Z,-33.35570000,147.92603333,1710.00,,,,,,
1834,2017-12-31T02:26:15Z,-33.35553333,147.92603333,1711.00,,,,,,
1835,2017-12-31T02:26:16Z,-33.35538333,147.92600000,1713.00,,,,,,
1836,2017-12-31T02:26:17Z,-33.35523333,147.92598333,1712.00,,,,,,
1837,2017-12-31T02:26:18Z,-33.35506667,147.92596667,1710.00,,,,,,
1838,2017-12-31T02:26:19Z,-33.35490000,147.92596667,1709.00,,,,,,
1839,2017-12-31T02:26:20Z,-33.35475000,147.92598333,1709.00,,,,,,
1840,2017-12-31T02:26:21Z,-33.35460000,147.92600000,1710.00,,,,,,
1841,2017-12-31T02:26:22Z,-33.35445000,147.92601667,1710.00,,,,,,
1842,2017-12-31T02:26:23Z,-33.35428333,147.92605000,1710.00,,,,,,
1843,2017-12-31T02:26:24Z,-33.35413333,147.92606667,1711.00,,,,,,
1844,2017-12-31T02:26:25Z,-33.35398333,147.92613333,1714.00,,,,,,
1845,2017-12-31T02:26:26Z,-33.35383333,147.92618333,1718.00,,,,,,
1846,2017-12-31T02:26:27Z,-33.35368333,147.92626667,1721.00,,,,,,
1847,2017-12-31T02:26:28Z,-33.35356667,147.92636667,1723.00,,,,,,
1848,2017-12-31T02:26:29Z,-33.35345000,147.92645000,1724.00,,,,,,
1849,2017-12-31T02:26:30Z,-33.35333333,147.92656667,1727.00,,,,,,
1850,2017-12-31T02:26:31Z,-33.35320000,147.92666667,1732.00,,,,,,
1851,2017-12-31T02:26:32Z,-33.35308333,147.92671667,1735.00,,,,,,
1852,2017-12-31T02:26:33Z,-33.35295000,147.92670000,1738.00,,,,,,
1853,2017-12-31T02:26:34Z,-33.35285000,147.92663333,1740.00,,,,,,
1854,2017-12-31T02:26:35Z,-33.35276667,147.92655000,1740.00,,,,,,
1855,2017-12-31T02:26:36Z,-33.35271667,147.92641667,1739.00,,,,,,
1856,2017-12-31T02:26:37Z,-33.35271667,147.92628333,1735.00,,,,,,
1857,2017-12-31T02:26:38Z,-33.35275000,147.92613333,1732.00,,,,,,
1858,2017-12-31T02:26:39Z,-33.35281667,147.92598333,1729.00,,,,,,
1859,2017-12-31T02:26:40Z,-33.35295000,147.92583333,1728.00,,,,,,
1860,2017-12-31T02:26:41Z,-33.35306667,147.92570000,1729.00,,,,,,
1861,2017-12-31T02:26:42Z,-33.35318333,147.92558333,1733.00,,,,,,
1862,2017-12-31T02:26:43Z,-33.35331667,147.92548333,1735.00,,,,,,
1863,2017-12-31T02:26:44Z,-33.35345000,147.92540000,1738.00,,,,,,
1864,2017-12-31T02:26:45Z,-33.35360000,147.92536667,1740.00,,,,,,
1865,2017-12-31T02:26:46Z,-33.35375000,147.92538333,1743.00,,,,,,
1866,2017-12-31T02:26:47Z,-33.35390000,147.92543333,1744.00,,,,,,
1867,2017-12-31T02:26:48Z,-33.35405000,147.92550000,1745.00,,,,,,
1868,2017-12-31T02:26:49Z,-33.35418333,147.92560000,1746.00,,,,,,
1869,2017-12-31T02:26:50Z,-33.35431667,147.92571667,1748.00,,,,,,
1870,2017-12-31T02:26:51Z,-33.35443333,147.92585000,1754.00,,,,,,
1871,2017-12-31T02:26:52Z,-33.35446667,147.92601667,1758.00,,,,,,
1872,2017-12-31T02:26:53Z,-33.35445000,147.92616667,1760.00,,,,,,
1873,2017-12-31T02:26:54Z,-33.35440000,147.92631667,1761.00,,,,,,
1874,2017-12-31T02:26:55Z,-33.35431667,147.92643333,1762.00,,,,,,
1875,2017-12-31T02:26:56Z,-33.35421667,147.92653333,1763.00,,,,,,
1876,2017-12-31T02:26:57Z,-33.35411667,147.92661667,1765.00,,,,,,
1877,2017-12-31T02:26:58Z,-33.35400000,147.92668333,1765.00,,,,,,
1878,2017-12-31T02:26:59Z,-33.35390000,147.92673333,1768.00,,,,,,
1879,2017-12-31T02:27:00Z,-33.35376667,147.92668333,1771.00,,,,,,
1880,2017-12-31T02:27:01Z,-33.35365000,147.92663333,1775.00,,,,,,
1881,2017-12-31T02:27:02Z,-33.35355000,147.92656667,1778.00,,,,,,
1882,2017-12-31T02:27:03Z,-33.35345000,147.92648333,1781.00,,,,,,
1883,2017-12-31T02:27:04Z,-33.35338333,147.92636667,1783.00,,,,,,
1884,2017-12-31T02:27:05Z,-33.35351667,147.92618333,1783.00,,,,,,
1885,2017-12-31T02:27:06Z,-33.35360000,147.92605000,1784.00,,,,,,
1886,2017-12-31T02:27:07Z,-33.35371667,147.92595000,1786.00,,,,,,
1887,2017-12-31T02:27:08Z,-33.35388333,147.92588333,1787.00,,,,,,
1888,2017-12-31T02:27:09Z,-33.35403333,147.92586667,1789.00,,,,,,
1889,2017-12-31T02:27:10Z,-33.35420000,147.92588333,1790.00,,,,,,
1890,2017-12-31T02:27:11Z,-33.35435000,147.92593333,1791.00,,,,,,
1891,2017-12-31T02:27:12Z,-33.35450000,147.92601667,1790.00,,,,,,
1892,2017-12-31T02:27:13Z,-33.35463333,147.92613333,1793.00,,,,,,
1893,2017-12-31T02:27:14Z,-33.35475000,147.92628333,1800.00,,,,,,
1894,2017-12-31T02:27:15Z,-33.35476667,147.92643333,1804.00,,,,,,
1895,2017-12-31T02:27:16Z,-33.35470000,147.92660000,1805.00,,,,,,
1896,2017-12-31T02:27:17Z,-33.35466667,147.92671667,1800.00,,,,,,
1897,2017-12-31T02:27:18Z,-33.35460000,147.92686667,1797.00,,,,,,
1898,2017-12-31T02:27:19Z,-33.35453333,147.92701667,1797.00,,,,,,
1899,2017-12-31T02:27:20Z,-33.35441667,147.92716667,1800.00,,,,,,
1900,2017-12-31T02:27:21Z,-33.35430000,147.92726667,1802.00,,,,,,
1901,2017-12-31T02:27:22Z,-33.35420000,147.92736667,1806.00,,,,,,
1902,2017-12-31T02:27:23Z,-33.35410000,147.92741667,1806.00,,,,,,
1903,2017-12-31T02:27:24Z,-33.35395000,147.92726667,1803.00,,,,,,
1904,2017-12-31T02:27:25Z,-33.35385000,147.92713333,1804.00,,,,,,
1905,2017-12-31T02:27:26Z,-33.35381667,147.92696667,1806.00,,,,,,
1906,2017-12-31T02:27:27Z,-33.35380000,147.92680000,1809.00,,,,,,
1907,2017-12-31T02:27:28Z,-33.35380000,147.92663333,1809.00,,,,,,
1908,2017-12-31T02:27:29Z,-33.35381667,147.92646667,1808.00,,,,,,
1909,2017-12-31T02:27:30Z,-33.35388333,147.92626667,1808.00,,,,,,
1910,2017-12-31T02:27:31Z,-33.35396667,147.92611667,1808.00,,,,,,
1911,2017-12-31T02:27:32Z,-33.35405000,147.92595000,1808.00,,,,,,
1912,2017-12-31T02:27:33Z,-33.35413333,147.92580000,1809.00,,,,,,
1913,2017-12-31T02:27:34Z,-33.35423333,147.92565000,1810.00,,,,,,
1914,2017-12-31T02:27:35Z,-33.35433333,147.92551667,1811.00,,,,,,
1915,2017-12-31T02:27:36Z,-33.35443333,147.92538333,1811.00,,,,,,
1916,2017-12-31T02:27:37Z,-33.35453333,147.92526667,1812.00,,,,,,
1917,2017-12-31T02:27:38Z,-33.35465000,147.92513333,1814.00,,,,,,
1918,2017-12-31T02:27:39Z,-33.35475000,147.92501667,1815.00,,,,,,
1919,2017-12-31T02:27:40Z,-33.35488333,147.92490000,1814.00,,,,,,
1920,2017-12-31T02:27:41Z,-33.35500000,147.92478333,1814.00,,,,,,
1921,2017-12-31T02:27:42Z,-33.35511667,147.92466667,1813.00,,,,,,
1922,2017-12-31T02:27:43Z,-33.35521667,147.92455000,1815.00,,,,,,
1923,2017-12-31T02:27:44Z,-33.35533333,147.92441667,1818.00,,,,,,
1924,2017-12-31T02:27:45Z,-33.35541667,147.92428333,1818.00,,,,,,
1925,2017-12-31T02:27:46Z,-33.35551667,147.92413333,1819.00,,,,,,
1926,2017-12-31T02:27:47Z,-33.35560000,147.92400000,1821.00,,,,,,
1927,2017-12-31T02:27:48Z,-33.35568333,147.92385000,1823.00,,,,,,
1928,2017-12-31T02:27:49Z,-33.35576667,147.92371667,1827.00,,,,,,
1929,2017-12-31T02:27:50Z,-33.35585000,147.92358333,1829.00,,,,,,
1930,2017-12-31T02:27:51Z,-33.35593333,147.92345000,1831.00,,,,,,
1931,2017-12-31T02:27:52Z,-33.35601667,147.92333333,1830.00,,,,,,
1932,2017-12-31T02:27:53Z,-33.35610000,147.92321667,1826.00,,,,,,
1933,2017-12-31T02:27:54Z,-33.35618333,147.92310000,1820.00,,,,,,
1934,2017-12-31T02:27:55Z,-33.35630000,147.92295000,1818.00,,,,,,
1935,2017-12-31T02:27:56Z,-33.35641667,147.92281667,1818.00,,,,,,
1936,2017-12-31T02:27:57Z,-33.35653333,147.92268333,1817.00,,,,,,
1937,2017-12-31T02:27:58Z,-33.35665000,147.92251667,1813.00,,,,,,
1938,2017-12-31T02:27:59Z,-33.35675000,147.92235000,1810.00,,,,,,
1939,2017-12-31T02:28:00Z,-33.35685000,147.92218333,1809.00,,,,,,
1940,2017-12-31T02:28:01Z,-33.35696667,147.92201667,1810.00,,,,,,
1941,2017-12-31T02:28:02Z,-33.35706667,147.92185000,1815.00,,,,,,
1942,2017-12-31T02:28:03Z,-33.35716667,147.92171667,1817.00,,,,,,
1943,2017-12-31T02:28:04Z,-33.35728333,147.92158333,1817.00,,,,,,
1944,2017-12-31T02:28:05Z,-33.35738333,147.92146667,1813.00,,,,,,
1945,2017-12-31T02:28:06Z,-33.35750000,147.92135000,1809.00,,,,,,
1946,2017-12-31T02:28:07Z,-33.35761667,147.92121667,1807.00,,,,,,
1947,2017-12-31T02:28:08Z,-33.35775000,147.92110000,1808.00,,,,,,
1948,2017-12-31T02:28:09Z,-33.35790000,147.92098333,1810.00,,,,,,
1949,2017-12-31T02:28:10Z,-33.35805000,147.92091667,1811.00,,,,,,
1950,2017-12-31T02:28:11Z,-33.35820000,147.92085000,1808.00,,,,,,
1951,2017-12-31T02:28:12Z,-33.35835000,147.92076667,1806.00,,,,,,
1952,2017-12-31T02:28:13Z,-33.35850000,147.92068333,1805.00,,,,,,
1953,2017-12-31T02:28:14Z,-33.35865000,147.92060000,1804.00,,,,,,
1954,2017-12-31T02:28:15Z,-33.35880000,147.92053333,1804.00,,,,,,
1955,2017-12-31T02:28:16Z,-33.35895000,147.92045000,1804.00,,,,,,
1956,2017-12-31T02:28:17Z,-33.35908333,147.92035000,1802.00,,,,,,
1957,2017-12-31T02:28:18Z,-33.35921667,147.92026667,1801.00,,,,,,
1958,2017-12-31T02:28:19Z,-33.35936667,147.92018333,1799.00,,,,,,
1959,2017-12-31T02:28:20Z,-33.35951667,147.92010000,1798.00,,,,,,
1960,2017-12-31T02:28:21Z,-33.35965000,147.92001667,1798.00,,,,,,
1961,2017-12-31T02:28:22Z,-33.35980000,147.91991667,1798.00,,,,,,
1962,2017-12-31T02:28:23Z,-33.35993333,147.91983333,1797.00,,,,,,
1963,2017-12-31T02:28:24Z,-33.36006667,147.91973333,1797.00,,,,,,
1964,2017-12-31T02:28:25Z,-33.36020000,147.91965000,1796.00,,,,,,
1965,2017-12-31T02:28:26Z,-33.36031667,147.91955000,1793.00,,,,,,
1966,2017-12-31T02:28:27Z,-33.36043333,147.91943333,1791.00,,,,,,
1967,2017-12-31T02:28:28Z,-33.36055000,147.91933333,1791.00,,,,,,
1968,2017-12-31T02:28:29Z,-33.36070000,147.91925000,1790.00,,,,,,
1969,2017-12-31T02:28:30Z,-33.36085000,147.91916667,1788.00,,,,,,
1970,2017-12-31T02:28:31Z,-33.36100000,147.91906667,1784.00,,,,,,
1971,2017-12-31T02:28:32Z,-33.36115000,147.91898333,1782.00,,,,,,
1972,2017-12-31T02:28:33Z,-33.36128333,147.91888333,1780.00,,,,,,
1973,2017-12-31T02:28:34Z,-33.36143333,147.91880000,1777.00,,,,,,
1974,2017-12-31T02:28:35Z,-33.36158333,147.91871667,1776.00,,,,,,
1975,2017-12-31T02:28:36Z,-33.36171667,147.91863333,1774.00,,,,,,
1976,2017-12-31T02:28:37Z,-33.36186667,147.91853333,1773.00,,,,,,
1977,2017-12-31T02:28:38Z,-33.36200000,147.91845000,1772.00,,,,,,
1978,2017-12-31T02:28:39Z,-33.36215000,147.91838333,1771.00,,,,,,
1979,2017-12-31T02:28:40Z,-33.36228333,147.91830000,1770.00,,,,,,
1980,2017-12-31T02:28:41Z,-33.36241667,147.91821667,1767.00,,,,,,
1981,2017-12-31T02:28:42Z,-33.36255000,147.91815000,1764.00,,,,,,
1982,2017-12-31T02:28:43Z,-33.36268333,147.91806667,1761.00,,,,,,
1983,2017-12-31T02:28:44Z,-33.36283333,147.91798333,1757.00,,,,,,
1984,2017-12-31T02:28:45Z,-33.36295000,147.91790000,1755.00,,,,,,
1985,2017-12-31T02:28:46Z,-33.36310000,147.91780000,1753.00,,,,,,
1986,2017-12-31T02:28:47Z,-33.36321667,147.91770000,1751.00,,,,,,
1987,2017-12-31T02:28:48Z,-33.36335000,147.91761667,1747.00,,,,,,
1988,2017-12-31T02:28:49Z,-33.36350000,147.91753333,1743.00,,,,,,
1989,2017-12-31T02:28:50Z,-33.36366667,147.91743333,1742.00,,,,,,
1990,2017-12-31T02:28:51Z,-33.36385000,147.91736667,1743.00,,,,,,
1991,2017-12-31T02:28:52Z,-33.36400000,147.91728333,1745.00,,,,,,
1992,2017-12-31T02:28:53Z,-33.36416667,147.91721667,1746.00,,,,,,
1993,2017-12-31T02:28:54Z,-33.36433333,147.91715000,1749.00,,,,,,
1994,2017-12-31T02:28:55Z,-33.36448333,147.91706667,1749.00,,,,,,
1995,2017-12-31T02:28:56Z,-33.36463333,147.91700000,1748.00,,,,,,
1996,2017-12-31T02:28:57Z,-33.36478333,147.91695000,1746.00,,,,,,
1997,2017-12-31T02:28:58Z,-33.36491667,147.91690000,1743.00,,,,,,
1998,2017-12-31T02:28:59Z,-33.36506667,147.91685000,1739.00,,,,,,
1999,2017-12-31T02:29:00Z,-33.36520000,147.91680000,1737.00,,,,,,
2000,2017-12-31T02:29:01Z,-33.36535000,147.91675000,1734.00,,,,,,
2001,2017-12-31T02:29:02Z,-33.36548333,147.91668333,1731.00,,,,,,
2002,2017-12-31T02:29:03Z,-33.36563333,147.91661667,1729.00,,,,,,
2003,2017-12-31T02:29:04Z,-33.36576667,147.91655000,1729.00,,,,,,
2004,2017-12-31T02:29:05Z,-33.36590000,147.91648333,1728.00,,,,,,
2005,2017-12-31T02:29:06Z,-33.36603333,147.91641667,1726.00,,,,,,
2006,2017-12-31T02:29:07Z,-33.36616667,147.91633333,1724.00,,,,,,
2007,2017-12-31T02:29:08Z,-33.36630000,147.91626667,1723.00,,,,,,
2008,2017-12-31T02:29:09Z,-33.36643333,147.91618333,1723.00,,,,,,
2009,2017-12-31T02:29:10Z,-33.36656667,147.91611667,1722.00,,,,,,
2010,2017-12-31T02:29:11Z,-33.36670000,147.91605000,1721.00,,,,,,
2011,2017-12-31T02:29:12Z,-33.36683333,147.91598333,1719.00,,,,,,
2012,2017-12-31T02:29:13Z,-33.36696667,147.91593333,1716.00,,,,,,
2013,2017-12-31T02:29:14Z,-33.36711667,147.91586667,1715.00,,,,,,
2014,2017-12-31T02:29:15Z,-33.36725000,147.91580000,1716.00,,,,,,
2015,2017-12-31T02:29:16Z,-33.36740000,147.91573333,1716.00,,,,,,
2016,2017-12-31T02:29:17Z,-33.36753333,147.91568333,1715.00,,,,,,
2017,2017-12-31T02:29:18Z,-33.36768333,147.91561667,1715.00,,,,,,
2018,2017-12-31T02:29:19Z,-33.36781667,147.91556667,1715.00,,,,,,
2019,2017-12-31T02:29:20Z,-33.36795000,147.91551667,1714.00,,,,,,
2020,2017-12-31T02:29:21Z,-33.36808333,147.91546667,1710.00,,,,,,
2021,2017-12-31T02:29:22Z,-33.36821667,147.91541667,1708.00,,,,,,
2022,2017-12-31T02:29:23Z,-33.36835000,147.91535000,1707.00,,,,,,
2023,2017-12-31T02:29:24Z,-33.36848333,147.91528333,1708.00,,,,,,
2024,2017-12-31T02:29:25Z,-33.36861667,147.91521667,1708.00,,,,,,
2025,2017-12-31T02:29:26Z,-33.36876667,147.91515000,1707.00,,,,,,
2026,2017-12-31T02:29:27Z,-33.36890000,147.91508333,1704.00,,,,,,
2027,2017-12-31T02:29:28Z,-33.36903333,147.91501667,1704.00,,,,,,
2028,2017-12-31T02:29:29Z,-33.36915000,147.91493333,1704.00,,,,,,
2029,2017-12-31T02:29:30Z,-33.36928333,147.91485000,1704.00,,,,,,
2030,2017-12-31T02:29:31Z,-33.36943333,147.91476667,1704.00,,,,,,
2031,2017-12-31T02:29:32Z,-33.36956667,147.91470000,1705.00,,,,,,
2032,2017-12-31T02:29:33Z,-33.36970000,147.91465000,1705.00,,,,,,
2033,2017-12-31T02:29:34Z,-33.36983333,147.91460000,1705.00,,,,,,
2034,2017-12-31T02:29:35Z,-33.36996667,147.91456667,1704.00,,,,,,
2035,2017-12-31T02:29:36Z,-33.37010000,147.91453333,1703.00,,,,,,
2036,2017-12-31T02:29:37Z,-33.37023333,147.91450000,1701.00,,,,,,
2037,2017-12-31T02:29:38Z,-33.37036667,147.91446667,1700.00,,,,,,
2038,2017-12-31T02:29:39Z,-33.37050000,147.91445000,1700.00,,,,,,
2039,2017-12-31T02:29:40Z,-33.37065000,147.91441667,1699.00,,,,,,
2040,2017-12-31T02:29:41Z,-33.37080000,147.91440000,1698.00,,,,,,
2041,2017-12-31T02:29:42Z,-33.37095000,147.91436667,1697.00,,,,,,
2042,2017-12-31T02:29:43Z,-33.37111667,147.91435000,1695.00,,,,,,
2043,2017-12-31T02:29:44Z,-33.37128333,147.91430000,1692.00,,,,,,
2044,2017-12-31T02:29:45Z,-33.37145000,147.91425000,1690.00,,,,,,
2045,2017-12-31T02:29:46Z,-33.37161667,147.91418333,1685.00,,,,,,
2046,2017-12-31T02:29:47Z,-33.37176667,147.91411667,1683.00,,,,,,
2047,2017-12-31T02:29:48Z,-33.37191667,147.91403333,1682.00,,,,,,
2048,2017-12-31T02:29:49Z,-33.37206667,147.91396667,1682.00,,,,,,
2049,2017-12-31T02:29:50Z,-33.37221667,147.91388333,1679.00,,,,,,
2050,2017-12-31T02:29:51Z,-33.37236667,147.91380000,1675.00,,,,,,
2051,2017-12-31T02:29:52Z,-33.37251667,147.91373333,1671.00,,,,,,
2052,2017-12-31T02:29:53Z,-33.37266667,147.91365000,1667.00,,,,,,
2053,2017-12-31T02:29:54Z,-33.37283333,147.91358333,1666.00,,,,,,
2054,2017-12-31T02:29:55Z,-33.37303333,147.91353333,1665.00,,,,,,
2055,2017-12-31T02:29:56Z,-33.37321667,147.91348333,1664.00,,,,,,
2056,2017-12-31T02:29:57Z,-33.37338333,147.91346667,1664.00,,,,,,
2057,2017-12-31T02:29:58Z,-33.37356667,147.91343333,1663.00,,,,,,
2058,2017-12-31T02:29:59Z,-33.37373333,147.91341667,1662.00,,,,,,
2059,2017-12-31T02:30:00Z,-33.37390000,147.91340000,1660.00,,,,,,
2060,2017-12-31T02:30:01Z,-33.37406667,147.91336667,1656.00,,,,,,
2061,2017-12-31T02:30:02Z,-33.37423333,147.91335000,1654.00,,,,,,
2062,2017-12-31T02:30:03Z,-33.37440000,147.91331667,1652.00,,,,,,
2063,2017-12-31T02:30:04Z,-33.37456667,147.91328333,1650.00,,,,,,
2064,2017-12-31T02:30:05Z,-33.37475000,147.91325000,1648.00,,,,,,
2065,2017-12-31T02:30:06Z,-33.37491667,147.91320000,1645.00,,,,,,
2066,2017-12-31T02:30:07Z,-33.37510000,147.91318333,1642.00,,,,,,
2067,2017-12-31T02:30:08Z,-33.37528333,147.91316667,1639.00,,,,,,
2068,2017-12-31T02:30:09Z,-33.37548333,147.91315000,1637.00,,,,,,
2069,2017-12-31T02:30:10Z,-33.37570000,147.91315000,1636.00,,,,,,
2070,2017-12-31T02:30:11Z,-33.37590000,147.91315000,1635.00,,,,,,
2071,2017-12-31T02:30:12Z,-33.37608333,147.91315000,1635.00,,,,,,
2072,2017-12-31T02:30:13Z,-33.37626667,147.91315000,1636.00,,,,,,
2073,2017-12-31T02:30:14Z,-33.37645000,147.91313333,1634.00,,,,,,
2074,2017-12-31T02:30:15Z,-33.37660000,147.91313333,1633.00,,,,,,
2075,2017-12-31T02:30:16Z,-33.37676667,147.91311667,1633.00,,,,,,
2076,2017-12-31T02:30:17Z,-33.37693333,147.91313333,1633.00,,,,,,
2077,2017-12-31T02:30:18Z,-33.37710000,147.91313333,1632.00,,,,,,
2078,2017-12-31T02:30:19Z,-33.37725000,147.91315000,1630.00,,,,,,
2079,2017-12-31T02:30:20Z,-33.37741667,147.91316667,1629.00,,,,,,
2080,2017-12-31T02:30:21Z,-33.37756667,147.91318333,1627.00,,,,,,
2081,2017-12-31T02:30:22Z,-33.37771667,147.91320000,1625.00,,,,,,
2082,2017-12-31T02:30:23Z,-33.37786667,147.91321667,1622.00,,,,,,
2083,2017-12-31T02:30:24Z,-33.37803333,147.91323333,1620.00,,,,,,
2084,2017-12-31T02:30:25Z,-33.37820000,147.91325000,1619.00,,,,,,
2085,2017-12-31T02:30:26Z,-33.37836667,147.91326667,1617.00,,,,,,
2086,2017-12-31T02:30:27Z,-33.37853333,147.91326667,1616.00,,,,,,
2087,2017-12-31T02:30:28Z,-33.37868333,147.91326667,1614.00,,,,,,
2088,2017-12-31T02:30:29Z,-33.37881667,147.91326667,1613.00,,,,,,
2089,2017-12-31T02:30:30Z,-33.37896667,147.91325000,1611.00,,,,,,
2090,2017-12-31T02:30:31Z,-33.37910000,147.91323333,1609.00,,,,,,
2091,2017-12-31T02:30:32Z,-33.37925000,147.91320000,1606.00,,,,,,
2092,2017-12-31T02:30:33Z,-33.37938333,147.91316667,1604.00,,,,,,
2093,2017-12-31T02:30:34Z,-33.37953333,147.91313333,1602.00,,,,,,
2094,2017-12-31T02:30:35Z,-33.37966667,147.91308333,1602.00,,,,,,
2095,2017-12-31T02:30:36Z,-33.37981667,147.91303333,1604.00,,,,,,
2096,2017-12-31T02:30:37Z,-33.37996667,147.91300000,1604.00,,,,,,
2097,2017-12-31T02:30:38Z,-33.38011667,147.91296667,1601.00,,,,,,
2098,2017-12-31T02:30:39Z,-33.38026667,147.91291667,1597.00,,,,,,
2099,2017-12-31T02:30:40Z,-33.38040000,147.91288333,1594.00,,,,,,
2100,2017-12-31T02:30:41Z,-33.38055000,147.91281667,1594.00,,,,,,
2101,2017-12-31T02:30:42Z,-33.38070000,147.91275000,1595.00,,,,,,
2102,2017-12-31T02:30:43Z,-33.38085000,147.91268333,1595.00,,,,,,
2103,2017-12-31T02:30:44Z,-33.38098333,147.91261667,1594.00,,,,,,
2104,2017-12-31T02:30:45Z,-33.38113333,147.91255000,1594.00,,,,,,
2105,2017-12-31T02:30:46Z,-33.38128333,147.91248333,1592.00,,,,,,
2106,2017-12-31T02:30:47Z,-33.38141667,147.91243333,1590.00,,,,,,
2107,2017-12-31T02:30:48Z,-33.38155000,147.91238333,1589.00,,,,,,
2108,2017-12-31T02:30:49Z,-33.38168333,147.91231667,1587.00,,,,,,
2109,2017-12-31T02:30:50Z,-33.38181667,147.91225000,1586.00,,,,,,
2110,2017-12-31T02:30:51Z,-33.38193333,147.91218333,1584.00,,,,,,
2111,2017-12-31T02:30:52Z,-33.38205000,147.91211667,1584.00,,,,,,
2112,2017-12-31T02:30:53Z,-33.38218333,147.91203333,1582.00,,,,,,
2113,2017-12-31T02:30:54Z,-33.38231667,147.91196667,1579.00,,,,,,
2114,2017-12-31T02:30:55Z,-33.38245000,147.91190000,1578.00,,,,,,
2115,2017-12-31T02:30:56Z,-33.38260000,147.91181667,1578.00,,,,,,
2116,2017-12-31T02:30:57Z,-33.38273333,147.91173333,1578.00,,,,,,
2117,2017-12-31T02:30:58Z,-33.38288333,147.91166667,1578.00,,,,,,
2118,2017-12-31T02:30:59Z,-33.38301667,147.91158333,1577.00,,,,,,
2119,2017-12-31T02:31:00Z,-33.38313333,147.91150000,1576.00,,,,,,
2120,2017-12-31T02:31:01Z,-33.38325000,147.91141667,1576.00,,,,,,
2121,2017-12-31T02:31:02Z,-33.38338333,147.91133333,1576.00,,,,,,
2122,2017-12-31T02:31:03Z,-33.38350000,147.91125000,1575.00,,,,,,
2123,2017-12-31T02:31:04Z,-33.38361667,147.91116667,1574.00,,,,,,
2124,2017-12-31T02:31:05Z,-33.38373333,147.91110000,1573.00,,,,,,
2125,2017-12-31T02:31:06Z,-33.38386667,147.91101667,1573.00,,,,,,
2126,2017-12-31T02:31:07Z,-33.38400000,147.91095000,1573.00,,,,,,
2127,2017-12-31T02:31:08Z,-33.38413333,147.91086667,1573.00,,,,,,
2128,2017-12-31T02:31:09Z,-33.38426667,147.91078333,1570.00,,,,,,
2129,2017-12-31T02:31:10Z,-33.38441667,147.91071667,1569.00,,,,,,
2130,2017-12-31T02:31:11Z,-33.38456667,147.91063333,1570.00,,,,,,
2131,2017-12-31T02:31:12Z,-33.38471667,147.91058333,1570.00,,,,,,
2132,2017-12-31T02:31:13Z,-33.38488333,147.91051667,1570.00,,,,,,
2133,2017-12-31T02:31:14Z,-33.38503333,147.91046667,1569.00,,,,,,
2134,2017-12-31T02:31:15Z,-33.38518333,147.91041667,1566.00,,,,,,
2135,2017-12-31T02:31:16Z,-33.38533333,147.91035000,1565.00,,,,,,
2136,2017-12-31T02:31:17Z,-33.38548333,147.91030000,1564.00,,,,,,
2137,2017-12-31T02:31:18Z,-33.38565000,147.91023333,1561.00,,,,,,
2138,2017-12-31T02:31:19Z,-33.38580000,147.91016667,1559.00,,,,,,
2139,2017-12-31T02:31:20Z,-33.38595000,147.91010000,1559.00,,,,,,
2140,2017-12-31T02:31:21Z,-33.38608333,147.91003333,1559.00,,,,,,
2141,2017-12-31T02:31:22Z,-33.38623333,147.90996667,1557.00,,,,,,
2142,2017-12-31T02:31:23Z,-33.38636667,147.90991667,1555.00,,,,,,
2143,2017-12-31T02:31:24Z,-33.38651667,147.90985000,1550.00,,,,,,
2144,2017-12-31T02:31:25Z,-33.38668333,147.90978333,1547.00,,,,,,
2145,2017-12-31T02:31:26Z,-33.38683333,147.90971667,1544.00,,,,,,
2146,2017-12-31T02:31:27Z,-33.38698333,147.90965000,1542.00,,,,,,
2147,2017-12-31T02:31:28Z,-33.38713333,147.90958333,1541.00,,,,,,
2148,2017-12-31T02:31:29Z,-33.38728333,147.90950000,1539.00,,,,,,
2149,2017-12-31T02:31:30Z,-33.38745000,147.90943333,1537.00,,,,,,
2150,2017-12-31T02:31:31Z,-33.38758333,147.90935000,1535.00,,,,,,
2151,2017-12-31T02:31:32Z,-33.38773333,147.90926667,1531.00,,,,,,
2152,2017-12-31T02:31:33Z,-33.38788333,147.90918333,1527.00,,,,,,
2153,2017-12-31T02:31:34Z,-33.38803333,147.90911667,1523.00,,,,,,
2154,2017-12-31T02:31:35Z,-33.38820000,147.90903333,1522.00,,,,,,
2155,2017-12-31T02:31:36Z,-33.38836667,147.90896667,1522.00,,,,,,
2156,2017-12-31T02:31:37Z,-33.38851667,147.90890000,1521.00,,,,,,
2157,2017-12-31T02:31:38Z,-33.38866667,147.90883333,1522.00,,,,,,
2158,2017-12-31T02:31:39Z,-33.38881667,147.90876667,1519.00,,,,,,
2159,2017-12-31T02:31:40Z,-33.38896667,147.90870000,1517.00,,,,,,
2160,2017-12-31T02:31:41Z,-33.38910000,147.90863333,1514.00,,,,,,
2161,2017-12-31T02:31:42Z,-33.38925000,147.90858333,1513.00,,,,,,
2162,2017-12-31T02:31:43Z,-33.38940000,147.90853333,1511.00,,,,,,
2163,2017-12-31T02:31:44Z,-33.38958333,147.90850000,1509.00,,,,,,
2164,2017-12-31T02:31:45Z,-33.38975000,147.90846667,1508.00,,,,,,
2165,2017-12-31T02:31:46Z,-33.38991667,147.90845000,1509.00,,,,,,
2166,2017-12-31T02:31:47Z,-33.39008333,147.90843333,1509.00,,,,,,
2167,2017-12-31T02:31:48Z,-33.39023333,147.90841667,1508.00,,,,,,
2168,2017-12-31T02:31:49Z,-33.39036667,147.90838333,1504.00,,,,,,
2169,2017-12-31T02:31:50Z,-33.39051667,147.90836667,1502.00,,,,,,
2170,2017-12-31T02:31:51Z,-33.39065000,147.90833333,1500.00,,,,,,
2171,2017-12-31T02:31:52Z,-33.39080000,147.90828333,1499.00,,,,,,
2172,2017-12-31T02:31:53Z,-33.39093333,147.90823333,1498.00,,,,,,
2173,2017-12-31T02:31:54Z,-33.39106667,147.90818333,1498.00,,,,,,
2174,2017-12-31T02:31:55Z,-33.39120000,147.90811667,1495.00,,,,,,
2175,2017-12-31T02:31:56Z,-33.39133333,147.90805000,1492.00,,,,,,
2176,2017-12-31T02:31:57Z,-33.39145000,147.90798333,1487.00,,,,,,
2177,2017-12-31T02:31:58Z,-33.39158333,147.90791667,1485.00,,,,,,
2178,2017-12-31T02:31:59Z,-33.39170000,147.90783333,1483.00,,,,,,
2179,2017-12-31T02:32:00Z,-33.39183333,147.90773333,1481.00,,,,,,
2180,2017-12-31T02:32:01Z,-33.39196667,147.90765000,1480.00,,,,,,
2181,2017-12-31T02:32:02Z,-33.39208333,147.90756667,1480.00,,,,,,
2182,2017-12-31T02:32:03Z,-33.39221667,147.90748333,1479.00,,,,,,
2183,2017-12-31T02:32:04Z,-33.39233333,147.90740000,1473.00,,,,,,
2184,2017-12-31T02:32:05Z,-33.39245000,147.90731667,1470.00,,,,,,
2185,2017-12-31T02:32:06Z,-33.39256667,147.90721667,1468.00,,,,,,
2186,2017-12-31T02:32:07Z,-33.39271667,147.90713333,1467.00,,,,,,
2187,2017-12-31T02:32:08Z,-33.39285000,147.90705000,1466.00,,,,,,
2188,2017-12-31T02:32:09Z,-33.39298333,147.90698333,1465.00,,,,,,
2189,2017-12-31T02:32:10Z,-33.39313333,147.90691667,1463.00,,,,,,
2190,2017-12-31T02:32:11Z,-33.39326667,147.90686667,1460.00,,,,,,
2191,2017-12-31T02:32:12Z,-33.39340000,147.90680000,1458.00,,,,,,
2192,2017-12-31T02:32:13Z,-33.39353333,147.90673333,1457.00,,,,,,
2193,2017-12-31T02:32:14Z,-33.39366667,147.90665000,1455.00,,,,,,
2194,2017-12-31T02:32:15Z,-33.39380000,147.90660000,1453.00,,,,,,
2195,2017-12-31T02:32:16Z,-33.39391667,147.90653333,1450.00,,,,,,
2196,2017-12-31T02:32:17Z,-33.39405000,147.90646667,1445.00,,,,,,
2197,2017-12-31T02:32:18Z,-33.39416667,147.90640000,1442.00,,,,,,
2198,2017-12-31T02:32:19Z,-33.39428333,147.90631667,1440.00,,,,,,
2199,2017-12-31T02:32:20Z,-33.39440000,147.90625000,1438.00,,,,,,
2200,2017-12-31T02:32:21Z,-33.39451667,147.90618333,1436.00,,,,,,
2201,2017-12-31T02:32:22Z,-33.39465000,147.90610000,1432.00,,,,,,
2202,2017-12-31T02:32:23Z,-33.39478333,147.90603333,1429.00,,,,,,
2203,2017-12-31T02:32:24Z,-33.39493333,147.90598333,1426.00,,,,,,
2204,2017-12-31T02:32:25Z,-33.39510000,147.90593333,1424.00,,,,,,
2205,2017-12-31T02:32:26Z,-33.39525000,147.90588333,1421.00,,,,,,
2206,2017-12-31T02:32:27Z,-33.39540000,147.90583333,1418.00,,,,,,
2207,2017-12-31T02:32:28Z,-33.39556667,147.90580000,1415.00,,,,,,
2208,2017-12-31T02:32:29Z,-33.39571667,147.90575000,1413.00,,,,,,
2209,2017-12-31T02:32:30Z,-33.39588333,147.90571667,1410.00,,,,,,
2210,2017-12-31T02:32:31Z,-33.39605000,147.90566667,1407.00,,,,,,
2211,2017-12-31T02:32:32Z,-33.39621667,147.90563333,1405.00,,,,,,
2212,2017-12-31T02:32:33Z,-33.39638333,147.90560000,1403.00,,,,,,
2213,2017-12-31T02:32:34Z,-33.39656667,147.90555000,1403.00,,,,,,
2214,2017-12-31T02:32:35Z,-33.39673333,147.90551667,1403.00,,,,,,
2215,2017-12-31T02:32:36Z,-33.39691667,147.90546667,1402.00,,,,,,
2216,2017-12-31T02:32:37Z,-33.39708333,147.90543333,1400.00,,,,,,
2217,2017-12-31T02:32:38Z,-33.39725000,147.90536667,1397.00,,,,,,
2218,2017-12-31T02:32:39Z,-33.39741667,147.90531667,1395.00,,,,,,
2219,2017-12-31T02:32:40Z,-33.39758333,147.90528333,1394.00,,,,,,
2220,2017-12-31T02:32:41Z,-33.39775000,147.90523333,1394.00,,,,,,
2221,2017-12-31T02:32:42Z,-33.39791667,147.90520000,1394.00,,,,,,
2222,2017-12-31T02:32:43Z,-33.39808333,147.90516667,1395.00,,,,,,
2223,2017-12-31T02:32:44Z,-33.39825000,147.90513333,1398.00,,,,,,
2224,2017-12-31T02:32:45Z,-33.39838333,147.90510000,1399.00,,,,,,
2225,2017-12-31T02:32:46Z,-33.39853333,147.90506667,1400.00,,,,,,
2226,2017-12-31T02:32:47Z,-33.39868333,147.90503333,1398.00,,,,,,
2227,2017-12-31T02:32:48Z,-33.39883333,147.90498333,1397.00,,,,,,
2228,2017-12-31T02:32:49Z,-33.39898333,147.90493333,1396.00,,,,,,
2229,2017-12-31T02:32:50Z,-33.39913333,147.90486667,1395.00,,,,,,
2230,2017-12-31T02:32:51Z,-33.39928333,147.90480000,1396.00,,,,,,
2231,2017-12-31T02:32:52Z,-33.39943333,147.90473333,1398.00,,,,,,
2232,2017-12-31T02:32:53Z,-33.39958333,147.90466667,1398.00,,,,,,
2233,2017-12-31T02:32:54Z,-33.39971667,147.90460000,1399.00,,,,,,
2234,2017-12-31T02:32:55Z,-33.39985000,147.90453333,1397.00,,,,,,
2235,2017-12-31T02:32:56Z,-33.39998333,147.90448333,1395.00,,,,,,
2236,2017-12-31T02:32:57Z,-33.40013333,147.90441667,1394.00,,,,,,
2237,2017-12-31T02:32:58Z,-33.40028333,147.90438333,1394.00,,,,,,
2238,2017-12-31T02:32:59Z,-33.40041667,147.90433333,1394.00,,,,,,
2239,2017-12-31T02:33:00Z,-33.40056667,147.90428333,1393.00,,,,,,
2240,2017-12-31T02:33:01Z,-33.40068333,147.90423333,1389.00,,,,,,
2241,2017-12-31T02:33:02Z,-33.40081667,147.90416667,1386.00,,,,,,
2242,2017-12-31T02:33:03Z,-33.40095000,147.90410000,1383.00,,,,,,
2243,2017-12-31T02:33:04Z,-33.40106667,147.90403333,1380.00,,,,,,
2244,2017-12-31T02:33:05Z,-33.40118333,147.90396667,1379.00,,,,,,
2245,2017-12-31T02:33:06Z,-33.40131667,147.90388333,1376.00,,,,,,
2246,2017-12-31T02:33:07Z,-33.40143333,147.90380000,1374.00,,,,,,
2247,2017-12-31T02:33:08Z,-33.40156667,147.90373333,1371.00,,,,,,
2248,2017-12-31T02:33:09Z,-33.40170000,147.90365000,1368.00,,,,,,
2249,2017-12-31T02:33:10Z,-33.40183333,147.90358333,1367.00,,,,,,
2250,2017-12-31T02:33:11Z,-33.40196667,147.90351667,1366.00,,,,,,
2251,2017-12-31T02:33:12Z,-33.40210000,147.90345000,1364.00,,,,,,
2252,2017-12-31T02:33:13Z,-33.40223333,147.90338333,1362.00,,,,,,
2253,2017-12-31T02:33:14Z,-33.40236667,147.90331667,1361.00,,,,,,
2254,2017-12-31T02:33:15Z,-33.40248333,147.90326667,1360.00,,,,,,
2255,2017-12-31T02:33:16Z,-33.40260000,147.90320000,1358.00,,,,,,
2256,2017-12-31T02:33:17Z,-33.40273333,147.90313333,1355.00,,,,,,
2257,2017-12-31T02:33:18Z,-33.40285000,147.90306667,1351.00,,,,,,
2258,2017-12-31T02:33:19Z,-33.40298333,147.90298333,1348.00,,,,,,
2259,2017-12-31T02:33:20Z,-33.40311667,147.90291667,1346.00,,,,,,
2260,2017-12-31T02:33:21Z,-33.40325000,147.90285000,1343.00,,,,,,
2261,2017-12-31T02:33:22Z,-33.40338333,147.90276667,1339.00,,,,,,
2262,2017-12-31T02:33:23Z,-33.40351667,147.90270000,1336.00,,,,,,
2263,2017-12-31T02:33:24Z,-33.40365000,147.90261667,1331.00,,,,,,
2264,2017-12-31T02:33:25Z,-33.40381667,147.90253333,1329.00,,,,,,
2265,2017-12-31T02:33:26Z,-33.40396667,147.90245000,1327.00,,,,,,
2266,2017-12-31T02:33:27Z,-33.40411667,147.90236667,1325.00,,,,,,
2267,2017-12-31T02:33:28Z,-33.40425000,147.90230000,1325.00,,,,,,
2268,2017-12-31T02:33:29Z,-33.40440000,147.90221667,1324.00,,,,,,
2269,2017-12-31T02:33:30Z,-33.40455000,147.90215000,1322.00,,,,,,
2270,2017-12-31T02:33:31Z,-33.40470000,147.90206667,1320.00,,,,,,
2271,2017-12-31T02:33:32Z,-33.40483333,147.90200000,1320.00,,,,,,
2272,2017-12-31T02:33:33Z,-33.40496667,147.90191667,1319.00,,,,,,
2273,2017-12-31T02:33:34Z,-33.40510000,147.90185000,1318.00,,,,,,
2274,2017-12-31T02:33:35Z,-33.40525000,147.90176667,1315.00,,,,,,
2275,2017-12-31T02:33:36Z,-33.40538333,147.90168333,1313.00,,,,,,
2276,2017-12-31T02:33:37Z,-33.40551667,147.90160000,1314.00,,,,,,
2277,2017-12-31T02:33:38Z,-33.40565000,147.90151667,1314.00,,,,,,
2278,2017-12-31T02:33:39Z,-33.40578333,147.90143333,1313.00,,,,,,
2279,2017-12-31T02:33:40Z,-33.40590000,147.90136667,1311.00,,,,,,
2280,2017-12-31T02:33:41Z,-33.40605000,147.90130000,1309.00,,,,,,
2281,2017-12-31T02:33:42Z,-33.40620000,147.90125000,1308.00,,,,,,
2282,2017-12-31T02:33:43Z,-33.40635000,147.90120000,1309.00,,,,,,
2283,2017-12-31T02:33:44Z,-33.40650000,147.90115000,1308.00,,,,,,
2284,2017-12-31T02:33:45Z,-33.40663333,147.90110000,1307.00,,,,,,
2285,2017-12-31T02:33:46Z,-33.40676667,147.90105000,1306.00,,,,,,
2286,2017-12-31T02:33:47Z,-33.40691667,147.90101667,1306.00,,,,,,
2287,2017-12-31T02:33:48Z,-33.40706667,147.90098333,1306.00,,,,,,
2288,2017-12-31T02:33:49Z,-33.40721667,147.90095000,1307.00,,,,,,
2289,2017-12-31T02:33:50Z,-33.40736667,147.90091667,1308.00,,,,,,
2290,2017-12-31T02:33:51Z,-33.40751667,147.90088333,1308.00,,,,,,
2291,2017-12-31T02:33:52Z,-33.40766667,147.90085000,1308.00,,,,,,
2292,2017-12-31T02:33:53Z,-33.40781667,147.90081667,1308.00,,,,,,
2293,2017-12-31T02:33:54Z,-33.40796667,147.90078333,1308.00,,,,,,
2294,2017-12-31T02:33:55Z,-33.40811667,147.90076667,1306.00,,,,,,
2295,2017-12-31T02:33:56Z,-33.40826667,147.90073333,1304.00,,,,,,
2296,2017-12-31T02:33:57Z,-33.40843333,147.90070000,1301.00,,,,,,
2297,2017-12-31T02:33:58Z,-33.40860000,147.90066667,1298.00,,,,,,
2298,2017-12-31T02:33:59Z,-33.40876667,147.90063333,1295.00,,,,,,
2299,2017-12-31T02:34:00Z,-33.40893333,147.90060000,1293.00,,,,,,
2300,2017-12-31T02:34:01Z,-33.40911667,147.90056667,1293.00,,,,,,
2301,2017-12-31T02:34:02Z,-33.40928333,147.90055000,1294.00,,,,,,
2302,2017-12-31T02:34:03Z,-33.40945000,147.90051667,1293.00,,,,,,
2303,2017-12-31T02:34:04Z,-33.40961667,147.90050000,1291.00,,,,,,
2304,2017-12-31T02:34:05Z,-33.40978333,147.90045000,1288.00,,,,,,
2305,2017-12-31T02:34:06Z,-33.40995000,147.90041667,1285.00,,,,,,
2306,2017-12-31T02:34:07Z,-33.41011667,147.90036667,1284.00,,,,,,
2307,2017-12-31T02:34:08Z,-33.41028333,147.90031667,1284.00,,,,,,
2308,2017-12-31T02:34:09Z,-33.41045000,147.90026667,1283.00,,,,,,
2309,2017-12-31T02:34:10Z,-33.41060000,147.90020000,1282.00,,,,,,
2310,2017-12-31T02:34:11Z,-33.41076667,147.90015000,1283.00,,,,,,
2311,2017-12-31T02:34:12Z,-33.41093333,147.90008333,1283.00,,,,,,
2312,2017-12-31T02:34:13Z,-33.41108333,147.90003333,1285.00,,,,,,
2313,2017-12-31T02:34:14Z,-33.41121667,147.89996667,1283.00,,,,,,
2314,2017-12-31T02:34:15Z,-33.41135000,147.89988333,1282.00,,,,,,
2315,2017-12-31T02:34:16Z,-33.41148333,147.89981667,1282.00,,,,,,
2316,2017-12-31T02:34:17Z,-33.41163333,147.89973333,1283.00,,,,,,
2317,2017-12-31T02:34:18Z,-33.41176667,147.89966667,1284.00,,,,,,
2318,2017-12-31T02:34:19Z,-33.41191667,147.89958333,1285.00,,,,,,
2319,2017-12-31T02:34:20Z,-33.41205000,147.89951667,1286.00,,,,,,
2320,2017-12-31T02:34:21Z,-33.41220000,147.89945000,1287.00,,,,,,
2321,2017-12-31T02:34:22Z,-33.41235000,147.89938333,1288.00,,,,,,
2322,2017-12-31T02:34:23Z,-33.41250000,147.89933333,1288.00,,,,,,
2323,2017-12-31T02:34:24Z,-33.41265000,147.89928333,1289.00,,,,,,
2324,2017-12-31T02:34:25Z,-33.41280000,147.89921667,1290.00,,,,,,
2325,2017-12-31T02:34:26Z,-33.41295000,147.89916667,1290.00,,,,,,
2326,2017-12-31T02:34:27Z,-33.41310000,147.89913333,1290.00,,,,,,
2327,2017-12-31T02:34:28Z,-33.41325000,147.89910000,1291.00,,,,,,
2328,2017-12-31T02:34:29Z,-33.41340000,147.89908333,1292.00,,,,,,
2329,2017-12-31T02:34:30Z,-33.41355000,147.89905000,1293.00,,,,,,
2330,2017-12-31T02:34:31Z,-33.41370000,147.89905000,1292.00,,,,,,
2331,2017-12-31T02:34:32Z,-33.41385000,147.89905000,1293.00,,,,,,
2332,2017-12-31T02:34:33Z,-33.41401667,147.89906667,1296.00,,,,,,
2333,2017-12-31T02:34:34Z,-33.41418333,147.89908333,1300.00,,,,,,
2334,2017-12-31T02:34:35Z,-33.41435000,147.89911667,1300.00,,,,,,
2335,2017-12-31T02:34:36Z,-33.41451667,147.89915000,1302.00,,,,,,
2336,2017-12-31T02:34:37Z,-33.41468333,147.89916667,1302.00,,,,,,
2337,2017-12-31T02:34:38Z,-33.41483333,147.89918333,1303.00,,,,,,
2338,2017-12-31T02:34:39Z,-33.41498333,147.89920000,1304.00,,,,,,
2339,2017-12-31T02:34:40Z,-33.41515000,147.89923333,1305.00,,,,,,
2340,2017-12-31T02:34:41Z,-33.41528333,147.89925000,1305.00,,,,,,
2341,2017-12-31T02:34:42Z,-33.41543333,147.89928333,1305.00,,,,,,
2342,2017-12-31T02:34:43Z,-33.41556667,147.89935000,1305.00,,,,,,
2343,2017-12-31T02:34:44Z,-33.41571667,147.89943333,1305.00,,,,,,
2344,2017-12-31T02:34:45Z,-33.41585000,147.89955000,1305.00,,,,,,
2345,2017-12-31T02:34:46Z,-33.41598333,147.89970000,1305.00,,,,,,
2346,2017-12-31T02:34:47Z,-33.41611667,147.89985000,1306.00,,,,,,
2347,2017-12-31T02:34:48Z,-33.41623333,147.89998333,1306.00,,,,,,
2348,2017-12-31T02:34:49Z,-33.41636667,147.90011667,1304.00,,,,,,
2349,2017-12-31T02:34:50Z,-33.41650000,147.90025000,1303.00,,,,,,
2350,2017-12-31T02:34:51Z,-33.41665000,147.90036667,1303.00,,,,,,
2351,2017-12-31T02:34:52Z,-33.41680000,147.90050000,1306.00,,,,,,
2352,2017-12-31T02:34:53Z,-33.41696667,147.90060000,1308.00,,,,,,
2353,2017-12-31T02:34:54Z,-33.41713333,147.90068333,1312.00,,,,,,
2354,2017-12-31T02:34:55Z,-33.41728333,147.90076667,1316.00,,,,,,
2355,2017-12-31T02:34:56Z,-33.41745000,147.90083333,1319.00,,,,,,
2356,2017-12-31T02:34:57Z,-33.41760000,147.90091667,1324.00,,,,,,
2357,2017-12-31T02:34:58Z,-33.41776667,147.90101667,1330.00,,,,,,
2358,2017-12-31T02:34:59Z,-33.41790000,147.90113333,1335.00,,,,,,
2359,2017-12-31T02:35:00Z,-33.41800000,147.90128333,1337.00,,,,,,
2360,2017-12-31T02:35:01Z,-33.41805000,147.90145000,1339.00,,,,,,
2361,2017-12-31T02:35:02Z,-33.41800000,147.90165000,1339.00,,,,,,
2362,2017-12-31T02:35:03Z,-33.41790000,147.90180000,1342.00,,,,,,
2363,2017-12-31T02:35:04Z,-33.41778333,147.90188333,1346.00,,,,,,
2364,2017-12-31T02:35:05Z,-33.41765000,147.90195000,1348.00,,,,,,
2365,2017-12-31T02:35:06Z,-33.41753333,147.90195000,1352.00,,,,,,
2366,2017-12-31T02:35:07Z,-33.41745000,147.90193333,1355.00,,,,,,
2367,2017-12-31T02:35:08Z,-33.41736667,147.90188333,1354.00,,,,,,
2368,2017-12-31T02:35:09Z,-33.41731667,147.90181667,1354.00,,,,,,
2369,2017-12-31T02:35:10Z,-33.41735000,147.90170000,1356.00,,,,,,
2370,2017-12-31T02:35:11Z,-33.41741667,147.90161667,1360.00,,,,,,
2371,2017-12-31T02:35:12Z,-33.41753333,147.90158333,1368.00,,,,,,
2372,2017-12-31T02:35:13Z,-33.41765000,147.90160000,1373.00,,,,,,
2373,2017-12-31T02:35:14Z,-33.41778333,147.90165000,1378.00,,,,,,
2374,2017-12-31T02:35:15Z,-33.41788333,147.90175000,1380.00,,,,,,
2375,2017-12-31T02:35:16Z,-33.41795000,147.90191667,1382.00,,,,,,
2376,2017-12-31T02:35:17Z,-33.41798333,147.90210000,1383.00,,,,,,
2377,2017-12-31T02:35:18Z,-33.41796667,147.90230000,1386.00,,,,,,
2378,2017-12-31T02:35:19Z,-33.41790000,147.90248333,1389.00,,,,,,
2379,2017-12-31T02:35:20Z,-33.41778333,147.90258333,1392.00,,,,,,
2380,2017-12-31T02:35:21Z,-33.41768333,147.90263333,1397.00,,,,,,
2381,2017-12-31T02:35:22Z,-33.41760000,147.90260000,1399.00,,,,,,
2382,2017-12-31T02:35:23Z,-33.41755000,147.90256667,1401.00,,,,,,
2383,2017-12-31T02:35:24Z,-33.41751667,147.90251667,1404.00,,,,,,
2384,2017-12-31T02:35:25Z,-33.41755000,147.90245000,1407.00,,,,,,
2385,2017-12-31T02:35:26Z,-33.41760000,147.90236667,1411.00,,,,,,
2386,2017-12-31T02:35:27Z,-33.41765000,147.90231667,1415.00,,,,,,
2387,2017-12-31T02:35:28Z,-33.41775000,147.90231667,1416.00,,,,,,
2388,2017-12-31T02:35:29Z,-33.41788333,147.90236667,1419.00,,,,,,
2389,2017-12-31T02:35:30Z,-33.41798333,147.90248333,1421.00,,,,,,
2390,2017-12-31T02:35:31Z,-33.41808333,147.90263333,1425.00,,,,,,
2391,2017-12-31T02:35:32Z,-33.41813333,147.90278333,1426.00,,,,,,
2392,2017-12-31T02:35:33Z,-33.41816667,147.90296667,1426.00,,,,,,
2393,2017-12-31T02:35:34Z,-33.41818333,147.90315000,1428.00,,,,,,
2394,2017-12-31T02:35:35Z,-33.41813333,147.90333333,1430.00,,,,,,
2395,2017-12-31T02:35:36Z,-33.41806667,147.90351667,1432.00,,,,,,
2396,2017-12-31T02:35:37Z,-33.41798333,147.90368333,1435.00,,,,,,
2397,2017-12-31T02:35:38Z,-33.41788333,147.90380000,1439.00,,,,,,
2398,2017-12-31T02:35:39Z,-33.41776667,147.90386667,1442.00,,,,,,
2399,2017-12-31T02:35:40Z,-33.41766667,147.90385000,1444.00,,,,,,
2400,2017-12-31T02:35:41Z,-33.41758333,147.90380000,1445.00,,,,,,
2401,2017-12-31T02:35:42Z,-33.41750000,147.90375000,1446.00,,,,,,
2402,2017-12-31T02:35:43Z,-33.41750000,147.90365000,1449.00,,,,,,
2403,2017-12-31T02:35:44Z,-33.41750000,147.90356667,1454.00,,,,,,
2404,2017-12-31T02:35:45Z,-33.41756667,147.90350000,1458.00,,,,,,
2405,2017-12-31T02:35:46Z,-33.41766667,147.90346667,1460.00,,,,,,
2406,2017-12-31T02:35:47Z,-33.41776667,147.90345000,1462.00,,,,,,
2407,2017-12-31T02:35:48Z,-33.41788333,147.90348333,1463.00,,,,,,
2408,2017-12-31T02:35:49Z,-33.41796667,147.90358333,1468.00,,,,,,
2409,2017-12-31T02:35:50Z,-33.41801667,147.90370000,1471.00,,,,,,
2410,2017-12-31T02:35:51Z,-33.41805000,147.90386667,1473.00,,,,,,
2411,2017-12-31T02:35:52Z,-33.41805000,147.90405000,1474.00,,,,,,
2412,2017-12-31T02:35:53Z,-33.41801667,147.90423333,1475.00,,,,,,
2413,2017-12-31T02:35:54Z,-33.41795000,147.90440000,1478.00,,,,,,
2414,2017-12-31T02:35:55Z,-33.41785000,147.90456667,1481.00,,,,,,
2415,2017-12-31T02:35:56Z,-33.41775000,147.90468333,1483.00,,,,,,
2416,2017-12-31T02:35:57Z,-33.41765000,147.90476667,1486.00,,,,,,
2417,2017-12-31T02:35:58Z,-33.41753333,147.90476667,1488.00,,,,,,
2418,2017-12-31T02:35:59Z,-33.41741667,147.90473333,1488.00,,,,,,
2419,2017-12-31T02:36:00Z,-33.41733333,147.90465000,1487.00,,,,,,
2420,2017-12-31T02:36:01Z,-33.41730000,147.90456667,1486.00,,,,,,
2421,2017-12-31T02:36:02Z,-33.41728333,147.90448333,1488.00,,,,,,
2422,2017-12-31T02:36:03Z,-33.41730000,147.90441667,1489.00,,,,,,
2423,2017-12-31T02:36:04Z,-33.41735000,147.90435000,1491.00,,,,,,
2424,2017-12-31T02:36:05Z,-33.41746667,147.90428333,1494.00,,,,,,
2425,2017-12-31T02:36:06Z,-33.41760000,147.90426667,1498.00,,,,,,
2426,2017-12-31T02:36:07Z,-33.41773333,147.90435000,1500.00,,,,,,
2427,2017-12-31T02:36:08Z,-33.41785000,147.90441667,1501.00,,,,,,
2428,2017-12-31T02:36:09Z,-33.41796667,147.90455000,1502.00,,,,,,
2429,2017-12-31T02:36:10Z,-33.41806667,147.90468333,1505.00,,,,,,
2430,2017-12-31T02:36:11Z,-33.41818333,147.90481667,1507.00,,,,,,
2431,2017-12-31T02:36:12Z,-33.41825000,147.90498333,1509.00,,,,,,
2432,2017-12-31T02:36:13Z,-33.41826667,147.90515000,1510.00,,,,,,
2433,2017-12-31T02:36:14Z,-33.41821667,147.90531667,1513.00,,,,,,
2434,2017-12-31T02:36:15Z,-33.41806667,147.90550000,1515.00,,,,,,
2435,2017-12-31T02:36:16Z,-33.41798333,147.90561667,1517.00,,,,,,
2436,2017-12-31T02:36:17Z,-33.41785000,147.90571667,1518.00,,,,,,
2437,2017-12-31T02:36:18Z,-33.41775000,147.90573333,1520.00,,,,,,
2438,2017-12-31T02:36:19Z,-33.41765000,147.90571667,1522.00,,,,,,
2439,2017-12-31T02:36:20Z,-33.41755000,147.90568333,1523.00,,,,,,
2440,2017-12-31T02:36:21Z,-33.41748333,147.90563333,1524.00,,,,,,
2441,2017-12-31T02:36:22Z,-33.41745000,147.90556667,1524.00,,,,,,
2442,2017-12-31T02:36:23Z,-33.41748333,147.90548333,1523.00,,,,,,
2443,2017-12-31T02:36:24Z,-33.41755000,147.90540000,1523.00,,,,,,
2444,2017-12-31T02:36:25Z,-33.41765000,147.90535000,1524.00,,,,,,
2445,2017-12-31T02:36:26Z,-33.41775000,147.90531667,1526.00,,,,,,
2446,2017-12-31T02:36:27Z,-33.41786667,147.90535000,1528.00,,,,,,
2447,2017-12-31T02:36:28Z,-33.41798333,147.90540000,1530.00,,,,,,
2448,2017-12-31T02:36:29Z,-33.41810000,147.90550000,1531.00,,,,,,
2449,2017-12-31T02:36:30Z,-33.41821667,147.90565000,1532.00,,,,,,
2450,2017-12-31T02:36:31Z,-33.41831667,147.90580000,1534.00,,,,,,
2451,2017-12-31T02:36:32Z,-33.41841667,147.90598333,1539.00,,,,,,
2452,2017-12-31T02:36:33Z,-33.41846667,147.90616667,1544.00,,,,,,
2453,2017-12-31T02:36:34Z,-33.41850000,147.90635000,1549.00,,,,,,
2454,2017-12-31T02:36:35Z,-33.41850000,147.90653333,1550.00,,,,,,
2455,2017-12-31T02:36:36Z,-33.41845000,147.90671667,1547.00,,,,,,
2456,2017-12-31T02:36:37Z,-33.41835000,147.90688333,1547.00,,,,,,
2457,2017-12-31T02:36:38Z,-33.41821667,147.90700000,1549.00,,,,,,
2458,2017-12-31T02:36:39Z,-33.41808333,147.90706667,1556.00,,,,,,
2459,2017-12-31T02:36:40Z,-33.41796667,147.90708333,1560.00,,,,,,
2460,2017-12-31T02:36:41Z,-33.41788333,147.90705000,1562.00,,,,,,
2461,2017-12-31T02:36:42Z,-33.41781667,147.90701667,1562.00,,,,,,
2462,2017-12-31T02:36:43Z,-33.41776667,147.90695000,1563.00,,,,,,
2463,2017-12-31T02:36:44Z,-33.41780000,147.90688333,1563.00,,,,,,
2464,2017-12-31T02:36:45Z,-33.41785000,147.90680000,1563.00,,,,,,
2465,2017-12-31T02:36:46Z,-33.41790000,147.90675000,1563.00,,,,,,
2466,2017-12-31T02:36:47Z,-33.41798333,147.90671667,1564.00,,,,,,
2467,2017-12-31T02:36:48Z,-33.41810000,147.90670000,1567.00,,,,,,
2468,2017-12-31T02:36:49Z,-33.41820000,147.90673333,1572.00,,,,,,
2469,2017-12-31T02:36:50Z,-33.41835000,147.90683333,1575.00,,,,,,
2470,2017-12-31T02:36:51Z,-33.41845000,147.90691667,1577.00,,,,,,
2471,2017-12-31T02:36:52Z,-33.41855000,147.90701667,1578.00,,,,,,
2472,2017-12-31T02:36:53Z,-33.41863333,147.90715000,1578.00,,,,,,
2473,2017-12-31T02:36:54Z,-33.41870000,147.90728333,1578.00,,,,,,
2474,2017-12-31T02:36:55Z,-33.41870000,147.90748333,1578.00,,,,,,
2475,2017-12-31T02:36:56Z,-33.41871667,147.90768333,1578.00,,,,,,
2476,2017-12-31T02:36:57Z,-33.41868333,147.90788333,1580.00,,,,,,
2477,2017-12-31T02:36:58Z,-33.41863333,147.90806667,1584.00,,,,,,
2478,2017-12-31T02:36:59Z,-33.41853333,147.90825000,1587.00,,,,,,
2479,2017-12-31T02:37:00Z,-33.41838333,147.90836667,1588.00,,,,,,
2480,2017-12-31T02:37:01Z,-33.41825000,147.90843333,1588.00,,,,,,
2481,2017-12-31T02:37:02Z,-33.41813333,147.90843333,1589.00,,,,,,
2482,2017-12-31T02:37:03Z,-33.41801667,147.90841667,1592.00,,,,,,
2483,2017-12-31T02:37:04Z,-33.41791667,147.90838333,1598.00,,,,,,
2484,2017-12-31T02:37:05Z,-33.41785000,147.90835000,1600.00,,,,,,
2485,2017-12-31T02:37:06Z,-33.41780000,147.90828333,1600.00,,,,,,
2486,2017-12-31T02:37:07Z,-33.41780000,147.90823333,1598.00,,,,,,
2487,2017-12-31T02:37:08Z,-33.41785000,147.90816667,1598.00,,,,,,
2488,2017-12-31T02:37:09Z,-33.41791667,147.90811667,1598.00,,,,,,
2489,2017-12-31T02:37:10Z,-33.41803333,147.90806667,1600.00,,,,,,
2490,2017-12-31T02:37:11Z,-33.41815000,147.90805000,1602.00,,,,,,
2491,2017-12-31T02:37:12Z,-33.41825000,147.90806667,1605.00,,,,,,
2492,2017-12-31T02:37:13Z,-33.41838333,147.90820000,1606.00,,,,,,
2493,2017-12-31T02:37:14Z,-33.41846667,147.90833333,1607.00,,,,,,
2494,2017-12-31T02:37:15Z,-33.41853333,147.90853333,1608.00,,,,,,
2495,2017-12-31T02:37:16Z,-33.41856667,147.90871667,1610.00,,,,,,
2496,2017-12-31T02:37:17Z,-33.41856667,147.90891667,1611.00,,,,,,
2497,2017-12-31T02:37:18Z,-33.41853333,147.90910000,1612.00,,,,,,
2498,2017-12-31T02:37:19Z,-33.41845000,147.90926667,1613.00,,,,,,
2499,2017-12-31T02:37:20Z,-33.41833333,147.90938333,1614.00,,,,,,
2500,2017-12-31T02:37:21Z,-33.41821667,147.90946667,1616.00,,,,,,
2501,2017-12-31T02:37:22Z,-33.41810000,147.90951667,1617.00,,,,,,
2502,2017-12-31T02:37:23Z,-33.41800000,147.90950000,1618.00,,,,,,
2503,2017-12-31T02:37:24Z,-33.41790000,147.90948333,1620.00,,,,,,
2504,2017-12-31T02:37:25Z,-33.41785000,147.90941667,1621.00,,,,,,
2505,2017-12-31T02:37:26Z,-33.41780000,147.90935000,1623.00,,,,,,
2506,2017-12-31T02:37:27Z,-33.41780000,147.90926667,1623.00,,,,,,
2507,2017-12-31T02:37:28Z,-33.41783333,147.90920000,1623.00,,,,,,
2508,2017-12-31T02:37:29Z,-33.41786667,147.90911667,1623.00,,,,,,
2509,2017-12-31T02:37:30Z,-33.41796667,147.90906667,1623.00,,,,,,
2510,2017-12-31T02:37:31Z,-33.41805000,147.90903333,1624.00,,,,,,
2511,2017-12-31T02:37:32Z,-33.41815000,147.90900000,1625.00,,,,,,
2512,2017-12-31T02:37:33Z,-33.41826667,147.90900000,1626.00,,,,,,
2513,2017-12-31T02:37:34Z,-33.41838333,147.90903333,1628.00,,,,,,
2514,2017-12-31T02:37:35Z,-33.41850000,147.90910000,1630.00,,,,,,
2515,2017-12-31T02:37:36Z,-33.41861667,147.90920000,1632.00,,,,,,
2516,2017-12-31T02:37:37Z,-33.41873333,147.90931667,1634.00,,,,,,
2517,2017-12-31T02:37:38Z,-33.41885000,147.90945000,1634.00,,,,,,
2518,2017-12-31T02:37:39Z,-33.41893333,147.90960000,1635.00,,,,,,
2519,2017-12-31T02:37:40Z,-33.41898333,147.90978333,1636.00,,,,,,
2520,2017-12-31T02:37:41Z,-33.41901667,147.90996667,1637.00,,,,,,
2521,2017-12-31T02:37:42Z,-33.41901667,147.91015000,1637.00,,,,,,
2522,2017-12-31T02:37:43Z,-33.41898333,147.91035000,1638.00,,,,,,
2523,2017-12-31T02:37:44Z,-33.41891667,147.91051667,1639.00,,,,,,
2524,2017-12-31T02:37:45Z,-33.41880000,147.91070000,1641.00,,,,,,
2525,2017-12-31T02:37:46Z,-33.41871667,147.91083333,1642.00,,,,,,
2526,2017-12-31T02:37:47Z,-33.41860000,147.91096667,1644.00,,,,,,
2527,2017-12-31T02:37:48Z,-33.41848333,147.91101667,1645.00,,,,,,
2528,2017-12-31T02:37:49Z,-33.41838333,147.91106667,1646.00,,,,,,
2529,2017-12-31T02:37:50Z,-33.41826667,147.91106667,1646.00,,,,,,
2530,2017-12-31T02:37:51Z,-33.41816667,147.91105000,1647.00,,,,,,
2531,2017-12-31T02:37:52Z,-33.41810000,147.91100000,1647.00,,,,,,
2532,2017-12-31T02:37:53Z,-33.41801667,147.91093333,1648.00,,,,,,
2533,2017-12-31T02:37:54Z,-33.41796667,147.91086667,1650.00,,,,,,
2534,2017-12-31T02:37:55Z,-33.41798333,147.91076667,1651.00,,,,,,
2535,2017-12-31T02:37:56Z,-33.41800000,147.91068333,1652.00,,,,,,
2536,2017-12-31T02:37:57Z,-33.41801667,147.91058333,1653.00,,,,,,
2537,2017-12-31T02:37:58Z,-33.41806667,147.91051667,1654.00,,,,,,
2538,2017-12-31T02:37:59Z,-33.41811667,147.91043333,1655.00,,,,,,
2539,2017-12-31T02:38:00Z,-33.41818333,147.91035000,1656.00,,,,,,
2540,2017-12-31T02:38:01Z,-33.41826667,147.91030000,1657.00,,,,,,
2541,2017-12-31T02:38:02Z,-33.41836667,147.91026667,1658.00,,,,,,
2542,2017-12-31T02:38:03Z,-33.41848333,147.91026667,1659.00,,,,,,
2543,2017-12-31T02:38:04Z,-33.41858333,147.91028333,1659.00,,,,,,
2544,2017-12-31T02:38:05Z,-33.41873333,147.91033333,1660.00,,,,,,
2545,2017-12-31T02:38:06Z,-33.41885000,147.91041667,1661.00,,,,,,
2546,2017-12-31T02:38:07Z,-33.41895000,147.91051667,1663.00,,,,,,
2547,2017-12-31T02:38:08Z,-33.41903333,147.91065000,1664.00,,,,,,
2548,2017-12-31T02:38:09Z,-33.41910000,147.91080000,1665.00,,,,,,
2549,2017-12-31T02:38:10Z,-33.41916667,147.91095000,1665.00,,,,,,
2550,2017-12-31T02:38:11Z,-33.41921667,147.91110000,1664.00,,,,,,
2551,2017-12-31T02:38:12Z,-33.41926667,147.91128333,1663.00,,,,,,
2552,2017-12-31T02:38:13Z,-33.41933333,147.91145000,1665.00,,,,,,
2553,2017-12-31T02:38:14Z,-33.41943333,147.91163333,1668.00,,,,,,
2554,2017-12-31T02:38:15Z,-33.41953333,147.91176667,1669.00,,,,,,
2555,2017-12-31T02:38:16Z,-33.41961667,147.91188333,1669.00,,,,,,
2556,2017-12-31T02:38:17Z,-33.41971667,147.91196667,1667.00,,,,,,
2557,2017-12-31T02:38:18Z,-33.41981667,147.91203333,1664.00,,,,,,
2558,2017-12-31T02:38:19Z,-33.41993333,147.91205000,1665.00,,,,,,
2559,2017-12-31T02:38:20Z,-33.42003333,147.91205000,1665.00,,,,,,
2560,2017-12-31T02:38:21Z,-33.42013333,147.91201667,1664.00,,,,,,
2561,2017-12-31T02:38:22Z,-33.42023333,147.91196667,1662.00,,,,,,
2562,2017-12-31T02:38:23Z,-33.42031667,147.91190000,1660.00,,,,,,
2563,2017-12-31T02:38:24Z,-33.42038333,147.91180000,1659.00,,,,,,
2564,2017-12-31T02:38:25Z,-33.42045000,147.91168333,1660.00,,,,,,
2565,2017-12-31T02:38:26Z,-33.42051667,147.91155000,1659.00,,,,,,
2566,2017-12-31T02:38:27Z,-33.42058333,147.91141667,1658.00,,,,,,
2567,2017-12-31T02:38:28Z,-33.42063333,147.91128333,1659.00,,,,,,
2568,2017-12-31T02:38:29Z,-33.42070000,147.91116667,1658.00,,,,,,
2569,2017-12-31T02:38:30Z,-33.42076667,147.91103333,1657.00,,,,,,
2570,2017-12-31T02:38:31Z,-33.42081667,147.91091667,1654.00,,,,,,
2571,2017-12-31T02:38:32Z,-33.42088333,147.91078333,1652.00,,,,,,
2572,2017-12-31T02:38:33Z,-33.42095000,147.91066667,1653.00,,,,,,
2573,2017-12-31T02:38:34Z,-33.42101667,147.91053333,1656.00,,,,,,
2574,2017-12-31T02:38:35Z,-33.42115000,147.91041667,1656.00,,,,,,
2575,2017-12-31T02:38:36Z,-33.42126667,147.91031667,1658.00,,,,,,
2576,2017-12-31T02:38:37Z,-33.42138333,147.91020000,1660.00,,,,,,
2577,2017-12-31T02:38:38Z,-33.42151667,147.91010000,1664.00,,,,,,
2578,2017-12-31T02:38:39Z,-33.42165000,147.91000000,1668.00,,,,,,
2579,2017-12-31T02:38:40Z,-33.42180000,147.90990000,1669.00,,,,,,
2580,2017-12-31T02:38:41Z,-33.42193333,147.90980000,1670.00,,,,,,
2581,2017-12-31T02:38:42Z,-33.42206667,147.90970000,1672.00,,,,,,
2582,2017-12-31T02:38:43Z,-33.42218333,147.90961667,1676.00,,,,,,
2583,2017-12-31T02:38:44Z,-33.42230000,147.90953333,1677.00,,,,,,
2584,2017-12-31T02:38:45Z,-33.42243333,147.90945000,1676.00,,,,,,
2585,2017-12-31T02:38:46Z,-33.42255000,147.90936667,1676.00,,,,,,
2586,2017-12-31T02:38:47Z,-33.42266667,147.90928333,1677.00,,,,,,
2587,2017-12-31T02:38:48Z,-33.42280000,147.90920000,1678.00,,,,,,
2588,2017-12-31T02:38:49Z,-33.42291667,147.90911667,1677.00,,,,,,
2589,2017-12-31T02:38:50Z,-33.42303333,147.90901667,1676.00,,,,,,
2590,2017-12-31T02:38:51Z,-33.42315000,147.90893333,1676.00,,,,,,
2591,2017-12-31T02:38:52Z,-33.42328333,147.90883333,1675.00,,,,,,
2592,2017-12-31T02:38:53Z,-33.42340000,147.90873333,1675.00,,,,,,
2593,2017-12-31T02:38:54Z,-33.42351667,147.90865000,1675.00,,,,,,
2594,2017-12-31T02:38:55Z,-33.42363333,147.90855000,1676.00,,,,,,
2595,2017-12-31T02:38:56Z,-33.42373333,147.90846667,1675.00,,,,,,
2596,2017-12-31T02:38:57Z,-33.42385000,147.90840000,1672.00,,,,,,
2597,2017-12-31T02:38:58Z,-33.42395000,147.90833333,1669.00,,,,,,
2598,2017-12-31T02:38:59Z,-33.42406667,147.90825000,1665.00,,,,,,
2599,2017-12-31T02:39:00Z,-33.42420000,147.90816667,1662.00,,,,,,
2600,2017-12-31T02:39:01Z,-33.42431667,147.90808333,1659.00,,,,,,
2601,2017-12-31T02:39:02Z,-33.42445000,147.90800000,1655.00,,,,,,
2602,2017-12-31T02:39:03Z,-33.42458333,147.90790000,1651.00,,,,,,
2603,2017-12-31T02:39:04Z,-33.42470000,147.90780000,1646.00,,,,,,
2604,2017-12-31T02:39:05Z,-33.42483333,147.90768333,1644.00,,,,,,
2605,2017-12-31T02:39:06Z,-33.42496667,147.90756667,1640.00,,,,,,
2606,2017-12-31T02:39:07Z,-33.42510000,147.90745000,1635.00,,,,,,
2607,2017-12-31T02:39:08Z,-33.42523333,147.90736667,1631.00,,,,,,
2608,2017-12-31T02:39:09Z,-33.42536667,147.90726667,1626.00,,,,,,
2609,2017-12-31T02:39:10Z,-33.42551667,147.90718333,1621.00,,,,,,
2610,2017-12-31T02:39:11Z,-33.42565000,147.90711667,1615.00,,,,,,
2611,2017-12-31T02:39:12Z,-33.42580000,147.90706667,1611.00,,,,,,
2612,2017-12-31T02:39:13Z,-33.42595000,147.90700000,1610.00,,,,,,
2613,2017-12-31T02:39:14Z,-33.42610000,147.90693333,1608.00,,,,,,
2614,2017-12-31T02:39:15Z,-33.42626667,147.90686667,1605.00,,,,,,
2615,2017-12-31T02:39:16Z,-33.42640000,147.90680000,1602.00,,,,,,
2616,2017-12-31T02:39:17Z,-33.42655000,147.90675000,1601.00,,,,,,
2617,2017-12-31T02:39:18Z,-33.42668333,147.90666667,1600.00,,,,,,
2618,2017-12-31T02:39:19Z,-33.42681667,147.90660000,1598.00,,,,,,
2619,2017-12-31T02:39:20Z,-33.42695000,147.90651667,1596.00,,,,,,
2620,2017-12-31T02:39:21Z,-33.42708333,147.90641667,1593.00,,,,,,
2621,2017-12-31T02:39:22Z,-33.42720000,147.90633333,1590.00,,,,,,
2622,2017-12-31T02:39:23Z,-33.42733333,147.90625000,1586.00,,,,,,
2623,2017-12-31T02:39:24Z,-33.42745000,147.90615000,1584.00,,,,,,
2624,2017-12-31T02:39:25Z,-33.42758333,147.90606667,1583.00,,,,,,
2625,2017-12-31T02:39:26Z,-33.42770000,147.90598333,1582.00,,,,,,
2626,2017-12-31T02:39:27Z,-33.42781667,147.90591667,1580.00,,,,,,
2627,2017-12-31T02:39:28Z,-33.42791667,147.90585000,1578.00,,,,,,
2628,2017-12-31T02:39:29Z,-33.42805000,147.90578333,1574.00,,,,,,
2629,2017-12-31T02:39:30Z,-33.42820000,147.90575000,1571.00,,,,,,
2630,2017-12-31T02:39:31Z,-33.42833333,147.90570000,1568.00,,,,,,
2631,2017-12-31T02:39:32Z,-33.42848333,147.90565000,1565.00,,,,,,
2632,2017-12-31T02:39:33Z,-33.42863333,147.90560000,1563.00,,,,,,
2633,2017-12-31T02:39:34Z,-33.42876667,147.90556667,1559.00,,,,,,
2634,2017-12-31T02:39:35Z,-33.42891667,147.90553333,1556.00,,,,,,
2635,2017-12-31T02:39:36Z,-33.42906667,147.90548333,1552.00,,,,,,
2636,2017-12-31T02:39:37Z,-33.42921667,147.90541667,1548.00,,,,,,
2637,2017-12-31T02:39:38Z,-33.42936667,147.90536667,1543.00,,,,,,
2638,2017-12-31T02:39:39Z,-33.42953333,147.90530000,1538.00,,,,,,
2639,2017-12-31T02:39:40Z,-33.42970000,147.90525000,1536.00,,,,,,
2640,2017-12-31T02:39:41Z,-33.42986667,147.90518333,1533.00,,,,,,
2641,2017-12-31T02:39:42Z,-33.43001667,147.90511667,1530.00,,,,,,
2642,2017-12-31T02:39:43Z,-33.43018333,147.90505000,1528.00,,,,,,
2643,2017-12-31T02:39:44Z,-33.43035000,147.90498333,1528.00,,,,,,
2644,2017-12-31T02:39:45Z,-33.43051667,147.90491667,1528.00,,,,,,
2645,2017-12-31T02:39:46Z,-33.43066667,147.90483333,1528.00,,,,,,
2646,2017-12-31T02:39:47Z,-33.43081667,147.90476667,1526.00,,,,,,
2647,2017-12-31T02:39:48Z,-33.43095000,147.90470000,1523.00,,,,,,
2648,2017-12-31T02:39:49Z,-33.43110000,147.90461667,1522.00,,,,,,
2649,2017-12-31T02:39:50Z,-33.43123333,147.90455000,1522.00,,,,,,
2650,2017-12-31T02:39:51Z,-33.43138333,147.90448333,1521.00,,,,,,
2651,2017-12-31T02:39:52Z,-33.43153333,147.90441667,1521.00,,,,,,
2652,2017-12-31T02:39:53Z,-33.43168333,147.90436667,1521.00,,,,,,
2653,2017-12-31T02:39:54Z,-33.43181667,147.90430000,1522.00,,,,,,
2654,2017-12-31T02:39:55Z,-33.43196667,147.90425000,1520.00,,,,,,
2655,2017-12-31T02:39:56Z,-33.43210000,147.90420000,1515.00,,,,,,
2656,2017-12-31T02:39:57Z,-33.43223333,147.90415000,1514.00,,,,,,
2657,2017-12-31T02:39:58Z,-33.43238333,147.90410000,1513.00,,,,,,
2658,2017-12-31T02:39:59Z,-33.43251667,147.90405000,1511.00,,,,,,
2659,2017-12-31T02:40:00Z,-33.43266667,147.90401667,1510.00,,,,,,
2660,2017-12-31T02:40:01Z,-33.43281667,147.90396667,1508.00,,,,,,
2661,2017-12-31T02:40:02Z,-33.43295000,147.90393333,1505.00,,,,,,
2662,2017-12-31T02:40:03Z,-33.43311667,147.90388333,1502.00,,,,,,
2663,2017-12-31T02:40:04Z,-33.43326667,147.90381667,1499.00,,,,,,
2664,2017-12-31T02:40:05Z,-33.43343333,147.90376667,1498.00,,,,,,
2665,2017-12-31T02:40:06Z,-33.43360000,147.90370000,1494.00,,,,,,
2666,2017-12-31T02:40:07Z,-33.43375000,147.90365000,1492.00,,,,,,
2667,2017-12-31T02:40:08Z,-33.43391667,147.90358333,1491.00,,,,,,
2668,2017-12-31T02:40:09Z,-33.43408333,147.90353333,1488.00,,,,,,
2669,2017-12-31T02:40:10Z,-33.43425000,147.90348333,1485.00,,,,,,
2670,2017-12-31T02:40:11Z,-33.43440000,147.90341667,1482.00,,,,,,
2671,2017-12-31T02:40:12Z,-33.43455000,147.90338333,1478.00,,,,,,
2672,2017-12-31T02:40:13Z,-33.43470000,147.90333333,1477.00,,,,,,
2673,2017-12-31T02:40:14Z,-33.43485000,147.90328333,1475.00,,,,,,
2674,2017-12-31T02:40:15Z,-33.43500000,147.90323333,1473.00,,,,,,
2675,2017-12-31T02:40:16Z,-33.43513333,147.90318333,1470.00,,,,,,
2676,2017-12-31T02:40:17Z,-33.43526667,147.90313333,1466.00,,,,,,
2677,2017-12-31T02:40:18Z,-33.43540000,147.90308333,1462.00,,,,,,
2678,2017-12-31T02:40:19Z,-33.43551667,147.90303333,1457.00,,,,,,
2679,2017-12-31T02:40:20Z,-33.43566667,147.90300000,1455.00,,,,,,
2680,2017-12-31T02:40:21Z,-33.43580000,147.90295000,1451.00,,,,,,
2681,2017-12-31T02:40:22Z,-33.43595000,147.90291667,1446.00,,,,,,
2682,2017-12-31T02:40:23Z,-33.43610000,147.90288333,1444.00,,,,,,
2683,2017-12-31T02:40:24Z,-33.43625000,147.90286667,1441.00,,,,,,
2684,2017-12-31T02:40:25Z,-33.43641667,147.90285000,1441.00,,,,,,
2685,2017-12-31T02:40:26Z,-33.43658333,147.90283333,1441.00,,,,,,
2686,2017-12-31T02:40:27Z,-33.43673333,147.90280000,1441.00,,,,,,
2687,2017-12-31T02:40:28Z,-33.43690000,147.90276667,1440.00,,,,,,
2688,2017-12-31T02:40:29Z,-33.43706667,147.90271667,1439.00,,,,,,
2689,2017-12-31T02:40:30Z,-33.43723333,147.90268333,1439.00,,,,,,
2690,2017-12-31T02:40:31Z,-33.43738333,147.90265000,1440.00,,,,,,
2691,2017-12-31T02:40:32Z,-33.43755000,147.90261667,1439.00,,,,,,
2692,2017-12-31T02:40:33Z,-33.43771667,147.90260000,1437.00,,,,,,
2693,2017-12-31T02:40:34Z,-33.43786667,147.90258333,1432.00,,,,,,
2694,2017-12-31T02:40:35Z,-33.43803333,147.90256667,1429.00,,,,,,
2695,2017-12-31T02:40:36Z,-33.43818333,147.90253333,1425.00,,,,,,
2696,2017-12-31T02:40:37Z,-33.43833333,147.90250000,1425.00,,,,,,
2697,2017-12-31T02:40:38Z,-33.43848333,147.90246667,1426.00,,,,,,
2698,2017-12-31T02:40:39Z,-33.43865000,147.90245000,1426.00,,,,,,
2699,2017-12-31T02:40:40Z,-33.43878333,147.90241667,1426.00,,,,,,
2700,2017-12-31T02:40:41Z,-33.43895000,147.90238333,1424.00,,,,,,
2701,2017-12-31T02:40:42Z,-33.43910000,147.90236667,1423.00,,,,,,
2702,2017-12-31T02:40:43Z,-33.43925000,147.90233333,1424.00,,,,,,
2703,2017-12-31T02:40:44Z,-33.43940000,147.90230000,1422.00,,,,,,
2704,2017-12-31T02:40:45Z,-33.43955000,147.90226667,1418.00,,,,,,
2705,2017-12-31T02:40:46Z,-33.43968333,147.90223333,1416.00,,,,,,
2706,2017-12-31T02:40:47Z,-33.43983333,147.90218333,1418.00,,,,,,
2707,2017-12-31T02:40:48Z,-33.43998333,147.90211667,1423.00,,,,,,
2708,2017-12-31T02:40:49Z,-33.44015000,147.90205000,1427.00,,,,,,
2709,2017-12-31T02:40:50Z,-33.44030000,147.90198333,1428.00,,,,,,
2710,2017-12-31T02:40:51Z,-33.44048333,147.90195000,1431.00,,,,,,
2711,2017-12-31T02:40:52Z,-33.44065000,147.90195000,1437.00,,,,,,
2712,2017-12-31T02:40:53Z,-33.44085000,147.90196667,1444.00,,,,,,
2713,2017-12-31T02:40:54Z,-33.44101667,147.90203333,1449.00,,,,,,
2714,2017-12-31T02:40:55Z,-33.44113333,147.90216667,1449.00,,,,,,
2715,2017-12-31T02:40:56Z,-33.44118333,147.90235000,1449.00,,,,,,
2716,2017-12-31T02:40:57Z,-33.44113333,147.90253333,1454.00,,,,,,
2717,2017-12-31T02:40:58Z,-33.44106667,147.90265000,1459.00,,,,,,
2718,2017-12-31T02:40:59Z,-33.44096667,147.90270000,1467.00,,,,,,
2719,2017-12-31T02:41:00Z,-33.44086667,147.90271667,1469.00,,,,,,
2720,2017-12-31T02:41:01Z,-33.44080000,147.90266667,1472.00,,,,,,
2721,2017-12-31T02:41:02Z,-33.44076667,147.90256667,1474.00,,,,,,
2722,2017-12-31T02:41:03Z,-33.44080000,147.90245000,1477.00,,,,,,
2723,2017-12-31T02:41:04Z,-33.44085000,147.90235000,1482.00,,,,,,
2724,2017-12-31T02:41:05Z,-33.44098333,147.90231667,1485.00,,,,,,
2725,2017-12-31T02:41:06Z,-33.44110000,147.90228333,1489.00,,,,,,
2726,2017-12-31T02:41:07Z,-33.44123333,147.90233333,1491.00,,,,,,
2727,2017-12-31T02:41:08Z,-33.44136667,147.90241667,1494.00,,,,,,
2728,2017-12-31T02:41:09Z,-33.44148333,147.90255000,1498.00,,,,,,
2729,2017-12-31T02:41:10Z,-33.44155000,147.90268333,1501.00,,,,,,
2730,2017-12-31T02:41:11Z,-33.44155000,147.90285000,1506.00,,,,,,
2731,2017-12-31T02:41:12Z,-33.44150000,147.90298333,1511.00,,,,,,
2732,2017-12-31T02:41:13Z,-33.44141667,147.90308333,1513.00,,,,,,
2733,2017-12-31T02:41:14Z,-33.44133333,147.90316667,1516.00,,,,,,
2734,2017-12-31T02:41:15Z,-33.44121667,147.90320000,1517.00,,,,,,
2735,2017-12-31T02:41:16Z,-33.44111667,147.90318333,1520.00,,,,,,
2736,2017-12-31T02:41:17Z,-33.44100000,147.90313333,1524.00,,,,,,
2737,2017-12-31T02:41:18Z,-33.44090000,147.90308333,1528.00,,,,,,
2738,2017-12-31T02:41:19Z,-33.44083333,147.90301667,1534.00,,,,,,
2739,2017-12-31T02:41:20Z,-33.44088333,147.90286667,1537.00,,,,,,
2740,2017-12-31T02:41:21Z,-33.44088333,147.90278333,1540.00,,,,,,
2741,2017-12-31T02:41:22Z,-33.44096667,147.90266667,1543.00,,,,,,
2742,2017-12-31T02:41:23Z,-33.44106667,147.90256667,1544.00,,,,,,
2743,2017-12-31T02:41:24Z,-33.44125000,147.90263333,1547.00,,,,,,
2744,2017-12-31T02:41:25Z,-33.44141667,147.90268333,1549.00,,,,,,
2745,2017-12-31T02:41:26Z,-33.44153333,147.90280000,1551.00,,,,,,
2746,2017-12-31T02:41:27Z,-33.44163333,147.90291667,1554.00,,,,,,
2747,2017-12-31T02:41:28Z,-33.44170000,147.90306667,1558.00,,,,,,
2748,2017-12-31T02:41:29Z,-33.44171667,147.90321667,1562.00,,,,,,
2749,2017-12-31T02:41:30Z,-33.44165000,147.90340000,1565.00,,,,,,
2750,2017-12-31T02:41:31Z,-33.44160000,147.90353333,1567.00,,,,,,
2751,2017-12-31T02:41:32Z,-33.44151667,147.90365000,1570.00,,,,,,
2752,2017-12-31T02:41:33Z,-33.44143333,147.90373333,1571.00,,,,,,
2753,2017-12-31T02:41:34Z,-33.44133333,147.90376667,1572.00,,,,,,
2754,2017-12-31T02:41:35Z,-33.44121667,147.90370000,1574.00,,,,,,
2755,2017-12-31T02:41:36Z,-33.44113333,147.90361667,1578.00,,,,,,
2756,2017-12-31T02:41:37Z,-33.44108333,147.90351667,1582.00,,,,,,
2757,2017-12-31T02:41:38Z,-33.44108333,147.90340000,1584.00,,,,,,
2758,2017-12-31T02:41:39Z,-33.44110000,147.90330000,1586.00,,,,,,
2759,2017-12-31T02:41:40Z,-33.44116667,147.90321667,1588.00,,,,,,
2760,2017-12-31T02:41:41Z,-33.44125000,147.90311667,1591.00,,,,,,
2761,2017-12-31T02:41:42Z,-33.44135000,147.90303333,1594.00,,,,,,
2762,2017-12-31T02:41:43Z,-33.44143333,147.90301667,1594.00,,,,,,
2763,2017-12-31T02:41:44Z,-33.44155000,147.90303333,1594.00,,,,,,
2764,2017-12-31T02:41:45Z,-33.44166667,147.90310000,1595.00,,,,,,
2765,2017-12-31T02:41:46Z,-33.44178333,147.90320000,1597.00,,,,,,
2766,2017-12-31T02:41:47Z,-33.44186667,147.90333333,1599.00,,,,,,
2767,2017-12-31T02:41:48Z,-33.44195000,147.90348333,1601.00,,,,,,
2768,2017-12-31T02:41:49Z,-33.44200000,147.90365000,1605.00,,,,,,
2769,2017-12-31T02:41:50Z,-33.44200000,147.90383333,1607.00,,,,,,
2770,2017-12-31T02:41:51Z,-33.44196667,147.90398333,1609.00,,,,,,
2771,2017-12-31T02:41:52Z,-33.44190000,147.90413333,1611.00,,,,,,
2772,2017-12-31T02:41:53Z,-33.44181667,147.90426667,1614.00,,,,,,
2773,2017-12-31T02:41:54Z,-33.44171667,147.90436667,1619.00,,,,,,
2774,2017-12-31T02:41:55Z,-33.44160000,147.90441667,1621.00,,,,,,
2775,2017-12-31T02:41:56Z,-33.44150000,147.90448333,1623.00,,,,,,
2776,2017-12-31T02:41:57Z,-33.44140000,147.90451667,1624.00,,,,,,
2777,2017-12-31T02:41:58Z,-33.44126667,147.90441667,1624.00,,,,,,
2778,2017-12-31T02:41:59Z,-33.44118333,147.90433333,1627.00,,,,,,
2779,2017-12-31T02:42:00Z,-33.44111667,147.90420000,1628.00,,,,,,
2780,2017-12-31T02:42:01Z,-33.44110000,147.90408333,1630.00,,,,,,
2781,2017-12-31T02:42:02Z,-33.44111667,147.90396667,1631.00,,,,,,
2782,2017-12-31T02:42:03Z,-33.44115000,147.90386667,1633.00,,,,,,
2783,2017-12-31T02:42:04Z,-33.44121667,147.90376667,1636.00,,,,,,
2784,2017-12-31T02:42:05Z,-33.44130000,147.90368333,1639.00,,,,,,
2785,2017-12-31T02:42:06Z,-33.44140000,147.90361667,1641.00,,,,,,
2786,2017-12-31T02:42:07Z,-33.44150000,147.90356667,1641.00,,,,,,
2787,2017-12-31T02:42:08Z,-33.44160000,147.90353333,1642.00,,,,,,
2788,2017-12-31T02:42:09Z,-33.44171667,147.90356667,1642.00,,,,,,
2789,2017-12-31T02:42:10Z,-33.44186667,147.90363333,1642.00,,,,,,
2790,2017-12-31T02:42:11Z,-33.44198333,147.90375000,1643.00,,,,,,
2791,2017-12-31T02:42:12Z,-33.44210000,147.90388333,1645.00,,,,,,
2792,2017-12-31T02:42:13Z,-33.44218333,147.90403333,1647.00,,,,,,
2793,2017-12-31T02:42:14Z,-33.44223333,147.90420000,1651.00,,,,,,
2794,2017-12-31T02:42:15Z,-33.44220000,147.90440000,1653.00,,,,,,
2795,2017-12-31T02:42:16Z,-33.44218333,147.90456667,1656.00,,,,,,
2796,2017-12-31T02:42:17Z,-33.44216667,147.90473333,1659.00,,,,,,
2797,2017-12-31T02:42:18Z,-33.44215000,147.90490000,1663.00,,,,,,
2798,2017-12-31T02:42:19Z,-33.44210000,147.90505000,1668.00,,,,,,
2799,2017-12-31T02:42:20Z,-33.44205000,147.90520000,1671.00,,,,,,
2800,2017-12-31T02:42:21Z,-33.44198333,147.90533333,1671.00,,,,,,
2801,2017-12-31T02:42:22Z,-33.44190000,147.90545000,1672.00,,,,,,
2802,2017-12-31T02:42:23Z,-33.44180000,147.90555000,1675.00,,,,,,
2803,2017-12-31T02:42:24Z,-33.44171667,147.90560000,1681.00,,,,,,
2804,2017-12-31T02:42:25Z,-33.44160000,147.90548333,1684.00,,,,,,
2805,2017-12-31T02:42:26Z,-33.44151667,147.90540000,1687.00,,,,,,
2806,2017-12-31T02:42:27Z,-33.44146667,147.90533333,1688.00,,,,,,
2807,2017-12-31T02:42:28Z,-33.44143333,147.90525000,1689.00,,,,,,
2808,2017-12-31T02:42:29Z,-33.44143333,147.90516667,1691.00,,,,,,
2809,2017-12-31T02:42:30Z,-33.44153333,147.90500000,1694.00,,,,,,
2810,2017-12-31T02:42:31Z,-33.44165000,147.90498333,1696.00,,,,,,
2811,2017-12-31T02:42:32Z,-33.44176667,147.90503333,1697.00,,,,,,
2812,2017-12-31T02:42:33Z,-33.44186667,147.90511667,1696.00,,,,,,
2813,2017-12-31T02:42:34Z,-33.44195000,147.90523333,1696.00,,,,,,
2814,2017-12-31T02:42:35Z,-33.44201667,147.90538333,1698.00,,,,,,
2815,2017-12-31T02:42:36Z,-33.44206667,147.90555000,1699.00,,,,,,
2816,2017-12-31T02:42:37Z,-33.44211667,147.90571667,1702.00,,,,,,
2817,2017-12-31T02:42:38Z,-33.44216667,147.90586667,1708.00,,,,,,
2818,2017-12-31T02:42:39Z,-33.44218333,147.90601667,1713.00,,,,,,
2819,2017-12-31T02:42:40Z,-33.44215000,147.90615000,1715.00,,,,,,
2820,2017-12-31T02:42:41Z,-33.44208333,147.90628333,1717.00,,,,,,
2821,2017-12-31T02:42:42Z,-33.44201667,147.90640000,1719.00,,,,,,
2822,2017-12-31T02:42:43Z,-33.44193333,147.90648333,1721.00,,,,,,
2823,2017-12-31T02:42:44Z,-33.44185000,147.90660000,1723.00,,,,,,
2824,2017-12-31T02:42:45Z,-33.44170000,147.90651667,1724.00,,,,,,
2825,2017-12-31T02:42:46Z,-33.44160000,147.90645000,1724.00,,,,,,
2826,2017-12-31T02:42:47Z,-33.44153333,147.90635000,1726.00,,,,,,
2827,2017-12-31T02:42:48Z,-33.44146667,147.90623333,1729.00,,,,,,
2828,2017-12-31T02:42:49Z,-33.44141667,147.90611667,1731.00,,,,,,
2829,2017-12-31T02:42:50Z,-33.44136667,147.90596667,1732.00,,,,,,
2830,2017-12-31T02:42:51Z,-33.44135000,147.90583333,1735.00,,,,,,
2831,2017-12-31T02:42:52Z,-33.44138333,147.90571667,1737.00,,,,,,
2832,2017-12-31T02:42:53Z,-33.44146667,147.90560000,1738.00,,,,,,
2833,2017-12-31T02:42:54Z,-33.44156667,147.90551667,1738.00,,,,,,
2834,2017-12-31T02:42:55Z,-33.44168333,147.90551667,1740.00,,,,,,
2835,2017-12-31T02:42:56Z,-33.44183333,147.90551667,1745.00,,,,,,
2836,2017-12-31T02:42:57Z,-33.44196667,147.90553333,1748.00,,,,,,
2837,2017-12-31T02:42:58Z,-33.44210000,147.90555000,1748.00,,,,,,
2838,2017-12-31T02:42:59Z,-33.44221667,147.90560000,1745.00,,,,,,
2839,2017-12-31T02:43:00Z,-33.44236667,147.90566667,1744.00,,,,,,
2840,2017-12-31T02:43:01Z,-33.44248333,147.90576667,1747.00,,,,,,
2841,2017-12-31T02:43:02Z,-33.44261667,147.90588333,1750.00,,,,,,
2842,2017-12-31T02:43:03Z,-33.44275000,147.90603333,1754.00,,,,,,
2843,2017-12-31T02:43:04Z,-33.44288333,147.90616667,1759.00,,,,,,
2844,2017-12-31T02:43:05Z,-33.44296667,147.90628333,1760.00,,,,,,
2845,2017-12-31T02:43:06Z,-33.44305000,147.90640000,1760.00,,,,,,
2846,2017-12-31T02:43:07Z,-33.44311667,147.90653333,1761.00,,,,,,
2847,2017-12-31T02:43:08Z,-33.44318333,147.90668333,1763.00,,,,,,
2848,2017-12-31T02:43:09Z,-33.44321667,147.90685000,1767.00,,,,,,
2849,2017-12-31T02:43:10Z,-33.44321667,147.90705000,1769.00,,,,,,
2850,2017-12-31T02:43:11Z,-33.44320000,147.90721667,1771.00,,,,,,
2851,2017-12-31T02:43:12Z,-33.44315000,147.90738333,1774.00,,,,,,
2852,2017-12-31T02:43:13Z,-33.44308333,147.90755000,1776.00,,,,,,
2853,2017-12-31T02:43:14Z,-33.44298333,147.90766667,1779.00,,,,,,
2854,2017-12-31T02:43:15Z,-33.44286667,147.90776667,1782.00,,,,,,
2855,2017-12-31T02:43:16Z,-33.44276667,147.90781667,1786.00,,,,,,
2856,2017-12-31T02:43:17Z,-33.44265000,147.90783333,1788.00,,,,,,
2857,2017-12-31T02:43:18Z,-33.44253333,147.90781667,1789.00,,,,,,
2858,2017-12-31T02:43:19Z,-33.44245000,147.90776667,1790.00,,,,,,
2859,2017-12-31T02:43:20Z,-33.44235000,147.90770000,1792.00,,,,,,
2860,2017-12-31T02:43:21Z,-33.44230000,147.90758333,1794.00,,,,,,
2861,2017-12-31T02:43:22Z,-33.44225000,147.90748333,1796.00,,,,,,
2862,2017-12-31T02:43:23Z,-33.44223333,147.90735000,1798.00,,,,,,
2863,2017-12-31T02:43:24Z,-33.44228333,147.90723333,1799.00,,,,,,
2864,2017-12-31T02:43:25Z,-33.44235000,147.90711667,1800.00,,,,,,
2865,2017-12-31T02:43:26Z,-33.44241667,147.90700000,1801.00,,,,,,
2866,2017-12-31T02:43:27Z,-33.44251667,147.90691667,1802.00,,,,,,
2867,2017-12-31T02:43:28Z,-33.44263333,147.90685000,1803.00,,,,,,
2868,2017-12-31T02:43:29Z,-33.44276667,147.90681667,1806.00,,,,,,
2869,2017-12-31T02:43:30Z,-33.44290000,147.90681667,1809.00,,,,,,
2870,2017-12-31T02:43:31Z,-33.44303333,147.90683333,1812.00,,,,,,
2871,2017-12-31T02:43:32Z,-33.44316667,147.90686667,1813.00,,,,,,
2872,2017-12-31T02:43:33Z,-33.44330000,147.90693333,1814.00,,,,,,
2873,2017-12-31T02:43:34Z,-33.44341667,147.90703333,1816.00,,,,,,
2874,2017-12-31T02:43:35Z,-33.44353333,147.90713333,1817.00,,,,,,
2875,2017-12-31T02:43:36Z,-33.44361667,147.90725000,1819.00,,,,,,
2876,2017-12-31T02:43:37Z,-33.44368333,147.90738333,1819.00,,,,,,
2877,2017-12-31T02:43:38Z,-33.44371667,147.90753333,1819.00,,,,,,
2878,2017-12-31T02:43:39Z,-33.44371667,147.90768333,1820.00,,,,,,
2879,2017-12-31T02:43:40Z,-33.44361667,147.90788333,1821.00,,,,,,
2880,2017-12-31T02:43:41Z,-33.44353333,147.90803333,1825.00,,,,,,
2881,2017-12-31T02:43:42Z,-33.44343333,147.90816667,1827.00,,,,,,
2882,2017-12-31T02:43:43Z,-33.44333333,147.90825000,1831.00,,,,,,
2883,2017-12-31T02:43:44Z,-33.44321667,147.90831667,1833.00,,,,,,
2884,2017-12-31T02:43:45Z,-33.44310000,147.90835000,1833.00,,,,,,
2885,2017-12-31T02:43:46Z,-33.44298333,147.90833333,1835.00,,,,,,
2886,2017-12-31T02:43:47Z,-33.44290000,147.90826667,1838.00,,,,,,
2887,2017-12-31T02:43:48Z,-33.44280000,147.90820000,1840.00,,,,,,
2888,2017-12-31T02:43:49Z,-33.44275000,147.90811667,1839.00,,,,,,
2889,2017-12-31T02:43:50Z,-33.44273333,147.90800000,1838.00,,,,,,
2890,2017-12-31T02:43:51Z,-33.44273333,147.90788333,1836.00,,,,,,
2891,2017-12-31T02:43:52Z,-33.44276667,147.90776667,1835.00,,,,,,
2892,2017-12-31T02:43:53Z,-33.44285000,147.90765000,1836.00,,,,,,
2893,2017-12-31T02:43:54Z,-33.44295000,147.90756667,1838.00,,,,,,
2894,2017-12-31T02:43:55Z,-33.44306667,147.90750000,1840.00,,,,,,
2895,2017-12-31T02:43:56Z,-33.44320000,147.90745000,1844.00,,,,,,
2896,2017-12-31T02:43:57Z,-33.44333333,147.90743333,1845.00,,,,,,
2897,2017-12-31T02:43:58Z,-33.44346667,147.90745000,1845.00,,,,,,
2898,2017-12-31T02:43:59Z,-33.44358333,147.90750000,1845.00,,,,,,
2899,2017-12-31T02:44:00Z,-33.44375000,147.90758333,1844.00,,,,,,
2900,2017-12-31T02:44:01Z,-33.44386667,147.90768333,1846.00,,,,,,
2901,2017-12-31T02:44:02Z,-33.44396667,147.90781667,1846.00,,,,,,
2902,2017-12-31T02:44:03Z,-33.44405000,147.90796667,1849.00,,,,,,
2903,2017-12-31T02:44:04Z,-33.44413333,147.90813333,1852.00,,,,,,
2904,2017-12-31T02:44:05Z,-33.44416667,147.90830000,1853.00,,,,,,
2905,2017-12-31T02:44:06Z,-33.44420000,147.90846667,1853.00,,,,,,
2906,2017-12-31T02:44:07Z,-33.44425000,147.90861667,1854.00,,,,,,
2907,2017-12-31T02:44:08Z,-33.44430000,147.90878333,1855.00,,,,,,
2908,2017-12-31T02:44:09Z,-33.44433333,147.90895000,1855.00,,,,,,
2909,2017-12-31T02:44:10Z,-33.44435000,147.90911667,1855.00,,,,,,
2910,2017-12-31T02:44:11Z,-33.44433333,147.90930000,1857.00,,,,,,
2911,2017-12-31T02:44:12Z,-33.44430000,147.90946667,1860.00,,,,,,
2912,2017-12-31T02:44:13Z,-33.44423333,147.90963333,1864.00,,,,,,
2913,2017-12-31T02:44:14Z,-33.44415000,147.90976667,1866.00,,,,,,
2914,2017-12-31T02:44:15Z,-33.44405000,147.90985000,1868.00,,,,,,
2915,2017-12-31T02:44:16Z,-33.44395000,147.90991667,1869.00,,,,,,
2916,2017-12-31T02:44:17Z,-33.44383333,147.90993333,1870.00,,,,,,
2917,2017-12-31T02:44:18Z,-33.44371667,147.90990000,1871.00,,,,,,
2918,2017-12-31T02:44:19Z,-33.44360000,147.90986667,1872.00,,,,,,
2919,2017-12-31T02:44:20Z,-33.44351667,147.90978333,1873.00,,,,,,
2920,2017-12-31T02:44:21Z,-33.44353333,147.90965000,1875.00,,,,,,
2921,2017-12-31T02:44:22Z,-33.44353333,147.90953333,1876.00,,,,,,
2922,2017-12-31T02:44:23Z,-33.44361667,147.90941667,1877.00,,,,,,
2923,2017-12-31T02:44:24Z,-33.44370000,147.90931667,1880.00,,,,,,
2924,2017-12-31T02:44:25Z,-33.44383333,147.90923333,1880.00,,,,,,
2925,2017-12-31T02:44:26Z,-33.44395000,147.90921667,1881.00,,,,,,
2926,2017-12-31T02:44:27Z,-33.44408333,147.90925000,1881.00,,,,,,
2927,2017-12-31T02:44:28Z,-33.44423333,147.90931667,1882.00,,,,,,
2928,2017-12-31T02:44:29Z,-33.44436667,147.90938333,1884.00,,,,,,
2929,2017-12-31T02:44:30Z,-33.44448333,147.90946667,1885.00,,,,,,
2930,2017-12-31T02:44:31Z,-33.44460000,147.90956667,1885.00,,,,,,
2931,2017-12-31T02:44:32Z,-33.44471667,147.90968333,1887.00,,,,,,
2932,2017-12-31T02:44:33Z,-33.44481667,147.90980000,1890.00,,,,,,
2933,2017-12-31T02:44:34Z,-33.44491667,147.90993333,1891.00,,,,,,
2934,2017-12-31T02:44:35Z,-33.44498333,147.91010000,1892.00,,,,,,
2935,2017-12-31T02:44:36Z,-33.44503333,147.91026667,1895.00,,,,,,
2936,2017-12-31T02:44:37Z,-33.44503333,147.91043333,1898.00,,,,,,
2937,2017-12-31T02:44:38Z,-33.44503333,147.91058333,1900.00,,,,,,
2938,2017-12-31T02:44:39Z,-33.44498333,147.91071667,1901.00,,,,,,
2939,2017-12-31T02:44:40Z,-33.44491667,147.91085000,1902.00,,,,,,
2940,2017-12-31T02:44:41Z,-33.44483333,147.91095000,1903.00,,,,,,
2941,2017-12-31T02:44:42Z,-33.44473333,147.91103333,1906.00,,,,,,
2942,2017-12-31T02:44:43Z,-33.44463333,147.91105000,1908.00,,,,,,
2943,2017-12-31T02:44:44Z,-33.44453333,147.91103333,1908.00,,,,,,
2944,2017-12-31T02:44:45Z,-33.44441667,147.91100000,1908.00,,,,,,
2945,2017-12-31T02:44:46Z,-33.44433333,147.91095000,1909.00,,,,,,
2946,2017-12-31T02:44:47Z,-33.44423333,147.91088333,1913.00,,,,,,
2947,2017-12-31T02:44:48Z,-33.44413333,147.91083333,1915.00,,,,,,
2948,2017-12-31T02:44:49Z,-33.44405000,147.91076667,1916.00,,,,,,
2949,2017-12-31T02:44:50Z,-33.44395000,147.91071667,1916.00,,,,,,
2950,2017-12-31T02:44:51Z,-33.44385000,147.91066667,1915.00,,,,,,
2951,2017-12-31T02:44:52Z,-33.44375000,147.91063333,1913.00,,,,,,
2952,2017-12-31T02:44:53Z,-33.44363333,147.91061667,1913.00,,,,,,
2953,2017-12-31T02:44:54Z,-33.44350000,147.91061667,1916.00,,,,,,
2954,2017-12-31T02:44:55Z,-33.44335000,147.91061667,1918.00,,,,,,
2955,2017-12-31T02:44:56Z,-33.44321667,147.91063333,1919.00,,,,,,
2956,2017-12-31T02:44:57Z,-33.44308333,147.91068333,1919.00,,,,,,
2957,2017-12-31T02:44:58Z,-33.44296667,147.91075000,1919.00,,,,,,
2958,2017-12-31T02:44:59Z,-33.44291667,147.91095000,1920.00,,,,,,
2959,2017-12-31T02:45:00Z,-33.44288333,147.91111667,1922.00,,,,,,
2960,2017-12-31T02:45:01Z,-33.44286667,147.91130000,1922.00,,,,,,
2961,2017-12-31T02:45:02Z,-33.44286667,147.91148333,1923.00,,,,,,
2962,2017-12-31T02:45:03Z,-33.44285000,147.91166667,1925.00,,,,,,
2963,2017-12-31T02:45:04Z,-33.44281667,147.91185000,1931.00,,,,,,
2964,2017-12-31T02:45:05Z,-33.44276667,147.91200000,1934.00,,,,,,
2965,2017-12-31T02:45:06Z,-33.44271667,147.91213333,1937.00,,,,,,
2966,2017-12-31T02:45:07Z,-33.44265000,147.91225000,1939.00,,,,,,
2967,2017-12-31T02:45:08Z,-33.44256667,147.91235000,1940.00,,,,,,
2968,2017-12-31T02:45:09Z,-33.44248333,147.91245000,1944.00,,,,,,
2969,2017-12-31T02:45:10Z,-33.44240000,147.91251667,1947.00,,,,,,
2970,2017-12-31T02:45:11Z,-33.44230000,147.91255000,1951.00,,,,,,
2971,2017-12-31T02:45:12Z,-33.44220000,147.91255000,1954.00,,,,,,
2972,2017-12-31T02:45:13Z,-33.44210000,147.91251667,1957.00,,,,,,
2973,2017-12-31T02:45:14Z,-33.44200000,147.91245000,1959.00,,,,,,
2974,2017-12-31T02:45:15Z,-33.44191667,147.91238333,1961.00,,,,,,
2975,2017-12-31T02:45:16Z,-33.44188333,147.91226667,1962.00,,,,,,
2976,2017-12-31T02:45:17Z,-33.44186667,147.91213333,1963.00,,,,,,
2977,2017-12-31T02:45:18Z,-33.44186667,147.91203333,1964.00,,,,,,
2978,2017-12-31T02:45:19Z,-33.44206667,147.91191667,1967.00,,,,,,
2979,2017-12-31T02:45:20Z,-33.44220000,147.91178333,1970.00,,,,,,
2980,2017-12-31T02:45:21Z,-33.44233333,147.91180000,1973.00,,,,,,
2981,2017-12-31T02:45:22Z,-33.44246667,147.91186667,1973.00,,,,,,
2982,2017-12-31T02:45:23Z,-33.44258333,147.91195000,1974.00,,,,,,
2983,2017-12-31T02:45:24Z,-33.44270000,147.91205000,1975.00,,,,,,
2984,2017-12-31T02:45:25Z,-33.44285000,147.91216667,1977.00,,,,,,
2985,2017-12-31T02:45:26Z,-33.44291667,147.91230000,1979.00,,,,,,
2986,2017-12-31T02:45:27Z,-33.44296667,147.91245000,1981.00,,,,,,
2987,2017-12-31T02:45:28Z,-33.44296667,147.91261667,1983.00,,,,,,
2988,2017-12-31T02:45:29Z,-33.44293333,147.91276667,1985.00,,,,,,
2989,2017-12-31T02:45:30Z,-33.44290000,147.91291667,1988.00,,,,,,
2990,2017-12-31T02:45:31Z,-33.44283333,147.91305000,1990.00,,,,,,
2991,2017-12-31T02:45:32Z,-33.44275000,147.91315000,1994.00,,,,,,
2992,2017-12-31T02:45:33Z,-33.44266667,147.91323333,1999.00,,,,,,
2993,2017-12-31T02:45:34Z,-33.44256667,147.91330000,2006.00,,,,,,
2994,2017-12-31T02:45:35Z,-33.44245000,147.91325000,2008.00,,,,,,
2995,2017-12-31T02:45:36Z,-33.44236667,147.91318333,2011.00,,,,,,
2996,2017-12-31T02:45:37Z,-33.44228333,147.91310000,2012.00,,,,,,
2997,2017-12-31T02:45:38Z,-33.44221667,147.91301667,2012.00,,,,,,
2998,2017-12-31T02:45:39Z,-33.44218333,147.91291667,2013.00,,,,,,
2999,2017-12-31T02:45:40Z,-33.44218333,147.91280000,2015.00,,,,,,
3000,2017-12-31T02:45:41Z,-33.44218333,147.91270000,2017.00,,,,,,
3001,2017-12-31T02:45:42Z,-33.44221667,147.91260000,2019.00,,,,,,
3002,2017-12-31T02:45:43Z,-33.44243333,147.91256667,2021.00,,,,,,
3003,2017-12-31T02:45:44Z,-33.44255000,147.91258333,2022.00,,,,,,
3004,2017-12-31T02:45:45Z,-33.44270000,147.91265000,2022.00,,,,,,
3005,2017-12-31T02:45:46Z,-33.44280000,147.91276667,2023.00,,,,,,
3006,2017-12-31T02:45:47Z,-33.44291667,147.91288333,2025.00,,,,,,
3007,2017-12-31T02:45:48Z,-33.44301667,147.91303333,2029.00,,,,,,
3008,2017-12-31T02:45:49Z,-33.44306667,147.91316667,2034.00,,,,,,
3009,2017-12-31T02:45:50Z,-33.44308333,147.91331667,2038.00,,,,,,
3010,2017-12-31T02:45:51Z,-33.44305000,147.91345000,2039.00,,,,,,
3011,2017-12-31T02:45:52Z,-33.44298333,147.91356667,2040.00,,,,,,
3012,2017-12-31T02:45:53Z,-33.44286667,147.91368333,2042.00,,,,,,
3013,2017-12-31T02:45:54Z,-33.44273333,147.91375000,2047.00,,,,,,
3014,2017-12-31T02:45:55Z,-33.44260000,147.91380000,2053.00,,,,,,
3015,2017-12-31T02:45:56Z,-33.44248333,147.91381667,2059.00,,,,,,
3016,2017-12-31T02:45:57Z,-33.44238333,147.91375000,2062.00,,,,,,
3017,2017-12-31T02:45:58Z,-33.44228333,147.91366667,2063.00,,,,,,
3018,2017-12-31T02:45:59Z,-33.44223333,147.91355000,2065.00,,,,,,
3019,2017-12-31T02:46:00Z,-33.44225000,147.91343333,2066.00,,,,,,
3020,2017-12-31T02:46:01Z,-33.44228333,147.91330000,2065.00,,,,,,
3021,2017-12-31T02:46:02Z,-33.44235000,147.91320000,2066.00,,,,,,
3022,2017-12-31T02:46:03Z,-33.44243333,147.91311667,2068.00,,,,,,
3023,2017-12-31T02:46:04Z,-33.44255000,147.91305000,2069.00,,,,,,
3024,2017-12-31T02:46:05Z,-33.44268333,147.91303333,2070.00,,,,,,
3025,2017-12-31T02:46:06Z,-33.44280000,147.91306667,2072.00,,,,,,
3026,2017-12-31T02:46:07Z,-33.44293333,147.91315000,2075.00,,,,,,
3027,2017-12-31T02:46:08Z,-33.44305000,147.91323333,2076.00,,,,,,
3028,2017-12-31T02:46:09Z,-33.44313333,147.91335000,2078.00,,,,,,
3029,2017-12-31T02:46:10Z,-33.44313333,147.91350000,2080.00,,,,,,
3030,2017-12-31T02:46:11Z,-33.44311667,147.91365000,2083.00,,,,,,
3031,2017-12-31T02:46:12Z,-33.44308333,147.91378333,2086.00,,,,,,
3032,2017-12-31T02:46:13Z,-33.44300000,147.91391667,2089.00,,,,,,
3033,2017-12-31T02:46:14Z,-33.44290000,147.91401667,2094.00,,,,,,
3034,2017-12-31T02:46:15Z,-33.44280000,147.91406667,2097.00,,,,,,
3035,2017-12-31T02:46:16Z,-33.44270000,147.91410000,2100.00,,,,,,
3036,2017-12-31T02:46:17Z,-33.44258333,147.91401667,2103.00,,,,,,
3037,2017-12-31T02:46:18Z,-33.44250000,147.91393333,2106.00,,,,,,
3038,2017-12-31T02:46:19Z,-33.44245000,147.91381667,2107.00,,,,,,
3039,2017-12-31T02:46:20Z,-33.44241667,147.91370000,2108.00,,,,,,
3040,2017-12-31T02:46:21Z,-33.44243333,147.91358333,2107.00,,,,,,
3041,2017-12-31T02:46:22Z,-33.44246667,147.91346667,2107.00,,,,,,
3042,2017-12-31T02:46:23Z,-33.44253333,147.91336667,2105.00,,,,,,
3043,2017-12-31T02:46:24Z,-33.44263333,147.91331667,2104.00,,,,,,
3044,2017-12-31T02:46:25Z,-33.44275000,147.91331667,2103.00,,,,,,
3045,2017-12-31T02:46:26Z,-33.44286667,147.91336667,2103.00,,,,,,
3046,2017-12-31T02:46:27Z,-33.44300000,147.91345000,2105.00,,,,,,
3047,2017-12-31T02:46:28Z,-33.44310000,147.91355000,2108.00,,,,,,
3048,2017-12-31T02:46:29Z,-33.44321667,147.91365000,2112.00,,,,,,
3049,2017-12-31T02:46:30Z,-33.44330000,147.91375000,2114.00,,,,,,
3050,2017-12-31T02:46:31Z,-33.44336667,147.91388333,2115.00,,,,,,
3051,2017-12-31T02:46:32Z,-33.44341667,147.91401667,2117.00,,,,,,
3052,2017-12-31T02:46:33Z,-33.44343333,147.91415000,2120.00,,,,,,
3053,2017-12-31T02:46:34Z,-33.44341667,147.91428333,2121.00,,,,,,
3054,2017-12-31T02:46:35Z,-33.44340000,147.91441667,2122.00,,,,,,
3055,2017-12-31T02:46:36Z,-33.44333333,147.91453333,2123.00,,,,,,
3056,2017-12-31T02:46:37Z,-33.44326667,147.91465000,2125.00,,,,,,
3057,2017-12-31T02:46:38Z,-33.44316667,147.91475000,2127.00,,,,,,
3058,2017-12-31T02:46:39Z,-33.44308333,147.91483333,2129.00,,,,,,
3059,2017-12-31T02:46:40Z,-33.44296667,147.91490000,2131.00,,,,,,
3060,2017-12-31T02:46:41Z,-33.44286667,147.91495000,2133.00,,,,,,
3061,2017-12-31T02:46:42Z,-33.44275000,147.91498333,2136.00,,,,,,
3062,2017-12-31T02:46:43Z,-33.44263333,147.91496667,2138.00,,,,,,
3063,2017-12-31T02:46:44Z,-33.44251667,147.91493333,2138.00,,,,,,
3064,2017-12-31T02:46:46Z,-33.44231667,147.91473333,2138.00,,,,,,
3065,2017-12-31T02:46:47Z,-33.44225000,147.91461667,2141.00,,,,,,
3066,2017-12-31T02:46:48Z,-33.44221667,147.91446667,2143.00,,,,,,
3067,2017-12-31T02:46:49Z,-33.44221667,147.91433333,2142.00,,,,,,
3068,2017-12-31T02:46:50Z,-33.44225000,147.91420000,2141.00,,,,,,
3069,2017-12-31T02:46:51Z,-33.44231667,147.91408333,2140.00,,,,,,
3070,2017-12-31T02:46:52Z,-33.44240000,147.91398333,2140.00,,,,,,
3071,2017-12-31T02:46:53Z,-33.44251667,147.91390000,2140.00,,,,,,
3072,2017-12-31T02:46:54Z,-33.44263333,147.91381667,2138.00,,,,,,
3073,2017-12-31T02:46:55Z,-33.44275000,147.91371667,2137.00,,,,,,
3074,2017-12-31T02:46:56Z,-33.44288333,147.91365000,2135.00,,,,,,
3075,2017-12-31T02:46:57Z,-33.44301667,147.91360000,2132.00,,,,,,
3076,2017-12-31T02:46:58Z,-33.44316667,147.91355000,2128.00,,,,,,
3077,2017-12-31T02:46:59Z,-33.44333333,147.91348333,2127.00,,,,,,
3078,2017-12-31T02:47:00Z,-33.44353333,147.91343333,2126.00,,,,,,
3079,2017-12-31T02:47:01Z,-33.44371667,147.91338333,2123.00,,,,,,
3080,2017-12-31T02:47:02Z,-33.44390000,147.91331667,2121.00,,,,,,
3081,2017-12-31T02:47:03Z,-33.44408333,147.91325000,2121.00,,,,,,
3082,2017-12-31T02:47:04Z,-33.44426667,147.91318333,2117.00,,,,,,
3083,2017-12-31T02:47:05Z,-33.44446667,147.91310000,2113.00,,,,,,
3084,2017-12-31T02:47:06Z,-33.44465000,147.91303333,2111.00,,,,,,
3085,2017-12-31T02:47:07Z,-33.44483333,147.91298333,2108.00,,,,,,
3086,2017-12-31T02:47:08Z,-33.44501667,147.91293333,2105.00,,,,,,
3087,2017-12-31T02:47:09Z,-33.44518333,147.91286667,2101.00,,,,,,
3088,2017-12-31T02:47:10Z,-33.44536667,147.91283333,2097.00,,,,,,
3089,2017-12-31T02:47:11Z,-33.44555000,147.91280000,2095.00,,,,,,
3090,2017-12-31T02:47:12Z,-33.44575000,147.91276667,2093.00,,,,,,
3091,2017-12-31T02:47:13Z,-33.44595000,147.91276667,2093.00,,,,,,
3092,2017-12-31T02:47:14Z,-33.44615000,147.91276667,2093.00,,,,,,
3093,2017-12-31T02:47:15Z,-33.44641667,147.91278333,2090.00,,,,,,
3094,2017-12-31T02:47:16Z,-33.44661667,147.91278333,2083.00,,,,,,
3095,2017-12-31T02:47:17Z,-33.44680000,147.91278333,2077.00,,,,,,
3096,2017-12-31T02:47:18Z,-33.44696667,147.91280000,2075.00,,,,,,
3097,2017-12-31T02:47:19Z,-33.44716667,147.91281667,2074.00,,,,,,
3098,2017-12-31T02:47:20Z,-33.44736667,147.91283333,2075.00,,,,,,
3099,2017-12-31T02:47:21Z,-33.44755000,147.91285000,2072.00,,,,,,
3100,2017-12-31T02:47:22Z,-33.44775000,147.91286667,2069.00,,,,,,
3101,2017-12-31T02:47:23Z,-33.44791667,147.91290000,2068.00,,,,,,
3102,2017-12-31T02:47:24Z,-33.44811667,147.91295000,2067.00,,,,,,
3103,2017-12-31T02:47:25Z,-33.44830000,147.91301667,2065.00,,,,,,
3104,2017-12-31T02:47:26Z,-33.44845000,147.91310000,2061.00,,,,,,
3105,2017-12-31T02:47:27Z,-33.44860000,147.91318333,2058.00,,,,,,
3106,2017-12-31T02:47:28Z,-33.44876667,147.91328333,2056.00,,,,,,
3107,2017-12-31T02:47:29Z,-33.44895000,147.91336667,2053.00,,,,,,
3108,2017-12-31T02:47:30Z,-33.44911667,147.91343333,2051.00,,,,,,
3109,2017-12-31T02:47:31Z,-33.44930000,147.91348333,2047.00,,,,,,
3110,2017-12-31T02:47:32Z,-33.44948333,147.91350000,2042.00,,,,,,
3111,2017-12-31T02:47:33Z,-33.44966667,147.91348333,2038.00,,,,,,
3112,2017-12-31T02:47:34Z,-33.44986667,147.91343333,2034.00,,,,,,
3113,2017-12-31T02:47:35Z,-33.45008333,147.91338333,2032.00,,,,,,
3114,2017-12-31T02:47:36Z,-33.45030000,147.91330000,2031.00,,,,,,
3115,2017-12-31T02:47:37Z,-33.45050000,147.91323333,2028.00,,,,,,
3116,2017-12-31T02:47:38Z,-33.45070000,147.91316667,2027.00,,,,,,
3117,2017-12-31T02:47:39Z,-33.45091667,147.91310000,2028.00,,,,,,
3118,2017-12-31T02:47:40Z,-33.45113333,147.91303333,2027.00,,,,,,
3119,2017-12-31T02:47:41Z,-33.45133333,147.91300000,2025.00,,,,,,
3120,2017-12-31T02:47:42Z,-33.45153333,147.91296667,2023.00,,,,,,
3121,2017-12-31T02:47:43Z,-33.45171667,147.91293333,2022.00,,,,,,
3122,2017-12-31T02:47:44Z,-33.45191667,147.91291667,2022.00,,,,,,
3123,2017-12-31T02:47:45Z,-33.45210000,147.91288333,2023.00,,,,,,
3124,2017-12-31T02:47:46Z,-33.45228333,147.91286667,2021.00,,,,,,
3125,2017-12-31T02:47:47Z,-33.45248333,147.91283333,2018.00,,,,,,
3126,2017-12-31T02:47:48Z,-33.45266667,147.91280000,2018.00,,,,,,
3127,2017-12-31T02:47:49Z,-33.45285000,147.91276667,2018.00,,,,,,
3128,2017-12-31T02:47:50Z,-33.45303333,147.91273333,2017.00,,,,,,
3129,2017-12-31T02:47:51Z,-33.45321667,147.91271667,2018.00,,,,,,
3130,2017-12-31T02:47:52Z,-33.45341667,147.91268333,2017.00,,,,,,
3131,2017-12-31T02:47:53Z,-33.45360000,147.91268333,2012.00,,,,,,
3132,2017-12-31T02:47:54Z,-33.45378333,147.91266667,2010.00,,,,,,
3133,2017-12-31T02:47:55Z,-33.45398333,147.91266667,2012.00,,,,,,
3134,2017-12-31T02:47:56Z,-33.45418333,147.91268333,2014.00,,,,,,
3135,2017-12-31T02:47:57Z,-33.45438333,147.91270000,2013.00,,,,,,
3136,2017-12-31T02:47:58Z,-33.45456667,147.91271667,2011.00,,,,,,
3137,2017-12-31T02:47:59Z,-33.45475000,147.91273333,2008.00,,,,,,
3138,2017-12-31T02:48:00Z,-33.45495000,147.91275000,2006.00,,,,,,
3139,2017-12-31T02:48:01Z,-33.45515000,147.91276667,2004.00,,,,,,
3140,2017-12-31T02:48:02Z,-33.45535000,147.91278333,2003.00,,,,,,
3141,2017-12-31T02:48:03Z,-33.45555000,147.91280000,2001.00,,,,,,
3142,2017-12-31T02:48:04Z,-33.45575000,147.91281667,2000.00,,,,,,
3143,2017-12-31T02:48:05Z,-33.45595000,147.91285000,1998.00,,,,,,
3144,2017-12-31T02:48:06Z,-33.45615000,147.91288333,1997.00,,,,,,
3145,2017-12-31T02:48:07Z,-33.45635000,147.91291667,1997.00,,,,,,
3146,2017-12-31T02:48:08Z,-33.45655000,147.91295000,1997.00,,,,,,
3147,2017-12-31T02:48:09Z,-33.45675000,147.91300000,1994.00,,,,,,
3148,2017-12-31T02:48:10Z,-33.45695000,147.91305000,1993.00,,,,,,
3149,2017-12-31T02:48:11Z,-33.45715000,147.91308333,1990.00,,,,,,
3150,2017-12-31T02:48:12Z,-33.45733333,147.91308333,1988.00,,,,,,
3151,2017-12-31T02:48:13Z,-33.45753333,147.91310000,1989.00,,,,,,
3152,2017-12-31T02:48:14Z,-33.45775000,147.91310000,1990.00,,,,,,
3153,2017-12-31T02:48:15Z,-33.45793333,147.91311667,1990.00,,,,,,
3154,2017-12-31T02:48:16Z,-33.45813333,147.91313333,1989.00,,,,,,
3155,2017-12-31T02:48:17Z,-33.45831667,147.91313333,1985.00,,,,,,
3156,2017-12-31T02:48:18Z,-33.45850000,147.91313333,1984.00,,,,,,
3157,2017-12-31T02:48:19Z,-33.45868333,147.91313333,1982.00,,,,,,
3158,2017-12-31T02:48:20Z,-33.45888333,147.91311667,1980.00,,,,,,
3159,2017-12-31T02:48:21Z,-33.45906667,147.91310000,1978.00,,,,,,
3160,2017-12-31T02:48:22Z,-33.45926667,147.91306667,1977.00,,,,,,
3161,2017-12-31T02:48:23Z,-33.45945000,147.91303333,1976.00,,,,,,
3162,2017-12-31T02:48:24Z,-33.45963333,147.91301667,1972.00,,,,,,
3163,2017-12-31T02:48:25Z,-33.45980000,147.91296667,1970.00,,,,,,
3164,2017-12-31T02:48:26Z,-33.45998333,147.91293333,1969.00,,,,,,
3165,2017-12-31T02:48:27Z,-33.46016667,147.91291667,1969.00,,,,,,
3166,2017-12-31T02:48:28Z,-33.46033333,147.91288333,1967.00,,,,,,
3167,2017-12-31T02:48:29Z,-33.46050000,147.91286667,1963.00,,,,,,
3168,2017-12-31T02:48:30Z,-33.46066667,147.91286667,1960.00,,,,,,
3169,2017-12-31T02:48:31Z,-33.46085000,147.91285000,1955.00,,,,,,
3170,2017-12-31T02:48:32Z,-33.46100000,147.91286667,1952.00,,,,,,
3171,2017-12-31T02:48:33Z,-33.46118333,147.91288333,1951.00,,,,,,
3172,2017-12-31T02:48:34Z,-33.46136667,147.91290000,1950.00,,,,,,
3173,2017-12-31T02:48:35Z,-33.46155000,147.91293333,1949.00,,,,,,
3174,2017-12-31T02:48:36Z,-33.46171667,147.91296667,1947.00,,,,,,
3175,2017-12-31T02:48:37Z,-33.46190000,147.91298333,1943.00,,,,,,
3176,2017-12-31T02:48:38Z,-33.46208333,147.91300000,1941.00,,,,,,
3177,2017-12-31T02:48:39Z,-33.46225000,147.91301667,1939.00,,,,,,
3178,2017-12-31T02:48:40Z,-33.46245000,147.91303333,1938.00,,,,,,
3179,2017-12-31T02:48:41Z,-33.46263333,147.91303333,1938.00,,,,,,
3180,2017-12-31T02:48:42Z,-33.46280000,147.91303333,1937.00,,,,,,
3181,2017-12-31T02:48:43Z,-33.46296667,147.91301667,1937.00,,,,,,
3182,2017-12-31T02:48:44Z,-33.46315000,147.91300000,1935.00,,,,,,
3183,2017-12-31T02:48:45Z,-33.46331667,147.91298333,1933.00,,,,,,
3184,2017-12-31T02:48:46Z,-33.46348333,147.91295000,1931.00,,,,,,
3185,2017-12-31T02:48:47Z,-33.46363333,147.91290000,1929.00,,,,,,
3186,2017-12-31T02:48:48Z,-33.46380000,147.91286667,1928.00,,,,,,
3187,2017-12-31T02:48:49Z,-33.46396667,147.91283333,1927.00,,,,,,
3188,2017-12-31T02:48:50Z,-33.46413333,147.91278333,1925.00,,,,,,
3189,2017-12-31T02:48:51Z,-33.46428333,147.91275000,1924.00,,,,,,
3190,2017-12-31T02:48:52Z,-33.46445000,147.91271667,1923.00,,,,,,
3191,2017-12-31T02:48:53Z,-33.46461667,147.91266667,1926.00,,,,,,
3192,2017-12-31T02:48:54Z,-33.46480000,147.91263333,1927.00,,,,,,
3193,2017-12-31T02:48:55Z,-33.46496667,147.91260000,1927.00,,,,,,
3194,2017-12-31T02:48:56Z,-33.46511667,147.91256667,1929.00,,,,,,
3195,2017-12-31T02:48:57Z,-33.46528333,147.91253333,1931.00,,,,,,
3196,2017-12-31T02:48:58Z,-33.46545000,147.91250000,1932.00,,,,,,
3197,2017-12-31T02:48:59Z,-33.46558333,147.91245000,1932.00,,,,,,
3198,2017-12-31T02:49:00Z,-33.46573333,147.91241667,1934.00,,,,,,
3199,2017-12-31T02:49:01Z,-33.46590000,147.91236667,1937.00,,,,,,
3200,2017-12-31T02:49:02Z,-33.46605000,147.91231667,1937.00,,,,,,
3201,2017-12-31T02:49:03Z,-33.46620000,147.91228333,1938.00,,,,,,
3202,2017-12-31T02:49:04Z,-33.46635000,147.91223333,1939.00,,,,,,
3203,2017-12-31T02:49:05Z,-33.46651667,147.91220000,1940.00,,,,,,
3204,2017-12-31T02:49:06Z,-33.46666667,147.91215000,1941.00,,,,,,
3205,2017-12-31T02:49:07Z,-33.46683333,147.91211667,1944.00,,,,,,
3206,2017-12-31T02:49:08Z,-33.46700000,147.91206667,1950.00,,,,,,
3207,2017-12-31T02:49:09Z,-33.46718333,147.91201667,1955.00,,,,,,
3208,2017-12-31T02:49:10Z,-33.46731667,147.91196667,1956.00,,,,,,
3209,2017-12-31T02:49:11Z,-33.46745000,147.91191667,1958.00,,,,,,
3210,2017-12-31T02:49:12Z,-33.46758333,147.91185000,1960.00,,,,,,
3211,2017-12-31T02:49:13Z,-33.46770000,147.91178333,1962.00,,,,,,
3212,2017-12-31T02:49:14Z,-33.46781667,147.91170000,1966.00,,,,,,
3213,2017-12-31T02:49:15Z,-33.46791667,147.91160000,1969.00,,,,,,
3214,2017-12-31T02:49:16Z,-33.46801667,147.91150000,1973.00,,,,,,
3215,2017-12-31T02:49:17Z,-33.46810000,147.91138333,1975.00,,,,,,
3216,2017-12-31T02:49:18Z,-33.46816667,147.91126667,1977.00,,,,,,
3217,2017-12-31T02:49:19Z,-33.46821667,147.91113333,1979.00,,,,,,
3218,2017-12-31T02:49:20Z,-33.46825000,147.91101667,1981.00,,,,,,
3219,2017-12-31T02:49:21Z,-33.46828333,147.91088333,1984.00,,,,,,
3220,2017-12-31T02:49:22Z,-33.46833333,147.91076667,1987.00,,,,,,
3221,2017-12-31T02:49:23Z,-33.46840000,147.91066667,1990.00,,,,,,
3222,2017-12-31T02:49:24Z,-33.46848333,147.91056667,1991.00,,,,,,
3223,2017-12-31T02:49:25Z,-33.46861667,147.91048333,1992.00,,,,,,
3224,2017-12-31T02:49:26Z,-33.46871667,147.91040000,1993.00,,,,,,
3225,2017-12-31T02:49:27Z,-33.46885000,147.91033333,1995.00,,,,,,
3226,2017-12-31T02:49:28Z,-33.46896667,147.91028333,1997.00,,,,,,
3227,2017-12-31T02:49:29Z,-33.46908333,147.91025000,1999.00,,,,,,
3228,2017-12-31T02:49:30Z,-33.46921667,147.91020000,2000.00,,,,,,
3229,2017-12-31T02:49:31Z,-33.46935000,147.91013333,2000.00,,,,,,
3230,2017-12-31T02:49:32Z,-33.46948333,147.91008333,2000.00,,,,,,
3231,2017-12-31T02:49:33Z,-33.46960000,147.91001667,2000.00,,,,,,
3232,2017-12-31T02:49:34Z,-33.46970000,147.90995000,1998.00,,,,,,
3233,2017-12-31T02:49:35Z,-33.46980000,147.90985000,1997.00,,,,,,
3234,2017-12-31T02:49:36Z,-33.46990000,147.90978333,1993.00,,,,,,
3235,2017-12-31T02:49:37Z,-33.47003333,147.90971667,1990.00,,,,,,
3236,2017-12-31T02:49:38Z,-33.47016667,147.90965000,1990.00,,,,,,
3237,2017-12-31T02:49:39Z,-33.47033333,147.90958333,1994.00,,,,,,
3238,2017-12-31T02:49:40Z,-33.47048333,147.90953333,1997.00,,,,,,
3239,2017-12-31T02:49:41Z,-33.47066667,147.90948333,1994.00,,,,,,
3240,2017-12-31T02:49:42Z,-33.47083333,147.90943333,1993.00,,,,,,
3241,2017-12-31T02:49:43Z,-33.47100000,147.90938333,1992.00,,,,,,
3242,2017-12-31T02:49:44Z,-33.47115000,147.90935000,1990.00,,,,,,
3243,2017-12-31T02:49:45Z,-33.47131667,147.90931667,1988.00,,,,,,
3244,2017-12-31T02:49:46Z,-33.47148333,147.90928333,1987.00,,,,,,
3245,2017-12-31T02:49:47Z,-33.47165000,147.90926667,1987.00,,,,,,
3246,2017-12-31T02:49:48Z,-33.47181667,147.90923333,1986.00,,,,,,
3247,2017-12-31T02:49:49Z,-33.47198333,147.90920000,1984.00,,,,,,
3248,2017-12-31T02:49:50Z,-33.47213333,147.90918333,1982.00,,,,,,
3249,2017-12-31T02:49:51Z,-33.47230000,147.90915000,1981.00,,,,,,
3250,2017-12-31T02:49:52Z,-33.47245000,147.90911667,1979.00,,,,,,
3251,2017-12-31T02:49:53Z,-33.47261667,147.90906667,1974.00,,,,,,
3252,2017-12-31T02:49:54Z,-33.47278333,147.90903333,1969.00,,,,,,
3253,2017-12-31T02:49:55Z,-33.47295000,147.90898333,1971.00,,,,,,
3254,2017-12-31T02:49:56Z,-33.47313333,147.90893333,1973.00,,,,,,
3255,2017-12-31T02:49:57Z,-33.47330000,147.90888333,1973.00,,,,,,
3256,2017-12-31T02:49:58Z,-33.47348333,147.90883333,1970.00,,,,,,
3257,2017-12-31T02:49:59Z,-33.47365000,147.90878333,1965.00,,,,,,
3258,2017-12-31T02:50:00Z,-33.47383333,147.90873333,1963.00,,,,,,
3259,2017-12-31T02:50:01Z,-33.47400000,147.90868333,1963.00,,,,,,
3260,2017-12-31T02:50:02Z,-33.47416667,147.90863333,1963.00,,,,,,
3261,2017-12-31T02:50:03Z,-33.47433333,147.90860000,1964.00,,,,,,
3262,2017-12-31T02:50:04Z,-33.47451667,147.90858333,1964.00,,,,,,
3263,2017-12-31T02:50:05Z,-33.47466667,147.90855000,1964.00,,,,,,
3264,2017-12-31T02:50:06Z,-33.47483333,147.90853333,1965.00,,,,,,
3265,2017-12-31T02:50:07Z,-33.47500000,147.90850000,1969.00,,,,,,
3266,2017-12-31T02:50:08Z,-33.47515000,147.90845000,1970.00,,,,,,
3267,2017-12-31T02:50:09Z,-33.47531667,147.90841667,1973.00,,,,,,
3268,2017-12-31T02:50:10Z,-33.47548333,147.90836667,1974.00,,,,,,
3269,2017-12-31T02:50:11Z,-33.47563333,147.90831667,1974.00,,,,,,
3270,2017-12-31T02:50:12Z,-33.47580000,147.90826667,1973.00,,,,,,
3271,2017-12-31T02:50:13Z,-33.47596667,147.90820000,1973.00,,,,,,
3272,2017-12-31T02:50:14Z,-33.47615000,147.90815000,1974.00,,,,,,
3273,2017-12-31T02:50:15Z,-33.47631667,147.90811667,1975.00,,,,,,
3274,2017-12-31T02:50:16Z,-33.47650000,147.90806667,1978.00,,,,,,
3275,2017-12-31T02:50:17Z,-33.47666667,147.90801667,1977.00,,,,,,
3276,2017-12-31T02:50:18Z,-33.47683333,147.90796667,1977.00,,,,,,
3277,2017-12-31T02:50:19Z,-33.47700000,147.90793333,1978.00,,,,,,
3278,2017-12-31T02:50:20Z,-33.47718333,147.90791667,1977.00,,,,,,
3279,2017-12-31T02:50:21Z,-33.47736667,147.90788333,1977.00,,,,,,
3280,2017-12-31T02:50:22Z,-33.47755000,147.90786667,1977.00,,,,,,
3281,2017-12-31T02:50:23Z,-33.47773333,147.90785000,1978.00,,,,,,
3282,2017-12-31T02:50:24Z,-33.47793333,147.90783333,1978.00,,,,,,
3283,2017-12-31T02:50:25Z,-33.47813333,147.90781667,1979.00,,,,,,
3284,2017-12-31T02:50:26Z,-33.47833333,147.90778333,1979.00,,,,,,
3285,2017-12-31T02:50:27Z,-33.47853333,147.90775000,1980.00,,,,,,
3286,2017-12-31T02:50:28Z,-33.47873333,147.90771667,1979.00,,,,,,
3287,2017-12-31T02:50:29Z,-33.47891667,147.90766667,1979.00,,,,,,
3288,2017-12-31T02:50:30Z,-33.47908333,147.90760000,1981.00,,,,,,
3289,2017-12-31T02:50:31Z,-33.47926667,147.90753333,1983.00,,,,,,
3290,2017-12-31T02:50:32Z,-33.47945000,147.90748333,1982.00,,,,,,
3291,2017-12-31T02:50:33Z,-33.47961667,147.90741667,1979.00,,,,,,
3292,2017-12-31T02:50:34Z,-33.47978333,147.90733333,1973.00,,,,,,
3293,2017-12-31T02:50:35Z,-33.47998333,147.90723333,1971.00,,,,,,
3294,2017-12-31T02:50:36Z,-33.48016667,147.90715000,1973.00,,,,,,
3295,2017-12-31T02:50:37Z,-33.48036667,147.90706667,1971.00,,,,,,
3296,2017-12-31T02:50:38Z,-33.48055000,147.90698333,1972.00,,,,,,
3297,2017-12-31T02:50:39Z,-33.48075000,147.90690000,1975.00,,,,,,
3298,2017-12-31T02:50:40Z,-33.48096667,147.90681667,1974.00,,,,,,
3299,2017-12-31T02:50:41Z,-33.48116667,147.90673333,1973.00,,,,,,
3300,2017-12-31T02:50:42Z,-33.48135000,147.90665000,1974.00,,,,,,
3301,2017-12-31T02:50:43Z,-33.48153333,147.90658333,1973.00,,,,,,
3302,2017-12-31T02:50:44Z,-33.48171667,147.90651667,1967.00,,,,,,
3303,2017-12-31T02:50:45Z,-33.48190000,147.90645000,1962.00,,,,,,
3304,2017-12-31T02:50:46Z,-33.48206667,147.90636667,1958.00,,,,,,
3305,2017-12-31T02:50:47Z,-33.48225000,147.90630000,1955.00,,,,,,
3306,2017-12-31T02:50:48Z,-33.48243333,147.90623333,1957.00,,,,,,
3307,2017-12-31T02:50:49Z,-33.48261667,147.90618333,1958.00,,,,,,
3308,2017-12-31T02:50:50Z,-33.48281667,147.90613333,1960.00,,,,,,
3309,2017-12-31T02:50:51Z,-33.48300000,147.90608333,1961.00,,,,,,
3310,2017-12-31T02:50:52Z,-33.48316667,147.90605000,1958.00,,,,,,
3311,2017-12-31T02:50:53Z,-33.48333333,147.90600000,1951.00,,,,,,
3312,2017-12-31T02:50:54Z,-33.48351667,147.90595000,1948.00,,,,,,
3313,2017-12-31T02:50:55Z,-33.48371667,147.90588333,1947.00,,,,,,
3314,2017-12-31T02:50:56Z,-33.48390000,147.90581667,1947.00,,,,,,
3315,2017-12-31T02:50:57Z,-33.48410000,147.90575000,1949.00,,,,,,
3316,2017-12-31T02:50:58Z,-33.48430000,147.90568333,1946.00,,,,,,
3317,2017-12-31T02:50:59Z,-33.48448333,147.90561667,1943.00,,,,,,
3318,2017-12-31T02:51:00Z,-33.48466667,147.90555000,1943.00,,,,,,
3319,2017-12-31T02:51:01Z,-33.48485000,147.90550000,1942.00,,,,,,
3320,2017-12-31T02:51:02Z,-33.48503333,147.90543333,1941.00,,,,,,
3321,2017-12-31T02:51:03Z,-33.48521667,147.90538333,1940.00,,,,,,
3322,2017-12-31T02:51:04Z,-33.48540000,147.90531667,1939.00,,,,,,
3323,2017-12-31T02:51:05Z,-33.48558333,147.90525000,1937.00,,,,,,
3324,2017-12-31T02:51:06Z,-33.48575000,147.90518333,1937.00,,,,,,
3325,2017-12-31T02:51:07Z,-33.48593333,147.90511667,1936.00,,,,,,
3326,2017-12-31T02:51:08Z,-33.48611667,147.90506667,1936.00,,,,,,
3327,2017-12-31T02:51:09Z,-33.48630000,147.90503333,1937.00,,,,,,
3328,2017-12-31T02:51:10Z,-33.48648333,147.90500000,1937.00,,,,,,
3329,2017-12-31T02:51:11Z,-33.48665000,147.90496667,1937.00,,,,,,
3330,2017-12-31T02:51:12Z,-33.48681667,147.90493333,1936.00,,,,,,
3331,2017-12-31T02:51:13Z,-33.48698333,147.90490000,1936.00,,,,,,
3332,2017-12-31T02:51:14Z,-33.48711667,147.90485000,1932.00,,,,,,
3333,2017-12-31T02:51:15Z,-33.48728333,147.90480000,1929.00,,,,,,
3334,2017-12-31T02:51:16Z,-33.48743333,147.90475000,1923.00,,,,,,
3335,2017-12-31T02:51:17Z,-33.48758333,147.90471667,1921.00,,,,,,
3336,2017-12-31T02:51:18Z,-33.48776667,147.90468333,1921.00,,,,,,
3337,2017-12-31T02:51:19Z,-33.48793333,147.90465000,1920.00,,,,,,
3338,2017-12-31T02:51:20Z,-33.48811667,147.90463333,1919.00,,,,,,
3339,2017-12-31T02:51:21Z,-33.48828333,147.90461667,1919.00,,,,,,
3340,2017-12-31T02:51:22Z,-33.48846667,147.90460000,1917.00,,,,,,
3341,2017-12-31T02:51:23Z,-33.48863333,147.90458333,1915.00,,,,,,
3342,2017-12-31T02:51:24Z,-33.48881667,147.90456667,1911.00,,,,,,
3343,2017-12-31T02:51:25Z,-33.48900000,147.90455000,1908.00,,,,,,
3344,2017-12-31T02:51:26Z,-33.48918333,147.90455000,1902.00,,,,,,
3345,2017-12-31T02:51:27Z,-33.48936667,147.90455000,1902.00,,,,,,
3346,2017-12-31T02:51:28Z,-33.48956667,147.90455000,1903.00,,,,,,
3347,2017-12-31T02:51:29Z,-33.48976667,147.90456667,1903.00,,,,,,
3348,2017-12-31T02:51:30Z,-33.48995000,147.90456667,1903.00,,,,,,
3349,2017-12-31T02:51:31Z,-33.49011667,147.90456667,1904.00,,,,,,
3350,2017-12-31T02:51:32Z,-33.49028333,147.90455000,1903.00,,,,,,
3351,2017-12-31T02:51:33Z,-33.49045000,147.90450000,1900.00,,,,,,
3352,2017-12-31T02:51:34Z,-33.49061667,147.90446667,1896.00,,,,,,
3353,2017-12-31T02:51:35Z,-33.49076667,147.90440000,1895.00,,,,,,
3354,2017-12-31T02:51:36Z,-33.49091667,147.90433333,1893.00,,,,,,
3355,2017-12-31T02:51:37Z,-33.49106667,147.90426667,1890.00,,,,,,
3356,2017-12-31T02:51:38Z,-33.49121667,147.90421667,1887.00,,,,,,
3357,2017-12-31T02:51:39Z,-33.49136667,147.90415000,1882.00,,,,,,
3358,2017-12-31T02:51:40Z,-33.49153333,147.90410000,1880.00,,,,,,
3359,2017-12-31T02:51:41Z,-33.49170000,147.90403333,1880.00,,,,,,
3360,2017-12-31T02:51:42Z,-33.49186667,147.90398333,1879.00,,,,,,
3361,2017-12-31T02:51:43Z,-33.49205000,147.90393333,1878.00,,,,,,
3362,2017-12-31T02:51:44Z,-33.49221667,147.90388333,1876.00,,,,,,
3363,2017-12-31T02:51:45Z,-33.49240000,147.90385000,1876.00,,,,,,
3364,2017-12-31T02:51:46Z,-33.49258333,147.90381667,1875.00,,,,,,
3365,2017-12-31T02:51:47Z,-33.49275000,147.90378333,1873.00,,,,,,
3366,2017-12-31T02:51:48Z,-33.49293333,147.90375000,1872.00,,,,,,
3367,2017-12-31T02:51:49Z,-33.49310000,147.90370000,1869.00,,,,,,
3368,2017-12-31T02:51:50Z,-33.49328333,147.90363333,1868.00,,,,,,
3369,2017-12-31T02:51:51Z,-33.49345000,147.90358333,1865.00,,,,,,
3370,2017-12-31T02:51:52Z,-33.49363333,147.90353333,1865.00,,,,,,
3371,2017-12-31T02:51:53Z,-33.49381667,147.90348333,1862.00,,,,,,
3372,2017-12-31T02:51:54Z,-33.49400000,147.90343333,1862.00,,,,,,
3373,2017-12-31T02:51:55Z,-33.49420000,147.90340000,1861.00,,,,,,
3374,2017-12-31T02:51:56Z,-33.49438333,147.90336667,1858.00,,,,,,
3375,2017-12-31T02:51:57Z,-33.49456667,147.90333333,1857.00,,,,,,
3376,2017-12-31T02:51:58Z,-33.49475000,147.90331667,1855.00,,,,,,
3377,2017-12-31T02:51:59Z,-33.49495000,147.90330000,1855.00,,,,,,
3378,2017-12-31T02:52:00Z,-33.49515000,147.90328333,1854.00,,,,,,
3379,2017-12-31T02:52:01Z,-33.49535000,147.90326667,1856.00,,,,,,
3380,2017-12-31T02:52:02Z,-33.49553333,147.90326667,1856.00,,,,,,
3381,2017-12-31T02:52:03Z,-33.49571667,147.90326667,1856.00,,,,,,
3382,2017-12-31T02:52:04Z,-33.49588333,147.90325000,1853.00,,,,,,
3383,2017-12-31T02:52:05Z,-33.49606667,147.90326667,1851.00,,,,,,
3384,2017-12-31T02:52:06Z,-33.49625000,147.90326667,1849.00,,,,,,
3385,2017-12-31T02:52:07Z,-33.49641667,147.90325000,1844.00,,,,,,
3386,2017-12-31T02:52:08Z,-33.49658333,147.90323333,1846.00,,,,,,
3387,2017-12-31T02:52:09Z,-33.49678333,147.90320000,1849.00,,,,,,
3388,2017-12-31T02:52:10Z,-33.49696667,147.90316667,1848.00,,,,,,
3389,2017-12-31T02:52:11Z,-33.49715000,147.90313333,1846.00,,,,,,
3390,2017-12-31T02:52:12Z,-33.49733333,147.90310000,1844.00,,,,,,
3391,2017-12-31T02:52:13Z,-33.49751667,147.90305000,1841.00,,,,,,
3392,2017-12-31T02:52:14Z,-33.49768333,147.90301667,1842.00,,,,,,
3393,2017-12-31T02:52:15Z,-33.49785000,147.90296667,1842.00,,,,,,
3394,2017-12-31T02:52:16Z,-33.49801667,147.90291667,1842.00,,,,,,
3395,2017-12-31T02:52:17Z,-33.49818333,147.90286667,1840.00,,,,,,
3396,2017-12-31T02:52:18Z,-33.49835000,147.90281667,1839.00,,,,,,
3397,2017-12-31T02:52:19Z,-33.49850000,147.90275000,1838.00,,,,,,
3398,2017-12-31T02:52:20Z,-33.49865000,147.90268333,1835.00,,,,,,
3399,2017-12-31T02:52:21Z,-33.49881667,147.90261667,1831.00,,,,,,
3400,2017-12-31T02:52:22Z,-33.49896667,147.90255000,1829.00,,,,,,
3401,2017-12-31T02:52:23Z,-33.49911667,147.90248333,1831.00,,,,,,
3402,2017-12-31T02:52:24Z,-33.49928333,147.90243333,1830.00,,,,,,
3403,2017-12-31T02:52:25Z,-33.49943333,147.90238333,1827.00,,,,,,
3404,2017-12-31T02:52:26Z,-33.49960000,147.90233333,1826.00,,,,,,
3405,2017-12-31T02:52:27Z,-33.49976667,147.90230000,1827.00,,,,,,
3406,2017-12-31T02:52:28Z,-33.49993333,147.90226667,1829.00,,,,,,
3407,2017-12-31T02:52:29Z,-33.50010000,147.90226667,1828.00,,,,,,
3408,2017-12-31T02:52:30Z,-33.50025000,147.90225000,1828.00,,,,,,
3409,2017-12-31T02:52:31Z,-33.50038333,147.90223333,1824.00,,,,,,
3410,2017-12-31T02:52:32Z,-33.50051667,147.90223333,1818.00,,,,,,
3411,2017-12-31T02:52:33Z,-33.50063333,147.90221667,1814.00,,,,,,
3412,2017-12-31T02:52:34Z,-33.50078333,147.90220000,1811.00,,,,,,
3413,2017-12-31T02:52:35Z,-33.50093333,147.90220000,1810.00,,,,,,
3414,2017-12-31T02:52:36Z,-33.50110000,147.90220000,1805.00,,,,,,
3415,2017-12-31T02:52:37Z,-33.50125000,147.90218333,1803.00,,,,,,
3416,2017-12-31T02:52:38Z,-33.50140000,147.90218333,1802.00,,,,,,
3417,2017-12-31T02:52:39Z,-33.50155000,147.90216667,1801.00,,,,,,
3418,2017-12-31T02:52:40Z,-33.50170000,147.90216667,1800.00,,,,,,
3419,2017-12-31T02:52:41Z,-33.50183333,147.90216667,1798.00,,,,,,
3420,2017-12-31T02:52:42Z,-33.50196667,147.90216667,1795.00,,,,,,
3421,2017-12-31T02:52:43Z,-33.50210000,147.90216667,1792.00,,,,,,
3422,2017-12-31T02:52:44Z,-33.50223333,147.90216667,1788.00,,,,,,
3423,2017-12-31T02:52:45Z,-33.50238333,147.90220000,1787.00,,,,,,
3424,2017-12-31T02:52:46Z,-33.50253333,147.90221667,1788.00,,,,,,
3425,2017-12-31T02:52:47Z,-33.50268333,147.90226667,1789.00,,,,,,
3426,2017-12-31T02:52:48Z,-33.50283333,147.90231667,1788.00,,,,,,
3427,2017-12-31T02:52:49Z,-33.50298333,147.90236667,1788.00,,,,,,
3428,2017-12-31T02:52:50Z,-33.50313333,147.90241667,1789.00,,,,,,
3429,2017-12-31T02:52:51Z,-33.50330000,147.90248333,1791.00,,,,,,
3430,2017-12-31T02:52:52Z,-33.50346667,147.90253333,1794.00,,,,,,
3431,2017-12-31T02:52:53Z,-33.50361667,147.90260000,1797.00,,,,,,
3432,2017-12-31T02:52:54Z,-33.50378333,147.90265000,1800.00,,,,,,
3433,2017-12-31T02:52:55Z,-33.50391667,147.90268333,1801.00,,,,,,
3434,2017-12-31T02:52:56Z,-33.50406667,147.90270000,1802.00,,,,,,
3435,2017-12-31T02:52:57Z,-33.50420000,147.90270000,1805.00,,,,,,
3436,2017-12-31T02:52:58Z,-33.50433333,147.90268333,1809.00,,,,,,
3437,2017-12-31T02:52:59Z,-33.50446667,147.90266667,1813.00,,,,,,
3438,2017-12-31T02:53:00Z,-33.50456667,147.90263333,1816.00,,,,,,
3439,2017-12-31T02:53:01Z,-33.50468333,147.90256667,1821.00,,,,,,
3440,2017-12-31T02:53:02Z,-33.50480000,147.90250000,1826.00,,,,,,
3441,2017-12-31T02:53:03Z,-33.50483333,147.90240000,1830.00,,,,,,
3442,2017-12-31T02:53:04Z,-33.50486667,147.90228333,1830.00,,,,,,
3443,2017-12-31T02:53:05Z,-33.50480000,147.90215000,1833.00,,,,,,
3444,2017-12-31T02:53:06Z,-33.50471667,147.90205000,1836.00,,,,,,
3445,2017-12-31T02:53:07Z,-33.50460000,147.90196667,1837.00,,,,,,
3446,2017-12-31T02:53:08Z,-33.50445000,147.90193333,1837.00,,,,,,
3447,2017-12-31T02:53:09Z,-33.50430000,147.90196667,1841.00,,,,,,
3448,2017-12-31T02:53:10Z,-33.50415000,147.90205000,1845.00,,,,,,
3449,2017-12-31T02:53:11Z,-33.50403333,147.90216667,1848.00,,,,,,
3450,2017-12-31T02:53:12Z,-33.50395000,147.90230000,1852.00,,,,,,
3451,2017-12-31T02:53:13Z,-33.50388333,147.90246667,1853.00,,,,,,
3452,2017-12-31T02:53:14Z,-33.50385000,147.90261667,1856.00,,,,,,
3453,2017-12-31T02:53:15Z,-33.50388333,147.90276667,1859.00,,,,,,
3454,2017-12-31T02:53:16Z,-33.50391667,147.90288333,1861.00,,,,,,
3455,2017-12-31T02:53:17Z,-33.50395000,147.90298333,1865.00,,,,,,
3456,2017-12-31T02:53:18Z,-33.50401667,147.90305000,1866.00,,,,,,
3457,2017-12-31T02:53:19Z,-33.50406667,147.90310000,1866.00,,,,,,
3458,2017-12-31T02:53:20Z,-33.50415000,147.90311667,1868.00,,,,,,
3459,2017-12-31T02:53:21Z,-33.50423333,147.90310000,1873.00,,,,,,
3460,2017-12-31T02:53:22Z,-33.50430000,147.90305000,1876.00,,,,,,
3461,2017-12-31T02:53:23Z,-33.50435000,147.90296667,1878.00,,,,,,
3462,2017-12-31T02:53:24Z,-33.50433333,147.90285000,1880.00,,,,,,
3463,2017-12-31T02:53:25Z,-33.50426667,147.90271667,1881.00,,,,,,
3464,2017-12-31T02:53:26Z,-33.50418333,147.90260000,1884.00,,,,,,
3465,2017-12-31T02:53:27Z,-33.50408333,147.90250000,1888.00,,,,,,
3466,2017-12-31T02:53:28Z,-33.50395000,147.90245000,1889.00,,,,,,
3467,2017-12-31T02:53:29Z,-33.50381667,147.90243333,1889.00,,,,,,
3468,2017-12-31T02:53:30Z,-33.50366667,147.90248333,1889.00,,,,,,
3469,2017-12-31T02:53:31Z,-33.50353333,147.90258333,1892.00,,,,,,
3470,2017-12-31T02:53:32Z,-33.50343333,147.90271667,1893.00,,,,,,
3471,2017-12-31T02:53:33Z,-33.50335000,147.90288333,1896.00,,,,,,
3472,2017-12-31T02:53:34Z,-33.50328333,147.90303333,1900.00,,,,,,
3473,2017-12-31T02:53:35Z,-33.50326667,147.90318333,1902.00,,,,,,
3474,2017-12-31T02:53:36Z,-33.50325000,147.90333333,1904.00,,,,,,
3475,2017-12-31T02:53:37Z,-33.50325000,147.90345000,1904.00,,,,,,
3476,2017-12-31T02:53:38Z,-33.50326667,147.90358333,1903.00,,,,,,
3477,2017-12-31T02:53:39Z,-33.50328333,147.90371667,1901.00,,,,,,
3478,2017-12-31T02:53:40Z,-33.50335000,147.90383333,1900.00,,,,,,
3479,2017-12-31T02:53:41Z,-33.50340000,147.90398333,1900.00,,,,,,
3480,2017-12-31T02:53:42Z,-33.50345000,147.90411667,1899.00,,,,,,
3481,2017-12-31T02:53:43Z,-33.50348333,147.90426667,1895.00,,,,,,
3482,2017-12-31T02:53:44Z,-33.50348333,147.90443333,1891.00,,,,,,
3483,2017-12-31T02:53:45Z,-33.50350000,147.90463333,1891.00,,,,,,
3484,2017-12-31T02:53:46Z,-33.50350000,147.90481667,1891.00,,,,,,
3485,2017-12-31T02:53:47Z,-33.50350000,147.90501667,1891.00,,,,,,
3486,2017-12-31T02:53:48Z,-33.50350000,147.90521667,1889.00,,,,,,
3487,2017-12-31T02:53:49Z,-33.50350000,147.90541667,1889.00,,,,,,
3488,2017-12-31T02:53:50Z,-33.50351667,147.90563333,1888.00,,,,,,
3489,2017-12-31T02:53:51Z,-33.50351667,147.90581667,1888.00,,,,,,
3490,2017-12-31T02:53:52Z,-33.50353333,147.90601667,1886.00,,,,,,
3491,2017-12-31T02:53:53Z,-33.50356667,147.90621667,1882.00,,,,,,
3492,2017-12-31T02:53:54Z,-33.50358333,147.90641667,1880.00,,,,,,
3493,2017-12-31T02:53:55Z,-33.50361667,147.90665000,1879.00,,,,,,
3494,2017-12-31T02:53:56Z,-33.50366667,147.90686667,1879.00,,,,,,
3495,2017-12-31T02:53:57Z,-33.50371667,147.90708333,1877.00,,,,,,
3496,2017-12-31T02:53:58Z,-33.50378333,147.90728333,1873.00,,,,,,
3497,2017-12-31T02:53:59Z,-33.50383333,147.90750000,1867.00,,,,,,
3498,2017-12-31T02:54:00Z,-33.50390000,147.90773333,1864.00,,,,,,
3499,2017-12-31T02:54:01Z,-33.50396667,147.90795000,1863.00,,,,,,
3500,2017-12-31T02:54:02Z,-33.50406667,147.90816667,1864.00,,,,,,
3501,2017-12-31T02:54:03Z,-33.50416667,147.90838333,1864.00,,,,,,
3502,2017-12-31T02:54:04Z,-33.50425000,147.90858333,1863.00,,,,,,
3503,2017-12-31T02:54:05Z,-33.50433333,147.90878333,1861.00,,,,,,
3504,2017-12-31T02:54:06Z,-33.50441667,147.90900000,1857.00,,,,,,
3505,2017-12-31T02:54:07Z,-33.50450000,147.90920000,1854.00,,,,,,
3506,2017-12-31T02:54:08Z,-33.50460000,147.90940000,1854.00,,,,,,
3507,2017-12-31T02:54:09Z,-33.50468333,147.90961667,1854.00,,,,,,
3508,2017-12-31T02:54:10Z,-33.50480000,147.90981667,1855.00,,,,,,
3509,2017-12-31T02:54:11Z,-33.50488333,147.91001667,1856.00,,,,,,
3510,2017-12-31T02:54:12Z,-33.50495000,147.91023333,1858.00,,,,,,
3511,2017-12-31T02:54:13Z,-33.50501667,147.91043333,1859.00,,,,,,
3512,2017-12-31T02:54:14Z,-33.50503333,147.91066667,1861.00,,,,,,
3513,2017-12-31T02:54:15Z,-33.50505000,147.91088333,1861.00,,,,,,
3514,2017-12-31T02:54:16Z,-33.50508333,147.91111667,1863.00,,,,,,
3515,2017-12-31T02:54:17Z,-33.50511667,147.91133333,1863.00,,,,,,
3516,2017-12-31T02:54:18Z,-33.50513333,147.91155000,1864.00,,,,,,
3517,2017-12-31T02:54:19Z,-33.50515000,147.91178333,1862.00,,,,,,
3518,2017-12-31T02:54:20Z,-33.50516667,147.91200000,1863.00,,,,,,
3519,2017-12-31T02:54:21Z,-33.50521667,147.91221667,1868.00,,,,,,
3520,2017-12-31T02:54:22Z,-33.50526667,147.91241667,1873.00,,,,,,
3521,2017-12-31T02:54:23Z,-33.50533333,147.91260000,1875.00,,,,,,
3522,2017-12-31T02:54:24Z,-33.50538333,147.91278333,1873.00,,,,,,
3523,2017-12-31T02:54:25Z,-33.50541667,147.91295000,1873.00,,,,,,
3524,2017-12-31T02:54:26Z,-33.50546667,147.91315000,1875.00,,,,,,
3525,2017-12-31T02:54:27Z,-33.50551667,147.91335000,1878.00,,,,,,
3526,2017-12-31T02:54:28Z,-33.50553333,147.91356667,1881.00,,,,,,
3527,2017-12-31T02:54:29Z,-33.50555000,147.91378333,1884.00,,,,,,
3528,2017-12-31T02:54:30Z,-33.50553333,147.91401667,1887.00,,,,,,
3529,2017-12-31T02:54:31Z,-33.50550000,147.91423333,1891.00,,,,,,
3530,2017-12-31T02:54:32Z,-33.50545000,147.91443333,1893.00,,,,,,
3531,2017-12-31T02:54:33Z,-33.50535000,147.91461667,1895.00,,,,,,
3532,2017-12-31T02:54:34Z,-33.50523333,147.91480000,1900.00,,,,,,
3533,2017-12-31T02:54:35Z,-33.50510000,147.91495000,1906.00,,,,,,
3534,2017-12-31T02:54:36Z,-33.50495000,147.91506667,1914.00,,,,,,
3535,2017-12-31T02:54:37Z,-33.50481667,147.91513333,1923.00,,,,,,
3536,2017-12-31T02:54:38Z,-33.50468333,147.91513333,1929.00,,,,,,
3537,2017-12-31T02:54:39Z,-33.50455000,147.91508333,1932.00,,,,,,
3538,2017-12-31T02:54:40Z,-33.50446667,147.91501667,1935.00,,,,,,
3539,2017-12-31T02:54:41Z,-33.50438333,147.91498333,1936.00,,,,,,
3540,2017-12-31T02:54:42Z,-33.50436667,147.91493333,1937.00,,,,,,
3541,2017-12-31T02:54:43Z,-33.50441667,147.91485000,1939.00,,,,,,
3542,2017-12-31T02:54:44Z,-33.50460000,147.91486667,1946.00,,,,,,
3543,2017-12-31T02:54:45Z,-33.50473333,147.91478333,1950.00,,,,,,
3544,2017-12-31T02:54:46Z,-33.50481667,147.91490000,1954.00,,,,,,
3545,2017-12-31T02:54:47Z,-33.50488333,147.91503333,1957.00,,,,,,
3546,2017-12-31T02:54:48Z,-33.50495000,147.91516667,1960.00,,,,,,
3547,2017-12-31T02:54:49Z,-33.50496667,147.91531667,1966.00,,,,,,
3548,2017-12-31T02:54:50Z,-33.50496667,147.91546667,1972.00,,,,,,
3549,2017-12-31T02:54:51Z,-33.50493333,147.91563333,1976.00,,,,,,
3550,2017-12-31T02:54:52Z,-33.50488333,147.91580000,1983.00,,,,,,
3551,2017-12-31T02:54:53Z,-33.50478333,147.91591667,1990.00,,,,,,
3552,2017-12-31T02:54:54Z,-33.50465000,147.91596667,1995.00,,,,,,
3553,2017-12-31T02:54:55Z,-33.50451667,147.91598333,1998.00,,,,,,
3554,2017-12-31T02:54:56Z,-33.50443333,147.91590000,2001.00,,,,,,
3555,2017-12-31T02:54:57Z,-33.50440000,147.91581667,2004.00,,,,,,
3556,2017-12-31T02:54:58Z,-33.50443333,147.91573333,2010.00,,,,,,
3557,2017-12-31T02:54:59Z,-33.50450000,147.91568333,2014.00,,,,,,
3558,2017-12-31T02:55:00Z,-33.50458333,147.91565000,2017.00,,,,,,
3559,2017-12-31T02:55:01Z,-33.50468333,147.91565000,2017.00,,,,,,
3560,2017-12-31T02:55:02Z,-33.50480000,147.91571667,2020.00,,,,,,
3561,2017-12-31T02:55:03Z,-33.50485000,147.91586667,2024.00,,,,,,
3562,2017-12-31T02:55:04Z,-33.50488333,147.91605000,2031.00,,,,,,
3563,2017-12-31T02:55:05Z,-33.50490000,147.91620000,2034.00,,,,,,
3564,2017-12-31T02:55:06Z,-33.50486667,147.91636667,2037.00,,,,,,
3565,2017-12-31T02:55:07Z,-33.50478333,147.91653333,2041.00,,,,,,
3566,2017-12-31T02:55:08Z,-33.50466667,147.91661667,2045.00,,,,,,
3567,2017-12-31T02:55:09Z,-33.50451667,147.91663333,2053.00,,,,,,
3568,2017-12-31T02:55:10Z,-33.50441667,147.91661667,2060.00,,,,,,
3569,2017-12-31T02:55:11Z,-33.50433333,147.91655000,2064.00,,,,,,
3570,2017-12-31T02:55:12Z,-33.50425000,147.91648333,2069.00,,,,,,
3571,2017-12-31T02:55:13Z,-33.50418333,147.91641667,2073.00,,,,,,
3572,2017-12-31T02:55:14Z,-33.50411667,147.91635000,2080.00,,,,,,
3573,2017-12-31T02:55:15Z,-33.50428333,147.91623333,2083.00,,,,,,
3574,2017-12-31T02:55:16Z,-33.50436667,147.91620000,2087.00,,,,,,
3575,2017-12-31T02:55:17Z,-33.50446667,147.91621667,2089.00,,,,,,
3576,2017-12-31T02:55:18Z,-33.50456667,147.91631667,2092.00,,,,,,
3577,2017-12-31T02:55:19Z,-33.50463333,147.91645000,2094.00,,,,,,
3578,2017-12-31T02:55:20Z,-33.50471667,147.91656667,2097.00,,,,,,
3579,2017-12-31T02:55:21Z,-33.50476667,147.91670000,2101.00,,,,,,
3580,2017-12-31T02:55:22Z,-33.50478333,147.91685000,2103.00,,,,,,
3581,2017-12-31T02:55:23Z,-33.50478333,147.91698333,2108.00,,,,,,
3582,2017-12-31T02:55:24Z,-33.50473333,147.91715000,2114.00,,,,,,
3583,2017-12-31T02:55:25Z,-33.50466667,147.91731667,2117.00,,,,,,
3584,2017-12-31T02:55:26Z,-33.50451667,147.91735000,2122.00,,,,,,
3585,2017-12-31T02:55:27Z,-33.50438333,147.91735000,2126.00,,,,,,
3586,2017-12-31T02:55:28Z,-33.50428333,147.91733333,2128.00,,,,,,
3587,2017-12-31T02:55:29Z,-33.50420000,147.91725000,2130.00,,,,,,
3588,2017-12-31T02:55:30Z,-33.50418333,147.91716667,2131.00,,,,,,
3589,2017-12-31T02:55:31Z,-33.50418333,147.91706667,2135.00,,,,,,
3590,2017-12-31T02:55:32Z,-33.50421667,147.91696667,2138.00,,,,,,
3591,2017-12-31T02:55:33Z,-33.50428333,147.91686667,2142.00,,,,,,
3592,2017-12-31T02:55:34Z,-33.50441667,147.91685000,2148.00,,,,,,
3593,2017-12-31T02:55:35Z,-33.50450000,147.91690000,2153.00,,,,,,
3594,2017-12-31T02:55:36Z,-33.50460000,147.91696667,2157.00,,,,,,
3595,2017-12-31T02:55:37Z,-33.50468333,147.91705000,2158.00,,,,,,
3596,2017-12-31T02:55:38Z,-33.50475000,147.91713333,2156.00,,,,,,
3597,2017-12-31T02:55:39Z,-33.50481667,147.91721667,2154.00,,,,,,
3598,2017-12-31T02:55:40Z,-33.50481667,147.91733333,2155.00,,,,,,
3599,2017-12-31T02:55:41Z,-33.50481667,147.91743333,2158.00,,,,,,
3600,2017-12-31T02:55:42Z,-33.50478333,147.91758333,2165.00,,,,,,
3601,2017-12-31T02:55:43Z,-33.50455000,147.91773333,2171.00,,,,,,
3602,2017-12-31T02:55:44Z,-33.50440000,147.91773333,2177.00,,,,,,
3603,2017-12-31T02:55:45Z,-33.50426667,147.91776667,2178.00,,,,,,
3604,2017-12-31T02:55:46Z,-33.50418333,147.91773333,2176.00,,,,,,
3605,2017-12-31T02:55:47Z,-33.50410000,147.91770000,2177.00,,,,,,
3606,2017-12-31T02:55:48Z,-33.50401667,147.91763333,2179.00,,,,,,
3607,2017-12-31T02:55:49Z,-33.50393333,147.91760000,2185.00,,,,,,
3608,2017-12-31T02:55:50Z,-33.50388333,147.91753333,2192.00,,,,,,
3609,2017-12-31T02:55:51Z,-33.50383333,147.91748333,2196.00,,,,,,
3610,2017-12-31T02:55:52Z,-33.50381667,147.91745000,2197.00,,,,,,
3611,2017-12-31T02:55:53Z,-33.50386667,147.91735000,2195.00,,,,,,
3612,2017-12-31T02:55:54Z,-33.50391667,147.91733333,2189.00,,,,,,
3613,2017-12-31T02:55:55Z,-33.50408333,147.91735000,2187.00,,,,,,
3614,2017-12-31T02:55:56Z,-33.50420000,147.91741667,2189.00,,,,,,
3615,2017-12-31T02:55:57Z,-33.50431667,147.91753333,2191.00,,,,,,
3616,2017-12-31T02:55:58Z,-33.50441667,147.91770000,2194.00,,,,,,
3617,2017-12-31T02:55:59Z,-33.50450000,147.91786667,2198.00,,,,,,
3618,2017-12-31T02:56:00Z,-33.50463333,147.91803333,2200.00,,,,,,
3619,2017-12-31T02:56:01Z,-33.50471667,147.91816667,2198.00,,,,,,
3620,2017-12-31T02:56:02Z,-33.50478333,147.91830000,2192.00,,,,,,
3621,2017-12-31T02:56:03Z,-33.50485000,147.91840000,2187.00,,,,,,
3622,2017-12-31T02:56:04Z,-33.50496667,147.91846667,2190.00,,,,,,
3623,2017-12-31T02:56:05Z,-33.50515000,147.91843333,2194.00,,,,,,
3624,2017-12-31T02:56:06Z,-33.50528333,147.91846667,2196.00,,,,,,
3625,2017-12-31T02:56:07Z,-33.50543333,147.91848333,2198.00,,,,,,
3626,2017-12-31T02:56:08Z,-33.50558333,147.91851667,2199.00,,,,,,
3627,2017-12-31T02:56:09Z,-33.50571667,147.91853333,2197.00,,,,,,
3628,2017-12-31T02:56:10Z,-33.50588333,147.91855000,2195.00,,,,,,
3629,2017-12-31T02:56:11Z,-33.50603333,147.91856667,2192.00,,,,,,
3630,2017-12-31T02:56:12Z,-33.50616667,147.91858333,2191.00,,,,,,
3631,2017-12-31T02:56:13Z,-33.50633333,147.91858333,2192.00,,,,,,
3632,2017-12-31T02:56:14Z,-33.50651667,147.91860000,2195.00,,,,,,
3633,2017-12-31T02:56:15Z,-33.50678333,147.91861667,2201.00,,,,,,
3634,2017-12-31T02:56:16Z,-33.50701667,147.91863333,2204.00,,,,,,
3635,2017-12-31T02:56:17Z,-33.50723333,147.91863333,2205.00,,,,,,
3636,2017-12-31T02:56:18Z,-33.50740000,147.91865000,2202.00,,,,,,
3637,2017-12-31T02:56:19Z,-33.50756667,147.91863333,2201.00,,,,,,
3638,2017-12-31T02:56:20Z,-33.50773333,147.91863333,2199.00,,,,,,
3639,2017-12-31T02:56:21Z,-33.50788333,147.91860000,2195.00,,,,,,
3640,2017-12-31T02:56:22Z,-33.50803333,147.91858333,2193.00,,,,,,
3641,2017-12-31T02:56:23Z,-33.50815000,147.91853333,2188.00,,,,,,
3642,2017-12-31T02:56:24Z,-33.50828333,147.91846667,2188.00,,,,,,
3643,2017-12-31T02:56:25Z,-33.50840000,147.91835000,2184.00,,,,,,
3644,2017-12-31T02:56:26Z,-33.50853333,147.91828333,2179.00,,,,,,
3645,2017-12-31T02:56:27Z,-33.50866667,147.91820000,2176.00,,,,,,
3646,2017-12-31T02:56:28Z,-33.50881667,147.91813333,2173.00,,,,,,
3647,2017-12-31T02:56:29Z,-33.50898333,147.91806667,2171.00,,,,,,
3648,2017-12-31T02:56:30Z,-33.50911667,147.91798333,2169.00,,,,,,
3649,2017-12-31T02:56:31Z,-33.50928333,147.91793333,2169.00,,,,,,
3650,2017-12-31T02:56:32Z,-33.50946667,147.91790000,2168.00,,,,,,
3651,2017-12-31T02:56:33Z,-33.50968333,147.91791667,2166.00,,,,,,
3652,2017-12-31T02:56:34Z,-33.50986667,147.91793333,2165.00,,,,,,
3653,2017-12-31T02:56:35Z,-33.51005000,147.91791667,2164.00,,,,,,
3654,2017-12-31T02:56:36Z,-33.51025000,147.91793333,2162.00,,,,,,
3655,2017-12-31T02:56:37Z,-33.51046667,147.91795000,2161.00,,,,,,
3656,2017-12-31T02:56:38Z,-33.51066667,147.91798333,2161.00,,,,,,
3657,2017-12-31T02:56:39Z,-33.51085000,147.91798333,2162.00,,,,,,
3658,2017-12-31T02:56:40Z,-33.51103333,147.91798333,2159.00,,,,,,
3659,2017-12-31T02:56:41Z,-33.51121667,147.91801667,2155.00,,,,,,
3660,2017-12-31T02:56:42Z,-33.51140000,147.91803333,2151.00,,,,,,
3661,2017-12-31T02:56:43Z,-33.51160000,147.91803333,2148.00,,,,,,
3662,2017-12-31T02:56:44Z,-33.51180000,147.91805000,2146.00,,,,,,
3663,2017-12-31T02:56:45Z,-33.51200000,147.91805000,2146.00,,,,,,
3664,2017-12-31T02:56:46Z,-33.51221667,147.91803333,2145.00,,,,,,
3665,2017-12-31T02:56:47Z,-33.51241667,147.91801667,2143.00,,,,,,
3666,2017-12-31T02:56:48Z,-33.51263333,147.91800000,2142.00,,,,,,
3667,2017-12-31T02:56:49Z,-33.51283333,147.91800000,2144.00,,,,,,
3668,2017-12-31T02:56:50Z,-33.51305000,147.91798333,2145.00,,,,,,
3669,2017-12-31T02:56:51Z,-33.51326667,147.91798333,2144.00,,,,,,
3670,2017-12-31T02:56:52Z,-33.51346667,147.91798333,2139.00,,,,,,
3671,2017-12-31T02:56:53Z,-33.51366667,147.91798333,2136.00,,,,,,
3672,2017-12-31T02:56:54Z,-33.51386667,147.91796667,2136.00,,,,,,
3673,2017-12-31T02:56:55Z,-33.51406667,147.91793333,2136.00,,,,,,
3674,2017-12-31T02:56:56Z,-33.51426667,147.91790000,2137.00,,,,,,
3675,2017-12-31T02:56:57Z,-33.51445000,147.91786667,2137.00,,,,,,
3676,2017-12-31T02:56:58Z,-33.51461667,147.91785000,2134.00,,,,,,
3677,2017-12-31T02:56:59Z,-33.51480000,147.91781667,2130.00,,,,,,
3678,2017-12-31T02:57:00Z,-33.51498333,147.91780000,2128.00,,,,,,
3679,2017-12-31T02:57:01Z,-33.51516667,147.91776667,2127.00,,,,,,
3680,2017-12-31T02:57:02Z,-33.51536667,147.91773333,2127.00,,,,,,
3681,2017-12-31T02:57:03Z,-33.51555000,147.91771667,2127.00,,,,,,
3682,2017-12-31T02:57:04Z,-33.51575000,147.91770000,2126.00,,,,,,
3683,2017-12-31T02:57:05Z,-33.51593333,147.91766667,2125.00,,,,,,
3684,2017-12-31T02:57:06Z,-33.51611667,147.91765000,2124.00,,,,,,
3685,2017-12-31T02:57:07Z,-33.51630000,147.91763333,2122.00,,,,,,
3686,2017-12-31T02:57:08Z,-33.51646667,147.91760000,2121.00,,,,,,
3687,2017-12-31T02:57:09Z,-33.51665000,147.91758333,2119.00,,,,,,
3688,2017-12-31T02:57:10Z,-33.51683333,147.91755000,2118.00,,,,,,
3689,2017-12-31T02:57:11Z,-33.51701667,147.91753333,2116.00,,,,,,
3690,2017-12-31T02:57:12Z,-33.51720000,147.91750000,2114.00,,,,,,
3691,2017-12-31T02:57:13Z,-33.51738333,147.91748333,2113.00,,,,,,
3692,2017-12-31T02:57:14Z,-33.51756667,147.91745000,2111.00,,,,,,
3693,2017-12-31T02:57:15Z,-33.51775000,147.91741667,2110.00,,,,,,
3694,2017-12-31T02:57:16Z,-33.51795000,147.91738333,2108.00,,,,,,
3695,2017-12-31T02:57:17Z,-33.51815000,147.91733333,2105.00,,,,,,
3696,2017-12-31T02:57:18Z,-33.51833333,147.91730000,2105.00,,,,,,
3697,2017-12-31T02:57:19Z,-33.51851667,147.91730000,2105.00,,,,,,
3698,2017-12-31T02:57:20Z,-33.51871667,147.91728333,2105.00,,,,,,
3699,2017-12-31T02:57:21Z,-33.51891667,147.91726667,2104.00,,,,,,
3700,2017-12-31T02:57:22Z,-33.51911667,147.91723333,2102.00,,,,,,
3701,2017-12-31T02:57:23Z,-33.51931667,147.91720000,2100.00,,,,,,
3702,2017-12-31T02:57:24Z,-33.51951667,147.91718333,2099.00,,,,,,
3703,2017-12-31T02:57:25Z,-33.51971667,147.91720000,2099.00,,,,,,
3704,2017-12-31T02:57:26Z,-33.51993333,147.91718333,2100.00,,,,,,
3705,2017-12-31T02:57:27Z,-33.52016667,147.91718333,2099.00,,,,,,
3706,2017-12-31T02:57:28Z,-33.52036667,147.91718333,2098.00,,,,,,
3707,2017-12-31T02:57:29Z,-33.52058333,147.91718333,2097.00,,,,,,
3708,2017-12-31T02:57:30Z,-33.52078333,147.91716667,2097.00,,,,,,
3709,2017-12-31T02:57:31Z,-33.52100000,147.91715000,2097.00,,,,,,
3710,2017-12-31T02:57:32Z,-33.52120000,147.91713333,2097.00,,,,,,
3711,2017-12-31T02:57:33Z,-33.52140000,147.91711667,2096.00,,,,,,
3712,2017-12-31T02:57:34Z,-33.52160000,147.91710000,2095.00,,,,,,
3713,2017-12-31T02:57:35Z,-33.52180000,147.91706667,2094.00,,,,,,
3714,2017-12-31T02:57:36Z,-33.52200000,147.91705000,2093.00,,,,,,
3715,2017-12-31T02:57:37Z,-33.52220000,147.91703333,2093.00,,,,,,
3716,2017-12-31T02:57:38Z,-33.52240000,147.91700000,2092.00,,,,,,
3717,2017-12-31T02:57:39Z,-33.52260000,147.91698333,2091.00,,,,,,
3718,2017-12-31T02:57:40Z,-33.52281667,147.91695000,2091.00,,,,,,
3719,2017-12-31T02:57:41Z,-33.52301667,147.91693333,2090.00,,,,,,
3720,2017-12-31T02:57:42Z,-33.52321667,147.91691667,2090.00,,,,,,
3721,2017-12-31T02:57:43Z,-33.52341667,147.91690000,2088.00,,,,,,
3722,2017-12-31T02:57:44Z,-33.52361667,147.91686667,2088.00,,,,,,
3723,2017-12-31T02:57:45Z,-33.52381667,147.91685000,2088.00,,,,,,
3724,2017-12-31T02:57:46Z,-33.52401667,147.91681667,2087.00,,,,,,
3725,2017-12-31T02:57:47Z,-33.52421667,147.91680000,2086.00,,,,,,
3726,2017-12-31T02:57:48Z,-33.52441667,147.91676667,2086.00,,,,,,
3727,2017-12-31T02:57:49Z,-33.52461667,147.91675000,2086.00,,,,,,
3728,2017-12-31T02:57:50Z,-33.52481667,147.91671667,2086.00,,,,,,
3729,2017-12-31T02:57:51Z,-33.52501667,147.91670000,2085.00,,,,,,
3730,2017-12-31T02:57:52Z,-33.52520000,147.91666667,2086.00,,,,,,
3731,2017-12-31T02:57:53Z,-33.52540000,147.91663333,2085.00,,,,,,
3732,2017-12-31T02:57:54Z,-33.52558333,147.91660000,2084.00,,,,,,
3733,2017-12-31T02:57:55Z,-33.52578333,147.91656667,2084.00,,,,,,
3734,2017-12-31T02:57:56Z,-33.52596667,147.91651667,2084.00,,,,,,
3735,2017-12-31T02:57:57Z,-33.52615000,147.91648333,2083.00,,,,,,
3736,2017-12-31T02:57:58Z,-33.52631667,147.91645000,2080.00,,,,,,
3737,2017-12-31T02:57:59Z,-33.52648333,147.91640000,2078.00,,,,,,
3738,2017-12-31T02:58:00Z,-33.52666667,147.91635000,2079.00,,,,,,
3739,2017-12-31T02:58:01Z,-33.52686667,147.91630000,2080.00,,,,,,
3740,2017-12-31T02:58:02Z,-33.52705000,147.91625000,2080.00,,,,,,
3741,2017-12-31T02:58:03Z,-33.52725000,147.91620000,2079.00,,,,,,
3742,2017-12-31T02:58:04Z,-33.52743333,147.91615000,2074.00,,,,,,
3743,2017-12-31T02:58:05Z,-33.52763333,147.91610000,2071.00,,,,,,
3744,2017-12-31T02:58:06Z,-33.52781667,147.91605000,2070.00,,,,,,
3745,2017-12-31T02:58:07Z,-33.52801667,147.91600000,2070.00,,,,,,
3746,2017-12-31T02:58:08Z,-33.52821667,147.91595000,2070.00,,,,,,
3747,2017-12-31T02:58:09Z,-33.52840000,147.91590000,2068.00,,,,,,
3748,2017-12-31T02:58:10Z,-33.52860000,147.91583333,2067.00,,,,,,
3749,2017-12-31T02:58:11Z,-33.52878333,147.91578333,2064.00,,,,,,
3750,2017-12-31T02:58:12Z,-33.52898333,147.91571667,2063.00,,,,,,
3751,2017-12-31T02:58:13Z,-33.52916667,147.91566667,2062.00,,,,,,
3752,2017-12-31T02:58:14Z,-33.52936667,147.91560000,2062.00,,,,,,
3753,2017-12-31T02:58:15Z,-33.52956667,147.91555000,2061.00,,,,,,
3754,2017-12-31T02:58:16Z,-33.52975000,147.91548333,2060.00,,,,,,
3755,2017-12-31T02:58:17Z,-33.52993333,147.91543333,2058.00,,,,,,
3756,2017-12-31T02:58:18Z,-33.53013333,147.91536667,2056.00,,,,,,
3757,2017-12-31T02:58:19Z,-33.53031667,147.91531667,2056.00,,,,,,
3758,2017-12-31T02:58:20Z,-33.53051667,147.91526667,2055.00,,,,,,
3759,2017-12-31T02:58:21Z,-33.53070000,147.91521667,2051.00,,,,,,
3760,2017-12-31T02:58:22Z,-33.53090000,147.91516667,2048.00,,,,,,
3761,2017-12-31T02:58:23Z,-33.53110000,147.91511667,2047.00,,,,,,
3762,2017-12-31T02:58:24Z,-33.53130000,147.91505000,2046.00,,,,,,
3763,2017-12-31T02:58:25Z,-33.53150000,147.91498333,2045.00,,,,,,
3764,2017-12-31T02:58:26Z,-33.53170000,147.91493333,2045.00,,,,,,
3765,2017-12-31T02:58:27Z,-33.53190000,147.91486667,2046.00,,,,,,
3766,2017-12-31T02:58:28Z,-33.53211667,147.91480000,2047.00,,,,,,
3767,2017-12-31T02:58:29Z,-33.53231667,147.91473333,2049.00,,,,,,
3768,2017-12-31T02:58:30Z,-33.53251667,147.91466667,2049.00,,,,,,
3769,2017-12-31T02:58:31Z,-33.53271667,147.91461667,2048.00,,,,,,
3770,2017-12-31T02:58:32Z,-33.53291667,147.91455000,2049.00,,,,,,
3771,2017-12-31T02:58:33Z,-33.53310000,147.91450000,2047.00,,,,,,
3772,2017-12-31T02:58:34Z,-33.53328333,147.91443333,2043.00,,,,,,
3773,2017-12-31T02:58:35Z,-33.53348333,147.91436667,2041.00,,,,,,
3774,2017-12-31T02:58:36Z,-33.53368333,147.91431667,2039.00,,,,,,
3775,2017-12-31T02:58:37Z,-33.53386667,147.91425000,2037.00,,,,,,
3776,2017-12-31T02:58:38Z,-33.53406667,147.91418333,2035.00,,,,,,
3777,2017-12-31T02:58:39Z,-33.53426667,147.91411667,2033.00,,,,,,
3778,2017-12-31T02:58:40Z,-33.53446667,147.91405000,2033.00,,,,,,
3779,2017-12-31T02:58:41Z,-33.53466667,147.91396667,2034.00,,,,,,
3780,2017-12-31T02:58:42Z,-33.53486667,147.91390000,2034.00,,,,,,
3781,2017-12-31T02:58:43Z,-33.53506667,147.91383333,2032.00,,,,,,
3782,2017-12-31T02:58:44Z,-33.53525000,147.91376667,2031.00,,,,,,
3783,2017-12-31T02:58:45Z,-33.53543333,147.91370000,2031.00,,,,,,
3784,2017-12-31T02:58:46Z,-33.53561667,147.91361667,2032.00,,,,,,
3785,2017-12-31T02:58:47Z,-33.53580000,147.91355000,2031.00,,,,,,
3786,2017-12-31T02:58:48Z,-33.53598333,147.91348333,2032.00,,,,,,
3787,2017-12-31T02:58:49Z,-33.53616667,147.91341667,2035.00,,,,,,
3788,2017-12-31T02:58:50Z,-33.53633333,147.91335000,2035.00,,,,,,
3789,2017-12-31T02:58:51Z,-33.53650000,147.91328333,2034.00,,,,,,
3790,2017-12-31T02:58:52Z,-33.53668333,147.91321667,2033.00,,,,,,
3791,2017-12-31T02:58:53Z,-33.53685000,147.91315000,2030.00,,,,,,
3792,2017-12-31T02:58:54Z,-33.53700000,147.91308333,2026.00,,,,,,
3793,2017-12-31T02:58:55Z,-33.53718333,147.91301667,2023.00,,,,,,
3794,2017-12-31T02:58:56Z,-33.53736667,147.91295000,2020.00,,,,,,
3795,2017-12-31T02:58:57Z,-33.53753333,147.91288333,2018.00,,,,,,
3796,2017-12-31T02:58:58Z,-33.53771667,147.91280000,2017.00,,,,,,
3797,2017-12-31T02:58:59Z,-33.53790000,147.91273333,2017.00,,,,,,
3798,2017-12-31T02:59:00Z,-33.53808333,147.91266667,2016.00,,,,,,
3799,2017-12-31T02:59:01Z,-33.53825000,147.91260000,2016.00,,,,,,
3800,2017-12-31T02:59:02Z,-33.53841667,147.91253333,2016.00,,,,,,
3801,2017-12-31T02:59:03Z,-33.53860000,147.91248333,2015.00,,,,,,
3802,2017-12-31T02:59:04Z,-33.53876667,147.91241667,2015.00,,,,,,
3803,2017-12-31T02:59:05Z,-33.53893333,147.91235000,2014.00,,,,,,
3804,2017-12-31T02:59:06Z,-33.53910000,147.91230000,2015.00,,,,,,
3805,2017-12-31T02:59:07Z,-33.53926667,147.91223333,2015.00,,,,,,
3806,2017-12-31T02:59:08Z,-33.53943333,147.91216667,2015.00,,,,,,
3807,2017-12-31T02:59:09Z,-33.53960000,147.91211667,2014.00,,,,,,
3808,2017-12-31T02:59:10Z,-33.53976667,147.91205000,2014.00,,,,,,
3809,2017-12-31T02:59:11Z,-33.53993333,147.91200000,2013.00,,,,,,
3810,2017-12-31T02:59:12Z,-33.54010000,147.91193333,2013.00,,,,,,
3811,2017-12-31T02:59:13Z,-33.54026667,147.91186667,2012.00,,,,,,
3812,2017-12-31T02:59:14Z,-33.54043333,147.91180000,2012.00,,,,,,
3813,2017-12-31T02:59:15Z,-33.54058333,147.91171667,2012.00,,,,,,
3814,2017-12-31T02:59:16Z,-33.54073333,147.91165000,2009.00,,,,,,
3815,2017-12-31T02:59:17Z,-33.54090000,147.91160000,2005.00,,,,,,
3816,2017-12-31T02:59:18Z,-33.54105000,147.91153333,2001.00,,,,,,
3817,2017-12-31T02:59:19Z,-33.54121667,147.91146667,1997.00,,,,,,
3818,2017-12-31T02:59:20Z,-33.54140000,147.91140000,1996.00,,,,,,
3819,2017-12-31T02:59:21Z,-33.54158333,147.91133333,1996.00,,,,,,
3820,2017-12-31T02:59:22Z,-33.54176667,147.91126667,1994.00,,,,,,
3821,2017-12-31T02:59:23Z,-33.54195000,147.91120000,1995.00,,,,,,
3822,2017-12-31T02:59:24Z,-33.54213333,147.91115000,1995.00,,,,,,
3823,2017-12-31T02:59:25Z,-33.54231667,147.91110000,1991.00,,,,,,
3824,2017-12-31T02:59:26Z,-33.54248333,147.91101667,1985.00,,,,,,
3825,2017-12-31T02:59:27Z,-33.54265000,147.91095000,1982.00,,,,,,
3826,2017-12-31T02:59:28Z,-33.54281667,147.91085000,1981.00,,,,,,
3827,2017-12-31T02:59:29Z,-33.54298333,147.91076667,1980.00,,,,,,
3828,2017-12-31T02:59:30Z,-33.54315000,147.91068333,1980.00,,,,,,
3829,2017-12-31T02:59:31Z,-33.54330000,147.91061667,1981.00,,,,,,
3830,2017-12-31T02:59:32Z,-33.54346667,147.91055000,1982.00,,,,,,
3831,2017-12-31T02:59:33Z,-33.54363333,147.91048333,1983.00,,,,,,
3832,2017-12-31T02:59:34Z,-33.54378333,147.91041667,1982.00,,,,,,
3833,2017-12-31T02:59:35Z,-33.54393333,147.91035000,1983.00,,,,,,
3834,2017-12-31T02:59:36Z,-33.54408333,147.91028333,1981.00,,,,,,
3835,2017-12-31T02:59:37Z,-33.54423333,147.91021667,1978.00,,,,,,
3836,2017-12-31T02:59:38Z,-33.54438333,147.91015000,1978.00,,,,,,
3837,2017-12-31T02:59:39Z,-33.54453333,147.91010000,1978.00,,,,,,
3838,2017-12-31T02:59:40Z,-33.54468333,147.91005000,1976.00,,,,,,
3839,2017-12-31T02:59:41Z,-33.54485000,147.91000000,1977.00,,,,,,
3840,2017-12-31T02:59:42Z,-33.54500000,147.90993333,1975.00,,,,,,
3841,2017-12-31T02:59:43Z,-33.54513333,147.90986667,1968.00,,,,,,
3842,2017-12-31T02:59:44Z,-33.54528333,147.90978333,1963.00,,,,,,
3843,2017-12-31T02:59:45Z,-33.54545000,147.90970000,1963.00,,,,,,
3844,2017-12-31T02:59:46Z,-33.54560000,147.90961667,1963.00,,,,,,
3845,2017-12-31T02:59:47Z,-33.54576667,147.90953333,1962.00,,,,,,
3846,2017-12-31T02:59:48Z,-33.54591667,147.90945000,1961.00,,,,,,
3847,2017-12-31T02:59:49Z,-33.54608333,147.90938333,1962.00,,,,,,
3848,2017-12-31T02:59:50Z,-33.54623333,147.90931667,1963.00,,,,,,
3849,2017-12-31T02:59:51Z,-33.54640000,147.90926667,1962.00,,,,,,
3850,2017-12-31T02:59:52Z,-33.54655000,147.90920000,1958.00,,,,,,
3851,2017-12-31T02:59:53Z,-33.54670000,147.90913333,1955.00,,,,,,
3852,2017-12-31T02:59:54Z,-33.54686667,147.90906667,1952.00,,,,,,
3853,2017-12-31T02:59:55Z,-33.54703333,147.90901667,1952.00,,,,,,
3854,2017-12-31T02:59:56Z,-33.54720000,147.90895000,1951.00,,,,,,
3855,2017-12-31T02:59:57Z,-33.54736667,147.90888333,1949.00,,,,,,
3856,2017-12-31T02:59:58Z,-33.54753333,147.90883333,1948.00,,,,,,
3857,2017-12-31T02:59:59Z,-33.54770000,147.90876667,1949.00,,,,,,
3858,2017-12-31T03:00:00Z,-33.54786667,147.90871667,1948.00,,,,,,
3859,2017-12-31T03:00:01Z,-33.54801667,147.90866667,1946.00,,,,,,
3860,2017-12-31T03:00:02Z,-33.54818333,147.90860000,1944.00,,,,,,
3861,2017-12-31T03:00:03Z,-33.54833333,147.90855000,1941.00,,,,,,
3862,2017-12-31T03:00:04Z,-33.54850000,147.90848333,1941.00,,,,,,
3863,2017-12-31T03:00:05Z,-33.54865000,147.90843333,1941.00,,,,,,
3864,2017-12-31T03:00:06Z,-33.54881667,147.90840000,1940.00,,,,,,
3865,2017-12-31T03:00:07Z,-33.54898333,147.90835000,1940.00,,,,,,
3866,2017-12-31T03:00:08Z,-33.54915000,147.90830000,1940.00,,,,,,
3867,2017-12-31T03:00:09Z,-33.54930000,147.90825000,1940.00,,,,,,
3868,2017-12-31T03:00:10Z,-33.54946667,147.90821667,1939.00,,,,,,
3869,2017-12-31T03:00:11Z,-33.54961667,147.90818333,1936.00,,,,,,
3870,2017-12-31T03:00:12Z,-33.54976667,147.90815000,1934.00,,,,,,
3871,2017-12-31T03:00:13Z,-33.54995000,147.90811667,1933.00,,,,,,
3872,2017-12-31T03:00:14Z,-33.55013333,147.90808333,1933.00,,,,,,
3873,2017-12-31T03:00:15Z,-33.55031667,147.90803333,1933.00,,,,,,
3874,2017-12-31T03:00:16Z,-33.55050000,147.90800000,1932.00,,,,,,
3875,2017-12-31T03:00:17Z,-33.55068333,147.90795000,1930.00,,,,,,
3876,2017-12-31T03:00:18Z,-33.55085000,147.90791667,1927.00,,,,,,
3877,2017-12-31T03:00:19Z,-33.55101667,147.90788333,1920.00,,,,,,
3878,2017-12-31T03:00:20Z,-33.55120000,147.90785000,1918.00,,,,,,
3879,2017-12-31T03:00:21Z,-33.55136667,147.90781667,1915.00,,,,,,
3880,2017-12-31T03:00:22Z,-33.55153333,147.90778333,1913.00,,,,,,
3881,2017-12-31T03:00:23Z,-33.55173333,147.90776667,1913.00,,,,,,
3882,2017-12-31T03:00:24Z,-33.55191667,147.90776667,1914.00,,,,,,
3883,2017-12-31T03:00:25Z,-33.55210000,147.90778333,1913.00,,,,,,
3884,2017-12-31T03:00:26Z,-33.55228333,147.90778333,1911.00,,,,,,
3885,2017-12-31T03:00:27Z,-33.55246667,147.90780000,1911.00,,,,,,
3886,2017-12-31T03:00:28Z,-33.55263333,147.90780000,1912.00,,,,,,
3887,2017-12-31T03:00:29Z,-33.55280000,147.90781667,1911.00,,,,,,
3888,2017-12-31T03:00:30Z,-33.55298333,147.90783333,1910.00,,,,,,
3889,2017-12-31T03:00:31Z,-33.55315000,147.90783333,1909.00,,,,,,
3890,2017-12-31T03:00:32Z,-33.55330000,147.90785000,1908.00,,,,,,
3891,2017-12-31T03:00:33Z,-33.55346667,147.90785000,1907.00,,,,,,
3892,2017-12-31T03:00:34Z,-33.55363333,147.90786667,1906.00,,,,,,
3893,2017-12-31T03:00:35Z,-33.55380000,147.90786667,1905.00,,,,,,
3894,2017-12-31T03:00:36Z,-33.55395000,147.90788333,1903.00,,,,,,
3895,2017-12-31T03:00:37Z,-33.55411667,147.90788333,1903.00,,,,,,
3896,2017-12-31T03:00:38Z,-33.55430000,147.90790000,1903.00,,,,,,
3897,2017-12-31T03:00:39Z,-33.55446667,147.90790000,1897.00,,,,,,
3898,2017-12-31T03:00:40Z,-33.55465000,147.90788333,1895.00,,,,,,
3899,2017-12-31T03:00:41Z,-33.55483333,147.90788333,1893.00,,,,,,
3900,2017-12-31T03:00:42Z,-33.55501667,147.90788333,1893.00,,,,,,
3901,2017-12-31T03:00:43Z,-33.55520000,147.90788333,1894.00,,,,,,
3902,2017-12-31T03:00:44Z,-33.55540000,147.90788333,1893.00,,,,,,
3903,2017-12-31T03:00:45Z,-33.55556667,147.90788333,1893.00,,,,,,
3904,2017-12-31T03:00:46Z,-33.55575000,147.90790000,1891.00,,,,,,
3905,2017-12-31T03:00:47Z,-33.55590000,147.90791667,1890.00,,,,,,
3906,2017-12-31T03:00:48Z,-33.55606667,147.90793333,1888.00,,,,,,
3907,2017-12-31T03:00:49Z,-33.55623333,147.90793333,1887.00,,,,,,
3908,2017-12-31T03:00:50Z,-33.55640000,147.90796667,1886.00,,,,,,
3909,2017-12-31T03:00:51Z,-33.55656667,147.90798333,1885.00,,,,,,
3910,2017-12-31T03:00:52Z,-33.55675000,147.90800000,1883.00,,,,,,
3911,2017-12-31T03:00:53Z,-33.55691667,147.90801667,1881.00,,,,,,
3912,2017-12-31T03:00:54Z,-33.55710000,147.90803333,1879.00,,,,,,
3913,2017-12-31T03:00:55Z,-33.55728333,147.90806667,1878.00,,,,,,
3914,2017-12-31T03:00:56Z,-33.55746667,147.90808333,1877.00,,,,,,
3915,2017-12-31T03:00:57Z,-33.55765000,147.90810000,1876.00,,,,,,
3916,2017-12-31T03:00:58Z,-33.55783333,147.90811667,1875.00,,,,,,
3917,2017-12-31T03:00:59Z,-33.55800000,147.90811667,1872.00,,,,,,
3918,2017-12-31T03:01:00Z,-33.55816667,147.90813333,1870.00,,,,,,
3919,2017-12-31T03:01:01Z,-33.55833333,147.90813333,1868.00,,,,,,
3920,2017-12-31T03:01:02Z,-33.55850000,147.90813333,1866.00,,,,,,
3921,2017-12-31T03:01:03Z,-33.55866667,147.90813333,1864.00,,,,,,
3922,2017-12-31T03:01:04Z,-33.55885000,147.90811667,1864.00,,,,,,
3923,2017-12-31T03:01:05Z,-33.55903333,147.90811667,1863.00,,,,,,
3924,2017-12-31T03:01:06Z,-33.55921667,147.90810000,1861.00,,,,,,
3925,2017-12-31T03:01:07Z,-33.55940000,147.90810000,1861.00,,,,,,
3926,2017-12-31T03:01:08Z,-33.55958333,147.90808333,1862.00,,,,,,
3927,2017-12-31T03:01:09Z,-33.55975000,147.90808333,1861.00,,,,,,
3928,2017-12-31T03:01:10Z,-33.55991667,147.90806667,1860.00,,,,,,
3929,2017-12-31T03:01:11Z,-33.56008333,147.90806667,1856.00,,,,,,
3930,2017-12-31T03:01:12Z,-33.56023333,147.90805000,1853.00,,,,,,
3931,2017-12-31T03:01:13Z,-33.56040000,147.90803333,1849.00,,,,,,
3932,2017-12-31T03:01:14Z,-33.56058333,147.90801667,1848.00,,,,,,
3933,2017-12-31T03:01:15Z,-33.56075000,147.90801667,1848.00,,,,,,
3934,2017-12-31T03:01:16Z,-33.56093333,147.90800000,1846.00,,,,,,
3935,2017-12-31T03:01:17Z,-33.56113333,147.90800000,1845.00,,,,,,
3936,2017-12-31T03:01:18Z,-33.56130000,147.90801667,1843.00,,,,,,
3937,2017-12-31T03:01:19Z,-33.56148333,147.90803333,1839.00,,,,,,
3938,2017-12-31T03:01:20Z,-33.56168333,147.90805000,1836.00,,,,,,
3939,2017-12-31T03:01:21Z,-33.56185000,147.90808333,1833.00,,,,,,
3940,2017-12-31T03:01:22Z,-33.56203333,147.90810000,1831.00,,,,,,
3941,2017-12-31T03:01:23Z,-33.56223333,147.90810000,1830.00,,,,,,
3942,2017-12-31T03:01:24Z,-33.56241667,147.90810000,1827.00,,,,,,
3943,2017-12-31T03:01:25Z,-33.56261667,147.90808333,1826.00,,,,,,
3944,2017-12-31T03:01:26Z,-33.56281667,147.90808333,1825.00,,,,,,
3945,2017-12-31T03:01:27Z,-33.56301667,147.90808333,1824.00,,,,,,
3946,2017-12-31T03:01:28Z,-33.56320000,147.90808333,1822.00,,,,,,
3947,2017-12-31T03:01:29Z,-33.56338333,147.90810000,1819.00,,,,,,
3948,2017-12-31T03:01:30Z,-33.56358333,147.90810000,1817.00,,,,,,
3949,2017-12-31T03:01:31Z,-33.56376667,147.90811667,1815.00,,,,,,
3950,2017-12-31T03:01:32Z,-33.56395000,147.90813333,1813.00,,,,,,
3951,2017-12-31T03:01:33Z,-33.56413333,147.90815000,1811.00,,,,,,
3952,2017-12-31T03:01:34Z,-33.56431667,147.90816667,1810.00,,,,,,
3953,2017-12-31T03:01:35Z,-33.56450000,147.90818333,1809.00,,,,,,
3954,2017-12-31T03:01:36Z,-33.56466667,147.90820000,1807.00,,,,,,
3955,2017-12-31T03:01:37Z,-33.56485000,147.90821667,1804.00,,,,,,
3956,2017-12-31T03:01:38Z,-33.56501667,147.90823333,1801.00,,,,,,
3957,2017-12-31T03:01:39Z,-33.56520000,147.90825000,1799.00,,,,,,
3958,2017-12-31T03:01:40Z,-33.56538333,147.90826667,1797.00,,,,,,
3959,2017-12-31T03:01:41Z,-33.56556667,147.90828333,1796.00,,,,,,
3960,2017-12-31T03:01:42Z,-33.56575000,147.90828333,1796.00,,,,,,
3961,2017-12-31T03:01:43Z,-33.56593333,147.90830000,1794.00,,,,,,
3962,2017-12-31T03:01:44Z,-33.56610000,147.90830000,1790.00,,,,,,
3963,2017-12-31T03:01:45Z,-33.56628333,147.90831667,1788.00,,,,,,
3964,2017-12-31T03:01:46Z,-33.56645000,147.90831667,1786.00,,,,,,
3965,2017-12-31T03:01:47Z,-33.56663333,147.90833333,1784.00,,,,,,
3966,2017-12-31T03:01:48Z,-33.56680000,147.90835000,1783.00,,,,,,
3967,2017-12-31T03:01:49Z,-33.56696667,147.90835000,1781.00,,,,,,
3968,2017-12-31T03:01:50Z,-33.56715000,147.90836667,1779.00,,,,,,
3969,2017-12-31T03:01:51Z,-33.56730000,147.90836667,1775.00,,,,,,
3970,2017-12-31T03:01:52Z,-33.56746667,147.90836667,1771.00,,,,,,
3971,2017-12-31T03:01:53Z,-33.56763333,147.90836667,1771.00,,,,,,
3972,2017-12-31T03:01:54Z,-33.56778333,147.90836667,1769.00,,,,,,
3973,2017-12-31T03:01:55Z,-33.56796667,147.90838333,1766.00,,,,,,
3974,2017-12-31T03:01:56Z,-33.56811667,147.90836667,1761.00,,,,,,
3975,2017-12-31T03:01:57Z,-33.56828333,147.90836667,1755.00,,,,,,
3976,2017-12-31T03:01:58Z,-33.56846667,147.90836667,1753.00,,,,,,
3977,2017-12-31T03:01:59Z,-33.56865000,147.90836667,1753.00,,,,,,
3978,2017-12-31T03:02:00Z,-33.56883333,147.90836667,1753.00,,,,,,
3979,2017-12-31T03:02:01Z,-33.56903333,147.90836667,1754.00,,,,,,
3980,2017-12-31T03:02:02Z,-33.56920000,147.90836667,1754.00,,,,,,
3981,2017-12-31T03:02:03Z,-33.56936667,147.90836667,1751.00,,,,,,
3982,2017-12-31T03:02:04Z,-33.56953333,147.90836667,1747.00,,,,,,
3983,2017-12-31T03:02:05Z,-33.56970000,147.90836667,1747.00,,,,,,
3984,2017-12-31T03:02:06Z,-33.56988333,147.90835000,1746.00,,,,,,
3985,2017-12-31T03:02:07Z,-33.57006667,147.90835000,1745.00,,,,,,
3986,2017-12-31T03:02:08Z,-33.57025000,147.90835000,1744.00,,,,,,
3987,2017-12-31T03:02:09Z,-33.57041667,147.90835000,1742.00,,,,,,
3988,2017-12-31T03:02:10Z,-33.57061667,147.90833333,1737.00,,,,,,
3989,2017-12-31T03:02:11Z,-33.57078333,147.90833333,1732.00,,,,,,
3990,2017-12-31T03:02:12Z,-33.57096667,147.90831667,1728.00,,,,,,
3991,2017-12-31T03:02:13Z,-33.57115000,147.90830000,1727.00,,,,,,
3992,2017-12-31T03:02:14Z,-33.57135000,147.90830000,1727.00,,,,,,
3993,2017-12-31T03:02:15Z,-33.57156667,147.90830000,1726.00,,,,,,
3994,2017-12-31T03:02:16Z,-33.57176667,147.90830000,1725.00,,,,,,
3995,2017-12-31T03:02:17Z,-33.57196667,147.90828333,1723.00,,,,,,
3996,2017-12-31T03:02:18Z,-33.57216667,147.90828333,1723.00,,,,,,
3997,2017-12-31T03:02:19Z,-33.57236667,147.90826667,1724.00,,,,,,
3998,2017-12-31T03:02:20Z,-33.57255000,147.90826667,1723.00,,,,,,
3999,2017-12-31T03:02:21Z,-33.57273333,147.90826667,1721.00,,,,,,
4000,2017-12-31T03:02:22Z,-33.57291667,147.90826667,1720.00,,,,,,
4001,2017-12-31T03:02:23Z,-33.57311667,147.90826667,1721.00,,,,,,
4002,2017-12-31T03:02:24Z,-33.57330000,147.90826667,1722.00,,,,,,
4003,2017-12-31T03:02:25Z,-33.57348333,147.90826667,1721.00,,,,,,
4004,2017-12-31T03:02:26Z,-33.57368333,147.90825000,1717.00,,,,,,
4005,2017-12-31T03:02:27Z,-33.57386667,147.90825000,1716.00,,,,,,
4006,2017-12-31T03:02:28Z,-33.57403333,147.90825000,1716.00,,,,,,
4007,2017-12-31T03:02:29Z,-33.57421667,147.90825000,1715.00,,,,,,
4008,2017-12-31T03:02:30Z,-33.57440000,147.90823333,1714.00,,,,,,
4009,2017-12-31T03:02:31Z,-33.57456667,147.90821667,1711.00,,,,,,
4010,2017-12-31T03:02:32Z,-33.57471667,147.90820000,1708.00,,,,,,
4011,2017-12-31T03:02:33Z,-33.57488333,147.90820000,1707.00,,,,,,
4012,2017-12-31T03:02:34Z,-33.57503333,147.90818333,1706.00,,,,,,
4013,2017-12-31T03:02:35Z,-33.57520000,147.90818333,1706.00,,,,,,
4014,2017-12-31T03:02:36Z,-33.57536667,147.90818333,1704.00,,,,,,
4015,2017-12-31T03:02:37Z,-33.57555000,147.90816667,1701.00,,,,,,
4016,2017-12-31T03:02:38Z,-33.57571667,147.90815000,1699.00,,,,,,
4017,2017-12-31T03:02:39Z,-33.57588333,147.90811667,1699.00,,,,,,
4018,2017-12-31T03:02:40Z,-33.57603333,147.90808333,1700.00,,,,,,
4019,2017-12-31T03:02:41Z,-33.57620000,147.90805000,1702.00,,,,,,
4020,2017-12-31T03:02:42Z,-33.57635000,147.90803333,1700.00,,,,,,
4021,2017-12-31T03:02:43Z,-33.57650000,147.90800000,1696.00,,,,,,
4022,2017-12-31T03:02:44Z,-33.57663333,147.90798333,1693.00,,,,,,
4023,2017-12-31T03:02:45Z,-33.57678333,147.90795000,1695.00,,,,,,
4024,2017-12-31T03:02:46Z,-33.57693333,147.90795000,1696.00,,,,,,
4025,2017-12-31T03:02:47Z,-33.57710000,147.90793333,1694.00,,,,,,
4026,2017-12-31T03:02:48Z,-33.57723333,147.90791667,1691.00,,,,,,
4027,2017-12-31T03:02:49Z,-33.57736667,147.90791667,1686.00,,,,,,
4028,2017-12-31T03:02:50Z,-33.57753333,147.90790000,1683.00,,,,,,
4029,2017-12-31T03:02:51Z,-33.57768333,147.90790000,1680.00,,,,,,
4030,2017-12-31T03:02:52Z,-33.57785000,147.90790000,1680.00,,,,,,
4031,2017-12-31T03:02:53Z,-33.57803333,147.90793333,1678.00,,,,,,
4032,2017-12-31T03:02:54Z,-33.57820000,147.90795000,1675.00,,,,,,
4033,2017-12-31T03:02:55Z,-33.57838333,147.90796667,1675.00,,,,,,
4034,2017-12-31T03:02:56Z,-33.57856667,147.90800000,1676.00,,,,,,
4035,2017-12-31T03:02:57Z,-33.57873333,147.90801667,1676.00,,,,,,
4036,2017-12-31T03:02:58Z,-33.57891667,147.90806667,1675.00,,,,,,
4037,2017-12-31T03:02:59Z,-33.57910000,147.90810000,1671.00,,,,,,
4038,2017-12-31T03:03:00Z,-33.57928333,147.90813333,1670.00,,,,,,
4039,2017-12-31T03:03:01Z,-33.57946667,147.90816667,1668.00,,,,,,
4040,2017-12-31T03:03:02Z,-33.57965000,147.90820000,1668.00,,,,,,
4041,2017-12-31T03:03:03Z,-33.57983333,147.90823333,1668.00,,,,,,
4042,2017-12-31T03:03:04Z,-33.58000000,147.90826667,1665.00,,,,,,
4043,2017-12-31T03:03:05Z,-33.58016667,147.90830000,1667.00,,,,,,
4044,2017-12-31T03:03:06Z,-33.58033333,147.90835000,1668.00,,,,,,
4045,2017-12-31T03:03:07Z,-33.58050000,147.90840000,1666.00,,,,,,
4046,2017-12-31T03:03:08Z,-33.58066667,147.90845000,1664.00,,,,,,
4047,2017-12-31T03:03:09Z,-33.58083333,147.90848333,1663.00,,,,,,
4048,2017-12-31T03:03:10Z,-33.58100000,147.90853333,1662.00,,,,,,
4049,2017-12-31T03:03:11Z,-33.58118333,147.90858333,1663.00,,,,,,
4050,2017-12-31T03:03:12Z,-33.58136667,147.90861667,1664.00,,,,,,
4051,2017-12-31T03:03:13Z,-33.58153333,147.90866667,1664.00,,,,,,
4052,2017-12-31T03:03:14Z,-33.58171667,147.90871667,1667.00,,,,,,
4053,2017-12-31T03:03:15Z,-33.58186667,147.90875000,1670.00,,,,,,
4054,2017-12-31T03:03:16Z,-33.58203333,147.90878333,1672.00,,,,,,
4055,2017-12-31T03:03:17Z,-33.58216667,147.90880000,1672.00,,,,,,
4056,2017-12-31T03:03:18Z,-33.58231667,147.90883333,1672.00,,,,,,
4057,2017-12-31T03:03:19Z,-33.58245000,147.90885000,1672.00,,,,,,
4058,2017-12-31T03:03:20Z,-33.58260000,147.90886667,1672.00,,,,,,
4059,2017-12-31T03:03:21Z,-33.58275000,147.90890000,1674.00,,,,,,
4060,2017-12-31T03:03:22Z,-33.58288333,147.90891667,1676.00,,,,,,
4061,2017-12-31T03:03:23Z,-33.58303333,147.90893333,1677.00,,,,,,
4062,2017-12-31T03:03:24Z,-33.58318333,147.90895000,1678.00,,,,,,
4063,2017-12-31T03:03:25Z,-33.58333333,147.90896667,1678.00,,,,,,
4064,2017-12-31T03:03:26Z,-33.58346667,147.90898333,1678.00,,,,,,
4065,2017-12-31T03:03:27Z,-33.58358333,147.90900000,1680.00,,,,,,
4066,2017-12-31T03:03:28Z,-33.58371667,147.90901667,1680.00,,,,,,
4067,2017-12-31T03:03:29Z,-33.58383333,147.90903333,1679.00,,,,,,
4068,2017-12-31T03:03:30Z,-33.58395000,147.90903333,1679.00,,,,,,
4069,2017-12-31T03:03:31Z,-33.58408333,147.90905000,1678.00,,,,,,
4070,2017-12-31T03:03:32Z,-33.58421667,147.90905000,1677.00,,,,,,
4071,2017-12-31T03:03:33Z,-33.58436667,147.90903333,1679.00,,,,,,
4072,2017-12-31T03:03:34Z,-33.58451667,147.90900000,1681.00,,,,,,
4073,2017-12-31T03:03:35Z,-33.58465000,147.90898333,1681.00,,,,,,
4074,2017-12-31T03:03:36Z,-33.58478333,147.90896667,1681.00,,,,,,
4075,2017-12-31T03:03:37Z,-33.58491667,147.90895000,1681.00,,,,,,
4076,2017-12-31T03:03:38Z,-33.58505000,147.90895000,1681.00,,,,,,
4077,2017-12-31T03:03:39Z,-33.58518333,147.90895000,1681.00,,,,,,
4078,2017-12-31T03:03:40Z,-33.58533333,147.90895000,1681.00,,,,,,
4079,2017-12-31T03:03:41Z,-33.58546667,147.90896667,1680.00,,,,,,
4080,2017-12-31T03:03:42Z,-33.58561667,147.90896667,1680.00,,,,,,
4081,2017-12-31T03:03:43Z,-33.58575000,147.90898333,1680.00,,,,,,
4082,2017-12-31T03:03:44Z,-33.58590000,147.90900000,1677.00,,,,,,
4083,2017-12-31T03:03:45Z,-33.58603333,147.90901667,1674.00,,,,,,
4084,2017-12-31T03:03:46Z,-33.58618333,147.90901667,1673.00,,,,,,
4085,2017-12-31T03:03:47Z,-33.58635000,147.90898333,1671.00,,,,,,
4086,2017-12-31T03:03:48Z,-33.58653333,147.90893333,1675.00,,,,,,
4087,2017-12-31T03:03:49Z,-33.58673333,147.90886667,1675.00,,,,,,
4088,2017-12-31T03:03:50Z,-33.58691667,147.90880000,1675.00,,,,,,
4089,2017-12-31T03:03:51Z,-33.58710000,147.90875000,1676.00,,,,,,
4090,2017-12-31T03:03:52Z,-33.58730000,147.90870000,1679.00,,,,,,
4091,2017-12-31T03:03:53Z,-33.58748333,147.90868333,1682.00,,,,,,
4092,2017-12-31T03:03:54Z,-33.58766667,147.90868333,1685.00,,,,,,
4093,2017-12-31T03:03:55Z,-33.58786667,147.90870000,1686.00,,,,,,
4094,2017-12-31T03:03:56Z,-33.58806667,147.90871667,1689.00,,,,,,
4095,2017-12-31T03:03:57Z,-33.58828333,147.90873333,1693.00,,,,,,
4096,2017-12-31T03:03:58Z,-33.58848333,147.90875000,1695.00,,,,,,
4097,2017-12-31T03:03:59Z,-33.58870000,147.90876667,1701.00,,,,,,
4098,2017-12-31T03:04:00Z,-33.58888333,147.90880000,1705.00,,,,,,
4099,2017-12-31T03:04:01Z,-33.58906667,147.90883333,1710.00,,,,,,
4100,2017-12-31T03:04:02Z,-33.58926667,147.90891667,1715.00,,,,,,
4101,2017-12-31T03:04:03Z,-33.58945000,147.90901667,1718.00,,,,,,
4102,2017-12-31T03:04:04Z,-33.58956667,147.90915000,1721.00,,,,,,
4103,2017-12-31T03:04:05Z,-33.58958333,147.90933333,1723.00,,,,,,
4104,2017-12-31T03:04:06Z,-33.58955000,147.90953333,1726.00,,,,,,
4105,2017-12-31T03:04:07Z,-33.58946667,147.90968333,1729.00,,,,,,
4106,2017-12-31T03:04:08Z,-33.58936667,147.90976667,1733.00,,,,,,
4107,2017-12-31T03:04:09Z,-33.58925000,147.90980000,1738.00,,,,,,
4108,2017-12-31T03:04:10Z,-33.58913333,147.90981667,1741.00,,,,,,
4109,2017-12-31T03:04:11Z,-33.58905000,147.90976667,1746.00,,,,,,
4110,2017-12-31T03:04:12Z,-33.58898333,147.90970000,1749.00,,,,,,
4111,2017-12-31T03:04:13Z,-33.58896667,147.90961667,1752.00,,,,,,
4112,2017-12-31T03:04:14Z,-33.58896667,147.90953333,1756.00,,,,,,
4113,2017-12-31T03:04:15Z,-33.58901667,147.90946667,1758.00,,,,,,
4114,2017-12-31T03:04:16Z,-33.58908333,147.90938333,1760.00,,,,,,
4115,2017-12-31T03:04:17Z,-33.58918333,147.90933333,1763.00,,,,,,
4116,2017-12-31T03:04:18Z,-33.58931667,147.90931667,1767.00,,,,,,
4117,2017-12-31T03:04:19Z,-33.58948333,147.90935000,1771.00,,,,,,
4118,2017-12-31T03:04:20Z,-33.58965000,147.90943333,1773.00,,,,,,
4119,2017-12-31T03:04:21Z,-33.58976667,147.90955000,1771.00,,,,,,
4120,2017-12-31T03:04:22Z,-33.58986667,147.90970000,1771.00,,,,,,
4121,2017-12-31T03:04:23Z,-33.58995000,147.90986667,1773.00,,,,,,
4122,2017-12-31T03:04:24Z,-33.59001667,147.91005000,1780.00,,,,,,
4123,2017-12-31T03:04:25Z,-33.59001667,147.91023333,1783.00,,,,,,
4124,2017-12-31T03:04:26Z,-33.59001667,147.91041667,1787.00,,,,,,
4125,2017-12-31T03:04:27Z,-33.58996667,147.91058333,1791.00,,,,,,
4126,2017-12-31T03:04:28Z,-33.58986667,147.91076667,1796.00,,,,,,
4127,2017-12-31T03:04:29Z,-33.58980000,147.91091667,1800.00,,,,,,
4128,2017-12-31T03:04:30Z,-33.58970000,147.91105000,1802.00,,,,,,
4129,2017-12-31T03:04:31Z,-33.58963333,147.91116667,1803.00,,,,,,
4130,2017-12-31T03:04:32Z,-33.58956667,147.91126667,1805.00,,,,,,
4131,2017-12-31T03:04:33Z,-33.58951667,147.91130000,1808.00,,,,,,
4132,2017-12-31T03:04:34Z,-33.58943333,147.91125000,1811.00,,,,,,
4133,2017-12-31T03:04:35Z,-33.58935000,147.91106667,1813.00,,,,,,
4134,2017-12-31T03:04:36Z,-33.58935000,147.91096667,1816.00,,,,,,
4135,2017-12-31T03:04:37Z,-33.58941667,147.91086667,1817.00,,,,,,
4136,2017-12-31T03:04:38Z,-33.58951667,147.91080000,1819.00,,,,,,
4137,2017-12-31T03:04:39Z,-33.58965000,147.91073333,1822.00,,,,,,
4138,2017-12-31T03:04:40Z,-33.58978333,147.91070000,1824.00,,,,,,
4139,2017-12-31T03:04:41Z,-33.58993333,147.91073333,1828.00,,,,,,
4140,2017-12-31T03:04:42Z,-33.59008333,147.91081667,1831.00,,,,,,
4141,2017-12-31T03:04:43Z,-33.59021667,147.91093333,1833.00,,,,,,
4142,2017-12-31T03:04:44Z,-33.59033333,147.91108333,1835.00,,,,,,
4143,2017-12-31T03:04:45Z,-33.59041667,147.91120000,1836.00,,,,,,
4144,2017-12-31T03:04:46Z,-33.59048333,147.91138333,1838.00,,,,,,
4145,2017-12-31T03:04:47Z,-33.59050000,147.91158333,1840.00,,,,,,
4146,2017-12-31T03:04:48Z,-33.59048333,147.91176667,1844.00,,,,,,
4147,2017-12-31T03:04:49Z,-33.59045000,147.91195000,1850.00,,,,,,
4148,2017-12-31T03:04:50Z,-33.59040000,147.91210000,1853.00,,,,,,
4149,2017-12-31T03:04:51Z,-33.59033333,147.91225000,1855.00,,,,,,
4150,2017-12-31T03:04:52Z,-33.59025000,147.91240000,1857.00,,,,,,
4151,2017-12-31T03:04:53Z,-33.59016667,147.91253333,1859.00,,,,,,
4152,2017-12-31T03:04:54Z,-33.59008333,147.91268333,1864.00,,,,,,
4153,2017-12-31T03:04:55Z,-33.59000000,147.91281667,1867.00,,,,,,
4154,2017-12-31T03:04:56Z,-33.58993333,147.91295000,1872.00,,,,,,
4155,2017-12-31T03:04:57Z,-33.58985000,147.91308333,1877.00,,,,,,
4156,2017-12-31T03:04:58Z,-33.58976667,147.91318333,1878.00,,,,,,
4157,2017-12-31T03:04:59Z,-33.58966667,147.91328333,1880.00,,,,,,
4158,2017-12-31T03:05:00Z,-33.58956667,147.91338333,1882.00,,,,,,
4159,2017-12-31T03:05:01Z,-33.58946667,147.91346667,1886.00,,,,,,
4160,2017-12-31T03:05:02Z,-33.58936667,147.91351667,1890.00,,,,,,
4161,2017-12-31T03:05:03Z,-33.58925000,147.91355000,1892.00,,,,,,
4162,2017-12-31T03:05:04Z,-33.58915000,147.91355000,1895.00,,,,,,
4163,2017-12-31T03:05:05Z,-33.58905000,147.91355000,1897.00,,,,,,
4164,2017-12-31T03:05:06Z,-33.58898333,147.91353333,1902.00,,,,,,
4165,2017-12-31T03:05:07Z,-33.58896667,147.91348333,1906.00,,,,,,
4166,2017-12-31T03:05:08Z,-33.58896667,147.91341667,1909.00,,,,,,
4167,2017-12-31T03:05:09Z,-33.58900000,147.91331667,1910.00,,,,,,
4168,2017-12-31T03:05:10Z,-33.58928333,147.91323333,1910.00,,,,,,
4169,2017-12-31T03:05:11Z,-33.58940000,147.91321667,1911.00,,,,,,
4170,2017-12-31T03:05:12Z,-33.58956667,147.91326667,1914.00,,,,,,
4171,2017-12-31T03:05:13Z,-33.58971667,147.91335000,1917.00,,,,,,
4172,2017-12-31T03:05:14Z,-33.58985000,147.91348333,1919.00,,,,,,
4173,2017-12-31T03:05:15Z,-33.58995000,147.91363333,1921.00,,,,,,
4174,2017-12-31T03:05:16Z,-33.59003333,147.91381667,1923.00,,,,,,
4175,2017-12-31T03:05:17Z,-33.59008333,147.91401667,1925.00,,,,,,
4176,2017-12-31T03:05:18Z,-33.59010000,147.91423333,1927.00,,,,,,
4177,2017-12-31T03:05:19Z,-33.59010000,147.91443333,1930.00,,,,,,
4178,2017-12-31T03:05:20Z,-33.59005000,147.91461667,1932.00,,,,,,
4179,2017-12-31T03:05:21Z,-33.59000000,147.91480000,1935.00,,,,,,
4180,2017-12-31T03:05:22Z,-33.58995000,147.91495000,1937.00,,,,,,
4181,2017-12-31T03:05:23Z,-33.58988333,147.91510000,1940.00,,,,,,
4182,2017-12-31T03:05:24Z,-33.58980000,147.91521667,1944.00,,,,,,
4183,2017-12-31T03:05:25Z,-33.58970000,147.91531667,1945.00,,,,,,
4184,2017-12-31T03:05:26Z,-33.58961667,147.91538333,1946.00,,,,,,
4185,2017-12-31T03:05:27Z,-33.58951667,147.91541667,1947.00,,,,,,
4186,2017-12-31T03:05:28Z,-33.58941667,147.91545000,1947.00,,,,,,
4187,2017-12-31T03:05:29Z,-33.58933333,147.91545000,1949.00,,,,,,
4188,2017-12-31T03:05:30Z,-33.58925000,147.91541667,1951.00,,,,,,
4189,2017-12-31T03:05:31Z,-33.58918333,147.91538333,1954.00,,,,,,
4190,2017-12-31T03:05:32Z,-33.58911667,147.91535000,1958.00,,,,,,
4191,2017-12-31T03:05:33Z,-33.58915000,147.91523333,1961.00,,,,,,
4192,2017-12-31T03:05:34Z,-33.58926667,147.91506667,1964.00,,,,,,
4193,2017-12-31T03:05:35Z,-33.58933333,147.91498333,1966.00,,,,,,
4194,2017-12-31T03:05:36Z,-33.58940000,147.91490000,1969.00,,,,,,
4195,2017-12-31T03:05:37Z,-33.58950000,147.91483333,1971.00,,,,,,
4196,2017-12-31T03:05:38Z,-33.58960000,147.91478333,1973.00,,,,,,
4197,2017-12-31T03:05:39Z,-33.58970000,147.91471667,1975.00,,,,,,
4198,2017-12-31T03:05:40Z,-33.58981667,147.91470000,1977.00,,,,,,
4199,2017-12-31T03:05:41Z,-33.59001667,147.91475000,1978.00,,,,,,
4200,2017-12-31T03:05:42Z,-33.59015000,147.91485000,1979.00,,,,,,
4201,2017-12-31T03:05:43Z,-33.59026667,147.91501667,1981.00,,,,,,
4202,2017-12-31T03:05:44Z,-33.59035000,147.91518333,1981.00,,,,,,
4203,2017-12-31T03:05:45Z,-33.59043333,147.91536667,1981.00,,,,,,
4204,2017-12-31T03:05:46Z,-33.59048333,147.91556667,1983.00,,,,,,
4205,2017-12-31T03:05:47Z,-33.59048333,147.91581667,1985.00,,,,,,
4206,2017-12-31T03:05:48Z,-33.59045000,147.91601667,1988.00,,,,,,
4207,2017-12-31T03:05:49Z,-33.59038333,147.91620000,1990.00,,,,,,
4208,2017-12-31T03:05:50Z,-33.59031667,147.91633333,1991.00,,,,,,
4209,2017-12-31T03:05:51Z,-33.59023333,147.91645000,1994.00,,,,,,
4210,2017-12-31T03:05:52Z,-33.59015000,147.91655000,1995.00,,,,,,
4211,2017-12-31T03:05:53Z,-33.59005000,147.91661667,1996.00,,,,,,
4212,2017-12-31T03:05:54Z,-33.58996667,147.91665000,1997.00,,,,,,
4213,2017-12-31T03:05:55Z,-33.58986667,147.91668333,1998.00,,,,,,
4214,2017-12-31T03:05:56Z,-33.58978333,147.91666667,2000.00,,,,,,
4215,2017-12-31T03:05:57Z,-33.58971667,147.91663333,2003.00,,,,,,
4216,2017-12-31T03:05:58Z,-33.58966667,147.91660000,2006.00,,,,,,
4217,2017-12-31T03:05:59Z,-33.58968333,147.91651667,2008.00,,,,,,
4218,2017-12-31T03:06:00Z,-33.58975000,147.91640000,2010.00,,,,,,
4219,2017-12-31T03:06:01Z,-33.58983333,147.91628333,2011.00,,,,,,
4220,2017-12-31T03:06:02Z,-33.58993333,147.91620000,2013.00,,,,,,
4221,2017-12-31T03:06:03Z,-33.59006667,147.91613333,2014.00,,,,,,
4222,2017-12-31T03:06:04Z,-33.59018333,147.91610000,2014.00,,,,,,
4223,2017-12-31T03:06:05Z,-33.59038333,147.91601667,2014.00,,,,,,
4224,2017-12-31T03:06:06Z,-33.59053333,147.91600000,2014.00,,,,,,
4225,2017-12-31T03:06:07Z,-33.59070000,147.91598333,2015.00,,,,,,
4226,2017-12-31T03:06:08Z,-33.59086667,147.91596667,2015.00,,,,,,
4227,2017-12-31T03:06:09Z,-33.59105000,147.91595000,2017.00,,,,,,
4228,2017-12-31T03:06:10Z,-33.59123333,147.91593333,2019.00,,,,,,
4229,2017-12-31T03:06:11Z,-33.59141667,147.91593333,2022.00,,,,,,
4230,2017-12-31T03:06:12Z,-33.59160000,147.91591667,2023.00,,,,,,
4231,2017-12-31T03:06:13Z,-33.59178333,147.91591667,2025.00,,,,,,
4232,2017-12-31T03:06:14Z,-33.59196667,147.91591667,2025.00,,,,,,
4233,2017-12-31T03:06:15Z,-33.59215000,147.91588333,2026.00,,,,,,
4234,2017-12-31T03:06:16Z,-33.59233333,147.91588333,2028.00,,,,,,
4235,2017-12-31T03:06:17Z,-33.59251667,147.91586667,2029.00,,,,,,
4236,2017-12-31T03:06:18Z,-33.59270000,147.91586667,2030.00,,,,,,
4237,2017-12-31T03:06:19Z,-33.59288333,147.91585000,2028.00,,,,,,
4238,2017-12-31T03:06:20Z,-33.59306667,147.91583333,2027.00,,,,,,
4239,2017-12-31T03:06:21Z,-33.59326667,147.91583333,2028.00,,,,,,
4240,2017-12-31T03:06:22Z,-33.59345000,147.91580000,2031.00,,,,,,
4241,2017-12-31T03:06:23Z,-33.59365000,147.91576667,2033.00,,,,,,
4242,2017-12-31T03:06:24Z,-33.59383333,147.91573333,2032.00,,,,,,
4243,2017-12-31T03:06:25Z,-33.59403333,147.91571667,2031.00,,,,,,
4244,2017-12-31T03:06:26Z,-33.59423333,147.91570000,2032.00,,,,,,
4245,2017-12-31T03:06:27Z,-33.59443333,147.91568333,2033.00,,,,,,
4246,2017-12-31T03:06:28Z,-33.59463333,147.91566667,2032.00,,,,,,
4247,2017-12-31T03:06:29Z,-33.59481667,147.91565000,2032.00,,,,,,
4248,2017-12-31T03:06:30Z,-33.59503333,147.91561667,2032.00,,,,,,
4249,2017-12-31T03:06:31Z,-33.59523333,147.91558333,2031.00,,,,,,
4250,2017-12-31T03:06:32Z,-33.59541667,147.91555000,2033.00,,,,,,
4251,2017-12-31T03:06:33Z,-33.59561667,147.91551667,2035.00,,,,,,
4252,2017-12-31T03:06:34Z,-33.59581667,147.91548333,2033.00,,,,,,
4253,2017-12-31T03:06:35Z,-33.59600000,147.91545000,2033.00,,,,,,
4254,2017-12-31T03:06:36Z,-33.59618333,147.91543333,2037.00,,,,,,
4255,2017-12-31T03:06:37Z,-33.59638333,147.91541667,2038.00,,,,,,
4256,2017-12-31T03:06:38Z,-33.59655000,147.91540000,2038.00,,,,,,
4257,2017-12-31T03:06:39Z,-33.59673333,147.91536667,2035.00,,,,,,
4258,2017-12-31T03:06:40Z,-33.59690000,147.91535000,2033.00,,,,,,
4259,2017-12-31T03:06:41Z,-33.59708333,147.91530000,2031.00,,,,,,
4260,2017-12-31T03:06:42Z,-33.59726667,147.91526667,2028.00,,,,,,
4261,2017-12-31T03:06:43Z,-33.59745000,147.91521667,2025.00,,,,,,
4262,2017-12-31T03:06:44Z,-33.59763333,147.91518333,2026.00,,,,,,
4263,2017-12-31T03:06:45Z,-33.59781667,147.91515000,2025.00,,,,,,
4264,2017-12-31T03:06:46Z,-33.59801667,147.91513333,2025.00,,,,,,
4265,2017-12-31T03:06:47Z,-33.59820000,147.91511667,2025.00,,,,,,
4266,2017-12-31T03:06:48Z,-33.59840000,147.91510000,2027.00,,,,,,
4267,2017-12-31T03:06:49Z,-33.59858333,147.91510000,2030.00,,,,,,
4268,2017-12-31T03:06:50Z,-33.59876667,147.91508333,2029.00,,,,,,
4269,2017-12-31T03:06:51Z,-33.59895000,147.91508333,2027.00,,,,,,
4270,2017-12-31T03:06:52Z,-33.59913333,147.91506667,2025.00,,,,,,
4271,2017-12-31T03:06:53Z,-33.59933333,147.91505000,2018.00,,,,,,
4272,2017-12-31T03:06:54Z,-33.59950000,147.91505000,2017.00,,,,,,
4273,2017-12-31T03:06:55Z,-33.59971667,147.91503333,2017.00,,,,,,
4274,2017-12-31T03:06:56Z,-33.59993333,147.91501667,2017.00,,,,,,
4275,2017-12-31T03:06:57Z,-33.60015000,147.91500000,2011.00,,,,,,
4276,2017-12-31T03:06:58Z,-33.60033333,147.91495000,2007.00,,,,,,
4277,2017-12-31T03:06:59Z,-33.60055000,147.91486667,2004.00,,,,,,
4278,2017-12-31T03:07:00Z,-33.60075000,147.91478333,2001.00,,,,,,
4279,2017-12-31T03:07:01Z,-33.60095000,147.91471667,1998.00,,,,,,
4280,2017-12-31T03:07:02Z,-33.60115000,147.91466667,1992.00,,,,,,
4281,2017-12-31T03:07:03Z,-33.60135000,147.91461667,1986.00,,,,,,
4282,2017-12-31T03:07:04Z,-33.60156667,147.91458333,1982.00,,,,,,
4283,2017-12-31T03:07:05Z,-33.60181667,147.91456667,1980.00,,,,,,
4284,2017-12-31T03:07:06Z,-33.60205000,147.91455000,1978.00,,,,,,
4285,2017-12-31T03:07:07Z,-33.60228333,147.91455000,1976.00,,,,,,
4286,2017-12-31T03:07:08Z,-33.60251667,147.91456667,1976.00,,,,,,
4287,2017-12-31T03:07:09Z,-33.60275000,147.91456667,1975.00,,,,,,
4288,2017-12-31T03:07:10Z,-33.60298333,147.91455000,1972.00,,,,,,
4289,2017-12-31T03:07:11Z,-33.60320000,147.91455000,1969.00,,,,,,
4290,2017-12-31T03:07:12Z,-33.60341667,147.91453333,1968.00,,,,,,
4291,2017-12-31T03:07:13Z,-33.60365000,147.91451667,1966.00,,,,,,
4292,2017-12-31T03:07:14Z,-33.60386667,147.91451667,1966.00,,,,,,
4293,2017-12-31T03:07:15Z,-33.60410000,147.91453333,1965.00,,,,,,
4294,2017-12-31T03:07:16Z,-33.60433333,147.91453333,1962.00,,,,,,
4295,2017-12-31T03:07:17Z,-33.60455000,147.91455000,1960.00,,,,,,
4296,2017-12-31T03:07:18Z,-33.60476667,147.91453333,1958.00,,,,,,
4297,2017-12-31T03:07:19Z,-33.60500000,147.91455000,1958.00,,,,,,
4298,2017-12-31T03:07:20Z,-33.60521667,147.91455000,1957.00,,,,,,
4299,2017-12-31T03:07:21Z,-33.60543333,147.91455000,1957.00,,,,,,
4300,2017-12-31T03:07:22Z,-33.60565000,147.91455000,1957.00,,,,,,
4301,2017-12-31T03:07:23Z,-33.60586667,147.91455000,1956.00,,,,,,
4302,2017-12-31T03:07:24Z,-33.60606667,147.91456667,1953.00,,,,,,
4303,2017-12-31T03:07:25Z,-33.60626667,147.91458333,1952.00,,,,,,
4304,2017-12-31T03:07:26Z,-33.60646667,147.91458333,1950.00,,,,,,
4305,2017-12-31T03:07:27Z,-33.60668333,147.91460000,1951.00,,,,,,
4306,2017-12-31T03:07:28Z,-33.60688333,147.91460000,1951.00,,,,,,
4307,2017-12-31T03:07:29Z,-33.60710000,147.91460000,1951.00,,,,,,
4308,2017-12-31T03:07:30Z,-33.60731667,147.91460000,1951.00,,,,,,
4309,2017-12-31T03:07:31Z,-33.60751667,147.91460000,1951.00,,,,,,
4310,2017-12-31T03:07:32Z,-33.60771667,147.91460000,1949.00,,,,,,
4311,2017-12-31T03:07:33Z,-33.60791667,147.91458333,1948.00,,,,,,
4312,2017-12-31T03:07:34Z,-33.60813333,147.91456667,1946.00,,,,,,
4313,2017-12-31T03:07:35Z,-33.60835000,147.91455000,1945.00,,,,,,
4314,2017-12-31T03:07:36Z,-33.60855000,147.91455000,1944.00,,,,,,
4315,2017-12-31T03:07:37Z,-33.60876667,147.91453333,1942.00,,,,,,
4316,2017-12-31T03:07:38Z,-33.60898333,147.91453333,1941.00,,,,,,
4317,2017-12-31T03:07:39Z,-33.60918333,147.91453333,1936.00,,,,,,
4318,2017-12-31T03:07:40Z,-33.60938333,147.91453333,1932.00,,,,,,
4319,2017-12-31T03:07:41Z,-33.60960000,147.91453333,1930.00,,,,,,
4320,2017-12-31T03:07:42Z,-33.60983333,147.91453333,1929.00,,,,,,
4321,2017-12-31T03:07:43Z,-33.61005000,147.91453333,1928.00,,,,,,
4322,2017-12-31T03:07:44Z,-33.61028333,147.91453333,1927.00,,,,,,
4323,2017-12-31T03:07:45Z,-33.61048333,147.91453333,1927.00,,,,,,
4324,2017-12-31T03:07:46Z,-33.61071667,147.91453333,1927.00,,,,,,
4325,2017-12-31T03:07:47Z,-33.61093333,147.91453333,1927.00,,,,,,
4326,2017-12-31T03:07:48Z,-33.61113333,147.91451667,1925.00,,,,,,
4327,2017-12-31T03:07:49Z,-33.61133333,147.91451667,1922.00,,,,,,
4328,2017-12-31T03:07:50Z,-33.61155000,147.91450000,1921.00,,,,,,
4329,2017-12-31T03:07:51Z,-33.61175000,147.91450000,1920.00,,,,,,
4330,2017-12-31T03:07:52Z,-33.61196667,147.91448333,1919.00,,,,,,
4331,2017-12-31T03:07:53Z,-33.61216667,147.91445000,1915.00,,,,,,
4332,2017-12-31T03:07:54Z,-33.61236667,147.91443333,1908.00,,,,,,
4333,2017-12-31T03:07:55Z,-33.61258333,147.91438333,1908.00,,,,,,
4334,2017-12-31T03:07:56Z,-33.61280000,147.91433333,1909.00,,,,,,
4335,2017-12-31T03:07:57Z,-33.61301667,147.91430000,1907.00,,,,,,
4336,2017-12-31T03:07:58Z,-33.61321667,147.91428333,1903.00,,,,,,
4337,2017-12-31T03:07:59Z,-33.61343333,147.91426667,1899.00,,,,,,
4338,2017-12-31T03:08:00Z,-33.61365000,147.91425000,1896.00,,,,,,
4339,2017-12-31T03:08:01Z,-33.61388333,147.91423333,1892.00,,,,,,
4340,2017-12-31T03:08:02Z,-33.61411667,147.91423333,1890.00,,,,,,
4341,2017-12-31T03:08:03Z,-33.61435000,147.91423333,1889.00,,,,,,
4342,2017-12-31T03:08:04Z,-33.61456667,147.91423333,1885.00,,,,,,
4343,2017-12-31T03:08:05Z,-33.61478333,147.91421667,1882.00,,,,,,
4344,2017-12-31T03:08:06Z,-33.61500000,147.91420000,1878.00,,,,,,
4345,2017-12-31T03:08:07Z,-33.61523333,147.91418333,1879.00,,,,,,
4346,2017-12-31T03:08:08Z,-33.61546667,147.91416667,1881.00,,,,,,
4347,2017-12-31T03:08:09Z,-33.61570000,147.91416667,1878.00,,,,,,
4348,2017-12-31T03:08:10Z,-33.61593333,147.91416667,1876.00,,,,,,
4349,2017-12-31T03:08:11Z,-33.61615000,147.91415000,1873.00,,,,,,
4350,2017-12-31T03:08:12Z,-33.61636667,147.91415000,1872.00,,,,,,
4351,2017-12-31T03:08:13Z,-33.61658333,147.91415000,1870.00,,,,,,
4352,2017-12-31T03:08:14Z,-33.61681667,147.91416667,1867.00,,,,,,
4353,2017-12-31T03:08:15Z,-33.61705000,147.91416667,1866.00,,,,,,
4354,2017-12-31T03:08:16Z,-33.61726667,147.91418333,1863.00,,,,,,
4355,2017-12-31T03:08:17Z,-33.61748333,147.91420000,1861.00,,,,,,
4356,2017-12-31T03:08:18Z,-33.61770000,147.91421667,1859.00,,,,,,
4357,2017-12-31T03:08:19Z,-33.61793333,147.91423333,1857.00,,,,,,
4358,2017-12-31T03:08:20Z,-33.61815000,147.91425000,1855.00,,,,,,
4359,2017-12-31T03:08:21Z,-33.61836667,147.91425000,1852.00,,,,,,
4360,2017-12-31T03:08:22Z,-33.61858333,147.91425000,1849.00,,,,,,
4361,2017-12-31T03:08:23Z,-33.61878333,147.91425000,1848.00,,,,,,
4362,2017-12-31T03:08:24Z,-33.61900000,147.91425000,1846.00,,,,,,
4363,2017-12-31T03:08:25Z,-33.61923333,147.91425000,1844.00,,,,,,
4364,2017-12-31T03:08:26Z,-33.61943333,147.91423333,1841.00,,,,,,
4365,2017-12-31T03:08:27Z,-33.61965000,147.91421667,1838.00,,,,,,
4366,2017-12-31T03:08:28Z,-33.61986667,147.91421667,1835.00,,,,,,
4367,2017-12-31T03:08:29Z,-33.62008333,147.91420000,1833.00,,,,,,
4368,2017-12-31T03:08:30Z,-33.62030000,147.91418333,1830.00,,,,,,
4369,2017-12-31T03:08:31Z,-33.62051667,147.91416667,1828.00,,,,,,
4370,2017-12-31T03:08:32Z,-33.62073333,147.91415000,1826.00,,,,,,
4371,2017-12-31T03:08:33Z,-33.62095000,147.91415000,1825.00,,,,,,
4372,2017-12-31T03:08:34Z,-33.62115000,147.91413333,1821.00,,,,,,
4373,2017-12-31T03:08:35Z,-33.62135000,147.91413333,1819.00,,,,,,
4374,2017-12-31T03:08:36Z,-33.62155000,147.91411667,1816.00,,,,,,
4375,2017-12-31T03:08:37Z,-33.62175000,147.91410000,1812.00,,,,,,
4376,2017-12-31T03:08:38Z,-33.62195000,147.91410000,1810.00,,,,,,
4377,2017-12-31T03:08:39Z,-33.62216667,147.91410000,1808.00,,,,,,
4378,2017-12-31T03:08:40Z,-33.62240000,147.91411667,1809.00,,,,,,
4379,2017-12-31T03:08:41Z,-33.62263333,147.91411667,1811.00,,,,,,
4380,2017-12-31T03:08:42Z,-33.62286667,147.91413333,1812.00,,,,,,
4381,2017-12-31T03:08:43Z,-33.62310000,147.91413333,1811.00,,,,,,
4382,2017-12-31T03:08:44Z,-33.62331667,147.91413333,1810.00,,,,,,
4383,2017-12-31T03:08:45Z,-33.62355000,147.91413333,1808.00,,,,,,
4384,2017-12-31T03:08:46Z,-33.62376667,147.91413333,1806.00,,,,,,
4385,2017-12-31T03:08:47Z,-33.62398333,147.91413333,1804.00,,,,,,
4386,2017-12-31T03:08:48Z,-33.62420000,147.91413333,1804.00,,,,,,
4387,2017-12-31T03:08:49Z,-33.62441667,147.91413333,1805.00,,,,,,
4388,2017-12-31T03:08:50Z,-33.62463333,147.91413333,1806.00,,,,,,
4389,2017-12-31T03:08:51Z,-33.62483333,147.91413333,1805.00,,,,,,
4390,2017-12-31T03:08:52Z,-33.62503333,147.91413333,1800.00,,,,,,
4391,2017-12-31T03:08:53Z,-33.62523333,147.91411667,1797.00,,,,,,
4392,2017-12-31T03:08:54Z,-33.62543333,147.91410000,1795.00,,,,,,
4393,2017-12-31T03:08:55Z,-33.62565000,147.91408333,1793.00,,,,,,
4394,2017-12-31T03:08:56Z,-33.62586667,147.91406667,1792.00,,,,,,
4395,2017-12-31T03:08:57Z,-33.62606667,147.91405000,1789.00,,,,,,
4396,2017-12-31T03:08:58Z,-33.62626667,147.91405000,1785.00,,,,,,
4397,2017-12-31T03:08:59Z,-33.62646667,147.91403333,1783.00,,,,,,
4398,2017-12-31T03:09:00Z,-33.62666667,147.91403333,1783.00,,,,,,
4399,2017-12-31T03:09:01Z,-33.62685000,147.91405000,1780.00,,,,,,
4400,2017-12-31T03:09:02Z,-33.62705000,147.91405000,1776.00,,,,,,
4401,2017-12-31T03:09:03Z,-33.62723333,147.91406667,1772.00,,,,,,
4402,2017-12-31T03:09:04Z,-33.62741667,147.91408333,1770.00,,,,,,
4403,2017-12-31T03:09:05Z,-33.62760000,147.91410000,1768.00,,,,,,
4404,2017-12-31T03:09:06Z,-33.62778333,147.91411667,1764.00,,,,,,
4405,2017-12-31T03:09:07Z,-33.62798333,147.91413333,1761.00,,,,,,
4406,2017-12-31T03:09:08Z,-33.62818333,147.91416667,1758.00,,,,,,
4407,2017-12-31T03:09:09Z,-33.62836667,147.91420000,1757.00,,,,,,
4408,2017-12-31T03:09:10Z,-33.62856667,147.91423333,1754.00,,,,,,
4409,2017-12-31T03:09:11Z,-33.62875000,147.91428333,1750.00,,,,,,
4410,2017-12-31T03:09:12Z,-33.62895000,147.91433333,1746.00,,,,,,
4411,2017-12-31T03:09:13Z,-33.62913333,147.91440000,1743.00,,,,,,
4412,2017-12-31T03:09:14Z,-33.62933333,147.91446667,1739.00,,,,,,
4413,2017-12-31T03:09:15Z,-33.62956667,147.91455000,1736.00,,,,,,
4414,2017-12-31T03:09:16Z,-33.62976667,147.91463333,1733.00,,,,,,
4415,2017-12-31T03:09:17Z,-33.62996667,147.91471667,1729.00,,,,,,
4416,2017-12-31T03:09:18Z,-33.63016667,147.91481667,1726.00,,,,,,
4417,2017-12-31T03:09:19Z,-33.63036667,147.91490000,1722.00,,,,,,
4418,2017-12-31T03:09:20Z,-33.63058333,147.91496667,1719.00,,,,,,
4419,2017-12-31T03:09:21Z,-33.63080000,147.91503333,1717.00,,,,,,
4420,2017-12-31T03:09:22Z,-33.63101667,147.91506667,1716.00,,,,,,
4421,2017-12-31T03:09:23Z,-33.63123333,147.91511667,1714.00,,,,,,
4422,2017-12-31T03:09:24Z,-33.63143333,147.91513333,1709.00,,,,,,
4423,2017-12-31T03:09:25Z,-33.63165000,147.91515000,1706.00,,,,,,
4424,2017-12-31T03:09:26Z,-33.63185000,147.91516667,1701.00,,,,,,
4425,2017-12-31T03:09:27Z,-33.63206667,147.91520000,1696.00,,,,,,
4426,2017-12-31T03:09:28Z,-33.63228333,147.91523333,1695.00,,,,,,
4427,2017-12-31T03:09:29Z,-33.63251667,147.91528333,1695.00,,,,,,
4428,2017-12-31T03:09:30Z,-33.63275000,147.91538333,1695.00,,,,,,
4429,2017-12-31T03:09:31Z,-33.63298333,147.91545000,1694.00,,,,,,
4430,2017-12-31T03:09:32Z,-33.63318333,147.91551667,1691.00,,,,,,
4431,2017-12-31T03:09:33Z,-33.63340000,147.91555000,1689.00,,,,,,
4432,2017-12-31T03:09:34Z,-33.63360000,147.91560000,1687.00,,,,,,
4433,2017-12-31T03:09:35Z,-33.63380000,147.91561667,1686.00,,,,,,
4434,2017-12-31T03:09:36Z,-33.63401667,147.91565000,1683.00,,,,,,
4435,2017-12-31T03:09:37Z,-33.63423333,147.91568333,1678.00,,,,,,
4436,2017-12-31T03:09:38Z,-33.63445000,147.91568333,1676.00,,,,,,
4437,2017-12-31T03:09:39Z,-33.63465000,147.91568333,1675.00,,,,,,
4438,2017-12-31T03:09:40Z,-33.63486667,147.91566667,1673.00,,,,,,
4439,2017-12-31T03:09:41Z,-33.63508333,147.91565000,1669.00,,,,,,
4440,2017-12-31T03:09:42Z,-33.63530000,147.91565000,1667.00,,,,,,
4441,2017-12-31T03:09:43Z,-33.63551667,147.91561667,1664.00,,,,,,
4442,2017-12-31T03:09:44Z,-33.63573333,147.91560000,1661.00,,,,,,
4443,2017-12-31T03:09:45Z,-33.63593333,147.91558333,1659.00,,,,,,
4444,2017-12-31T03:09:46Z,-33.63615000,147.91556667,1657.00,,,,,,
4445,2017-12-31T03:09:47Z,-33.63635000,147.91553333,1655.00,,,,,,
4446,2017-12-31T03:09:48Z,-33.63655000,147.91550000,1651.00,,,,,,
4447,2017-12-31T03:09:49Z,-33.63675000,147.91548333,1646.00,,,,,,
4448,2017-12-31T03:09:50Z,-33.63695000,147.91545000,1644.00,,,,,,
4449,2017-12-31T03:09:51Z,-33.63715000,147.91541667,1642.00,,,,,,
4450,2017-12-31T03:09:52Z,-33.63735000,147.91538333,1640.00,,,,,,
4451,2017-12-31T03:09:53Z,-33.63755000,147.91535000,1638.00,,,,,,
4452,2017-12-31T03:09:54Z,-33.63776667,147.91530000,1635.00,,,,,,
4453,2017-12-31T03:09:55Z,-33.63796667,147.91525000,1633.00,,,,,,
4454,2017-12-31T03:09:56Z,-33.63816667,147.91518333,1632.00,,,,,,
4455,2017-12-31T03:09:57Z,-33.63835000,147.91513333,1632.00,,,,,,
4456,2017-12-31T03:09:58Z,-33.63855000,147.91506667,1631.00,,,,,,
4457,2017-12-31T03:09:59Z,-33.63873333,147.91500000,1629.00,,,,,,
4458,2017-12-31T03:10:00Z,-33.63893333,147.91493333,1626.00,,,,,,
4459,2017-12-31T03:10:01Z,-33.63911667,147.91486667,1624.00,,,,,,
4460,2017-12-31T03:10:02Z,-33.63930000,147.91481667,1622.00,,,,,,
4461,2017-12-31T03:10:03Z,-33.63950000,147.91478333,1620.00,,,,,,
4462,2017-12-31T03:10:04Z,-33.63970000,147.91476667,1618.00,,,,,,
4463,2017-12-31T03:10:05Z,-33.63990000,147.91476667,1616.00,,,,,,
4464,2017-12-31T03:10:06Z,-33.64011667,147.91476667,1613.00,,,,,,
4465,2017-12-31T03:10:07Z,-33.64031667,147.91478333,1612.00,,,,,,
4466,2017-12-31T03:10:08Z,-33.64053333,147.91480000,1610.00,,,,,,
4467,2017-12-31T03:10:09Z,-33.64073333,147.91481667,1607.00,,,,,,
4468,2017-12-31T03:10:10Z,-33.64095000,147.91483333,1606.00,,,,,,
4469,2017-12-31T03:10:11Z,-33.64116667,147.91485000,1604.00,,,,,,
4470,2017-12-31T03:10:12Z,-33.64136667,147.91486667,1603.00,,,,,,
4471,2017-12-31T03:10:13Z,-33.64158333,147.91486667,1601.00,,,,,,
4472,2017-12-31T03:10:14Z,-33.64180000,147.91488333,1598.00,,,,,,
4473,2017-12-31T03:10:15Z,-33.64203333,147.91490000,1595.00,,,,,,
4474,2017-12-31T03:10:16Z,-33.64225000,147.91491667,1592.00,,,,,,
4475,2017-12-31T03:10:17Z,-33.64246667,147.91491667,1590.00,,,,,,
4476,2017-12-31T03:10:18Z,-33.64268333,147.91493333,1588.00,,,,,,
4477,2017-12-31T03:10:19Z,-33.64290000,147.91495000,1586.00,,,,,,
4478,2017-12-31T03:10:20Z,-33.64311667,147.91496667,1584.00,,,,,,
4479,2017-12-31T03:10:21Z,-33.64333333,147.91498333,1582.00,,,,,,
4480,2017-12-31T03:10:22Z,-33.64355000,147.91498333,1582.00,,,,,,
4481,2017-12-31T03:10:23Z,-33.64375000,147.91500000,1580.00,,,,,,
4482,2017-12-31T03:10:24Z,-33.64396667,147.91503333,1578.00,,,,,,
4483,2017-12-31T03:10:25Z,-33.64416667,147.91505000,1578.00,,,,,,
4484,2017-12-31T03:10:26Z,-33.64436667,147.91506667,1576.00,,,,,,
4485,2017-12-31T03:10:27Z,-33.64456667,147.91508333,1573.00,,,,,,
4486,2017-12-31T03:10:28Z,-33.64476667,147.91508333,1570.00,,,,,,
4487,2017-12-31T03:10:29Z,-33.64496667,147.91508333,1568.00,,,,,,
4488,2017-12-31T03:10:30Z,-33.64516667,147.91508333,1568.00,,,,,,
4489,2017-12-31T03:10:31Z,-33.64538333,147.91510000,1567.00,,,,,,
4490,2017-12-31T03:10:32Z,-33.64560000,147.91511667,1565.00,,,,,,
4491,2017-12-31T03:10:33Z,-33.64580000,147.91513333,1564.00,,,,,,
4492,2017-12-31T03:10:34Z,-33.64600000,147.91515000,1562.00,,,,,,
4493,2017-12-31T03:10:35Z,-33.64620000,147.91516667,1561.00,,,,,,
4494,2017-12-31T03:10:36Z,-33.64640000,147.91520000,1559.00,,,,,,
4495,2017-12-31T03:10:37Z,-33.64660000,147.91521667,1560.00,,,,,,
4496,2017-12-31T03:10:38Z,-33.64680000,147.91523333,1557.00,,,,,,
4497,2017-12-31T03:10:39Z,-33.64700000,147.91525000,1553.00,,,,,,
4498,2017-12-31T03:10:40Z,-33.64720000,147.91526667,1550.00,,,,,,
4499,2017-12-31T03:10:41Z,-33.64740000,147.91528333,1548.00,,,,,,
4500,2017-12-31T03:10:42Z,-33.64760000,147.91531667,1546.00,,,,,,
4501,2017-12-31T03:10:43Z,-33.64780000,147.91533333,1544.00,,,,,,
4502,2017-12-31T03:10:44Z,-33.64800000,147.91536667,1540.00,,,,,,
4503,2017-12-31T03:10:45Z,-33.64821667,147.91538333,1534.00,,,,,,
4504,2017-12-31T03:10:46Z,-33.64841667,147.91540000,1532.00,,,,,,
4505,2017-12-31T03:10:47Z,-33.64861667,147.91543333,1531.00,,,,,,
4506,2017-12-31T03:10:48Z,-33.64881667,147.91546667,1529.00,,,,,,
4507,2017-12-31T03:10:49Z,-33.64903333,147.91548333,1526.00,,,,,,
4508,2017-12-31T03:10:50Z,-33.64923333,147.91551667,1525.00,,,,,,
4509,2017-12-31T03:10:51Z,-33.64943333,147.91551667,1527.00,,,,,,
4510,2017-12-31T03:10:52Z,-33.64965000,147.91553333,1532.00,,,,,,
4511,2017-12-31T03:10:53Z,-33.64985000,147.91555000,1534.00,,,,,,
4512,2017-12-31T03:10:54Z,-33.65003333,147.91556667,1533.00,,,,,,
4513,2017-12-31T03:10:55Z,-33.65020000,147.91558333,1532.00,,,,,,
4514,2017-12-31T03:10:56Z,-33.65036667,147.91560000,1529.00,,,,,,
4515,2017-12-31T03:10:57Z,-33.65053333,147.91561667,1522.00,,,,,,
4516,2017-12-31T03:10:58Z,-33.65070000,147.91563333,1518.00,,,,,,
4517,2017-12-31T03:10:59Z,-33.65086667,147.91565000,1513.00,,,,,,
4518,2017-12-31T03:11:00Z,-33.65105000,147.91565000,1509.00,,,,,,
4519,2017-12-31T03:11:01Z,-33.65125000,147.91565000,1512.00,,,,,,
4520,2017-12-31T03:11:02Z,-33.65143333,147.91563333,1513.00,,,,,,
4521,2017-12-31T03:11:03Z,-33.65163333,147.91561667,1510.00,,,,,,
4522,2017-12-31T03:11:04Z,-33.65181667,147.91558333,1503.00,,,,,,
4523,2017-12-31T03:11:05Z,-33.65201667,147.91555000,1499.00,,,,,,
4524,2017-12-31T03:11:06Z,-33.65220000,147.91551667,1498.00,,,,,,
4525,2017-12-31T03:11:07Z,-33.65240000,147.91548333,1497.00,,,,,,
4526,2017-12-31T03:11:08Z,-33.65260000,147.91546667,1495.00,,,,,,
4527,2017-12-31T03:11:09Z,-33.65280000,147.91543333,1492.00,,,,,,
4528,2017-12-31T03:11:10Z,-33.65300000,147.91540000,1490.00,,,,,,
4529,2017-12-31T03:11:11Z,-33.65318333,147.91535000,1488.00,,,,,,
4530,2017-12-31T03:11:12Z,-33.65338333,147.91530000,1486.00,,,,,,
4531,2017-12-31T03:11:13Z,-33.65358333,147.91525000,1483.00,,,,,,
4532,2017-12-31T03:11:14Z,-33.65378333,147.91520000,1481.00,,,,,,
4533,2017-12-31T03:11:15Z,-33.65398333,147.91513333,1480.00,,,,,,
4534,2017-12-31T03:11:16Z,-33.65420000,147.91508333,1480.00,,,,,,
4535,2017-12-31T03:11:17Z,-33.65440000,147.91505000,1479.00,,,,,,
4536,2017-12-31T03:11:18Z,-33.65460000,147.91501667,1477.00,,,,,,
4537,2017-12-31T03:11:19Z,-33.65481667,147.91498333,1477.00,,,,,,
4538,2017-12-31T03:11:20Z,-33.65500000,147.91495000,1476.00,,,,,,
4539,2017-12-31T03:11:21Z,-33.65520000,147.91493333,1473.00,,,,,,
4540,2017-12-31T03:11:22Z,-33.65540000,147.91491667,1472.00,,,,,,
4541,2017-12-31T03:11:23Z,-33.65558333,147.91490000,1471.00,,,,,,
4542,2017-12-31T03:11:24Z,-33.65578333,147.91490000,1469.00,,,,,,
4543,2017-12-31T03:11:25Z,-33.65598333,147.91488333,1468.00,,,,,,
4544,2017-12-31T03:11:26Z,-33.65618333,147.91488333,1466.00,,,,,,
4545,2017-12-31T03:11:27Z,-33.65636667,147.91486667,1465.00,,,,,,
4546,2017-12-31T03:11:28Z,-33.65656667,147.91483333,1463.00,,,,,,
4547,2017-12-31T03:11:29Z,-33.65675000,147.91481667,1462.00,,,,,,
4548,2017-12-31T03:11:30Z,-33.65695000,147.91478333,1459.00,,,,,,
4549,2017-12-31T03:11:31Z,-33.65711667,147.91475000,1453.00,,,,,,
4550,2017-12-31T03:11:32Z,-33.65730000,147.91471667,1448.00,,,,,,
4551,2017-12-31T03:11:33Z,-33.65748333,147.91468333,1445.00,,,,,,
4552,2017-12-31T03:11:34Z,-33.65768333,147.91465000,1442.00,,,,,,
4553,2017-12-31T03:11:35Z,-33.65790000,147.91461667,1442.00,,,,,,
4554,2017-12-31T03:11:36Z,-33.65810000,147.91458333,1439.00,,,,,,
4555,2017-12-31T03:11:37Z,-33.65830000,147.91456667,1434.00,,,,,,
4556,2017-12-31T03:11:38Z,-33.65850000,147.91453333,1431.00,,,,,,
4557,2017-12-31T03:11:39Z,-33.65870000,147.91448333,1431.00,,,,,,
4558,2017-12-31T03:11:40Z,-33.65888333,147.91443333,1428.00,,,,,,
4559,2017-12-31T03:11:41Z,-33.65906667,147.91438333,1425.00,,,,,,
4560,2017-12-31T03:11:42Z,-33.65925000,147.91431667,1421.00,,,,,,
4561,2017-12-31T03:11:43Z,-33.65943333,147.91425000,1418.00,,,,,,
4562,2017-12-31T03:11:44Z,-33.65961667,147.91418333,1415.00,,,,,,
4563,2017-12-31T03:11:45Z,-33.65980000,147.91411667,1412.00,,,,,,
4564,2017-12-31T03:11:46Z,-33.65998333,147.91403333,1410.00,,,,,,
4565,2017-12-31T03:11:47Z,-33.66016667,147.91396667,1409.00,,,,,,
4566,2017-12-31T03:11:48Z,-33.66035000,147.91388333,1409.00,,,,,,
4567,2017-12-31T03:11:49Z,-33.66053333,147.91380000,1409.00,,,,,,
4568,2017-12-31T03:11:50Z,-33.66070000,147.91371667,1407.00,,,,,,
4569,2017-12-31T03:11:51Z,-33.66086667,147.91365000,1403.00,,,,,,
4570,2017-12-31T03:11:52Z,-33.66103333,147.91356667,1401.00,,,,,,
4571,2017-12-31T03:11:53Z,-33.66120000,147.91350000,1400.00,,,,,,
4572,2017-12-31T03:11:54Z,-33.66135000,147.91341667,1395.00,,,,,,
4573,2017-12-31T03:11:55Z,-33.66151667,147.91335000,1391.00,,,,,,
4574,2017-12-31T03:11:56Z,-33.66166667,147.91326667,1388.00,,,,,,
4575,2017-12-31T03:11:57Z,-33.66183333,147.91320000,1385.00,,,,,,
4576,2017-12-31T03:11:58Z,-33.66200000,147.91313333,1382.00,,,,,,
4577,2017-12-31T03:11:59Z,-33.66218333,147.91306667,1377.00,,,,,,
4578,2017-12-31T03:12:00Z,-33.66235000,147.91298333,1373.00,,,,,,
4579,2017-12-31T03:12:01Z,-33.66251667,147.91291667,1369.00,,,,,,
4580,2017-12-31T03:12:02Z,-33.66270000,147.91283333,1368.00,,,,,,
4581,2017-12-31T03:12:03Z,-33.66286667,147.91276667,1369.00,,,,,,
4582,2017-12-31T03:12:04Z,-33.66305000,147.91270000,1364.00,,,,,,
4583,2017-12-31T03:12:05Z,-33.66323333,147.91261667,1355.00,,,,,,
4584,2017-12-31T03:12:06Z,-33.66338333,147.91253333,1349.00,,,,,,
4585,2017-12-31T03:12:07Z,-33.66355000,147.91243333,1346.00,,,,,,
4586,2017-12-31T03:12:08Z,-33.66373333,147.91233333,1342.00,,,,,,
4587,2017-12-31T03:12:09Z,-33.66390000,147.91225000,1338.00,,,,,,
4588,2017-12-31T03:12:10Z,-33.66406667,147.91218333,1334.00,,,,,,
4589,2017-12-31T03:12:11Z,-33.66423333,147.91210000,1328.00,,,,,,
4590,2017-12-31T03:12:12Z,-33.66440000,147.91203333,1320.00,,,,,,
4591,2017-12-31T03:12:13Z,-33.66456667,147.91196667,1309.00,,,,,,
4592,2017-12-31T03:12:14Z,-33.66475000,147.91191667,1303.00,,,,,,
4593,2017-12-31T03:12:15Z,-33.66493333,147.91183333,1300.00,,,,,,
4594,2017-12-31T03:12:16Z,-33.66513333,147.91176667,1297.00,,,,,,
4595,2017-12-31T03:12:17Z,-33.66533333,147.91170000,1292.00,,,,,,
4596,2017-12-31T03:12:18Z,-33.66553333,147.91165000,1285.00,,,,,,
4597,2017-12-31T03:12:19Z,-33.66571667,147.91160000,1280.00,,,,,,
4598,2017-12-31T03:12:20Z,-33.66591667,147.91153333,1278.00,,,,,,
4599,2017-12-31T03:12:21Z,-33.66613333,147.91146667,1277.00,,,,,,
4600,2017-12-31T03:12:22Z,-33.66633333,147.91140000,1275.00,,,,,,
4601,2017-12-31T03:12:23Z,-33.66653333,147.91133333,1273.00,,,,,,
4602,2017-12-31T03:12:24Z,-33.66673333,147.91125000,1268.00,,,,,,
4603,2017-12-31T03:12:25Z,-33.66691667,147.91116667,1265.00,,,,,,
4604,2017-12-31T03:12:26Z,-33.66710000,147.91106667,1263.00,,,,,,
4605,2017-12-31T03:12:27Z,-33.66726667,147.91098333,1265.00,,,,,,
4606,2017-12-31T03:12:28Z,-33.66745000,147.91088333,1266.00,,,,,,
4607,2017-12-31T03:12:29Z,-33.66763333,147.91080000,1263.00,,,,,,
4608,2017-12-31T03:12:30Z,-33.66778333,147.91071667,1260.00,,,,,,
4609,2017-12-31T03:12:31Z,-33.66795000,147.91065000,1257.00,,,,,,
4610,2017-12-31T03:12:32Z,-33.66811667,147.91056667,1257.00,,,,,,
4611,2017-12-31T03:12:33Z,-33.66828333,147.91048333,1258.00,,,,,,
4612,2017-12-31T03:12:34Z,-33.66845000,147.91040000,1252.00,,,,,,
4613,2017-12-31T03:12:35Z,-33.66861667,147.91031667,1249.00,,,,,,
4614,2017-12-31T03:12:36Z,-33.66876667,147.91021667,1245.00,,,,,,
4615,2017-12-31T03:12:37Z,-33.66891667,147.91013333,1244.00,,,,,,
4616,2017-12-31T03:12:38Z,-33.66908333,147.91003333,1242.00,,,,,,
4617,2017-12-31T03:12:39Z,-33.66925000,147.90995000,1241.00,,,,,,
4618,2017-12-31T03:12:40Z,-33.66943333,147.90986667,1240.00,,,,,,
4619,2017-12-31T03:12:41Z,-33.66960000,147.90980000,1239.00,,,,,,
4620,2017-12-31T03:12:42Z,-33.66976667,147.90973333,1237.00,,,,,,
4621,2017-12-31T03:12:43Z,-33.66993333,147.90966667,1233.00,,,,,,
4622,2017-12-31T03:12:44Z,-33.67010000,147.90960000,1224.00,,,,,,
4623,2017-12-31T03:12:45Z,-33.67026667,147.90953333,1222.00,,,,,,
4624,2017-12-31T03:12:46Z,-33.67045000,147.90946667,1220.00,,,,,,
4625,2017-12-31T03:12:47Z,-33.67061667,147.90938333,1217.00,,,,,,
4626,2017-12-31T03:12:48Z,-33.67080000,147.90930000,1211.00,,,,,,
4627,2017-12-31T03:12:49Z,-33.67100000,147.90923333,1204.00,,,,,,
4628,2017-12-31T03:12:50Z,-33.67118333,147.90918333,1203.00,,,,,,
4629,2017-12-31T03:12:51Z,-33.67140000,147.90910000,1204.00,,,,,,
4630,2017-12-31T03:12:52Z,-33.67161667,147.90903333,1206.00,,,,,,
4631,2017-12-31T03:12:53Z,-33.67183333,147.90895000,1205.00,,,,,,
4632,2017-12-31T03:12:54Z,-33.67203333,147.90886667,1201.00,,,,,,
4633,2017-12-31T03:12:55Z,-33.67218333,147.90878333,1198.00,,,,,,
4634,2017-12-31T03:12:56Z,-33.67235000,147.90870000,1196.00,,,,,,
4635,2017-12-31T03:12:57Z,-33.67253333,147.90861667,1192.00,,,,,,
4636,2017-12-31T03:12:58Z,-33.67271667,147.90855000,1192.00,,,,,,
4637,2017-12-31T03:12:59Z,-33.67291667,147.90848333,1189.00,,,,,,
4638,2017-12-31T03:13:00Z,-33.67313333,147.90841667,1189.00,,,,,,
4639,2017-12-31T03:13:01Z,-33.67333333,147.90836667,1188.00,,,,,,
4640,2017-12-31T03:13:02Z,-33.67353333,147.90831667,1185.00,,,,,,
4641,2017-12-31T03:13:03Z,-33.67373333,147.90825000,1184.00,,,,,,
4642,2017-12-31T03:13:04Z,-33.67393333,147.90820000,1183.00,,,,,,
4643,2017-12-31T03:13:05Z,-33.67413333,147.90815000,1183.00,,,,,,
4644,2017-12-31T03:13:06Z,-33.67433333,147.90808333,1184.00,,,,,,
4645,2017-12-31T03:13:07Z,-33.67455000,147.90800000,1183.00,,,,,,
4646,2017-12-31T03:13:08Z,-33.67475000,147.90793333,1183.00,,,,,,
4647,2017-12-31T03:13:09Z,-33.67496667,147.90786667,1186.00,,,,,,
4648,2017-12-31T03:13:10Z,-33.67516667,147.90780000,1184.00,,,,,,
4649,2017-12-31T03:13:11Z,-33.67536667,147.90773333,1184.00,,,,,,
4650,2017-12-31T03:13:12Z,-33.67556667,147.90765000,1187.00,,,,,,
4651,2017-12-31T03:13:13Z,-33.67575000,147.90756667,1192.00,,,,,,
4652,2017-12-31T03:13:14Z,-33.67591667,147.90750000,1196.00,,,,,,
4653,2017-12-31T03:13:15Z,-33.67605000,147.90745000,1196.00,,,,,,
4654,2017-12-31T03:13:16Z,-33.67620000,147.90741667,1195.00,,,,,,
4655,2017-12-31T03:13:17Z,-33.67635000,147.90741667,1194.00,,,,,,
4656,2017-12-31T03:13:18Z,-33.67650000,147.90743333,1194.00,,,,,,
4657,2017-12-31T03:13:19Z,-33.67666667,147.90748333,1193.00,,,,,,
4658,2017-12-31T03:13:20Z,-33.67683333,147.90751667,1194.00,,,,,,
4659,2017-12-31T03:13:21Z,-33.67698333,147.90753333,1195.00,,,,,,
4660,2017-12-31T03:13:22Z,-33.67710000,147.90751667,1196.00,,,,,,
4661,2017-12-31T03:13:23Z,-33.67721667,147.90751667,1194.00,,,,,,
4662,2017-12-31T03:13:24Z,-33.67733333,147.90750000,1192.00,,,,,,
4663,2017-12-31T03:13:25Z,-33.67743333,147.90748333,1191.00,,,,,,
4664,2017-12-31T03:13:26Z,-33.67756667,147.90748333,1191.00,,,,,,
4665,2017-12-31T03:13:27Z,-33.67770000,147.90748333,1191.00,,,,,,
4666,2017-12-31T03:13:28Z,-33.67783333,147.90748333,1191.00,,,,,,
4667,2017-12-31T03:13:29Z,-33.67798333,147.90750000,1192.00,,,,,,
4668,2017-12-31T03:13:31Z,-33.67828333,147.90763333,1191.00,,,,,,
4669,2017-12-31T03:13:32Z,-33.67845000,147.90775000,1191.00,,,,,,
4670,2017-12-31T03:13:33Z,-33.67860000,147.90790000,1193.00,,,,,,
4671,2017-12-31T03:13:34Z,-33.67873333,147.90808333,1197.00,,,,,,
4672,2017-12-31T03:13:35Z,-33.67883333,147.90828333,1199.00,,,,,,
4673,2017-12-31T03:13:36Z,-33.67891667,147.90846667,1200.00,,,,,,
4674,2017-12-31T03:13:37Z,-33.67900000,147.90866667,1200.00,,,,,,
4675,2017-12-31T03:13:38Z,-33.67908333,147.90885000,1200.00,,,,,,
4676,2017-12-31T03:13:39Z,-33.67916667,147.90905000,1200.00,,,,,,
4677,2017-12-31T03:13:40Z,-33.67923333,147.90926667,1200.00,,,,,,
4678,2017-12-31T03:13:41Z,-33.67930000,147.90948333,1199.00,,,,,,
4679,2017-12-31T03:13:42Z,-33.67931667,147.90970000,1199.00,,,,,,
4680,2017-12-31T03:13:43Z,-33.67931667,147.90991667,1199.00,,,,,,
4681,2017-12-31T03:13:44Z,-33.67931667,147.91015000,1201.00,,,,,,
4682,2017-12-31T03:13:45Z,-33.67925000,147.91036667,1202.00,,,,,,
4683,2017-12-31T03:13:46Z,-33.67921667,147.91060000,1206.00,,,,,,
4684,2017-12-31T03:13:47Z,-33.67918333,147.91081667,1208.00,,,,,,
4685,2017-12-31T03:13:48Z,-33.67915000,147.91103333,1210.00,,,,,,
4686,2017-12-31T03:13:49Z,-33.67915000,147.91125000,1214.00,,,,,,
4687,2017-12-31T03:13:50Z,-33.67915000,147.91145000,1216.00,,,,,,
4688,2017-12-31T03:13:51Z,-33.67915000,147.91165000,1217.00,,,,,,
4689,2017-12-31T03:13:52Z,-33.67913333,147.91183333,1220.00,,,,,,
4690,2017-12-31T03:13:53Z,-33.67910000,147.91201667,1224.00,,,,,,
4691,2017-12-31T03:13:54Z,-33.67905000,147.91216667,1227.00,,,,,,
4692,2017-12-31T03:13:55Z,-33.67898333,147.91230000,1228.00,,,,,,
4693,2017-12-31T03:13:56Z,-33.67893333,147.91241667,1228.00,,,,,,
4694,2017-12-31T03:13:57Z,-33.67885000,147.91246667,1227.00,,,,,,
4695,2017-12-31T03:13:58Z,-33.67876667,147.91245000,1226.00,,,,,,
4696,2017-12-31T03:13:59Z,-33.67866667,147.91233333,1227.00,,,,,,
4697,2017-12-31T03:14:00Z,-33.67860000,147.91223333,1229.00,,,,,,
4698,2017-12-31T03:14:01Z,-33.67856667,147.91215000,1232.00,,,,,,
4699,2017-12-31T03:14:02Z,-33.67853333,147.91206667,1236.00,,,,,,
4700,2017-12-31T03:14:03Z,-33.67861667,147.91191667,1239.00,,,,,,
4701,2017-12-31T03:14:04Z,-33.67870000,147.91183333,1242.00,,,,,,
4702,2017-12-31T03:14:05Z,-33.67885000,147.91183333,1245.00,,,,,,
4703,2017-12-31T03:14:06Z,-33.67898333,147.91185000,1246.00,,,,,,
4704,2017-12-31T03:14:07Z,-33.67910000,147.91193333,1246.00,,,,,,
4705,2017-12-31T03:14:08Z,-33.67920000,147.91206667,1247.00,,,,,,
4706,2017-12-31T03:14:09Z,-33.67928333,147.91225000,1250.00,,,,,,
4707,2017-12-31T03:14:10Z,-33.67931667,147.91243333,1253.00,,,,,,
4708,2017-12-31T03:14:11Z,-33.67931667,147.91261667,1258.00,,,,,,
4709,2017-12-31T03:14:12Z,-33.67928333,147.91276667,1259.00,,,,,,
4710,2017-12-31T03:14:13Z,-33.67923333,147.91290000,1259.00,,,,,,
4711,2017-12-31T03:14:14Z,-33.67915000,147.91301667,1259.00,,,,,,
4712,2017-12-31T03:14:15Z,-33.67906667,147.91310000,1260.00,,,,,,
4713,2017-12-31T03:14:16Z,-33.67896667,147.91316667,1263.00,,,,,,
4714,2017-12-31T03:14:17Z,-33.67888333,147.91320000,1267.00,,,,,,
4715,2017-12-31T03:14:18Z,-33.67878333,147.91318333,1272.00,,,,,,
4716,2017-12-31T03:14:19Z,-33.67870000,147.91313333,1277.00,,,,,,
4717,2017-12-31T03:14:20Z,-33.67868333,147.91303333,1278.00,,,,,,
4718,2017-12-31T03:14:21Z,-33.67868333,147.91295000,1278.00,,,,,,
4719,2017-12-31T03:14:22Z,-33.67871667,147.91286667,1276.00,,,,,,
4720,2017-12-31T03:14:23Z,-33.67880000,147.91281667,1276.00,,,,,,
4721,2017-12-31T03:14:24Z,-33.67890000,147.91278333,1280.00,,,,,,
4722,2017-12-31T03:14:25Z,-33.67903333,147.91280000,1284.00,,,,,,
4723,2017-12-31T03:14:26Z,-33.67916667,147.91283333,1287.00,,,,,,
4724,2017-12-31T03:14:27Z,-33.67930000,147.91293333,1288.00,,,,,,
4725,2017-12-31T03:14:28Z,-33.67941667,147.91305000,1288.00,,,,,,
4726,2017-12-31T03:14:29Z,-33.67951667,147.91320000,1289.00,,,,,,
4727,2017-12-31T03:14:30Z,-33.67958333,147.91340000,1291.00,,,,,,
4728,2017-12-31T03:14:31Z,-33.67961667,147.91358333,1294.00,,,,,,
4729,2017-12-31T03:14:32Z,-33.67961667,147.91378333,1297.00,,,,,,
4730,2017-12-31T03:14:33Z,-33.67960000,147.91398333,1299.00,,,,,,
4731,2017-12-31T03:14:34Z,-33.67955000,147.91415000,1302.00,,,,,,
4732,2017-12-31T03:14:35Z,-33.67943333,147.91426667,1303.00,,,,,,
4733,2017-12-31T03:14:36Z,-33.67933333,147.91435000,1303.00,,,,,,
4734,2017-12-31T03:14:37Z,-33.67923333,147.91440000,1304.00,,,,,,
4735,2017-12-31T03:14:38Z,-33.67913333,147.91438333,1304.00,,,,,,
4736,2017-12-31T03:14:39Z,-33.67903333,147.91436667,1307.00,,,,,,
4737,2017-12-31T03:14:40Z,-33.67900000,147.91430000,1310.00,,,,,,
4738,2017-12-31T03:14:41Z,-33.67896667,147.91421667,1315.00,,,,,,
4739,2017-12-31T03:14:42Z,-33.67895000,147.91415000,1318.00,,,,,,
4740,2017-12-31T03:14:43Z,-33.67895000,147.91408333,1319.00,,,,,,
4741,2017-12-31T03:14:44Z,-33.67896667,147.91401667,1320.00,,,,,,
4742,2017-12-31T03:14:45Z,-33.67901667,147.91395000,1321.00,,,,,,
4743,2017-12-31T03:14:46Z,-33.67910000,147.91390000,1322.00,,,,,,
4744,2017-12-31T03:14:47Z,-33.67920000,147.91388333,1324.00,,,,,,
4745,2017-12-31T03:14:48Z,-33.67930000,147.91388333,1326.00,,,,,,
4746,2017-12-31T03:14:49Z,-33.67941667,147.91393333,1328.00,,,,,,
4747,2017-12-31T03:14:50Z,-33.67955000,147.91398333,1329.00,,,,,,
4748,2017-12-31T03:14:51Z,-33.67966667,147.91408333,1330.00,,,,,,
4749,2017-12-31T03:14:52Z,-33.67978333,147.91420000,1331.00,,,,,,
4750,2017-12-31T03:14:53Z,-33.67988333,147.91431667,1332.00,,,,,,
4751,2017-12-31T03:14:54Z,-33.67998333,147.91446667,1333.00,,,,,,
4752,2017-12-31T03:14:55Z,-33.68008333,147.91465000,1333.00,,,,,,
4753,2017-12-31T03:14:56Z,-33.68016667,147.91483333,1336.00,,,,,,
4754,2017-12-31T03:14:57Z,-33.68025000,147.91503333,1341.00,,,,,,
4755,2017-12-31T03:14:58Z,-33.68030000,147.91523333,1344.00,,,,,,
4756,2017-12-31T03:14:59Z,-33.68033333,147.91543333,1346.00,,,,,,
4757,2017-12-31T03:15:00Z,-33.68035000,147.91566667,1347.00,,,,,,
4758,2017-12-31T03:15:01Z,-33.68033333,147.91586667,1349.00,,,,,,
4759,2017-12-31T03:15:02Z,-33.68028333,147.91605000,1352.00,,,,,,
4760,2017-12-31T03:15:03Z,-33.68021667,147.91621667,1353.00,,,,,,
4761,2017-12-31T03:15:04Z,-33.68011667,147.91635000,1354.00,,,,,,
4762,2017-12-31T03:15:05Z,-33.68001667,147.91643333,1355.00,,,,,,
4763,2017-12-31T03:15:06Z,-33.67990000,147.91646667,1357.00,,,,,,
4764,2017-12-31T03:15:07Z,-33.67978333,147.91648333,1358.00,,,,,,
4765,2017-12-31T03:15:08Z,-33.67968333,147.91646667,1360.00,,,,,,
4766,2017-12-31T03:15:09Z,-33.67960000,147.91640000,1360.00,,,,,,
4767,2017-12-31T03:15:10Z,-33.67960000,147.91630000,1360.00,,,,,,
4768,2017-12-31T03:15:11Z,-33.67958333,147.91620000,1359.00,,,,,,
4769,2017-12-31T03:15:12Z,-33.67963333,147.91610000,1358.00,,,,,,
4770,2017-12-31T03:15:13Z,-33.67970000,147.91600000,1359.00,,,,,,
4771,2017-12-31T03:15:14Z,-33.67978333,147.91591667,1361.00,,,,,,
4772,2017-12-31T03:15:15Z,-33.67991667,147.91590000,1363.00,,,,,,
4773,2017-12-31T03:15:16Z,-33.68006667,147.91593333,1364.00,,,,,,
4774,2017-12-31T03:15:17Z,-33.68021667,147.91600000,1367.00,,,,,,
4775,2017-12-31T03:15:18Z,-33.68036667,147.91608333,1369.00,,,,,,
4776,2017-12-31T03:15:19Z,-33.68051667,147.91616667,1372.00,,,,,,
4777,2017-12-31T03:15:20Z,-33.68065000,147.91623333,1373.00,,,,,,
4778,2017-12-31T03:15:21Z,-33.68080000,147.91631667,1373.00,,,,,,
4779,2017-12-31T03:15:22Z,-33.68091667,147.91640000,1374.00,,,,,,
4780,2017-12-31T03:15:23Z,-33.68105000,147.91650000,1376.00,,,,,,
4781,2017-12-31T03:15:24Z,-33.68116667,147.91660000,1379.00,,,,,,
4782,2017-12-31T03:15:25Z,-33.68128333,147.91671667,1379.00,,,,,,
4783,2017-12-31T03:15:26Z,-33.68140000,147.91683333,1382.00,,,,,,
4784,2017-12-31T03:15:27Z,-33.68151667,147.91696667,1384.00,,,,,,
4785,2017-12-31T03:15:28Z,-33.68160000,147.91711667,1387.00,,,,,,
4786,2017-12-31T03:15:29Z,-33.68165000,147.91728333,1388.00,,,,,,
4787,2017-12-31T03:15:30Z,-33.68165000,147.91746667,1385.00,,,,,,
4788,2017-12-31T03:15:31Z,-33.68165000,147.91765000,1383.00,,,,,,
4789,2017-12-31T03:15:32Z,-33.68160000,147.91785000,1383.00,,,,,,
4790,2017-12-31T03:15:33Z,-33.68150000,147.91803333,1386.00,,,,,,
4791,2017-12-31T03:15:34Z,-33.68138333,147.91820000,1389.00,,,,,,
4792,2017-12-31T03:15:35Z,-33.68126667,147.91835000,1389.00,,,,,,
4793,2017-12-31T03:15:36Z,-33.68113333,147.91845000,1389.00,,,,,,
4794,2017-12-31T03:15:37Z,-33.68101667,147.91851667,1389.00,,,,,,
4795,2017-12-31T03:15:38Z,-33.68090000,147.91853333,1389.00,,,,,,
4796,2017-12-31T03:15:39Z,-33.68078333,147.91853333,1387.00,,,,,,
4797,2017-12-31T03:15:40Z,-33.68068333,147.91850000,1386.00,,,,,,
4798,2017-12-31T03:15:41Z,-33.68058333,147.91845000,1387.00,,,,,,
4799,2017-12-31T03:15:42Z,-33.68046667,147.91838333,1389.00,,,,,,
4800,2017-12-31T03:15:43Z,-33.68035000,147.91831667,1393.00,,,,,,
4801,2017-12-31T03:15:44Z,-33.68028333,147.91825000,1396.00,,,,,,
4802,2017-12-31T03:15:45Z,-33.68033333,147.91810000,1396.00,,,,,,
4803,2017-12-31T03:15:46Z,-33.68038333,147.91798333,1396.00,,,,,,
4804,2017-12-31T03:15:47Z,-33.68043333,147.91786667,1397.00,,,,,,
4805,2017-12-31T03:15:48Z,-33.68051667,147.91776667,1399.00,,,,,,
4806,2017-12-31T03:15:49Z,-33.68060000,147.91770000,1402.00,,,,,,
4807,2017-12-31T03:15:50Z,-33.68070000,147.91763333,1403.00,,,,,,
4808,2017-12-31T03:15:51Z,-33.68080000,147.91760000,1405.00,,,,,,
4809,2017-12-31T03:15:52Z,-33.68090000,147.91756667,1406.00,,,,,,
4810,2017-12-31T03:15:53Z,-33.68101667,147.91753333,1407.00,,,,,,
4811,2017-12-31T03:15:54Z,-33.68113333,147.91750000,1409.00,,,,,,
4812,2017-12-31T03:15:55Z,-33.68126667,147.91746667,1409.00,,,,,,
4813,2017-12-31T03:15:56Z,-33.68138333,147.91741667,1410.00,,,,,,
4814,2017-12-31T03:15:57Z,-33.68150000,147.91738333,1410.00,,,,,,
4815,2017-12-31T03:15:58Z,-33.68161667,147.91735000,1410.00,,,,,,
4816,2017-12-31T03:15:59Z,-33.68175000,147.91730000,1412.00,,,,,,
4817,2017-12-31T03:16:00Z,-33.68186667,147.91725000,1414.00,,,,,,
4818,2017-12-31T03:16:01Z,-33.68200000,147.91720000,1415.00,,,,,,
4819,2017-12-31T03:16:02Z,-33.68210000,147.91713333,1414.00,,,,,,
4820,2017-12-31T03:16:03Z,-33.68221667,147.91706667,1412.00,,,,,,
4821,2017-12-31T03:16:04Z,-33.68231667,147.91700000,1409.00,,,,,,
4822,2017-12-31T03:16:05Z,-33.68241667,147.91690000,1409.00,,,,,,
4823,2017-12-31T03:16:06Z,-33.68251667,147.91680000,1411.00,,,,,,
4824,2017-12-31T03:16:07Z,-33.68261667,147.91670000,1412.00,,,,,,
4825,2017-12-31T03:16:08Z,-33.68271667,147.91660000,1410.00,,,,,,
4826,2017-12-31T03:16:09Z,-33.68280000,147.91650000,1408.00,,,,,,
4827,2017-12-31T03:16:10Z,-33.68288333,147.91636667,1408.00,,,,,,
4828,2017-12-31T03:16:11Z,-33.68296667,147.91623333,1408.00,,,,,,
4829,2017-12-31T03:16:12Z,-33.68305000,147.91608333,1407.00,,,,,,
4830,2017-12-31T03:16:13Z,-33.68313333,147.91593333,1409.00,,,,,,
4831,2017-12-31T03:16:14Z,-33.68321667,147.91578333,1413.00,,,,,,
4832,2017-12-31T03:16:15Z,-33.68330000,147.91565000,1416.00,,,,,,
4833,2017-12-31T03:16:16Z,-33.68338333,147.91551667,1419.00,,,,,,
4834,2017-12-31T03:16:17Z,-33.68346667,147.91538333,1419.00,,,,,,
4835,2017-12-31T03:16:18Z,-33.68353333,147.91525000,1417.00,,,,,,
4836,2017-12-31T03:16:19Z,-33.68358333,147.91511667,1417.00,,,,,,
4837,2017-12-31T03:16:20Z,-33.68363333,147.91496667,1419.00,,,,,,
4838,2017-12-31T03:16:21Z,-33.68368333,147.91483333,1424.00,,,,,,
4839,2017-12-31T03:16:22Z,-33.68373333,147.91471667,1423.00,,,,,,
4840,2017-12-31T03:16:23Z,-33.68378333,147.91460000,1418.00,,,,,,
4841,2017-12-31T03:16:24Z,-33.68381667,147.91448333,1417.00,,,,,,
4842,2017-12-31T03:16:25Z,-33.68386667,147.91435000,1418.00,,,,,,
4843,2017-12-31T03:16:26Z,-33.68390000,147.91423333,1421.00,,,,,,
4844,2017-12-31T03:16:27Z,-33.68395000,147.91413333,1422.00,,,,,,
4845,2017-12-31T03:16:28Z,-33.68400000,147.91403333,1422.00,,,,,,
4846,2017-12-31T03:16:29Z,-33.68403333,147.91393333,1421.00,,,,,,
4847,2017-12-31T03:16:30Z,-33.68408333,147.91385000,1420.00,,,,,,
4848,2017-12-31T03:16:31Z,-33.68413333,147.91376667,1418.00,,,,,,
4849,2017-12-31T03:16:32Z,-33.68420000,147.91368333,1416.00,,,,,,
4850,2017-12-31T03:16:33Z,-33.68428333,147.91360000,1413.00,,,,,,
4851,2017-12-31T03:16:34Z,-33.68436667,147.91350000,1412.00,,,,,,
4852,2017-12-31T03:16:35Z,-33.68446667,147.91340000,1412.00,,,,,,
4853,2017-12-31T03:16:36Z,-33.68458333,147.91331667,1414.00,,,,,,
4854,2017-12-31T03:16:37Z,-33.68470000,147.91321667,1413.00,,,,,,
4855,2017-12-31T03:16:38Z,-33.68480000,147.91311667,1409.00,,,,,,
4856,2017-12-31T03:16:39Z,-33.68490000,147.91301667,1406.00,,,,,,
4857,2017-12-31T03:16:40Z,-33.68503333,147.91290000,1404.00,,,,,,
4858,2017-12-31T03:16:41Z,-33.68515000,147.91278333,1403.00,,,,,,
4859,2017-12-31T03:16:42Z,-33.68528333,147.91268333,1401.00,,,,,,
4860,2017-12-31T03:16:43Z,-33.68541667,147.91260000,1401.00,,,,,,
4861,2017-12-31T03:16:44Z,-33.68555000,147.91251667,1400.00,,,,,,
4862,2017-12-31T03:16:45Z,-33.68570000,147.91245000,1399.00,,,,,,
4863,2017-12-31T03:16:46Z,-33.68585000,147.91238333,1398.00,,,,,,
4864,2017-12-31T03:16:47Z,-33.68600000,147.91231667,1399.00,,,,,,
4865,2017-12-31T03:16:48Z,-33.68615000,147.91225000,1397.00,,,,,,
4866,2017-12-31T03:16:49Z,-33.68630000,147.91218333,1396.00,,,,,,
4867,2017-12-31T03:16:50Z,-33.68645000,147.91211667,1395.00,,,,,,
4868,2017-12-31T03:16:51Z,-33.68658333,147.91201667,1394.00,,,,,,
4869,2017-12-31T03:16:52Z,-33.68671667,147.91193333,1394.00,,,,,,
4870,2017-12-31T03:16:53Z,-33.68686667,147.91185000,1394.00,,,,,,
4871,2017-12-31T03:16:54Z,-33.68701667,147.91178333,1394.00,,,,,,
4872,2017-12-31T03:16:55Z,-33.68715000,147.91171667,1392.00,,,,,,
4873,2017-12-31T03:16:56Z,-33.68730000,147.91166667,1388.00,,,,,,
4874,2017-12-31T03:16:57Z,-33.68746667,147.91163333,1385.00,,,,,,
4875,2017-12-31T03:16:58Z,-33.68766667,147.91161667,1384.00,,,,,,
4876,2017-12-31T03:16:59Z,-33.68786667,147.91160000,1386.00,,,,,,
4877,2017-12-31T03:17:00Z,-33.68805000,147.91156667,1387.00,,,,,,
4878,2017-12-31T03:17:01Z,-33.68823333,147.91155000,1386.00,,,,,,
4879,2017-12-31T03:17:02Z,-33.68841667,147.91151667,1384.00,,,,,,
4880,2017-12-31T03:17:03Z,-33.68858333,147.91145000,1384.00,,,,,,
4881,2017-12-31T03:17:04Z,-33.68875000,147.91140000,1382.00,,,,,,
4882,2017-12-31T03:17:05Z,-33.68891667,147.91131667,1381.00,,,,,,
4883,2017-12-31T03:17:06Z,-33.68908333,147.91125000,1380.00,,,,,,
4884,2017-12-31T03:17:07Z,-33.68923333,147.91116667,1379.00,,,,,,
4885,2017-12-31T03:17:08Z,-33.68940000,147.91108333,1379.00,,,,,,
4886,2017-12-31T03:17:09Z,-33.68956667,147.91103333,1381.00,,,,,,
4887,2017-12-31T03:17:10Z,-33.68973333,147.91098333,1380.00,,,,,,
4888,2017-12-31T03:17:11Z,-33.68988333,147.91093333,1377.00,,,,,,
4889,2017-12-31T03:17:12Z,-33.69005000,147.91090000,1376.00,,,,,,
4890,2017-12-31T03:17:13Z,-33.69021667,147.91088333,1374.00,,,,,,
4891,2017-12-31T03:17:14Z,-33.69040000,147.91085000,1372.00,,,,,,
4892,2017-12-31T03:17:15Z,-33.69058333,147.91083333,1372.00,,,,,,
4893,2017-12-31T03:17:16Z,-33.69076667,147.91081667,1373.00,,,,,,
4894,2017-12-31T03:17:17Z,-33.69095000,147.91080000,1374.00,,,,,,
4895,2017-12-31T03:17:18Z,-33.69113333,147.91078333,1373.00,,,,,,
4896,2017-12-31T03:17:19Z,-33.69130000,147.91078333,1369.00,,,,,,
4897,2017-12-31T03:17:20Z,-33.69146667,147.91078333,1368.00,,,,,,
4898,2017-12-31T03:17:21Z,-33.69165000,147.91078333,1367.00,,,,,,
4899,2017-12-31T03:17:22Z,-33.69183333,147.91076667,1368.00,,,,,,
4900,2017-12-31T03:17:23Z,-33.69203333,147.91076667,1368.00,,,,,,
4901,2017-12-31T03:17:24Z,-33.69221667,147.91075000,1367.00,,,,,,
4902,2017-12-31T03:17:25Z,-33.69238333,147.91073333,1366.00,,,,,,
4903,2017-12-31T03:17:26Z,-33.69256667,147.91071667,1364.00,,,,,,
4904,2017-12-31T03:17:27Z,-33.69273333,147.91068333,1365.00,,,,,,
4905,2017-12-31T03:17:28Z,-33.69290000,147.91066667,1366.00,,,,,,
4906,2017-12-31T03:17:29Z,-33.69308333,147.91065000,1364.00,,,,,,
4907,2017-12-31T03:17:30Z,-33.69325000,147.91063333,1362.00,,,,,,
4908,2017-12-31T03:17:31Z,-33.69341667,147.91063333,1359.00,,,,,,
4909,2017-12-31T03:17:32Z,-33.69360000,147.91063333,1358.00,,,,,,
4910,2017-12-31T03:17:33Z,-33.69376667,147.91061667,1356.00,,,,,,
4911,2017-12-31T03:17:34Z,-33.69395000,147.91061667,1356.00,,,,,,
4912,2017-12-31T03:17:35Z,-33.69415000,147.91063333,1357.00,,,,,,
4913,2017-12-31T03:17:36Z,-33.69435000,147.91063333,1358.00,,,,,,
4914,2017-12-31T03:17:37Z,-33.69453333,147.91063333,1359.00,,,,,,
4915,2017-12-31T03:17:38Z,-33.69471667,147.91065000,1362.00,,,,,,
4916,2017-12-31T03:17:39Z,-33.69490000,147.91065000,1362.00,,,,,,
4917,2017-12-31T03:17:40Z,-33.69506667,147.91063333,1359.00,,,,,,
4918,2017-12-31T03:17:41Z,-33.69523333,147.91060000,1354.00,,,,,,
4919,2017-12-31T03:17:42Z,-33.69540000,147.91053333,1351.00,,,,,,
4920,2017-12-31T03:17:43Z,-33.69556667,147.91046667,1352.00,,,,,,
4921,2017-12-31T03:17:44Z,-33.69573333,147.91038333,1352.00,,,,,,
4922,2017-12-31T03:17:45Z,-33.69590000,147.91030000,1353.00,,,,,,
4923,2017-12-31T03:17:46Z,-33.69606667,147.91025000,1352.00,,,,,,
4924,2017-12-31T03:17:47Z,-33.69625000,147.91020000,1351.00,,,,,,
4925,2017-12-31T03:17:48Z,-33.69641667,147.91016667,1351.00,,,,,,
4926,2017-12-31T03:17:49Z,-33.69658333,147.91016667,1351.00,,,,,,
4927,2017-12-31T03:17:50Z,-33.69675000,147.91015000,1350.00,,,,,,
4928,2017-12-31T03:17:51Z,-33.69691667,147.91016667,1348.00,,,,,,
4929,2017-12-31T03:17:52Z,-33.69710000,147.91016667,1346.00,,,,,,
4930,2017-12-31T03:17:53Z,-33.69728333,147.91018333,1345.00,,,,,,
4931,2017-12-31T03:17:54Z,-33.69746667,147.91018333,1345.00,,,,,,
4932,2017-12-31T03:17:55Z,-33.69765000,147.91020000,1346.00,,,,,,
4933,2017-12-31T03:17:56Z,-33.69785000,147.91020000,1348.00,,,,,,
4934,2017-12-31T03:17:57Z,-33.69803333,147.91020000,1348.00,,,,,,
4935,2017-12-31T03:17:58Z,-33.69820000,147.91021667,1344.00,,,,,,
4936,2017-12-31T03:17:59Z,-33.69836667,147.91023333,1347.00,,,,,,
4937,2017-12-31T03:18:00Z,-33.69855000,147.91025000,1348.00,,,,,,
4938,2017-12-31T03:18:01Z,-33.69871667,147.91028333,1348.00,,,,,,
4939,2017-12-31T03:18:02Z,-33.69888333,147.91030000,1349.00,,,,,,
4940,2017-12-31T03:18:03Z,-33.69903333,147.91031667,1348.00,,,,,,
4941,2017-12-31T03:18:04Z,-33.69918333,147.91033333,1347.00,,,,,,
4942,2017-12-31T03:18:05Z,-33.69936667,147.91035000,1345.00,,,,,,
4943,2017-12-31T03:18:06Z,-33.69951667,147.91038333,1344.00,,,,,,
4944,2017-12-31T03:18:07Z,-33.69966667,147.91041667,1344.00,,,,,,
4945,2017-12-31T03:18:08Z,-33.69983333,147.91045000,1343.00,,,,,,
4946,2017-12-31T03:18:09Z,-33.69998333,147.91050000,1341.00,,,,,,
4947,2017-12-31T03:18:10Z,-33.70015000,147.91053333,1340.00,,,,,,
4948,2017-12-31T03:18:11Z,-33.70030000,147.91056667,1339.00,,,,,,
4949,2017-12-31T03:18:12Z,-33.70045000,147.91061667,1336.00,,,,,,
4950,2017-12-31T03:18:13Z,-33.70060000,147.91065000,1333.00,,,,,,
4951,2017-12-31T03:18:14Z,-33.70073333,147.91068333,1330.00,,,,,,
4952,2017-12-31T03:18:15Z,-33.70090000,147.91073333,1327.00,,,,,,
4953,2017-12-31T03:18:16Z,-33.70106667,147.91078333,1324.00,,,,,,
4954,2017-12-31T03:18:17Z,-33.70123333,147.91081667,1323.00,,,,,,
4955,2017-12-31T03:18:18Z,-33.70141667,147.91086667,1322.00,,,,,,
4956,2017-12-31T03:18:19Z,-33.70160000,147.91090000,1323.00,,,,,,
4957,2017-12-31T03:18:20Z,-33.70176667,147.91091667,1323.00,,,,,,
4958,2017-12-31T03:18:21Z,-33.70193333,147.91095000,1322.00,,,,,,
4959,2017-12-31T03:18:22Z,-33.70208333,147.91098333,1321.00,,,,,,
4960,2017-12-31T03:18:23Z,-33.70223333,147.91101667,1320.00,,,,,,
4961,2017-12-31T03:18:24Z,-33.70238333,147.91106667,1315.00,,,,,,
4962,2017-12-31T03:18:25Z,-33.70255000,147.91111667,1312.00,,,,,,
4963,2017-12-31T03:18:26Z,-33.70270000,147.91118333,1309.00,,,,,,
4964,2017-12-31T03:18:27Z,-33.70288333,147.91128333,1308.00,,,,,,
4965,2017-12-31T03:18:28Z,-33.70308333,147.91138333,1305.00,,,,,,
4966,2017-12-31T03:18:29Z,-33.70328333,147.91148333,1306.00,,,,,,
4967,2017-12-31T03:18:30Z,-33.70346667,147.91156667,1307.00,,,,,,
4968,2017-12-31T03:18:31Z,-33.70366667,147.91163333,1306.00,,,,,,
4969,2017-12-31T03:18:32Z,-33.70385000,147.91171667,1306.00,,,,,,
4970,2017-12-31T03:18:33Z,-33.70403333,147.91178333,1308.00,,,,,,
4971,2017-12-31T03:18:34Z,-33.70423333,147.91183333,1309.00,,,,,,
4972,2017-12-31T03:18:35Z,-33.70441667,147.91188333,1310.00,,,,,,
4973,2017-12-31T03:18:36Z,-33.70460000,147.91193333,1310.00,,,,,,
4974,2017-12-31T03:18:37Z,-33.70478333,147.91198333,1312.00,,,,,,
4975,2017-12-31T03:18:38Z,-33.70496667,147.91205000,1315.00,,,,,,
4976,2017-12-31T03:18:39Z,-33.70515000,147.91211667,1315.00,,,,,,
4977,2017-12-31T03:18:40Z,-33.70533333,147.91218333,1318.00,,,,,,
4978,2017-12-31T03:18:41Z,-33.70550000,147.91221667,1321.00,,,,,,
4979,2017-12-31T03:18:42Z,-33.70566667,147.91225000,1322.00,,,,,,
4980,2017-12-31T03:18:43Z,-33.70583333,147.91226667,1322.00,,,,,,
4981,2017-12-31T03:18:44Z,-33.70598333,147.91226667,1322.00,,,,,,
4982,2017-12-31T03:18:45Z,-33.70613333,147.91226667,1323.00,,,,,,
4983,2017-12-31T03:18:46Z,-33.70630000,147.91225000,1324.00,,,,,,
4984,2017-12-31T03:18:47Z,-33.70645000,147.91221667,1328.00,,,,,,
4985,2017-12-31T03:18:48Z,-33.70661667,147.91220000,1331.00,,,,,,
4986,2017-12-31T03:18:49Z,-33.70676667,147.91216667,1333.00,,,,,,
4987,2017-12-31T03:18:50Z,-33.70690000,147.91213333,1334.00,,,,,,
4988,2017-12-31T03:18:51Z,-33.70703333,147.91208333,1336.00,,,,,,
4989,2017-12-31T03:18:52Z,-33.70715000,147.91201667,1338.00,,,,,,
4990,2017-12-31T03:18:53Z,-33.70725000,147.91193333,1339.00,,,,,,
4991,2017-12-31T03:18:54Z,-33.70731667,147.91181667,1340.00,,,,,,
4992,2017-12-31T03:18:55Z,-33.70735000,147.91170000,1339.00,,,,,,
4993,2017-12-31T03:18:56Z,-33.70735000,147.91158333,1340.00,,,,,,
4994,2017-12-31T03:18:57Z,-33.70735000,147.91146667,1341.00,,,,,,
4995,2017-12-31T03:18:58Z,-33.70726667,147.91135000,1344.00,,,,,,
4996,2017-12-31T03:18:59Z,-33.70716667,147.91126667,1352.00,,,,,,
4997,2017-12-31T03:19:00Z,-33.70705000,147.91123333,1358.00,,,,,,
4998,2017-12-31T03:19:01Z,-33.70693333,147.91121667,1362.00,,,,,,
4999,2017-12-31T03:19:02Z,-33.70681667,147.91123333,1361.00,,,,,,
5000,2017-12-31T03:19:03Z,-33.70668333,147.91131667,1362.00,,,,,,
5001,2017-12-31T03:19:04Z,-33.70661667,147.91146667,1366.00,,,,,,
5002,2017-12-31T03:19:05Z,-33.70658333,147.91165000,1370.00,,,,,,
5003,2017-12-31T03:19:06Z,-33.70660000,147.91183333,1374.00,,,,,,
5004,2017-12-31T03:19:07Z,-33.70666667,147.91198333,1375.00,,,,,,
5005,2017-12-31T03:19:08Z,-33.70676667,147.91210000,1373.00,,,,,,
5006,2017-12-31T03:19:09Z,-33.70686667,147.91220000,1372.00,,,,,,
5007,2017-12-31T03:19:10Z,-33.70700000,147.91225000,1373.00,,,,,,
5008,2017-12-31T03:19:11Z,-33.70715000,147.91226667,1376.00,,,,,,
5009,2017-12-31T03:19:12Z,-33.70730000,147.91225000,1379.00,,,,,,
5010,2017-12-31T03:19:13Z,-33.70743333,147.91221667,1382.00,,,,,,
5011,2017-12-31T03:19:14Z,-33.70756667,147.91216667,1386.00,,,,,,
5012,2017-12-31T03:19:15Z,-33.70766667,147.91210000,1390.00,,,,,,
5013,2017-12-31T03:19:16Z,-33.70778333,147.91203333,1393.00,,,,,,
5014,2017-12-31T03:19:17Z,-33.70788333,147.91196667,1393.00,,,,,,
5015,2017-12-31T03:19:18Z,-33.70796667,147.91191667,1391.00,,,,,,
5016,2017-12-31T03:19:19Z,-33.70805000,147.91185000,1381.00,,,,,,
5017,2017-12-31T03:19:20Z,-33.70808333,147.91176667,1375.00,,,,,,
5018,2017-12-31T03:19:21Z,-33.70806667,147.91166667,1374.00,,,,,,
5019,2017-12-31T03:19:22Z,-33.70798333,147.91165000,1377.00,,,,,,
5020,2017-12-31T03:19:23Z,-33.70788333,147.91166667,1378.00,,,,,,
5021,2017-12-31T03:19:24Z,-33.70778333,147.91173333,1375.00,,,,,,
5022,2017-12-31T03:19:25Z,-33.70766667,147.91181667,1373.00,,,,,,
5023,2017-12-31T03:19:26Z,-33.70755000,147.91196667,1372.00,,,,,,
5024,2017-12-31T03:19:27Z,-33.70746667,147.91213333,1373.00,,,,,,
5025,2017-12-31T03:19:28Z,-33.70743333,147.91235000,1371.00,,,,,,
5026,2017-12-31T03:19:29Z,-33.70746667,147.91256667,1373.00,,,,,,
5027,2017-12-31T03:19:30Z,-33.70751667,147.91275000,1377.00,,,,,,
5028,2017-12-31T03:19:31Z,-33.70761667,147.91291667,1381.00,,,,,,
5029,2017-12-31T03:19:32Z,-33.70771667,147.91306667,1381.00,,,,,,
5030,2017-12-31T03:19:33Z,-33.70783333,147.91318333,1379.00,,,,,,
5031,2017-12-31T03:19:34Z,-33.70795000,147.91326667,1376.00,,,,,,
5032,2017-12-31T03:19:35Z,-33.70806667,147.91330000,1375.00,,,,,,
5033,2017-12-31T03:19:36Z,-33.70820000,147.91328333,1375.00,,,,,,
5034,2017-12-31T03:19:37Z,-33.70833333,147.91323333,1376.00,,,,,,
5035,2017-12-31T03:19:38Z,-33.70845000,147.91318333,1375.00,,,,,,
5036,2017-12-31T03:19:39Z,-33.70856667,147.91313333,1371.00,,,,,,
5037,2017-12-31T03:19:40Z,-33.70866667,147.91306667,1367.00,,,,,,
5038,2017-12-31T03:19:41Z,-33.70876667,147.91303333,1364.00,,,,,,
5039,2017-12-31T03:19:42Z,-33.70888333,147.91298333,1361.00,,,,,,
5040,2017-12-31T03:19:43Z,-33.70901667,147.91293333,1360.00,,,,,,
5041,2017-12-31T03:19:44Z,-33.70916667,147.91290000,1363.00,,,,,,
5042,2017-12-31T03:19:45Z,-33.70931667,147.91290000,1365.00,,,,,,
5043,2017-12-31T03:19:46Z,-33.70946667,147.91288333,1366.00,,,,,,
5044,2017-12-31T03:19:47Z,-33.70960000,147.91288333,1365.00,,,,,,
5045,2017-12-31T03:19:48Z,-33.70971667,147.91290000,1361.00,,,,,,
5046,2017-12-31T03:19:49Z,-33.70983333,147.91290000,1358.00,,,,,,
5047,2017-12-31T03:19:50Z,-33.70996667,147.91290000,1357.00,,,,,,
5048,2017-12-31T03:19:51Z,-33.71010000,147.91290000,1356.00,,,,,,
5049,2017-12-31T03:19:52Z,-33.71023333,147.91291667,1354.00,,,,,,
5050,2017-12-31T03:19:53Z,-33.71038333,147.91291667,1351.00,,,,,,
5051,2017-12-31T03:19:54Z,-33.71055000,147.91293333,1348.00,,,,,,
5052,2017-12-31T03:19:55Z,-33.71073333,147.91293333,1347.00,,,,,,
5053,2017-12-31T03:19:56Z,-33.71090000,147.91293333,1346.00,,,,,,
5054,2017-12-31T03:19:57Z,-33.71106667,147.91291667,1347.00,,,,,,
5055,2017-12-31T03:19:58Z,-33.71125000,147.91290000,1349.00,,,,,,
5056,2017-12-31T03:19:59Z,-33.71143333,147.91288333,1351.00,,,,,,
5057,2017-12-31T03:20:00Z,-33.71160000,147.91288333,1352.00,,,,,,
5058,2017-12-31T03:20:01Z,-33.71176667,147.91286667,1354.00,,,,,,
5059,2017-12-31T03:20:02Z,-33.71193333,147.91285000,1353.00,,,,,,
5060,2017-12-31T03:20:03Z,-33.71206667,147.91283333,1351.00,,,,,,
5061,2017-12-31T03:20:04Z,-33.71221667,147.91283333,1344.00,,,,,,
5062,2017-12-31T03:20:05Z,-33.71238333,147.91283333,1343.00,,,,,,
5063,2017-12-31T03:20:06Z,-33.71255000,147.91283333,1342.00,,,,,,
5064,2017-12-31T03:20:07Z,-33.71273333,147.91285000,1342.00,,,,,,
5065,2017-12-31T03:20:08Z,-33.71291667,147.91285000,1342.00,,,,,,
5066,2017-12-31T03:20:09Z,-33.71311667,147.91286667,1342.00,,,,,,
5067,2017-12-31T03:20:10Z,-33.71328333,147.91286667,1342.00,,,,,,
5068,2017-12-31T03:20:11Z,-33.71345000,147.91286667,1342.00,,,,,,
5069,2017-12-31T03:20:12Z,-33.71363333,147.91285000,1341.00,,,,,,
5070,2017-12-31T03:20:13Z,-33.71380000,147.91283333,1338.00,,,,,,
5071,2017-12-31T03:20:14Z,-33.71396667,147.91280000,1336.00,,,,,,
5072,2017-12-31T03:20:15Z,-33.71413333,147.91275000,1336.00,,,,,,
5073,2017-12-31T03:20:16Z,-33.71431667,147.91270000,1336.00,,,,,,
5074,2017-12-31T03:20:17Z,-33.71450000,147.91265000,1336.00,,,,,,
5075,2017-12-31T03:20:18Z,-33.71468333,147.91263333,1338.00,,,,,,
5076,2017-12-31T03:20:19Z,-33.71486667,147.91261667,1340.00,,,,,,
5077,2017-12-31T03:20:20Z,-33.71503333,147.91261667,1340.00,,,,,,
5078,2017-12-31T03:20:21Z,-33.71520000,147.91260000,1337.00,,,,,,
5079,2017-12-31T03:20:22Z,-33.71536667,147.91258333,1335.00,,,,,,
5080,2017-12-31T03:20:23Z,-33.71551667,147.91256667,1333.00,,,,,,
5081,2017-12-31T03:20:24Z,-33.71566667,147.91255000,1332.00,,,,,,
5082,2017-12-31T03:20:25Z,-33.71581667,147.91255000,1330.00,,,,,,
5083,2017-12-31T03:20:26Z,-33.71596667,147.91255000,1328.00,,,,,,
5084,2017-12-31T03:20:27Z,-33.71610000,147.91256667,1325.00,,,,,,
5085,2017-12-31T03:20:28Z,-33.71623333,147.91258333,1322.00,,,,,,
5086,2017-12-31T03:20:29Z,-33.71636667,147.91261667,1315.00,,,,,,
5087,2017-12-31T03:20:30Z,-33.71653333,147.91268333,1312.00,,,,,,
5088,2017-12-31T03:20:31Z,-33.71668333,147.91275000,1311.00,,,,,,
5089,2017-12-31T03:20:32Z,-33.71686667,147.91285000,1310.00,,,,,,
5090,2017-12-31T03:20:33Z,-33.71705000,147.91295000,1306.00,,,,,,
5091,2017-12-31T03:20:34Z,-33.71723333,147.91305000,1303.00,,,,,,
5092,2017-12-31T03:20:35Z,-33.71740000,147.91313333,1302.00,,,,,,
5093,2017-12-31T03:20:36Z,-33.71755000,147.91320000,1300.00,,,,,,
5094,2017-12-31T03:20:37Z,-33.71771667,147.91325000,1297.00,,,,,,
5095,2017-12-31T03:20:38Z,-33.71786667,147.91328333,1294.00,,,,,,
5096,2017-12-31T03:20:39Z,-33.71801667,147.91333333,1291.00,,,,,,
5097,2017-12-31T03:20:40Z,-33.71818333,147.91335000,1289.00,,,,,,
5098,2017-12-31T03:20:41Z,-33.71833333,147.91338333,1285.00,,,,,,
5099,2017-12-31T03:20:42Z,-33.71848333,147.91341667,1281.00,,,,,,
5100,2017-12-31T03:20:43Z,-33.71865000,147.91345000,1279.00,,,,,,
5101,2017-12-31T03:20:44Z,-33.71881667,147.91346667,1275.00,,,,,,
5102,2017-12-31T03:20:45Z,-33.71898333,147.91350000,1269.00,,,,,,
5103,2017-12-31T03:20:46Z,-33.71911667,147.91353333,1264.00,,,,,,
5104,2017-12-31T03:20:47Z,-33.71928333,147.91358333,1261.00,,,,,,
5105,2017-12-31T03:20:48Z,-33.71945000,147.91363333,1258.00,,,,,,
5106,2017-12-31T03:20:49Z,-33.71960000,147.91368333,1255.00,,,,,,
5107,2017-12-31T03:20:50Z,-33.71978333,147.91375000,1251.00,,,,,,
5108,2017-12-31T03:20:51Z,-33.71993333,147.91378333,1243.00,,,,,,
5109,2017-12-31T03:20:52Z,-33.72006667,147.91383333,1237.00,,,,,,
5110,2017-12-31T03:20:53Z,-33.72023333,147.91386667,1233.00,,,,,,
5111,2017-12-31T03:20:54Z,-33.72040000,147.91390000,1231.00,,,,,,
5112,2017-12-31T03:20:55Z,-33.72060000,147.91393333,1229.00,,,,,,
5113,2017-12-31T03:20:56Z,-33.72076667,147.91398333,1227.00,,,,,,
5114,2017-12-31T03:20:57Z,-33.72095000,147.91403333,1226.00,,,,,,
5115,2017-12-31T03:20:58Z,-33.72110000,147.91406667,1224.00,,,,,,
5116,2017-12-31T03:20:59Z,-33.72126667,147.91410000,1222.00,,,,,,
5117,2017-12-31T03:21:00Z,-33.72143333,147.91413333,1220.00,,,,,,
5118,2017-12-31T03:21:01Z,-33.72158333,147.91416667,1216.00,,,,,,
5119,2017-12-31T03:21:02Z,-33.72173333,147.91420000,1213.00,,,,,,
5120,2017-12-31T03:21:03Z,-33.72188333,147.91425000,1208.00,,,,,,
5121,2017-12-31T03:21:04Z,-33.72205000,147.91430000,1203.00,,,,,,
5122,2017-12-31T03:21:05Z,-33.72223333,147.91435000,1199.00,,,,,,
5123,2017-12-31T03:21:06Z,-33.72240000,147.91440000,1195.00,,,,,,
5124,2017-12-31T03:21:07Z,-33.72256667,147.91446667,1192.00,,,,,,
5125,2017-12-31T03:21:08Z,-33.72273333,147.91453333,1189.00,,,,,,
5126,2017-12-31T03:21:09Z,-33.72291667,147.91461667,1186.00,,,,,,
5127,2017-12-31T03:21:10Z,-33.72308333,147.91468333,1185.00,,,,,,
5128,2017-12-31T03:21:11Z,-33.72326667,147.91476667,1183.00,,,,,,
5129,2017-12-31T03:21:12Z,-33.72345000,147.91483333,1183.00,,,,,,
5130,2017-12-31T03:21:13Z,-33.72363333,147.91490000,1182.00,,,,,,
5131,2017-12-31T03:21:14Z,-33.72378333,147.91496667,1185.00,,,,,,
5132,2017-12-31T03:21:15Z,-33.72395000,147.91501667,1185.00,,,,,,
5133,2017-12-31T03:21:16Z,-33.72411667,147.91505000,1185.00,,,,,,
5134,2017-12-31T03:21:17Z,-33.72428333,147.91506667,1185.00,,,,,,
5135,2017-12-31T03:21:18Z,-33.72446667,147.91503333,1184.00,,,,,,
5136,2017-12-31T03:21:19Z,-33.72463333,147.91498333,1188.00,,,,,,
5137,2017-12-31T03:21:20Z,-33.72480000,147.91490000,1190.00,,,,,,
5138,2017-12-31T03:21:21Z,-33.72495000,147.91485000,1191.00,,,,,,
5139,2017-12-31T03:21:22Z,-33.72511667,147.91480000,1194.00,,,,,,
5140,2017-12-31T03:21:23Z,-33.72526667,147.91476667,1195.00,,,,,,
5141,2017-12-31T03:21:24Z,-33.72541667,147.91471667,1196.00,,,,,,
5142,2017-12-31T03:21:25Z,-33.72556667,147.91466667,1198.00,,,,,,
5143,2017-12-31T03:21:26Z,-33.72571667,147.91461667,1201.00,,,,,,
5144,2017-12-31T03:21:27Z,-33.72588333,147.91461667,1203.00,,,,,,
5145,2017-12-31T03:21:28Z,-33.72605000,147.91466667,1205.00,,,,,,
5146,2017-12-31T03:21:29Z,-33.72618333,147.91473333,1210.00,,,,,,
5147,2017-12-31T03:21:30Z,-33.72631667,147.91483333,1211.00,,,,,,
5148,2017-12-31T03:21:31Z,-33.72641667,147.91495000,1212.00,,,,,,
5149,2017-12-31T03:21:32Z,-33.72650000,147.91510000,1212.00,,,,,,
5150,2017-12-31T03:21:33Z,-33.72655000,147.91526667,1213.00,,,,,,
5151,2017-12-31T03:21:34Z,-33.72656667,147.91543333,1216.00,,,,,,
5152,2017-12-31T03:21:35Z,-33.72653333,147.91561667,1217.00,,,,,,
5153,2017-12-31T03:21:36Z,-33.72648333,147.91580000,1217.00,,,,,,
5154,2017-12-31T03:21:37Z,-33.72641667,147.91595000,1216.00,,,,,,
5155,2017-12-31T03:21:38Z,-33.72635000,147.91606667,1214.00,,,,,,
5156,2017-12-31T03:21:39Z,-33.72626667,147.91613333,1213.00,,,,,,
5157,2017-12-31T03:21:40Z,-33.72616667,147.91616667,1213.00,,,,,,
5158,2017-12-31T03:21:41Z,-33.72605000,147.91616667,1213.00,,,,,,
5159,2017-12-31T03:21:42Z,-33.72595000,147.91615000,1213.00,,,,,,
5160,2017-12-31T03:21:43Z,-33.72586667,147.91611667,1212.00,,,,,,
5161,2017-12-31T03:21:44Z,-33.72581667,147.91600000,1210.00,,,,,,
5162,2017-12-31T03:21:45Z,-33.72590000,147.91576667,1210.00,,,,,,
5163,2017-12-31T03:21:46Z,-33.72595000,147.91560000,1211.00,,,,,,
5164,2017-12-31T03:21:47Z,-33.72603333,147.91546667,1214.00,,,,,,
5165,2017-12-31T03:21:48Z,-33.72613333,147.91535000,1219.00,,,,,,
5166,2017-12-31T03:21:49Z,-33.72626667,147.91528333,1220.00,,,,,,
5167,2017-12-31T03:21:50Z,-33.72640000,147.91521667,1219.00,,,,,,
5168,2017-12-31T03:21:51Z,-33.72653333,147.91518333,1218.00,,,,,,
5169,2017-12-31T03:21:52Z,-33.72666667,147.91518333,1219.00,,,,,,
5170,2017-12-31T03:21:53Z,-33.72680000,147.91520000,1219.00,,,,,,
5171,2017-12-31T03:21:54Z,-33.72693333,147.91523333,1220.00,,,,,,
5172,2017-12-31T03:21:55Z,-33.72708333,147.91530000,1220.00,,,,,,
5173,2017-12-31T03:21:56Z,-33.72721667,147.91536667,1219.00,,,,,,
5174,2017-12-31T03:21:57Z,-33.72735000,147.91545000,1218.00,,,,,,
5175,2017-12-31T03:21:58Z,-33.72748333,147.91550000,1216.00,,,,,,
5176,2017-12-31T03:21:59Z,-33.72761667,147.91556667,1210.00,,,,,,
5177,2017-12-31T03:22:00Z,-33.72775000,147.91560000,1207.00,,,,,,
5178,2017-12-31T03:22:01Z,-33.72788333,147.91565000,1202.00,,,,,,
5179,2017-12-31T03:22:02Z,-33.72803333,147.91568333,1199.00,,,,,,
5180,2017-12-31T03:22:03Z,-33.72821667,147.91573333,1201.00,,,,,,
5181,2017-12-31T03:22:04Z,-33.72841667,147.91576667,1204.00,,,,,,
5182,2017-12-31T03:22:05Z,-33.72861667,147.91581667,1203.00,,,,,,
5183,2017-12-31T03:22:06Z,-33.72878333,147.91585000,1202.00,,,,,,
5184,2017-12-31T03:22:07Z,-33.72896667,147.91590000,1201.00,,,,,,
5185,2017-12-31T03:22:08Z,-33.72915000,147.91595000,1203.00,,,,,,
5186,2017-12-31T03:22:09Z,-33.72931667,147.91600000,1207.00,,,,,,
5187,2017-12-31T03:22:10Z,-33.72950000,147.91608333,1209.00,,,,,,
5188,2017-12-31T03:22:11Z,-33.72966667,147.91616667,1210.00,,,,,,
5189,2017-12-31T03:22:12Z,-33.72981667,147.91625000,1210.00,,,,,,
5190,2017-12-31T03:22:13Z,-33.72998333,147.91635000,1211.00,,,,,,
5191,2017-12-31T03:22:14Z,-33.73016667,147.91643333,1214.00,,,,,,
5192,2017-12-31T03:22:15Z,-33.73035000,147.91653333,1216.00,,,,,,
5193,2017-12-31T03:22:16Z,-33.73050000,147.91661667,1219.00,,,,,,
5194,2017-12-31T03:22:17Z,-33.73066667,147.91670000,1220.00,,,,,,
5195,2017-12-31T03:22:18Z,-33.73081667,147.91680000,1222.00,,,,,,
5196,2017-12-31T03:22:19Z,-33.73095000,147.91690000,1223.00,,,,,,
5197,2017-12-31T03:22:20Z,-33.73108333,147.91701667,1223.00,,,,,,
5198,2017-12-31T03:22:21Z,-33.73121667,147.91713333,1223.00,,,,,,
5199,2017-12-31T03:22:22Z,-33.73133333,147.91728333,1221.00,,,,,,
5200,2017-12-31T03:22:23Z,-33.73145000,147.91746667,1219.00,,,,,,
5201,2017-12-31T03:22:24Z,-33.73158333,147.91765000,1220.00,,,,,,
5202,2017-12-31T03:22:25Z,-33.73171667,147.91783333,1223.00,,,,,,
5203,2017-12-31T03:22:26Z,-33.73185000,147.91800000,1225.00,,,,,,
5204,2017-12-31T03:22:27Z,-33.73196667,147.91816667,1226.00,,,,,,
5205,2017-12-31T03:22:28Z,-33.73208333,147.91833333,1227.00,,,,,,
5206,2017-12-31T03:22:29Z,-33.73218333,147.91851667,1230.00,,,,,,
5207,2017-12-31T03:22:30Z,-33.73228333,147.91868333,1231.00,,,,,,
5208,2017-12-31T03:22:31Z,-33.73238333,147.91886667,1232.00,,,,,,
5209,2017-12-31T03:22:32Z,-33.73248333,147.91903333,1231.00,,,,,,
5210,2017-12-31T03:22:33Z,-33.73260000,147.91920000,1231.00,,,,,,
5211,2017-12-31T03:22:34Z,-33.73273333,147.91936667,1232.00,,,,,,
5212,2017-12-31T03:22:35Z,-33.73286667,147.91946667,1233.00,,,,,,
5213,2017-12-31T03:22:36Z,-33.73301667,147.91956667,1233.00,,,,,,
5214,2017-12-31T03:22:37Z,-33.73315000,147.91965000,1234.00,,,,,,
5215,2017-12-31T03:22:38Z,-33.73330000,147.91973333,1234.00,,,,,,
5216,2017-12-31T03:22:39Z,-33.73345000,147.91978333,1235.00,,,,,,
5217,2017-12-31T03:22:40Z,-33.73360000,147.91985000,1235.00,,,,,,
5218,2017-12-31T03:22:41Z,-33.73375000,147.91991667,1233.00,,,,,,
5219,2017-12-31T03:22:42Z,-33.73388333,147.91996667,1228.00,,,,,,
5220,2017-12-31T03:22:43Z,-33.73401667,147.92000000,1221.00,,,,,,
5221,2017-12-31T03:22:44Z,-33.73416667,147.92003333,1217.00,,,,,,
5222,2017-12-31T03:22:45Z,-33.73433333,147.92005000,1218.00,,,,,,
5223,2017-12-31T03:22:46Z,-33.73453333,147.92008333,1217.00,,,,,,
5224,2017-12-31T03:22:47Z,-33.73471667,147.92013333,1216.00,,,,,,
5225,2017-12-31T03:22:48Z,-33.73490000,147.92018333,1214.00,,,,,,
5226,2017-12-31T03:22:49Z,-33.73508333,147.92026667,1212.00,,,,,,
5227,2017-12-31T03:22:50Z,-33.73526667,147.92033333,1212.00,,,,,,
5228,2017-12-31T03:22:51Z,-33.73545000,147.92040000,1211.00,,,,,,
5229,2017-12-31T03:22:52Z,-33.73561667,147.92045000,1210.00,,,,,,
5230,2017-12-31T03:22:53Z,-33.73578333,147.92051667,1207.00,,,,,,
5231,2017-12-31T03:22:54Z,-33.73595000,147.92055000,1205.00,,,,,,
5232,2017-12-31T03:22:55Z,-33.73611667,147.92060000,1204.00,,,,,,
5233,2017-12-31T03:22:56Z,-33.73628333,147.92063333,1204.00,,,,,,
5234,2017-12-31T03:22:57Z,-33.73645000,147.92068333,1202.00,,,,,,
5235,2017-12-31T03:22:58Z,-33.73661667,147.92071667,1199.00,,,,,,
5236,2017-12-31T03:22:59Z,-33.73678333,147.92075000,1196.00,,,,,,
5237,2017-12-31T03:23:00Z,-33.73695000,147.92076667,1194.00,,,,,,
5238,2017-12-31T03:23:01Z,-33.73710000,147.92080000,1191.00,,,,,,
5239,2017-12-31T03:23:02Z,-33.73725000,147.92083333,1186.00,,,,,,
5240,2017-12-31T03:23:03Z,-33.73741667,147.92086667,1182.00,,,,,,
5241,2017-12-31T03:23:04Z,-33.73758333,147.92090000,1179.00,,,,,,
5242,2017-12-31T03:23:05Z,-33.73776667,147.92091667,1177.00,,,,,,
5243,2017-12-31T03:23:06Z,-33.73793333,147.92095000,1172.00,,,,,,
5244,2017-12-31T03:23:07Z,-33.73811667,147.92096667,1167.00,,,,,,
5245,2017-12-31T03:23:08Z,-33.73828333,147.92098333,1166.00,,,,,,
5246,2017-12-31T03:23:09Z,-33.73845000,147.92098333,1163.00,,,,,,
5247,2017-12-31T03:23:10Z,-33.73863333,147.92098333,1160.00,,,,,,
5248,2017-12-31T03:23:11Z,-33.73880000,147.92100000,1156.00,,,,,,
5249,2017-12-31T03:23:12Z,-33.73896667,147.92100000,1154.00,,,,,,
5250,2017-12-31T03:23:13Z,-33.73913333,147.92101667,1152.00,,,,,,
5251,2017-12-31T03:23:14Z,-33.73928333,147.92101667,1148.00,,,,,,
5252,2017-12-31T03:23:15Z,-33.73945000,147.92103333,1145.00,,,,,,
5253,2017-12-31T03:23:16Z,-33.73960000,147.92106667,1141.00,,,,,,
5254,2017-12-31T03:23:17Z,-33.73975000,147.92108333,1136.00,,,,,,
5255,2017-12-31T03:23:18Z,-33.73991667,147.92110000,1133.00,,,,,,
5256,2017-12-31T03:23:19Z,-33.74008333,147.92111667,1128.00,,,,,,
5257,2017-12-31T03:23:20Z,-33.74025000,147.92115000,1125.00,,,,,,
5258,2017-12-31T03:23:21Z,-33.74041667,147.92116667,1121.00,,,,,,
5259,2017-12-31T03:23:22Z,-33.74058333,147.92121667,1119.00,,,,,,
5260,2017-12-31T03:23:23Z,-33.74076667,147.92126667,1117.00,,,,,,
5261,2017-12-31T03:23:24Z,-33.74093333,147.92133333,1115.00,,,,,,
5262,2017-12-31T03:23:25Z,-33.74110000,147.92140000,1114.00,,,,,,
5263,2017-12-31T03:23:26Z,-33.74126667,147.92146667,1111.00,,,,,,
5264,2017-12-31T03:23:27Z,-33.74141667,147.92153333,1108.00,,,,,,
5265,2017-12-31T03:23:28Z,-33.74156667,147.92158333,1104.00,,,,,,
5266,2017-12-31T03:23:29Z,-33.74171667,147.92165000,1099.00,,,,,,
5267,2017-12-31T03:23:30Z,-33.74190000,147.92168333,1094.00,,,,,,
5268,2017-12-31T03:23:31Z,-33.74206667,147.92170000,1091.00,,,,,,
5269,2017-12-31T03:23:32Z,-33.74223333,147.92170000,1090.00,,,,,,
5270,2017-12-31T03:23:33Z,-33.74241667,147.92168333,1088.00,,,,,,
5271,2017-12-31T03:23:34Z,-33.74258333,147.92166667,1084.00,,,,,,
5272,2017-12-31T03:23:35Z,-33.74273333,147.92165000,1080.00,,,,,,
5273,2017-12-31T03:23:36Z,-33.74288333,147.92161667,1075.00,,,,,,
5274,2017-12-31T03:23:37Z,-33.74305000,147.92158333,1070.00,,,,,,
5275,2017-12-31T03:23:38Z,-33.74320000,147.92153333,1068.00,,,,,,
5276,2017-12-31T03:23:39Z,-33.74336667,147.92148333,1063.00,,,,,,
5277,2017-12-31T03:23:40Z,-33.74351667,147.92141667,1059.00,,,,,,
5278,2017-12-31T03:23:41Z,-33.74366667,147.92135000,1054.00,,,,,,
5279,2017-12-31T03:23:42Z,-33.74381667,147.92126667,1049.00,,,,,,
5280,2017-12-31T03:23:43Z,-33.74396667,147.92118333,1044.00,,,,,,
5281,2017-12-31T03:23:44Z,-33.74413333,147.92110000,1040.00,,,,,,
5282,2017-12-31T03:23:45Z,-33.74430000,147.92101667,1041.00,,,,,,
5283,2017-12-31T03:23:46Z,-33.74448333,147.92093333,1038.00,,,,,,
5284,2017-12-31T03:23:47Z,-33.74465000,147.92086667,1036.00,,,,,,
5285,2017-12-31T03:23:48Z,-33.74481667,147.92081667,1030.00,,,,,,
5286,2017-12-31T03:23:49Z,-33.74500000,147.92076667,1024.00,,,,,,
5287,2017-12-31T03:23:50Z,-33.74520000,147.92075000,1023.00,,,,,,
5288,2017-12-31T03:23:51Z,-33.74538333,147.92073333,1023.00,,,,,,
5289,2017-12-31T03:23:52Z,-33.74556667,147.92071667,1024.00,,,,,,
5290,2017-12-31T03:23:53Z,-33.74573333,147.92070000,1023.00,,,,,,
5291,2017-12-31T03:23:54Z,-33.74590000,147.92068333,1019.00,,,,,,
5292,2017-12-31T03:23:55Z,-33.74605000,147.92066667,1018.00,,,,,,
5293,2017-12-31T03:23:56Z,-33.74621667,147.92065000,1015.00,,,,,,
5294,2017-12-31T03:23:57Z,-33.74636667,147.92063333,1014.00,,,,,,
5295,2017-12-31T03:23:58Z,-33.74651667,147.92061667,1013.00,,,,,,
5296,2017-12-31T03:23:59Z,-33.74666667,147.92060000,1013.00,,,,,,
5297,2017-12-31T03:24:00Z,-33.74680000,147.92056667,1013.00,,,,,,
5298,2017-12-31T03:24:01Z,-33.74693333,147.92053333,1011.00,,,,,,
5299,2017-12-31T03:24:02Z,-33.74706667,147.92050000,1010.00,,,,,,
5300,2017-12-31T03:24:03Z,-33.74718333,147.92046667,1009.00,,,,,,
5301,2017-12-31T03:24:04Z,-33.74733333,147.92041667,1009.00,,,,,,
5302,2017-12-31T03:24:05Z,-33.74748333,147.92038333,1009.00,,,,,,
5303,2017-12-31T03:24:06Z,-33.74765000,147.92033333,1008.00,,,,,,
5304,2017-12-31T03:24:07Z,-33.74778333,147.92025000,1009.00,,,,,,
5305,2017-12-31T03:24:08Z,-33.74793333,147.92016667,1011.00,,,,,,
5306,2017-12-31T03:24:09Z,-33.74810000,147.92010000,1012.00,,,,,,
5307,2017-12-31T03:24:10Z,-33.74823333,147.92005000,1014.00,,,,,,
5308,2017-12-31T03:24:11Z,-33.74838333,147.92000000,1015.00,,,,,,
5309,2017-12-31T03:24:12Z,-33.74851667,147.91995000,1016.00,,,,,,
5310,2017-12-31T03:24:13Z,-33.74868333,147.91991667,1017.00,,,,,,
5311,2017-12-31T03:24:14Z,-33.74883333,147.91990000,1016.00,,,,,,
5312,2017-12-31T03:24:15Z,-33.74900000,147.91988333,1017.00,,,,,,
5313,2017-12-31T03:24:16Z,-33.74915000,147.91988333,1017.00,,,,,,
5314,2017-12-31T03:24:17Z,-33.74930000,147.91986667,1018.00,,,,,,
5315,2017-12-31T03:24:18Z,-33.74945000,147.91986667,1017.00,,,,,,
5316,2017-12-31T03:24:19Z,-33.74958333,147.91988333,1014.00,,,,,,
5317,2017-12-31T03:24:20Z,-33.74975000,147.91990000,1012.00,,,,,,
5318,2017-12-31T03:24:21Z,-33.74988333,147.91991667,1008.00,,,,,,
5319,2017-12-31T03:24:22Z,-33.75003333,147.91993333,1006.00,,,,,,
5320,2017-12-31T03:24:23Z,-33.75020000,147.91995000,1003.00,,,,,,
5321,2017-12-31T03:24:24Z,-33.75036667,147.91995000,1001.00,,,,,,
5322,2017-12-31T03:24:25Z,-33.75053333,147.91995000,1001.00,,,,,,
5323,2017-12-31T03:24:26Z,-33.75070000,147.91996667,1000.00,,,,,,
5324,2017-12-31T03:24:27Z,-33.75086667,147.91998333,1003.00,,,,,,
5325,2017-12-31T03:24:28Z,-33.75105000,147.92001667,1001.00,,,,,,
5326,2017-12-31T03:24:29Z,-33.75121667,147.92003333,1000.00,,,,,,
5327,2017-12-31T03:24:30Z,-33.75136667,147.92006667,1002.00,,,,,,
5328,2017-12-31T03:24:31Z,-33.75153333,147.92010000,999.00,,,,,,
5329,2017-12-31T03:24:32Z,-33.75170000,147.92011667,999.00,,,,,,
5330,2017-12-31T03:24:33Z,-33.75185000,147.92013333,999.00,,,,,,
5331,2017-12-31T03:24:34Z,-33.75201667,147.92015000,998.00,,,,,,
5332,2017-12-31T03:24:35Z,-33.75216667,147.92016667,996.00,,,,,,
5333,2017-12-31T03:24:36Z,-33.75231667,147.92020000,993.00,,,,,,
5334,2017-12-31T03:24:37Z,-33.75245000,147.92023333,988.00,,,,,,
5335,2017-12-31T03:24:38Z,-33.75261667,147.92026667,986.00,,,,,,
5336,2017-12-31T03:24:39Z,-33.75278333,147.92030000,985.00,,,,,,
5337,2017-12-31T03:24:40Z,-33.75295000,147.92035000,985.00,,,,,,
5338,2017-12-31T03:24:41Z,-33.75311667,147.92038333,981.00,,,,,,
5339,2017-12-31T03:24:42Z,-33.75328333,147.92040000,980.00,,,,,,
5340,2017-12-31T03:24:43Z,-33.75345000,147.92041667,979.00,,,,,,
5341,2017-12-31T03:24:44Z,-33.75361667,147.92045000,977.00,,,,,,
5342,2017-12-31T03:24:45Z,-33.75378333,147.92048333,977.00,,,,,,
5343,2017-12-31T03:24:46Z,-33.75396667,147.92053333,974.00,,,,,,
5344,2017-12-31T03:24:47Z,-33.75413333,147.92060000,972.00,,,,,,
5345,2017-12-31T03:24:48Z,-33.75430000,147.92066667,970.00,,,,,,
5346,2017-12-31T03:24:49Z,-33.75448333,147.92073333,966.00,,,,,,
5347,2017-12-31T03:24:50Z,-33.75466667,147.92078333,964.00,,,,,,
5348,2017-12-31T03:24:51Z,-33.75483333,147.92081667,964.00,,,,,,
5349,2017-12-31T03:24:52Z,-33.75501667,147.92085000,962.00,,,,,,
5350,2017-12-31T03:24:53Z,-33.75520000,147.92088333,963.00,,,,,,
5351,2017-12-31T03:24:54Z,-33.75538333,147.92093333,961.00,,,,,,
5352,2017-12-31T03:24:55Z,-33.75556667,147.92098333,957.00,,,,,,
5353,2017-12-31T03:24:56Z,-33.75573333,147.92103333,954.00,,,,,,
5354,2017-12-31T03:24:57Z,-33.75591667,147.92105000,954.00,,,,,,
5355,2017-12-31T03:24:58Z,-33.75610000,147.92106667,956.00,,,,,,
5356,2017-12-31T03:24:59Z,-33.75628333,147.92110000,959.00,,,,,,
5357,2017-12-31T03:25:00Z,-33.75645000,147.92115000,959.00,,,,,,
5358,2017-12-31T03:25:01Z,-33.75661667,147.92120000,956.00,,,,,,
5359,2017-12-31T03:25:02Z,-33.75676667,147.92126667,957.00,,,,,,
5360,2017-12-31T03:25:03Z,-33.75691667,147.92131667,960.00,,,,,,
5361,2017-12-31T03:25:04Z,-33.75708333,147.92138333,962.00,,,,,,
5362,2017-12-31T03:25:05Z,-33.75721667,147.92145000,962.00,,,,,,
5363,2017-12-31T03:25:06Z,-33.75735000,147.92151667,960.00,,,,,,
5364,2017-12-31T03:25:07Z,-33.75748333,147.92158333,960.00,,,,,,
5365,2017-12-31T03:25:08Z,-33.75760000,147.92165000,961.00,,,,,,
5366,2017-12-31T03:25:09Z,-33.75775000,147.92170000,960.00,,,,,,
5367,2017-12-31T03:25:10Z,-33.75790000,147.92175000,962.00,,,,,,
5368,2017-12-31T03:25:11Z,-33.75805000,147.92180000,961.00,,,,,,
5369,2017-12-31T03:25:12Z,-33.75818333,147.92186667,955.00,,,,,,
5370,2017-12-31T03:25:13Z,-33.75833333,147.92190000,952.00,,,,,,
5371,2017-12-31T03:25:14Z,-33.75848333,147.92193333,951.00,,,,,,
5372,2017-12-31T03:25:15Z,-33.75863333,147.92198333,951.00,,,,,,
5373,2017-12-31T03:25:16Z,-33.75878333,147.92205000,951.00,,,,,,
5374,2017-12-31T03:25:17Z,-33.75891667,147.92211667,949.00,,,,,,
5375,2017-12-31T03:25:18Z,-33.75906667,147.92218333,943.00,,,,,,
5376,2017-12-31T03:25:19Z,-33.75920000,147.92226667,940.00,,,,,,
5377,2017-12-31T03:25:20Z,-33.75935000,147.92238333,940.00,,,,,,
5378,2017-12-31T03:25:21Z,-33.75951667,147.92250000,941.00,,,,,,
5379,2017-12-31T03:25:22Z,-33.75968333,147.92263333,942.00,,,,,,
5380,2017-12-31T03:25:23Z,-33.75985000,147.92273333,944.00,,,,,,
5381,2017-12-31T03:25:24Z,-33.76001667,147.92283333,944.00,,,,,,
5382,2017-12-31T03:25:25Z,-33.76016667,147.92295000,945.00,,,,,,
5383,2017-12-31T03:25:26Z,-33.76031667,147.92305000,944.00,,,,,,
5384,2017-12-31T03:25:27Z,-33.76046667,147.92316667,942.00,,,,,,
5385,2017-12-31T03:25:28Z,-33.76061667,147.92330000,944.00,,,,,,
5386,2017-12-31T03:25:29Z,-33.76076667,147.92345000,943.00,,,,,,
5387,2017-12-31T03:25:30Z,-33.76091667,147.92361667,942.00,,,,,,
5388,2017-12-31T03:25:31Z,-33.76106667,147.92376667,943.00,,,,,,
5389,2017-12-31T03:25:32Z,-33.76123333,147.92391667,943.00,,,,,,
5390,2017-12-31T03:25:33Z,-33.76140000,147.92403333,945.00,,,,,,
5391,2017-12-31T03:25:34Z,-33.76156667,147.92413333,949.00,,,,,,
5392,2017-12-31T03:25:35Z,-33.76171667,147.92423333,950.00,,,,,,
5393,2017-12-31T03:25:36Z,-33.76185000,147.92433333,951.00,,,,,,
5394,2017-12-31T03:25:37Z,-33.76198333,147.92445000,955.00,,,,,,
5395,2017-12-31T03:25:38Z,-33.76211667,147.92456667,959.00,,,,,,
5396,2017-12-31T03:25:39Z,-33.76221667,147.92470000,961.00,,,,,,
5397,2017-12-31T03:25:40Z,-33.76230000,147.92485000,961.00,,,,,,
5398,2017-12-31T03:25:41Z,-33.76235000,147.92503333,961.00,,,,,,
5399,2017-12-31T03:25:42Z,-33.76230000,147.92521667,963.00,,,,,,
5400,2017-12-31T03:25:43Z,-33.76220000,147.92536667,964.00,,,,,,
5401,2017-12-31T03:25:44Z,-33.76206667,147.92546667,963.00,,,,,,
5402,2017-12-31T03:25:45Z,-33.76191667,147.92551667,963.00,,,,,,
5403,2017-12-31T03:25:46Z,-33.76176667,147.92550000,965.00,,,,,,
5404,2017-12-31T03:25:47Z,-33.76165000,147.92545000,967.00,,,,,,
5405,2017-12-31T03:25:48Z,-33.76153333,147.92538333,968.00,,,,,,
5406,2017-12-31T03:25:49Z,-33.76146667,147.92528333,970.00,,,,,,
5407,2017-12-31T03:25:50Z,-33.76141667,147.92518333,971.00,,,,,,
5408,2017-12-31T03:25:51Z,-33.76141667,147.92505000,975.00,,,,,,
5409,2017-12-31T03:25:52Z,-33.76143333,147.92495000,976.00,,,,,,
5410,2017-12-31T03:25:53Z,-33.76146667,147.92486667,977.00,,,,,,
5411,2017-12-31T03:25:54Z,-33.76150000,147.92481667,975.00,,,,,,
5412,2017-12-31T03:25:55Z,-33.76156667,147.92478333,975.00,,,,,,
5413,2017-12-31T03:25:56Z,-33.76165000,147.92475000,975.00,,,,,,
5414,2017-12-31T03:25:57Z,-33.76175000,147.92473333,975.00,,,,,,
5415,2017-12-31T03:25:58Z,-33.76186667,147.92476667,974.00,,,,,,
5416,2017-12-31T03:25:59Z,-33.76200000,147.92483333,973.00,,,,,,
5417,2017-12-31T03:26:00Z,-33.76213333,147.92493333,973.00,,,,,,
5418,2017-12-31T03:26:01Z,-33.76228333,147.92506667,973.00,,,,,,
5419,2017-12-31T03:26:02Z,-33.76240000,147.92523333,975.00,,,,,,
5420,2017-12-31T03:26:03Z,-33.76253333,147.92540000,977.00,,,,,,
5421,2017-12-31T03:26:04Z,-33.76263333,147.92558333,975.00,,,,,,
5422,2017-12-31T03:26:05Z,-33.76275000,147.92580000,971.00,,,,,,
5423,2017-12-31T03:26:06Z,-33.76285000,147.92596667,968.00,,,,,,
5424,2017-12-31T03:26:07Z,-33.76296667,147.92618333,969.00,,,,,,
5425,2017-12-31T03:26:08Z,-33.76310000,147.92638333,972.00,,,,,,
5426,2017-12-31T03:26:09Z,-33.76325000,147.92656667,976.00,,,,,,
5427,2017-12-31T03:26:10Z,-33.76336667,147.92673333,978.00,,,,,,
5428,2017-12-31T03:26:11Z,-33.76350000,147.92690000,980.00,,,,,,
5429,2017-12-31T03:26:12Z,-33.76361667,147.92705000,981.00,,,,,,
5430,2017-12-31T03:26:13Z,-33.76375000,147.92721667,976.00,,,,,,
5431,2017-12-31T03:26:14Z,-33.76386667,147.92736667,974.00,,,,,,
5432,2017-12-31T03:26:15Z,-33.76398333,147.92751667,976.00,,,,,,
5433,2017-12-31T03:26:16Z,-33.76411667,147.92768333,981.00,,,,,,
5434,2017-12-31T03:26:17Z,-33.76423333,147.92781667,984.00,,,,,,
5435,2017-12-31T03:26:18Z,-33.76435000,147.92795000,984.00,,,,,,
5436,2017-12-31T03:26:19Z,-33.76446667,147.92806667,982.00,,,,,,
5437,2017-12-31T03:26:20Z,-33.76458333,147.92816667,982.00,,,,,,
5438,2017-12-31T03:26:21Z,-33.76470000,147.92825000,981.00,,,,,,
5439,2017-12-31T03:26:22Z,-33.76481667,147.92835000,981.00,,,,,,
5440,2017-12-31T03:26:23Z,-33.76493333,147.92843333,982.00,,,,,,
5441,2017-12-31T03:26:24Z,-33.76506667,147.92853333,985.00,,,,,,
5442,2017-12-31T03:26:25Z,-33.76520000,147.92861667,988.00,,,,,,
5443,2017-12-31T03:26:26Z,-33.76533333,147.92871667,989.00,,,,,,
5444,2017-12-31T03:26:27Z,-33.76545000,147.92881667,990.00,,,,,,
5445,2017-12-31T03:26:28Z,-33.76555000,147.92893333,992.00,,,,,,
5446,2017-12-31T03:26:29Z,-33.76568333,147.92906667,997.00,,,,,,
5447,2017-12-31T03:26:30Z,-33.76576667,147.92921667,999.00,,,,,,
5448,2017-12-31T03:26:31Z,-33.76588333,147.92936667,1003.00,,,,,,
5449,2017-12-31T03:26:32Z,-33.76598333,147.92951667,1006.00,,,,,,
5450,2017-12-31T03:26:33Z,-33.76596667,147.92970000,1009.00,,,,,,
5451,2017-12-31T03:26:34Z,-33.76591667,147.92986667,1012.00,,,,,,
5452,2017-12-31T03:26:35Z,-33.76580000,147.92996667,1012.00,,,,,,
5453,2017-12-31T03:26:36Z,-33.76566667,147.93003333,1011.00,,,,,,
5454,2017-12-31T03:26:37Z,-33.76551667,147.93000000,1011.00,,,,,,
5455,2017-12-31T03:26:38Z,-33.76540000,147.92993333,1014.00,,,,,,
5456,2017-12-31T03:26:39Z,-33.76530000,147.92983333,1019.00,,,,,,
5457,2017-12-31T03:26:40Z,-33.76523333,147.92973333,1022.00,,,,,,
5458,2017-12-31T03:26:41Z,-33.76520000,147.92961667,1026.00,,,,,,
5459,2017-12-31T03:26:42Z,-33.76521667,147.92950000,1029.00,,,,,,
5460,2017-12-31T03:26:43Z,-33.76528333,147.92945000,1031.00,,,,,,
5461,2017-12-31T03:26:44Z,-33.76536667,147.92941667,1032.00,,,,,,
5462,2017-12-31T03:26:45Z,-33.76545000,147.92941667,1032.00,,,,,,
5463,2017-12-31T03:26:46Z,-33.76553333,147.92941667,1033.00,,,,,,
5464,2017-12-31T03:26:47Z,-33.76565000,147.92946667,1035.00,,,,,,
5465,2017-12-31T03:26:48Z,-33.76575000,147.92955000,1038.00,,,,,,
5466,2017-12-31T03:26:49Z,-33.76585000,147.92966667,1042.00,,,,,,
5467,2017-12-31T03:26:50Z,-33.76590000,147.92981667,1045.00,,,,,,
5468,2017-12-31T03:26:51Z,-33.76596667,147.92996667,1050.00,,,,,,
5469,2017-12-31T03:26:52Z,-33.76598333,147.93013333,1053.00,,,,,,
5470,2017-12-31T03:26:53Z,-33.76596667,147.93028333,1055.00,,,,,,
5471,2017-12-31T03:26:54Z,-33.76588333,147.93043333,1057.00,,,,,,
5472,2017-12-31T03:26:55Z,-33.76576667,147.93056667,1058.00,,,,,,
5473,2017-12-31T03:26:56Z,-33.76565000,147.93070000,1060.00,,,,,,
5474,2017-12-31T03:26:57Z,-33.76550000,147.93071667,1063.00,,,,,,
5475,2017-12-31T03:26:58Z,-33.76536667,147.93070000,1068.00,,,,,,
5476,2017-12-31T03:26:59Z,-33.76526667,147.93061667,1071.00,,,,,,
5477,2017-12-31T03:27:00Z,-33.76521667,147.93053333,1072.00,,,,,,
5478,2017-12-31T03:27:01Z,-33.76521667,147.93043333,1073.00,,,,,,
5479,2017-12-31T03:27:02Z,-33.76523333,147.93035000,1074.00,,,,,,
5480,2017-12-31T03:27:03Z,-33.76526667,147.93026667,1074.00,,,,,,
5481,2017-12-31T03:27:04Z,-33.76533333,147.93021667,1074.00,,,,,,
5482,2017-12-31T03:27:05Z,-33.76541667,147.93020000,1075.00,,,,,,
5483,2017-12-31T03:27:06Z,-33.76553333,147.93023333,1077.00,,,,,,
5484,2017-12-31T03:27:07Z,-33.76565000,147.93030000,1082.00,,,,,,
5485,2017-12-31T03:27:08Z,-33.76578333,147.93038333,1086.00,,,,,,
5486,2017-12-31T03:27:09Z,-33.76591667,147.93046667,1087.00,,,,,,
5487,2017-12-31T03:27:10Z,-33.76601667,147.93053333,1090.00,,,,,,
5488,2017-12-31T03:27:11Z,-33.76613333,147.93061667,1094.00,,,,,,
5489,2017-12-31T03:27:12Z,-33.76625000,147.93070000,1100.00,,,,,,
5490,2017-12-31T03:27:13Z,-33.76633333,147.93083333,1104.00,,,,,,
5491,2017-12-31T03:27:14Z,-33.76641667,147.93096667,1107.00,,,,,,
5492,2017-12-31T03:27:15Z,-33.76633333,147.93115000,1109.00,,,,,,
5493,2017-12-31T03:27:16Z,-33.76623333,147.93126667,1114.00,,,,,,
5494,2017-12-31T03:27:17Z,-33.76610000,147.93130000,1117.00,,,,,,
5495,2017-12-31T03:27:18Z,-33.76598333,147.93128333,1120.00,,,,,,
5496,2017-12-31T03:27:19Z,-33.76590000,147.93118333,1125.00,,,,,,
5497,2017-12-31T03:27:20Z,-33.76586667,147.93108333,1128.00,,,,,,
5498,2017-12-31T03:27:21Z,-33.76588333,147.93096667,1131.00,,,,,,
5499,2017-12-31T03:27:22Z,-33.76591667,147.93085000,1135.00,,,,,,
5500,2017-12-31T03:27:23Z,-33.76598333,147.93078333,1140.00,,,,,,
5501,2017-12-31T03:27:24Z,-33.76606667,147.93071667,1145.00,,,,,,
5502,2017-12-31T03:27:25Z,-33.76615000,147.93070000,1148.00,,,,,,
5503,2017-12-31T03:27:26Z,-33.76625000,147.93070000,1149.00,,,,,,
5504,2017-12-31T03:27:27Z,-33.76636667,147.93073333,1151.00,,,,,,
5505,2017-12-31T03:27:28Z,-33.76646667,147.93081667,1153.00,,,,,,
5506,2017-12-31T03:27:29Z,-33.76655000,147.93091667,1157.00,,,,,,
5507,2017-12-31T03:27:30Z,-33.76648333,147.93110000,1162.00,,,,,,
5508,2017-12-31T03:27:31Z,-33.76641667,147.93123333,1166.00,,,,,,
5509,2017-12-31T03:27:32Z,-33.76631667,147.93130000,1169.00,,,,,,
5510,2017-12-31T03:27:33Z,-33.76620000,147.93131667,1173.00,,,,,,
5511,2017-12-31T03:27:34Z,-33.76608333,147.93126667,1177.00,,,,,,
5512,2017-12-31T03:27:35Z,-33.76600000,147.93118333,1182.00,,,,,,
5513,2017-12-31T03:27:36Z,-33.76598333,147.93105000,1188.00,,,,,,
5514,2017-12-31T03:27:37Z,-33.76601667,147.93095000,1193.00,,,,,,
5515,2017-12-31T03:27:38Z,-33.76608333,147.93088333,1195.00,,,,,,
5516,2017-12-31T03:27:39Z,-33.76618333,147.93085000,1198.00,,,,,,
5517,2017-12-31T03:27:40Z,-33.76630000,147.93085000,1199.00,,,,,,
5518,2017-12-31T03:27:41Z,-33.76641667,147.93088333,1202.00,,,,,,
5519,2017-12-31T03:27:42Z,-33.76653333,147.93095000,1203.00,,,,,,
5520,2017-12-31T03:27:43Z,-33.76663333,147.93101667,1204.00,,,,,,
5521,2017-12-31T03:27:44Z,-33.76658333,147.93126667,1207.00,,,,,,
5522,2017-12-31T03:27:45Z,-33.76653333,147.93145000,1210.00,,,,,,
5523,2017-12-31T03:27:46Z,-33.76645000,147.93160000,1214.00,,,,,,
5524,2017-12-31T03:27:47Z,-33.76635000,147.93171667,1217.00,,,,,,
5525,2017-12-31T03:27:48Z,-33.76625000,147.93178333,1220.00,,,,,,
5526,2017-12-31T03:27:49Z,-33.76615000,147.93186667,1223.00,,,,,,
5527,2017-12-31T03:27:50Z,-33.76605000,147.93191667,1229.00,,,,,,
5528,2017-12-31T03:27:51Z,-33.76595000,147.93190000,1236.00,,,,,,
5529,2017-12-31T03:27:52Z,-33.76583333,147.93181667,1242.00,,,,,,
5530,2017-12-31T03:27:53Z,-33.76578333,147.93173333,1245.00,,,,,,
5531,2017-12-31T03:27:54Z,-33.76576667,147.93160000,1246.00,,,,,,
5532,2017-12-31T03:27:55Z,-33.76585000,147.93143333,1247.00,,,,,,
5533,2017-12-31T03:27:56Z,-33.76591667,147.93135000,1249.00,,,,,,
5534,2017-12-31T03:27:57Z,-33.76600000,147.93126667,1252.00,,,,,,
5535,2017-12-31T03:27:58Z,-33.76611667,147.93120000,1256.00,,,,,,
5536,2017-12-31T03:27:59Z,-33.76621667,147.93116667,1262.00,,,,,,
5537,2017-12-31T03:28:00Z,-33.76635000,147.93118333,1265.00,,,,,,
5538,2017-12-31T03:28:01Z,-33.76645000,147.93125000,1264.00,,,,,,
5539,2017-12-31T03:28:02Z,-33.76651667,147.93136667,1264.00,,,,,,
5540,2017-12-31T03:28:03Z,-33.76655000,147.93155000,1266.00,,,,,,
5541,2017-12-31T03:28:04Z,-33.76655000,147.93171667,1271.00,,,,,,
5542,2017-12-31T03:28:05Z,-33.76650000,147.93188333,1273.00,,,,,,
5543,2017-12-31T03:28:06Z,-33.76643333,147.93203333,1274.00,,,,,,
5544,2017-12-31T03:28:07Z,-33.76635000,147.93216667,1276.00,,,,,,
5545,2017-12-31T03:28:08Z,-33.76625000,147.93230000,1280.00,,,,,,
5546,2017-12-31T03:28:09Z,-33.76608333,147.93223333,1285.00,,,,,,
5547,2017-12-31T03:28:10Z,-33.76598333,147.93220000,1288.00,,,,,,
5548,2017-12-31T03:28:11Z,-33.76591667,147.93210000,1291.00,,,,,,
5549,2017-12-31T03:28:12Z,-33.76590000,147.93200000,1297.00,,,,,,
5550,2017-12-31T03:28:13Z,-33.76591667,147.93188333,1300.00,,,,,,
5551,2017-12-31T03:28:14Z,-33.76595000,147.93178333,1302.00,,,,,,
5552,2017-12-31T03:28:15Z,-33.76603333,147.93170000,1303.00,,,,,,
5553,2017-12-31T03:28:16Z,-33.76610000,147.93163333,1304.00,,,,,,
5554,2017-12-31T03:28:17Z,-33.76618333,147.93158333,1307.00,,,,,,
5555,2017-12-31T03:28:18Z,-33.76628333,147.93156667,1309.00,,,,,,
5556,2017-12-31T03:28:19Z,-33.76635000,147.93160000,1310.00,,,,,,
5557,2017-12-31T03:28:20Z,-33.76648333,147.93168333,1311.00,,,,,,
5558,2017-12-31T03:28:21Z,-33.76656667,147.93173333,1316.00,,,,,,
5559,2017-12-31T03:28:22Z,-33.76648333,147.93203333,1320.00,,,,,,
5560,2017-12-31T03:28:23Z,-33.76643333,147.93218333,1323.00,,,,,,
5561,2017-12-31T03:28:24Z,-33.76635000,147.93230000,1325.00,,,,,,
5562,2017-12-31T03:28:25Z,-33.76628333,147.93245000,1327.00,,,,,,
5563,2017-12-31T03:28:26Z,-33.76616667,147.93248333,1330.00,,,,,,
5564,2017-12-31T03:28:27Z,-33.76606667,147.93248333,1332.00,,,,,,
5565,2017-12-31T03:28:28Z,-33.76595000,147.93253333,1334.00,,,,,,
5566,2017-12-31T03:28:29Z,-33.76595000,147.93241667,1336.00,,,,,,
5567,2017-12-31T03:28:30Z,-33.76600000,147.93233333,1337.00,,,,,,
5568,2017-12-31T03:28:31Z,-33.76606667,147.93228333,1338.00,,,,,,
5569,2017-12-31T03:28:32Z,-33.76615000,147.93225000,1339.00,,,,,,
5570,2017-12-31T03:28:33Z,-33.76625000,147.93223333,1337.00,,,,,,
5571,2017-12-31T03:28:34Z,-33.76636667,147.93230000,1337.00,,,,,,
5572,2017-12-31T03:28:35Z,-33.76650000,147.93245000,1338.00,,,,,,
5573,2017-12-31T03:28:36Z,-33.76661667,147.93261667,1339.00,,,,,,
5574,2017-12-31T03:28:37Z,-33.76671667,147.93280000,1342.00,,,,,,
5575,2017-12-31T03:28:38Z,-33.76680000,147.93298333,1347.00,,,,,,
5576,2017-12-31T03:28:39Z,-33.76683333,147.93320000,1353.00,,,,,,
5577,2017-12-31T03:28:40Z,-33.76680000,147.93343333,1355.00,,,,,,
5578,2017-12-31T03:28:41Z,-33.76675000,147.93363333,1358.00,,,,,,
5579,2017-12-31T03:28:42Z,-33.76665000,147.93378333,1363.00,,,,,,
5580,2017-12-31T03:28:43Z,-33.76651667,147.93388333,1368.00,,,,,,
5581,2017-12-31T03:28:44Z,-33.76638333,147.93391667,1377.00,,,,,,
5582,2017-12-31T03:28:45Z,-33.76626667,147.93391667,1379.00,,,,,,
5583,2017-12-31T03:28:46Z,-33.76618333,147.93386667,1382.00,,,,,,
5584,2017-12-31T03:28:47Z,-33.76618333,147.93378333,1386.00,,,,,,
5585,2017-12-31T03:28:48Z,-33.76623333,147.93371667,1391.00,,,,,,
5586,2017-12-31T03:28:49Z,-33.76633333,147.93370000,1395.00,,,,,,
5587,2017-12-31T03:28:50Z,-33.76643333,147.93373333,1396.00,,,,,,
5588,2017-12-31T03:28:51Z,-33.76653333,147.93380000,1396.00,,,,,,
5589,2017-12-31T03:28:52Z,-33.76665000,147.93388333,1398.00,,,,,,
5590,2017-12-31T03:28:53Z,-33.76675000,147.93401667,1399.00,,,,,,
5591,2017-12-31T03:28:54Z,-33.76685000,147.93415000,1402.00,,,,,,
5592,2017-12-31T03:28:55Z,-33.76691667,147.93431667,1406.00,,,,,,
5593,2017-12-31T03:28:56Z,-33.76698333,147.93450000,1412.00,,,,,,
5594,2017-12-31T03:28:57Z,-33.76693333,147.93471667,1417.00,,,,,,
5595,2017-12-31T03:28:58Z,-33.76686667,147.93490000,1420.00,,,,,,
5596,2017-12-31T03:28:59Z,-33.76678333,147.93503333,1424.00,,,,,,
5597,2017-12-31T03:29:00Z,-33.76665000,147.93515000,1428.00,,,,,,
5598,2017-12-31T03:29:01Z,-33.76651667,147.93518333,1431.00,,,,,,
5599,2017-12-31T03:29:02Z,-33.76640000,147.93518333,1433.00,,,,,,
5600,2017-12-31T03:29:03Z,-33.76630000,147.93515000,1434.00,,,,,,
5601,2017-12-31T03:29:04Z,-33.76623333,147.93506667,1438.00,,,,,,
5602,2017-12-31T03:29:05Z,-33.76623333,147.93498333,1441.00,,,,,,
5603,2017-12-31T03:29:06Z,-33.76626667,147.93488333,1447.00,,,,,,
5604,2017-12-31T03:29:07Z,-33.76635000,147.93481667,1454.00,,,,,,
5605,2017-12-31T03:29:08Z,-33.76646667,147.93481667,1459.00,,,,,,
5606,2017-12-31T03:29:09Z,-33.76658333,147.93488333,1462.00,,,,,,
5607,2017-12-31T03:29:10Z,-33.76665000,147.93500000,1464.00,,,,,,
5608,2017-12-31T03:29:11Z,-33.76668333,147.93518333,1467.00,,,,,,
5609,2017-12-31T03:29:12Z,-33.76665000,147.93536667,1471.00,,,,,,
5610,2017-12-31T03:29:13Z,-33.76658333,147.93551667,1475.00,,,,,,
5611,2017-12-31T03:29:14Z,-33.76648333,147.93565000,1478.00,,,,,,
5612,2017-12-31T03:29:15Z,-33.76635000,147.93571667,1480.00,,,,,,
5613,2017-12-31T03:29:16Z,-33.76621667,147.93570000,1481.00,,,,,,
5614,2017-12-31T03:29:17Z,-33.76613333,147.93561667,1483.00,,,,,,
5615,2017-12-31T03:29:18Z,-33.76611667,147.93550000,1488.00,,,,,,
5616,2017-12-31T03:29:19Z,-33.76613333,147.93538333,1496.00,,,,,,
5617,2017-12-31T03:29:20Z,-33.76620000,147.93531667,1501.00,,,,,,
5618,2017-12-31T03:29:21Z,-33.76626667,147.93525000,1506.00,,,,,,
5619,2017-12-31T03:29:22Z,-33.76635000,147.93520000,1509.00,,,,,,
5620,2017-12-31T03:29:23Z,-33.76646667,147.93520000,1510.00,,,,,,
5621,2017-12-31T03:29:24Z,-33.76658333,147.93523333,1512.00,,,,,,
5622,2017-12-31T03:29:25Z,-33.76668333,147.93535000,1515.00,,,,,,
5623,2017-12-31T03:29:26Z,-33.76675000,147.93551667,1518.00,,,,,,
5624,2017-12-31T03:29:27Z,-33.76675000,147.93570000,1523.00,,,,,,
5625,2017-12-31T03:29:28Z,-33.76671667,147.93590000,1529.00,,,,,,
5626,2017-12-31T03:29:29Z,-33.76663333,147.93605000,1533.00,,,,,,
5627,2017-12-31T03:29:30Z,-33.76651667,147.93616667,1535.00,,,,,,
5628,2017-12-31T03:29:31Z,-33.76638333,147.93621667,1539.00,,,,,,
5629,2017-12-31T03:29:32Z,-33.76626667,147.93620000,1543.00,,,,,,
5630,2017-12-31T03:29:33Z,-33.76616667,147.93615000,1546.00,,,,,,
5631,2017-12-31T03:29:34Z,-33.76610000,147.93606667,1549.00,,,,,,
5632,2017-12-31T03:29:35Z,-33.76610000,147.93595000,1552.00,,,,,,
5633,2017-12-31T03:29:36Z,-33.76615000,147.93583333,1558.00,,,,,,
5634,2017-12-31T03:29:37Z,-33.76625000,147.93575000,1564.00,,,,,,
5635,2017-12-31T03:29:38Z,-33.76635000,147.93575000,1565.00,,,,,,
5636,2017-12-31T03:29:39Z,-33.76646667,147.93578333,1566.00,,,,,,
5637,2017-12-31T03:29:40Z,-33.76656667,147.93590000,1568.00,,,,,,
5638,2017-12-31T03:29:41Z,-33.76663333,147.93606667,1569.00,,,,,,
5639,2017-12-31T03:29:42Z,-33.76665000,147.93626667,1573.00,,,,,,
5640,2017-12-31T03:29:43Z,-33.76661667,147.93646667,1578.00,,,,,,
5641,2017-12-31T03:29:44Z,-33.76653333,147.93663333,1584.00,,,,,,
5642,2017-12-31T03:29:45Z,-33.76641667,147.93675000,1586.00,,,,,,
5643,2017-12-31T03:29:46Z,-33.76628333,147.93681667,1587.00,,,,,,
5644,2017-12-31T03:29:47Z,-33.76613333,147.93683333,1588.00,,,,,,
5645,2017-12-31T03:29:48Z,-33.76601667,147.93680000,1592.00,,,,,,
5646,2017-12-31T03:29:49Z,-33.76595000,147.93670000,1599.00,,,,,,
5647,2017-12-31T03:29:50Z,-33.76593333,147.93660000,1603.00,,,,,,
5648,2017-12-31T03:29:51Z,-33.76596667,147.93651667,1607.00,,,,,,
5649,2017-12-31T03:29:52Z,-33.76603333,147.93643333,1609.00,,,,,,
5650,2017-12-31T03:29:53Z,-33.76613333,147.93641667,1612.00,,,,,,
5651,2017-12-31T03:29:54Z,-33.76625000,147.93646667,1614.00,,,,,,
5652,2017-12-31T03:29:55Z,-33.76635000,147.93658333,1614.00,,,,,,
5653,2017-12-31T03:29:56Z,-33.76641667,147.93675000,1617.00,,,,,,
5654,2017-12-31T03:29:57Z,-33.76643333,147.93695000,1621.00,,,,,,
5655,2017-12-31T03:29:58Z,-33.76640000,147.93715000,1626.00,,,,,,
5656,2017-12-31T03:29:59Z,-33.76631667,147.93731667,1630.00,,,,,,
5657,2017-12-31T03:30:00Z,-33.76620000,147.93745000,1632.00,,,,,,
5658,2017-12-31T03:30:01Z,-33.76606667,147.93751667,1634.00,,,,,,
5659,2017-12-31T03:30:02Z,-33.76591667,147.93751667,1637.00,,,,,,
5660,2017-12-31T03:30:03Z,-33.76578333,147.93750000,1640.00,,,,,,
5661,2017-12-31T03:30:04Z,-33.76568333,147.93741667,1643.00,,,,,,
5662,2017-12-31T03:30:05Z,-33.76563333,147.93730000,1643.00,,,,,,
5663,2017-12-31T03:30:06Z,-33.76563333,147.93718333,1646.00,,,,,,
5664,2017-12-31T03:30:07Z,-33.76571667,147.93708333,1652.00,,,,,,
5665,2017-12-31T03:30:08Z,-33.76581667,147.93703333,1656.00,,,,,,
5666,2017-12-31T03:30:09Z,-33.76591667,147.93705000,1659.00,,,,,,
5667,2017-12-31T03:30:10Z,-33.76603333,147.93713333,1659.00,,,,,,
5668,2017-12-31T03:30:11Z,-33.76611667,147.93726667,1659.00,,,,,,
5669,2017-12-31T03:30:12Z,-33.76615000,147.93746667,1661.00,,,,,,
5670,2017-12-31T03:30:13Z,-33.76613333,147.93765000,1665.00,,,,,,
5671,2017-12-31T03:30:14Z,-33.76606667,147.93785000,1670.00,,,,,,
5672,2017-12-31T03:30:15Z,-33.76598333,147.93800000,1673.00,,,,,,
5673,2017-12-31T03:30:16Z,-33.76586667,147.93811667,1675.00,,,,,,
5674,2017-12-31T03:30:17Z,-33.76571667,147.93818333,1676.00,,,,,,
5675,2017-12-31T03:30:18Z,-33.76558333,147.93821667,1678.00,,,,,,
5676,2017-12-31T03:30:19Z,-33.76545000,147.93820000,1684.00,,,,,,
5677,2017-12-31T03:30:20Z,-33.76535000,147.93813333,1686.00,,,,,,
5678,2017-12-31T03:30:21Z,-33.76528333,147.93803333,1688.00,,,,,,
5679,2017-12-31T03:30:22Z,-33.76525000,147.93793333,1688.00,,,,,,
5680,2017-12-31T03:30:23Z,-33.76523333,147.93780000,1689.00,,,,,,
5681,2017-12-31T03:30:24Z,-33.76526667,147.93768333,1693.00,,,,,,
5682,2017-12-31T03:30:25Z,-33.76533333,147.93760000,1697.00,,,,,,
5683,2017-12-31T03:30:26Z,-33.76543333,147.93755000,1702.00,,,,,,
5684,2017-12-31T03:30:27Z,-33.76553333,147.93755000,1704.00,,,,,,
5685,2017-12-31T03:30:28Z,-33.76565000,147.93758333,1705.00,,,,,,
5686,2017-12-31T03:30:29Z,-33.76575000,147.93768333,1704.00,,,,,,
5687,2017-12-31T03:30:30Z,-33.76583333,147.93781667,1705.00,,,,,,
5688,2017-12-31T03:30:31Z,-33.76586667,147.93800000,1707.00,,,,,,
5689,2017-12-31T03:30:32Z,-33.76588333,147.93820000,1710.00,,,,,,
5690,2017-12-31T03:30:33Z,-33.76586667,147.93840000,1713.00,,,,,,
5691,2017-12-31T03:30:34Z,-33.76580000,147.93856667,1715.00,,,,,,
5692,2017-12-31T03:30:35Z,-33.76571667,147.93871667,1717.00,,,,,,
5693,2017-12-31T03:30:36Z,-33.76561667,147.93883333,1718.00,,,,,,
5694,2017-12-31T03:30:37Z,-33.76548333,147.93893333,1718.00,,,,,,
5695,2017-12-31T03:30:38Z,-33.76535000,147.93900000,1718.00,,,,,,
5696,2017-12-31T03:30:39Z,-33.76521667,147.93903333,1720.00,,,,,,
5697,2017-12-31T03:30:40Z,-33.76506667,147.93903333,1724.00,,,,,,
5698,2017-12-31T03:30:41Z,-33.76496667,147.93895000,1728.00,,,,,,
5699,2017-12-31T03:30:42Z,-33.76490000,147.93885000,1731.00,,,,,,
5700,2017-12-31T03:30:43Z,-33.76488333,147.93875000,1732.00,,,,,,
5701,2017-12-31T03:30:44Z,-33.76490000,147.93863333,1730.00,,,,,,
5702,2017-12-31T03:30:45Z,-33.76493333,147.93853333,1725.00,,,,,,
5703,2017-12-31T03:30:46Z,-33.76500000,147.93843333,1724.00,,,,,,
5704,2017-12-31T03:30:47Z,-33.76511667,147.93840000,1729.00,,,,,,
5705,2017-12-31T03:30:48Z,-33.76526667,147.93843333,1733.00,,,,,,
5706,2017-12-31T03:30:49Z,-33.76538333,147.93851667,1737.00,,,,,,
5707,2017-12-31T03:30:50Z,-33.76546667,147.93863333,1737.00,,,,,,
5708,2017-12-31T03:30:51Z,-33.76553333,147.93878333,1738.00,,,,,,
5709,2017-12-31T03:30:52Z,-33.76558333,147.93896667,1740.00,,,,,,
5710,2017-12-31T03:30:53Z,-33.76558333,147.93915000,1742.00,,,,,,
5711,2017-12-31T03:30:54Z,-33.76553333,147.93935000,1743.00,,,,,,
5712,2017-12-31T03:30:55Z,-33.76545000,147.93953333,1743.00,,,,,,
5713,2017-12-31T03:30:56Z,-33.76535000,147.93970000,1745.00,,,,,,
5714,2017-12-31T03:30:57Z,-33.76521667,147.93983333,1748.00,,,,,,
5715,2017-12-31T03:30:58Z,-33.76506667,147.93995000,1751.00,,,,,,
5716,2017-12-31T03:30:59Z,-33.76490000,147.94005000,1755.00,,,,,,
5717,2017-12-31T03:31:00Z,-33.76475000,147.94010000,1759.00,,,,,,
5718,2017-12-31T03:31:01Z,-33.76461667,147.94008333,1763.00,,,,,,
5719,2017-12-31T03:31:02Z,-33.76451667,147.94001667,1764.00,,,,,,
5720,2017-12-31T03:31:03Z,-33.76445000,147.93993333,1764.00,,,,,,
5721,2017-12-31T03:31:04Z,-33.76441667,147.93983333,1761.00,,,,,,
5722,2017-12-31T03:31:05Z,-33.76440000,147.93971667,1759.00,,,,,,
5723,2017-12-31T03:31:06Z,-33.76440000,147.93961667,1755.00,,,,,,
5724,2017-12-31T03:31:07Z,-33.76443333,147.93953333,1749.00,,,,,,
5725,2017-12-31T03:31:08Z,-33.76451667,147.93946667,1747.00,,,,,,
5726,2017-12-31T03:31:09Z,-33.76463333,147.93941667,1748.00,,,,,,
5727,2017-12-31T03:31:10Z,-33.76478333,147.93941667,1749.00,,,,,,
5728,2017-12-31T03:31:11Z,-33.76493333,147.93943333,1751.00,,,,,,
5729,2017-12-31T03:31:12Z,-33.76508333,147.93950000,1752.00,,,,,,
5730,2017-12-31T03:31:13Z,-33.76521667,147.93961667,1756.00,,,,,,
5731,2017-12-31T03:31:14Z,-33.76533333,147.93976667,1759.00,,,,,,
5732,2017-12-31T03:31:15Z,-33.76543333,147.93991667,1760.00,,,,,,
5733,2017-12-31T03:31:16Z,-33.76550000,147.94010000,1759.00,,,,,,
5734,2017-12-31T03:31:17Z,-33.76553333,147.94028333,1759.00,,,,,,
5735,2017-12-31T03:31:18Z,-33.76553333,147.94050000,1760.00,,,,,,
5736,2017-12-31T03:31:19Z,-33.76551667,147.94071667,1763.00,,,,,,
5737,2017-12-31T03:31:20Z,-33.76545000,147.94093333,1765.00,,,,,,
5738,2017-12-31T03:31:21Z,-33.76536667,147.94113333,1768.00,,,,,,
5739,2017-12-31T03:31:22Z,-33.76526667,147.94130000,1770.00,,,,,,
5740,2017-12-31T03:31:23Z,-33.76516667,147.94145000,1771.00,,,,,,
5741,2017-12-31T03:31:24Z,-33.76505000,147.94160000,1773.00,,,,,,
5742,2017-12-31T03:31:25Z,-33.76493333,147.94171667,1776.00,,,,,,
5743,2017-12-31T03:31:26Z,-33.76480000,147.94178333,1778.00,,,,,,
5744,2017-12-31T03:31:27Z,-33.76468333,147.94183333,1779.00,,,,,,
5745,2017-12-31T03:31:28Z,-33.76458333,147.94183333,1778.00,,,,,,
5746,2017-12-31T03:31:29Z,-33.76451667,147.94178333,1774.00,,,,,,
5747,2017-12-31T03:31:30Z,-33.76446667,147.94171667,1771.00,,,,,,
5748,2017-12-31T03:31:31Z,-33.76443333,147.94161667,1767.00,,,,,,
5749,2017-12-31T03:31:32Z,-33.76441667,147.94150000,1766.00,,,,,,
5750,2017-12-31T03:31:33Z,-33.76445000,147.94136667,1770.00,,,,,,
5751,2017-12-31T03:31:34Z,-33.76451667,147.94123333,1774.00,,,,,,
5752,2017-12-31T03:31:35Z,-33.76456667,147.94113333,1776.00,,,,,,
5753,2017-12-31T03:31:36Z,-33.76465000,147.94106667,1776.00,,,,,,
5754,2017-12-31T03:31:37Z,-33.76473333,147.94101667,1774.00,,,,,,
5755,2017-12-31T03:31:38Z,-33.76481667,147.94095000,1774.00,,,,,,
5756,2017-12-31T03:31:39Z,-33.76491667,147.94086667,1776.00,,,,,,
5757,2017-12-31T03:31:40Z,-33.76501667,147.94080000,1779.00,,,,,,
5758,2017-12-31T03:31:41Z,-33.76513333,147.94075000,1781.00,,,,,,
5759,2017-12-31T03:31:42Z,-33.76525000,147.94075000,1784.00,,,,,,
5760,2017-12-31T03:31:43Z,-33.76536667,147.94075000,1786.00,,,,,,
5761,2017-12-31T03:31:44Z,-33.76546667,147.94078333,1787.00,,,,,,
5762,2017-12-31T03:31:45Z,-33.76556667,147.94083333,1786.00,,,,,,
5763,2017-12-31T03:31:46Z,-33.76568333,147.94090000,1786.00,,,,,,
5764,2017-12-31T03:31:47Z,-33.76581667,147.94098333,1788.00,,,,,,
5765,2017-12-31T03:31:48Z,-33.76595000,147.94110000,1791.00,,,,,,
5766,2017-12-31T03:31:49Z,-33.76610000,147.94121667,1793.00,,,,,,
5767,2017-12-31T03:31:50Z,-33.76625000,147.94133333,1793.00,,,,,,
5768,2017-12-31T03:31:51Z,-33.76638333,147.94141667,1794.00,,,,,,
5769,2017-12-31T03:31:52Z,-33.76651667,147.94148333,1794.00,,,,,,
5770,2017-12-31T03:31:53Z,-33.76663333,147.94153333,1794.00,,,,,,
5771,2017-12-31T03:31:54Z,-33.76676667,147.94158333,1794.00,,,,,,
5772,2017-12-31T03:31:55Z,-33.76690000,147.94161667,1793.00,,,,,,
5773,2017-12-31T03:31:56Z,-33.76705000,147.94168333,1794.00,,,,,,
5774,2017-12-31T03:31:57Z,-33.76720000,147.94173333,1797.00,,,,,,
5775,2017-12-31T03:31:58Z,-33.76736667,147.94181667,1802.00,,,,,,
5776,2017-12-31T03:31:59Z,-33.76753333,147.94188333,1805.00,,,,,,
5777,2017-12-31T03:32:00Z,-33.76768333,147.94193333,1804.00,,,,,,
5778,2017-12-31T03:32:01Z,-33.76780000,147.94196667,1801.00,,,,,,
5779,2017-12-31T03:32:02Z,-33.76791667,147.94200000,1796.00,,,,,,
5780,2017-12-31T03:32:03Z,-33.76800000,147.94201667,1790.00,,,,,,
5781,2017-12-31T03:32:04Z,-33.76810000,147.94203333,1786.00,,,,,,
5782,2017-12-31T03:32:05Z,-33.76826667,147.94205000,1787.00,,,,,,
5783,2017-12-31T03:32:06Z,-33.76843333,147.94205000,1790.00,,,,,,
5784,2017-12-31T03:32:07Z,-33.76863333,147.94205000,1790.00,,,,,,
5785,2017-12-31T03:32:08Z,-33.76880000,147.94203333,1787.00,,,,,,
5786,2017-12-31T03:32:09Z,-33.76896667,147.94201667,1786.00,,,,,,
5787,2017-12-31T03:32:10Z,-33.76916667,147.94200000,1787.00,,,,,,
5788,2017-12-31T03:32:11Z,-33.76935000,147.94198333,1789.00,,,,,,
5789,2017-12-31T03:32:12Z,-33.76951667,147.94196667,1787.00,,,,,,
5790,2017-12-31T03:32:13Z,-33.76970000,147.94195000,1784.00,,,,,,
5791,2017-12-31T03:32:14Z,-33.76985000,147.94193333,1780.00,,,,,,
5792,2017-12-31T03:32:15Z,-33.77005000,147.94188333,1778.00,,,,,,
5793,2017-12-31T03:32:16Z,-33.77020000,147.94185000,1779.00,,,,,,
5794,2017-12-31T03:32:17Z,-33.77038333,147.94181667,1779.00,,,,,,
5795,2017-12-31T03:32:18Z,-33.77056667,147.94178333,1778.00,,,,,,
5796,2017-12-31T03:32:19Z,-33.77075000,147.94176667,1777.00,,,,,,
5797,2017-12-31T03:32:20Z,-33.77096667,147.94175000,1776.00,,,,,,
5798,2017-12-31T03:32:21Z,-33.77113333,147.94175000,1774.00,,,,,,
5799,2017-12-31T03:32:22Z,-33.77130000,147.94176667,1771.00,,,,,,
5800,2017-12-31T03:32:23Z,-33.77145000,147.94178333,1768.00,,,,,,
5801,2017-12-31T03:32:24Z,-33.77160000,147.94181667,1763.00,,,,,,
5802,2017-12-31T03:32:25Z,-33.77181667,147.94185000,1760.00,,,,,,
5803,2017-12-31T03:32:26Z,-33.77200000,147.94190000,1757.00,,,,,,
5804,2017-12-31T03:32:27Z,-33.77220000,147.94198333,1754.00,,,,,,
5805,2017-12-31T03:32:28Z,-33.77240000,147.94206667,1754.00,,,,,,
5806,2017-12-31T03:32:29Z,-33.77260000,147.94215000,1753.00,,,,,,
5807,2017-12-31T03:32:30Z,-33.77278333,147.94221667,1754.00,,,,,,
5808,2017-12-31T03:32:31Z,-33.77296667,147.94228333,1754.00,,,,,,
5809,2017-12-31T03:32:32Z,-33.77315000,147.94235000,1754.00,,,,,,
5810,2017-12-31T03:32:33Z,-33.77331667,147.94241667,1753.00,,,,,,
5811,2017-12-31T03:32:34Z,-33.77350000,147.94246667,1750.00,,,,,,
5812,2017-12-31T03:32:35Z,-33.77368333,147.94253333,1749.00,,,,,,
5813,2017-12-31T03:32:36Z,-33.77385000,147.94256667,1749.00,,,,,,
5814,2017-12-31T03:32:37Z,-33.77401667,147.94261667,1749.00,,,,,,
5815,2017-12-31T03:32:38Z,-33.77420000,147.94265000,1749.00,,,,,,
5816,2017-12-31T03:32:39Z,-33.77436667,147.94268333,1747.00,,,,,,
5817,2017-12-31T03:32:40Z,-33.77455000,147.94271667,1746.00,,,,,,
5818,2017-12-31T03:32:41Z,-33.77471667,147.94275000,1745.00,,,,,,
5819,2017-12-31T03:32:42Z,-33.77490000,147.94278333,1746.00,,,,,,
5820,2017-12-31T03:32:43Z,-33.77506667,147.94285000,1746.00,,,,,,
5821,2017-12-31T03:32:44Z,-33.77523333,147.94290000,1747.00,,,,,,
5822,2017-12-31T03:32:45Z,-33.77540000,147.94298333,1747.00,,,,,,
5823,2017-12-31T03:32:46Z,-33.77556667,147.94306667,1744.00,,,,,,
5824,2017-12-31T03:32:47Z,-33.77571667,147.94315000,1741.00,,,,,,
5825,2017-12-31T03:32:48Z,-33.77588333,147.94325000,1739.00,,,,,,
5826,2017-12-31T03:32:49Z,-33.77605000,147.94335000,1739.00,,,,,,
5827,2017-12-31T03:32:50Z,-33.77623333,147.94348333,1738.00,,,,,,
5828,2017-12-31T03:32:51Z,-33.77641667,147.94361667,1737.00,,,,,,
5829,2017-12-31T03:32:52Z,-33.77658333,147.94371667,1735.00,,,,,,
5830,2017-12-31T03:32:53Z,-33.77675000,147.94381667,1733.00,,,,,,
5831,2017-12-31T03:32:54Z,-33.77691667,147.94390000,1731.00,,,,,,
5832,2017-12-31T03:32:55Z,-33.77710000,147.94400000,1730.00,,,,,,
5833,2017-12-31T03:32:56Z,-33.77725000,147.94408333,1730.00,,,,,,
5834,2017-12-31T03:32:57Z,-33.77741667,147.94415000,1732.00,,,,,,
5835,2017-12-31T03:32:58Z,-33.77758333,147.94421667,1732.00,,,,,,
5836,2017-12-31T03:32:59Z,-33.77773333,147.94428333,1729.00,,,,,,
5837,2017-12-31T03:33:00Z,-33.77788333,147.94435000,1727.00,,,,,,
5838,2017-12-31T03:33:01Z,-33.77805000,147.94440000,1725.00,,,,,,
5839,2017-12-31T03:33:02Z,-33.77820000,147.94446667,1724.00,,,,,,
5840,2017-12-31T03:33:03Z,-33.77836667,147.94453333,1723.00,,,,,,
5841,2017-12-31T03:33:04Z,-33.77853333,147.94460000,1720.00,,,,,,
5842,2017-12-31T03:33:05Z,-33.77870000,147.94466667,1717.00,,,,,,
5843,2017-12-31T03:33:06Z,-33.77885000,147.94473333,1715.00,,,,,,
5844,2017-12-31T03:33:07Z,-33.77901667,147.94481667,1713.00,,,,,,
5845,2017-12-31T03:33:08Z,-33.77916667,147.94490000,1712.00,,,,,,
5846,2017-12-31T03:33:09Z,-33.77933333,147.94498333,1710.00,,,,,,
5847,2017-12-31T03:33:10Z,-33.77946667,147.94508333,1709.00,,,,,,
5848,2017-12-31T03:33:11Z,-33.77961667,147.94516667,1706.00,,,,,,
5849,2017-12-31T03:33:12Z,-33.77976667,147.94525000,1700.00,,,,,,
5850,2017-12-31T03:33:13Z,-33.77991667,147.94533333,1695.00,,,,,,
5851,2017-12-31T03:33:14Z,-33.78008333,147.94541667,1692.00,,,,,,
5852,2017-12-31T03:33:15Z,-33.78025000,147.94548333,1690.00,,,,,,
5853,2017-12-31T03:33:16Z,-33.78043333,147.94555000,1688.00,,,,,,
5854,2017-12-31T03:33:17Z,-33.78061667,147.94561667,1686.00,,,,,,
5855,2017-12-31T03:33:18Z,-33.78078333,147.94568333,1682.00,,,,,,
5856,2017-12-31T03:33:19Z,-33.78096667,147.94575000,1678.00,,,,,,
5857,2017-12-31T03:33:20Z,-33.78115000,147.94580000,1675.00,,,,,,
5858,2017-12-31T03:33:21Z,-33.78133333,147.94586667,1671.00,,,,,,
5859,2017-12-31T03:33:22Z,-33.78150000,147.94591667,1667.00,,,,,,
5860,2017-12-31T03:33:23Z,-33.78168333,147.94598333,1665.00,,,,,,
5861,2017-12-31T03:33:24Z,-33.78186667,147.94603333,1663.00,,,,,,
5862,2017-12-31T03:33:25Z,-33.78203333,147.94611667,1660.00,,,,,,
5863,2017-12-31T03:33:26Z,-33.78220000,147.94618333,1658.00,,,,,,
5864,2017-12-31T03:33:27Z,-33.78236667,147.94626667,1657.00,,,,,,
5865,2017-12-31T03:33:28Z,-33.78253333,147.94635000,1653.00,,,,,,
5866,2017-12-31T03:33:29Z,-33.78270000,147.94643333,1652.00,,,,,,
5867,2017-12-31T03:33:30Z,-33.78286667,147.94651667,1652.00,,,,,,
5868,2017-12-31T03:33:31Z,-33.78303333,147.94660000,1652.00,,,,,,
5869,2017-12-31T03:33:32Z,-33.78318333,147.94668333,1649.00,,,,,,
5870,2017-12-31T03:33:33Z,-33.78335000,147.94676667,1644.00,,,,,,
5871,2017-12-31T03:33:34Z,-33.78350000,147.94683333,1640.00,,,,,,
5872,2017-12-31T03:33:35Z,-33.78366667,147.94691667,1639.00,,,,,,
5873,2017-12-31T03:33:36Z,-33.78383333,147.94700000,1637.00,,,,,,
5874,2017-12-31T03:33:37Z,-33.78400000,147.94706667,1634.00,,,,,,
5875,2017-12-31T03:33:38Z,-33.78416667,147.94715000,1632.00,,,,,,
5876,2017-12-31T03:33:39Z,-33.78431667,147.94721667,1630.00,,,,,,
5877,2017-12-31T03:33:40Z,-33.78448333,147.94726667,1628.00,,,,,,
5878,2017-12-31T03:33:41Z,-33.78463333,147.94731667,1629.00,,,,,,
5879,2017-12-31T03:33:42Z,-33.78480000,147.94736667,1629.00,,,,,,
5880,2017-12-31T03:33:43Z,-33.78498333,147.94743333,1629.00,,,,,,
5881,2017-12-31T03:33:44Z,-33.78516667,147.94748333,1628.00,,,,,,
5882,2017-12-31T03:33:45Z,-33.78533333,147.94755000,1627.00,,,,,,
5883,2017-12-31T03:33:46Z,-33.78550000,147.94763333,1625.00,,,,,,
5884,2017-12-31T03:33:47Z,-33.78566667,147.94771667,1623.00,,,,,,
5885,2017-12-31T03:33:48Z,-33.78583333,147.94780000,1622.00,,,,,,
5886,2017-12-31T03:33:49Z,-33.78600000,147.94790000,1622.00,,,,,,
5887,2017-12-31T03:33:50Z,-33.78616667,147.94800000,1622.00,,,,,,
5888,2017-12-31T03:33:51Z,-33.78633333,147.94810000,1621.00,,,,,,
5889,2017-12-31T03:33:52Z,-33.78650000,147.94818333,1619.00,,,,,,
5890,2017-12-31T03:33:53Z,-33.78666667,147.94826667,1619.00,,,,,,
5891,2017-12-31T03:33:54Z,-33.78683333,147.94835000,1618.00,,,,,,
5892,2017-12-31T03:33:55Z,-33.78701667,147.94843333,1616.00,,,,,,
5893,2017-12-31T03:33:56Z,-33.78718333,147.94853333,1613.00,,,,,,
5894,2017-12-31T03:33:57Z,-33.78735000,147.94863333,1612.00,,,,,,
5895,2017-12-31T03:33:58Z,-33.78753333,147.94871667,1612.00,,,,,,
5896,2017-12-31T03:33:59Z,-33.78771667,147.94880000,1608.00,,,,,,
5897,2017-12-31T03:34:00Z,-33.78790000,147.94888333,1605.00,,,,,,
5898,2017-12-31T03:34:01Z,-33.78808333,147.94896667,1603.00,,,,,,
5899,2017-12-31T03:34:02Z,-33.78828333,147.94903333,1602.00,,,,,,
5900,2017-12-31T03:34:03Z,-33.78848333,147.94908333,1602.00,,,,,,
5901,2017-12-31T03:34:04Z,-33.78866667,147.94915000,1601.00,,,,,,
5902,2017-12-31T03:34:05Z,-33.78883333,147.94920000,1601.00,,,,,,
5903,2017-12-31T03:34:06Z,-33.78901667,147.94925000,1600.00,,,,,,
5904,2017-12-31T03:34:07Z,-33.78918333,147.94930000,1598.00,,,,,,
5905,2017-12-31T03:34:08Z,-33.78933333,147.94936667,1596.00,,,,,,
5906,2017-12-31T03:34:09Z,-33.78950000,147.94943333,1592.00,,,,,,
5907,2017-12-31T03:34:10Z,-33.78966667,147.94951667,1590.00,,,,,,
5908,2017-12-31T03:34:11Z,-33.78983333,147.94960000,1586.00,,,,,,
5909,2017-12-31T03:34:12Z,-33.78998333,147.94970000,1583.00,,,,,,
5910,2017-12-31T03:34:13Z,-33.79015000,147.94981667,1583.00,,,,,,
5911,2017-12-31T03:34:14Z,-33.79031667,147.94991667,1583.00,,,,,,
5912,2017-12-31T03:34:15Z,-33.79048333,147.95003333,1584.00,,,,,,
5913,2017-12-31T03:34:16Z,-33.79065000,147.95013333,1585.00,,,,,,
5914,2017-12-31T03:34:17Z,-33.79081667,147.95021667,1586.00,,,,,,
5915,2017-12-31T03:34:18Z,-33.79098333,147.95030000,1588.00,,,,,,
5916,2017-12-31T03:34:19Z,-33.79115000,147.95036667,1585.00,,,,,,
5917,2017-12-31T03:34:20Z,-33.79130000,147.95043333,1584.00,,,,,,
5918,2017-12-31T03:34:21Z,-33.79146667,147.95050000,1584.00,,,,,,
5919,2017-12-31T03:34:22Z,-33.79161667,147.95056667,1584.00,,,,,,
5920,2017-12-31T03:34:23Z,-33.79178333,147.95063333,1583.00,,,,,,
5921,2017-12-31T03:34:24Z,-33.79193333,147.95070000,1579.00,,,,,,
5922,2017-12-31T03:34:25Z,-33.79208333,147.95078333,1577.00,,,,,,
5923,2017-12-31T03:34:26Z,-33.79223333,147.95085000,1572.00,,,,,,
5924,2017-12-31T03:34:27Z,-33.79241667,147.95090000,1570.00,,,,,,
5925,2017-12-31T03:34:28Z,-33.79258333,147.95095000,1570.00,,,,,,
5926,2017-12-31T03:34:29Z,-33.79276667,147.95096667,1569.00,,,,,,
5927,2017-12-31T03:34:30Z,-33.79295000,147.95100000,1569.00,,,,,,
5928,2017-12-31T03:34:31Z,-33.79313333,147.95101667,1569.00,,,,,,
5929,2017-12-31T03:34:32Z,-33.79331667,147.95105000,1568.00,,,,,,
5930,2017-12-31T03:34:33Z,-33.79348333,147.95108333,1568.00,,,,,,
5931,2017-12-31T03:34:34Z,-33.79366667,147.95111667,1564.00,,,,,,
5932,2017-12-31T03:34:35Z,-33.79385000,147.95116667,1563.00,,,,,,
5933,2017-12-31T03:34:36Z,-33.79401667,147.95121667,1562.00,,,,,,
5934,2017-12-31T03:34:37Z,-33.79421667,147.95128333,1564.00,,,,,,
5935,2017-12-31T03:34:38Z,-33.79441667,147.95133333,1567.00,,,,,,
5936,2017-12-31T03:34:39Z,-33.79460000,147.95136667,1567.00,,,,,,
5937,2017-12-31T03:34:40Z,-33.79478333,147.95141667,1565.00,,,,,,
5938,2017-12-31T03:34:41Z,-33.79496667,147.95145000,1564.00,,,,,,
5939,2017-12-31T03:34:42Z,-33.79515000,147.95148333,1564.00,,,,,,
5940,2017-12-31T03:34:43Z,-33.79531667,147.95151667,1564.00,,,,,,
5941,2017-12-31T03:34:44Z,-33.79550000,147.95156667,1564.00,,,,,,
5942,2017-12-31T03:34:45Z,-33.79568333,147.95160000,1564.00,,,,,,
5943,2017-12-31T03:34:46Z,-33.79585000,147.95163333,1564.00,,,,,,
5944,2017-12-31T03:34:47Z,-33.79601667,147.95168333,1562.00,,,,,,
5945,2017-12-31T03:34:48Z,-33.79618333,147.95171667,1557.00,,,,,,
5946,2017-12-31T03:34:49Z,-33.79633333,147.95175000,1552.00,,,,,,
5947,2017-12-31T03:34:50Z,-33.79651667,147.95178333,1550.00,,,,,,
5948,2017-12-31T03:34:51Z,-33.79670000,147.95183333,1550.00,,,,,,
5949,2017-12-31T03:34:52Z,-33.79688333,147.95186667,1548.00,,,,,,
5950,2017-12-31T03:34:53Z,-33.79708333,147.95191667,1545.00,,,,,,
5951,2017-12-31T03:34:54Z,-33.79726667,147.95195000,1544.00,,,,,,
5952,2017-12-31T03:34:55Z,-33.79746667,147.95198333,1543.00,,,,,,
5953,2017-12-31T03:34:56Z,-33.79766667,147.95203333,1540.00,,,,,,
5954,2017-12-31T03:34:57Z,-33.79785000,147.95208333,1535.00,,,,,,
5955,2017-12-31T03:34:58Z,-33.79803333,147.95211667,1531.00,,,,,,
5956,2017-12-31T03:34:59Z,-33.79821667,147.95215000,1526.00,,,,,,
5957,2017-12-31T03:35:00Z,-33.79843333,147.95218333,1525.00,,,,,,
5958,2017-12-31T03:35:01Z,-33.79863333,147.95221667,1523.00,,,,,,
5959,2017-12-31T03:35:02Z,-33.79885000,147.95225000,1521.00,,,,,,
5960,2017-12-31T03:35:03Z,-33.79903333,147.95226667,1518.00,,,,,,
5961,2017-12-31T03:35:04Z,-33.79923333,147.95230000,1515.00,,,,,,
5962,2017-12-31T03:35:05Z,-33.79943333,147.95233333,1513.00,,,,,,
5963,2017-12-31T03:35:06Z,-33.79961667,147.95238333,1510.00,,,,,,
5964,2017-12-31T03:35:07Z,-33.79981667,147.95240000,1508.00,,,,,,
5965,2017-12-31T03:35:08Z,-33.80000000,147.95243333,1505.00,,,,,,
5966,2017-12-31T03:35:09Z,-33.80020000,147.95246667,1502.00,,,,,,
5967,2017-12-31T03:35:10Z,-33.80038333,147.95250000,1500.00,,,,,,
5968,2017-12-31T03:35:11Z,-33.80056667,147.95255000,1495.00,,,,,,
5969,2017-12-31T03:35:12Z,-33.80076667,147.95260000,1493.00,,,,,,
5970,2017-12-31T03:35:13Z,-33.80096667,147.95263333,1493.00,,,,,,
5971,2017-12-31T03:35:14Z,-33.80116667,147.95268333,1493.00,,,,,,
5972,2017-12-31T03:35:15Z,-33.80136667,147.95273333,1492.00,,,,,,
5973,2017-12-31T03:35:16Z,-33.80155000,147.95278333,1490.00,,,,,,
5974,2017-12-31T03:35:17Z,-33.80173333,147.95281667,1486.00,,,,,,
5975,2017-12-31T03:35:18Z,-33.80190000,147.95285000,1478.00,,,,,,
5976,2017-12-31T03:35:19Z,-33.80205000,147.95288333,1470.00,,,,,,
5977,2017-12-31T03:35:20Z,-33.80223333,147.95291667,1466.00,,,,,,
5978,2017-12-31T03:35:21Z,-33.80240000,147.95295000,1464.00,,,,,,
5979,2017-12-31T03:35:22Z,-33.80256667,147.95296667,1462.00,,,,,,
5980,2017-12-31T03:35:23Z,-33.80273333,147.95296667,1459.00,,,,,,
5981,2017-12-31T03:35:24Z,-33.80291667,147.95296667,1455.00,,,,,,
5982,2017-12-31T03:35:25Z,-33.80308333,147.95296667,1454.00,,,,,,
5983,2017-12-31T03:35:26Z,-33.80325000,147.95295000,1452.00,,,,,,
5984,2017-12-31T03:35:27Z,-33.80341667,147.95295000,1451.00,,,,,,
5985,2017-12-31T03:35:28Z,-33.80360000,147.95295000,1451.00,,,,,,
5986,2017-12-31T03:35:29Z,-33.80376667,147.95295000,1448.00,,,,,,
5987,2017-12-31T03:35:30Z,-33.80395000,147.95295000,1443.00,,,,,,
5988,2017-12-31T03:35:31Z,-33.80410000,147.95296667,1437.00,,,,,,
5989,2017-12-31T03:35:32Z,-33.80426667,147.95298333,1434.00,,,,,,
5990,2017-12-31T03:35:33Z,-33.80443333,147.95300000,1432.00,,,,,,
5991,2017-12-31T03:35:34Z,-33.80461667,147.95303333,1428.00,,,,,,
5992,2017-12-31T03:35:35Z,-33.80480000,147.95306667,1427.00,,,,,,
5993,2017-12-31T03:35:36Z,-33.80498333,147.95310000,1426.00,,,,,,
5994,2017-12-31T03:35:37Z,-33.80515000,147.95315000,1421.00,,,,,,
5995,2017-12-31T03:35:38Z,-33.80531667,147.95321667,1418.00,,,,,,
5996,2017-12-31T03:35:39Z,-33.80550000,147.95328333,1412.00,,,,,,
5997,2017-12-31T03:35:40Z,-33.80570000,147.95335000,1410.00,,,,,,
5998,2017-12-31T03:35:41Z,-33.80588333,147.95340000,1412.00,,,,,,
5999,2017-12-31T03:35:42Z,-33.80608333,147.95343333,1412.00,,,,,,
6000,2017-12-31T03:35:43Z,-33.80626667,147.95348333,1411.00,,,,,,
6001,2017-12-31T03:35:44Z,-33.80645000,147.95353333,1407.00,,,,,,
6002,2017-12-31T03:35:45Z,-33.80663333,147.95356667,1406.00,,,,,,
6003,2017-12-31T03:35:46Z,-33.80681667,147.95361667,1405.00,,,,,,
6004,2017-12-31T03:35:47Z,-33.80700000,147.95366667,1403.00,,,,,,
6005,2017-12-31T03:35:48Z,-33.80716667,147.95370000,1402.00,,,,,,
6006,2017-12-31T03:35:49Z,-33.80733333,147.95373333,1399.00,,,,,,
6007,2017-12-31T03:35:50Z,-33.80750000,147.95376667,1396.00,,,,,,
6008,2017-12-31T03:35:51Z,-33.80765000,147.95380000,1394.00,,,,,,
6009,2017-12-31T03:35:52Z,-33.80780000,147.95381667,1391.00,,,,,,
6010,2017-12-31T03:35:53Z,-33.80796667,147.95383333,1390.00,,,,,,
6011,2017-12-31T03:35:54Z,-33.80813333,147.95383333,1390.00,,,,,,
6012,2017-12-31T03:35:55Z,-33.80826667,147.95385000,1391.00,,,,,,
6013,2017-12-31T03:35:56Z,-33.80841667,147.95386667,1391.00,,,,,,
6014,2017-12-31T03:35:57Z,-33.80856667,147.95388333,1390.00,,,,,,
6015,2017-12-31T03:35:58Z,-33.80870000,147.95393333,1390.00,,,,,,
6016,2017-12-31T03:35:59Z,-33.80885000,147.95396667,1389.00,,,,,,
6017,2017-12-31T03:36:00Z,-33.80900000,147.95403333,1390.00,,,,,,
6018,2017-12-31T03:36:01Z,-33.80915000,147.95408333,1389.00,,,,,,
6019,2017-12-31T03:36:02Z,-33.80931667,147.95413333,1390.00,,,,,,
6020,2017-12-31T03:36:03Z,-33.80946667,147.95416667,1391.00,,,,,,
6021,2017-12-31T03:36:04Z,-33.80963333,147.95420000,1393.00,,,,,,
6022,2017-12-31T03:36:05Z,-33.80978333,147.95423333,1392.00,,,,,,
6023,2017-12-31T03:36:06Z,-33.80993333,147.95426667,1389.00,,,,,,
6024,2017-12-31T03:36:07Z,-33.81006667,147.95430000,1386.00,,,,,,
6025,2017-12-31T03:36:08Z,-33.81020000,147.95433333,1384.00,,,,,,
6026,2017-12-31T03:36:09Z,-33.81035000,147.95436667,1385.00,,,,,,
6027,2017-12-31T03:36:10Z,-33.81050000,147.95440000,1385.00,,,,,,
6028,2017-12-31T03:36:11Z,-33.81063333,147.95443333,1384.00,,,,,,
6029,2017-12-31T03:36:12Z,-33.81076667,147.95446667,1382.00,,,,,,
6030,2017-12-31T03:36:13Z,-33.81088333,147.95450000,1379.00,,,,,,
6031,2017-12-31T03:36:14Z,-33.81101667,147.95453333,1374.00,,,,,,
6032,2017-12-31T03:36:15Z,-33.81113333,147.95456667,1372.00,,,,,,
6033,2017-12-31T03:36:16Z,-33.81126667,147.95458333,1368.00,,,,,,
6034,2017-12-31T03:36:17Z,-33.81141667,147.95460000,1365.00,,,,,,
6035,2017-12-31T03:36:18Z,-33.81156667,147.95460000,1362.00,,,,,,
6036,2017-12-31T03:36:19Z,-33.81173333,147.95460000,1358.00,,,,,,
6037,2017-12-31T03:36:20Z,-33.81191667,147.95458333,1355.00,,,,,,
6038,2017-12-31T03:36:21Z,-33.81208333,147.95456667,1351.00,,,,,,
6039,2017-12-31T03:36:22Z,-33.81225000,147.95453333,1351.00,,,,,,
6040,2017-12-31T03:36:23Z,-33.81243333,147.95450000,1353.00,,,,,,
6041,2017-12-31T03:36:24Z,-33.81261667,147.95446667,1357.00,,,,,,
6042,2017-12-31T03:36:25Z,-33.81281667,147.95443333,1362.00,,,,,,
6043,2017-12-31T03:36:26Z,-33.81305000,147.95438333,1366.00,,,,,,
6044,2017-12-31T03:36:27Z,-33.81325000,147.95435000,1369.00,,,,,,
6045,2017-12-31T03:36:28Z,-33.81343333,147.95431667,1373.00,,,,,,
6046,2017-12-31T03:36:29Z,-33.81360000,147.95426667,1377.00,,,,,,
6047,2017-12-31T03:36:30Z,-33.81366667,147.95425000,1382.00,,,,,,
6048,2017-12-31T03:36:31Z,-33.81378333,147.95416667,1385.00,,,,,,
6049,2017-12-31T03:36:32Z,-33.81385000,147.95405000,1386.00,,,,,,
6050,2017-12-31T03:36:33Z,-33.81383333,147.95391667,1388.00,,,,,,
6051,2017-12-31T03:36:34Z,-33.81380000,147.95380000,1392.00,,,,,,
6052,2017-12-31T03:36:35Z,-33.81373333,147.95371667,1396.00,,,,,,
6053,2017-12-31T03:36:36Z,-33.81363333,147.95365000,1399.00,,,,,,
6054,2017-12-31T03:36:37Z,-33.81351667,147.95360000,1401.00,,,,,,
6055,2017-12-31T03:36:38Z,-33.81338333,147.95361667,1400.00,,,,,,
6056,2017-12-31T03:36:39Z,-33.81323333,147.95365000,1395.00,,,,,,
6057,2017-12-31T03:36:40Z,-33.81306667,147.95373333,1391.00,,,,,,
6058,2017-12-31T03:36:41Z,-33.81293333,147.95391667,1392.00,,,,,,
6059,2017-12-31T03:36:42Z,-33.81285000,147.95413333,1396.00,,,,,,
6060,2017-12-31T03:36:43Z,-33.81280000,147.95438333,1400.00,,,,,,
6061,2017-12-31T03:36:44Z,-33.81278333,147.95460000,1403.00,,,,,,
6062,2017-12-31T03:36:45Z,-33.81280000,147.95483333,1404.00,,,,,,
6063,2017-12-31T03:36:46Z,-33.81285000,147.95503333,1407.00,,,,,,
6064,2017-12-31T03:36:47Z,-33.81291667,147.95523333,1411.00,,,,,,
6065,2017-12-31T03:36:48Z,-33.81301667,147.95540000,1415.00,,,,,,
6066,2017-12-31T03:36:49Z,-33.81313333,147.95553333,1422.00,,,,,,
6067,2017-12-31T03:36:50Z,-33.81325000,147.95565000,1425.00,,,,,,
6068,2017-12-31T03:36:51Z,-33.81336667,147.95575000,1428.00,,,,,,
6069,2017-12-31T03:36:52Z,-33.81350000,147.95580000,1429.00,,,,,,
6070,2017-12-31T03:36:53Z,-33.81363333,147.95583333,1433.00,,,,,,
6071,2017-12-31T03:36:54Z,-33.81375000,147.95585000,1438.00,,,,,,
6072,2017-12-31T03:36:55Z,-33.81380000,147.95578333,1440.00,,,,,,
6073,2017-12-31T03:36:56Z,-33.81385000,147.95573333,1443.00,,,,,,
6074,2017-12-31T03:36:57Z,-33.81380000,147.95565000,1446.00,,,,,,
6075,2017-12-31T03:36:58Z,-33.81361667,147.95561667,1448.00,,,,,,
6076,2017-12-31T03:36:59Z,-33.81346667,147.95566667,1450.00,,,,,,
6077,2017-12-31T03:37:00Z,-33.81328333,147.95573333,1452.00,,,,,,
6078,2017-12-31T03:37:01Z,-33.81315000,147.95586667,1454.00,,,,,,
6079,2017-12-31T03:37:02Z,-33.81305000,147.95605000,1457.00,,,,,,
6080,2017-12-31T03:37:03Z,-33.81301667,147.95625000,1460.00,,,,,,
6081,2017-12-31T03:37:04Z,-33.81305000,147.95645000,1467.00,,,,,,
6082,2017-12-31T03:37:05Z,-33.81310000,147.95663333,1472.00,,,,,,
6083,2017-12-31T03:37:06Z,-33.81315000,147.95680000,1475.00,,,,,,
6084,2017-12-31T03:37:07Z,-33.81323333,147.95693333,1475.00,,,,,,
6085,2017-12-31T03:37:08Z,-33.81331667,147.95703333,1475.00,,,,,,
6086,2017-12-31T03:37:09Z,-33.81341667,147.95711667,1478.00,,,,,,
6087,2017-12-31T03:37:10Z,-33.81353333,147.95710000,1480.00,,,,,,
6088,2017-12-31T03:37:11Z,-33.81363333,147.95708333,1480.00,,,,,,
6089,2017-12-31T03:37:12Z,-33.81373333,147.95705000,1481.00,,,,,,
6090,2017-12-31T03:37:13Z,-33.81381667,147.95700000,1482.00,,,,,,
6091,2017-12-31T03:37:14Z,-33.81390000,147.95693333,1485.00,,,,,,
6092,2017-12-31T03:37:15Z,-33.81398333,147.95685000,1488.00,,,,,,
6093,2017-12-31T03:37:16Z,-33.81406667,147.95675000,1490.00,,,,,,
6094,2017-12-31T03:37:17Z,-33.81415000,147.95666667,1494.00,,,,,,
6095,2017-12-31T03:37:18Z,-33.81421667,147.95656667,1497.00,,,,,,
6096,2017-12-31T03:37:19Z,-33.81421667,147.95646667,1498.00,,,,,,
6097,2017-12-31T03:37:20Z,-33.81421667,147.95636667,1499.00,,,,,,
6098,2017-12-31T03:37:21Z,-33.81418333,147.95628333,1501.00,,,,,,
6099,2017-12-31T03:37:22Z,-33.81413333,147.95620000,1500.00,,,,,,
6100,2017-12-31T03:37:23Z,-33.81405000,147.95613333,1496.00,,,,,,
6101,2017-12-31T03:37:24Z,-33.81390000,147.95613333,1496.00,,,,,,
6102,2017-12-31T03:37:25Z,-33.81375000,147.95615000,1497.00,,,,,,
6103,2017-12-31T03:37:26Z,-33.81361667,147.95623333,1500.00,,,,,,
6104,2017-12-31T03:37:27Z,-33.81350000,147.95631667,1501.00,,,,,,
6105,2017-12-31T03:37:28Z,-33.81336667,147.95643333,1498.00,,,,,,
6106,2017-12-31T03:37:29Z,-33.81325000,147.95656667,1499.00,,,,,,
6107,2017-12-31T03:37:30Z,-33.81315000,147.95673333,1502.00,,,,,,
6108,2017-12-31T03:37:31Z,-33.81310000,147.95693333,1504.00,,,,,,
6109,2017-12-31T03:37:32Z,-33.81308333,147.95713333,1505.00,,,,,,
6110,2017-12-31T03:37:33Z,-33.81311667,147.95733333,1505.00,,,,,,
6111,2017-12-31T03:37:34Z,-33.81315000,147.95751667,1505.00,,,,,,
6112,2017-12-31T03:37:35Z,-33.81321667,147.95768333,1507.00,,,,,,
6113,2017-12-31T03:37:36Z,-33.81330000,147.95783333,1510.00,,,,,,
6114,2017-12-31T03:37:37Z,-33.81338333,147.95795000,1515.00,,,,,,
6115,2017-12-31T03:37:38Z,-33.81351667,147.95796667,1520.00,,,,,,
6116,2017-12-31T03:37:39Z,-33.81366667,147.95790000,1524.00,,,,,,
6117,2017-12-31T03:37:40Z,-33.81375000,147.95780000,1523.00,,,,,,
6118,2017-12-31T03:37:41Z,-33.81381667,147.95773333,1521.00,,,,,,
6119,2017-12-31T03:37:42Z,-33.81385000,147.95765000,1520.00,,,,,,
6120,2017-12-31T03:37:43Z,-33.81388333,147.95753333,1522.00,,,,,,
6121,2017-12-31T03:37:44Z,-33.81390000,147.95741667,1524.00,,,,,,
6122,2017-12-31T03:37:45Z,-33.81390000,147.95730000,1524.00,,,,,,
6123,2017-12-31T03:37:46Z,-33.81388333,147.95720000,1523.00,,,,,,
6124,2017-12-31T03:37:47Z,-33.81385000,147.95708333,1521.00,,,,,,
6125,2017-12-31T03:37:48Z,-33.81381667,147.95696667,1521.00,,,,,,
6126,2017-12-31T03:37:49Z,-33.81378333,147.95685000,1521.00,,,,,,
6127,2017-12-31T03:37:50Z,-33.81373333,147.95673333,1522.00,,,,,,
6128,2017-12-31T03:37:51Z,-33.81368333,147.95660000,1523.00,,,,,,
6129,2017-12-31T03:37:52Z,-33.81363333,147.95646667,1524.00,,,,,,
6130,2017-12-31T03:37:53Z,-33.81360000,147.95633333,1525.00,,,,,,
6131,2017-12-31T03:37:54Z,-33.81358333,147.95620000,1527.00,,,,,,
6132,2017-12-31T03:37:55Z,-33.81356667,147.95608333,1530.00,,,,,,
6133,2017-12-31T03:37:56Z,-33.81355000,147.95595000,1532.00,,,,,,
6134,2017-12-31T03:37:57Z,-33.81356667,147.95583333,1533.00,,,,,,
6135,2017-12-31T03:37:58Z,-33.81356667,147.95573333,1534.00,,,,,,
6136,2017-12-31T03:37:59Z,-33.81361667,147.95563333,1533.00,,,,,,
6137,2017-12-31T03:38:00Z,-33.81368333,147.95555000,1532.00,,,,,,
6138,2017-12-31T03:38:01Z,-33.81375000,147.95548333,1530.00,,,,,,
6139,2017-12-31T03:38:02Z,-33.81381667,147.95543333,1530.00,,,,,,
6140,2017-12-31T03:38:03Z,-33.81393333,147.95541667,1531.00,,,,,,
6141,2017-12-31T03:38:04Z,-33.81405000,147.95540000,1533.00,,,,,,
6142,2017-12-31T03:38:05Z,-33.81416667,147.95541667,1534.00,,,,,,
6143,2017-12-31T03:38:06Z,-33.81428333,147.95545000,1536.00,,,,,,
6144,2017-12-31T03:38:07Z,-33.81440000,147.95550000,1536.00,,,,,,
6145,2017-12-31T03:38:08Z,-33.81451667,147.95558333,1536.00,,,,,,
6146,2017-12-31T03:38:09Z,-33.81463333,147.95571667,1537.00,,,,,,
6147,2017-12-31T03:38:10Z,-33.81471667,147.95588333,1540.00,,,,,,
6148,2017-12-31T03:38:11Z,-33.81481667,147.95606667,1543.00,,,,,,
6149,2017-12-31T03:38:12Z,-33.81486667,147.95626667,1547.00,,,,,,
6150,2017-12-31T03:38:13Z,-33.81490000,147.95646667,1549.00,,,,,,
6151,2017-12-31T03:38:14Z,-33.81490000,147.95666667,1552.00,,,,,,
6152,2017-12-31T03:38:15Z,-33.81480000,147.95685000,1553.00,,,,,,
6153,2017-12-31T03:38:16Z,-33.81470000,147.95701667,1555.00,,,,,,
6154,2017-12-31T03:38:17Z,-33.81458333,147.95713333,1557.00,,,,,,
6155,2017-12-31T03:38:18Z,-33.81445000,147.95720000,1558.00,,,,,,
6156,2017-12-31T03:38:19Z,-33.81431667,147.95726667,1558.00,,,,,,
6157,2017-12-31T03:38:20Z,-33.81418333,147.95728333,1558.00,,,,,,
6158,2017-12-31T03:38:21Z,-33.81406667,147.95726667,1559.00,,,,,,
6159,2017-12-31T03:38:22Z,-33.81396667,147.95723333,1560.00,,,,,,
6160,2017-12-31T03:38:23Z,-33.81388333,147.95716667,1561.00,,,,,,
6161,2017-12-31T03:38:24Z,-33.81383333,147.95710000,1561.00,,,,,,
6162,2017-12-31T03:38:25Z,-33.81383333,147.95695000,1562.00,,,,,,
6163,2017-12-31T03:38:26Z,-33.81385000,147.95683333,1564.00,,,,,,
6164,2017-12-31T03:38:27Z,-33.81386667,147.95671667,1563.00,,,,,,
6165,2017-12-31T03:38:28Z,-33.81388333,147.95661667,1561.00,,,,,,
6166,2017-12-31T03:38:29Z,-33.81393333,147.95653333,1560.00,,,,,,
6167,2017-12-31T03:38:30Z,-33.81401667,147.95646667,1562.00,,,,,,
6168,2017-12-31T03:38:31Z,-33.81410000,147.95638333,1566.00,,,,,,
6169,2017-12-31T03:38:32Z,-33.81421667,147.95635000,1569.00,,,,,,
6170,2017-12-31T03:38:33Z,-33.81433333,147.95631667,1572.00,,,,,,
6171,2017-12-31T03:38:34Z,-33.81443333,147.95631667,1573.00,,,,,,
6172,2017-12-31T03:38:35Z,-33.81456667,147.95631667,1571.00,,,,,,
6173,2017-12-31T03:38:36Z,-33.81468333,147.95635000,1570.00,,,,,,
6174,2017-12-31T03:38:37Z,-33.81480000,147.95636667,1569.00,,,,,,
6175,2017-12-31T03:38:38Z,-33.81493333,147.95636667,1570.00,,,,,,
6176,2017-12-31T03:38:39Z,-33.81508333,147.95635000,1574.00,,,,,,
6177,2017-12-31T03:38:40Z,-33.81523333,147.95635000,1578.00,,,,,,
6178,2017-12-31T03:38:41Z,-33.81540000,147.95635000,1584.00,,,,,,
6179,2017-12-31T03:38:42Z,-33.81556667,147.95633333,1590.00,,,,,,
6180,2017-12-31T03:38:43Z,-33.81571667,147.95633333,1595.00,,,,,,
6181,2017-12-31T03:38:44Z,-33.81586667,147.95631667,1599.00,,,,,,
6182,2017-12-31T03:38:45Z,-33.81598333,147.95626667,1600.00,,,,,,
6183,2017-12-31T03:38:46Z,-33.81610000,147.95620000,1599.00,,,,,,
6184,2017-12-31T03:38:47Z,-33.81613333,147.95610000,1600.00,,,,,,
6185,2017-12-31T03:38:48Z,-33.81610000,147.95598333,1602.00,,,,,,
6186,2017-12-31T03:38:49Z,-33.81601667,147.95593333,1604.00,,,,,,
6187,2017-12-31T03:38:50Z,-33.81590000,147.95593333,1605.00,,,,,,
6188,2017-12-31T03:38:51Z,-33.81578333,147.95596667,1608.00,,,,,,
6189,2017-12-31T03:38:52Z,-33.81568333,147.95606667,1608.00,,,,,,
6190,2017-12-31T03:38:53Z,-33.81560000,147.95621667,1607.00,,,,,,
6191,2017-12-31T03:38:54Z,-33.81556667,147.95640000,1608.00,,,,,,
6192,2017-12-31T03:38:55Z,-33.81556667,147.95660000,1610.00,,,,,,
6193,2017-12-31T03:38:56Z,-33.81561667,147.95678333,1612.00,,,,,,
6194,2017-12-31T03:38:57Z,-33.81570000,147.95695000,1616.00,,,,,,
6195,2017-12-31T03:38:58Z,-33.81578333,147.95710000,1618.00,,,,,,
6196,2017-12-31T03:38:59Z,-33.81588333,147.95721667,1621.00,,,,,,
6197,2017-12-31T03:39:00Z,-33.81600000,147.95728333,1623.00,,,,,,
6198,2017-12-31T03:39:01Z,-33.81611667,147.95735000,1627.00,,,,,,
6199,2017-12-31T03:39:02Z,-33.81625000,147.95741667,1631.00,,,,,,
6200,2017-12-31T03:39:03Z,-33.81638333,147.95741667,1632.00,,,,,,
6201,2017-12-31T03:39:04Z,-33.81651667,147.95740000,1633.00,,,,,,
6202,2017-12-31T03:39:05Z,-33.81661667,147.95731667,1634.00,,,,,,
6203,2017-12-31T03:39:06Z,-33.81670000,147.95725000,1633.00,,,,,,
6204,2017-12-31T03:39:07Z,-33.81673333,147.95720000,1629.00,,,,,,
6205,2017-12-31T03:39:08Z,-33.81671667,147.95711667,1622.00,,,,,,
6206,2017-12-31T03:39:09Z,-33.81668333,147.95703333,1618.00,,,,,,
6207,2017-12-31T03:39:10Z,-33.81656667,147.95696667,1618.00,,,,,,
6208,2017-12-31T03:39:11Z,-33.81646667,147.95693333,1619.00,,,,,,
6209,2017-12-31T03:39:12Z,-33.81635000,147.95691667,1619.00,,,,,,
6210,2017-12-31T03:39:13Z,-33.81623333,147.95695000,1619.00,,,,,,
6211,2017-12-31T03:39:14Z,-33.81611667,147.95701667,1620.00,,,,,,
6212,2017-12-31T03:39:15Z,-33.81598333,147.95708333,1620.00,,,,,,
6213,2017-12-31T03:39:16Z,-33.81586667,147.95720000,1622.00,,,,,,
6214,2017-12-31T03:39:17Z,-33.81576667,147.95733333,1625.00,,,,,,
6215,2017-12-31T03:39:18Z,-33.81566667,147.95748333,1628.00,,,,,,
6216,2017-12-31T03:39:19Z,-33.81558333,147.95761667,1630.00,,,,,,
6217,2017-12-31T03:39:20Z,-33.81551667,147.95776667,1630.00,,,,,,
6218,2017-12-31T03:39:21Z,-33.81545000,147.95793333,1631.00,,,,,,
6219,2017-12-31T03:39:22Z,-33.81538333,147.95811667,1634.00,,,,,,
6220,2017-12-31T03:39:23Z,-33.81533333,147.95830000,1638.00,,,,,,
6221,2017-12-31T03:39:24Z,-33.81530000,147.95848333,1642.00,,,,,,
6222,2017-12-31T03:39:25Z,-33.81526667,147.95866667,1643.00,,,,,,
6223,2017-12-31T03:39:26Z,-33.81521667,147.95883333,1642.00,,,,,,
6224,2017-12-31T03:39:27Z,-33.81518333,147.95900000,1642.00,,,,,,
6225,2017-12-31T03:39:28Z,-33.81513333,147.95918333,1642.00,,,,,,
6226,2017-12-31T03:39:29Z,-33.81508333,147.95935000,1641.00,,,,,,
6227,2017-12-31T03:39:30Z,-33.81503333,147.95953333,1639.00,,,,,,
6228,2017-12-31T03:39:31Z,-33.81496667,147.95970000,1638.00,,,,,,
6229,2017-12-31T03:39:32Z,-33.81490000,147.95986667,1639.00,,,,,,
6230,2017-12-31T03:39:33Z,-33.81481667,147.96005000,1640.00,,,,,,
6231,2017-12-31T03:39:34Z,-33.81473333,147.96025000,1643.00,,,,,,
6232,2017-12-31T03:39:35Z,-33.81466667,147.96043333,1646.00,,,,,,
6233,2017-12-31T03:39:36Z,-33.81461667,147.96061667,1649.00,,,,,,
6234,2017-12-31T03:39:37Z,-33.81456667,147.96080000,1650.00,,,,,,
6235,2017-12-31T03:39:38Z,-33.81451667,147.96098333,1652.00,,,,,,
6236,2017-12-31T03:39:39Z,-33.81446667,147.96118333,1656.00,,,,,,
6237,2017-12-31T03:39:40Z,-33.81441667,147.96138333,1659.00,,,,,,
6238,2017-12-31T03:39:41Z,-33.81436667,147.96156667,1662.00,,,,,,
6239,2017-12-31T03:39:42Z,-33.81430000,147.96176667,1664.00,,,,,,
6240,2017-12-31T03:39:43Z,-33.81423333,147.96195000,1666.00,,,,,,
6241,2017-12-31T03:39:44Z,-33.81413333,147.96210000,1670.00,,,,,,
6242,2017-12-31T03:39:45Z,-33.81401667,147.96221667,1672.00,,,,,,
6243,2017-12-31T03:39:46Z,-33.81386667,147.96228333,1674.00,,,,,,
6244,2017-12-31T03:39:47Z,-33.81375000,147.96231667,1675.00,,,,,,
6245,2017-12-31T03:39:48Z,-33.81361667,147.96231667,1676.00,,,,,,
6246,2017-12-31T03:39:49Z,-33.81350000,147.96228333,1678.00,,,,,,
6247,2017-12-31T03:39:50Z,-33.81340000,147.96220000,1681.00,,,,,,
6248,2017-12-31T03:39:51Z,-33.81331667,147.96211667,1685.00,,,,,,
6249,2017-12-31T03:39:52Z,-33.81325000,147.96201667,1688.00,,,,,,
6250,2017-12-31T03:39:53Z,-33.81325000,147.96188333,1689.00,,,,,,
6251,2017-12-31T03:39:54Z,-33.81328333,147.96180000,1685.00,,,,,,
6252,2017-12-31T03:39:55Z,-33.81336667,147.96171667,1682.00,,,,,,
6253,2017-12-31T03:39:56Z,-33.81345000,147.96166667,1681.00,,,,,,
6254,2017-12-31T03:39:57Z,-33.81358333,147.96171667,1683.00,,,,,,
6255,2017-12-31T03:39:58Z,-33.81370000,147.96181667,1684.00,,,,,,
6256,2017-12-31T03:39:59Z,-33.81381667,147.96193333,1685.00,,,,,,
6257,2017-12-31T03:40:00Z,-33.81391667,147.96206667,1685.00,,,,,,
6258,2017-12-31T03:40:01Z,-33.81398333,147.96221667,1684.00,,,,,,
6259,2017-12-31T03:40:02Z,-33.81405000,147.96238333,1685.00,,,,,,
6260,2017-12-31T03:40:03Z,-33.81406667,147.96258333,1689.00,,,,,,
6261,2017-12-31T03:40:04Z,-33.81406667,147.96280000,1694.00,,,,,,
6262,2017-12-31T03:40:05Z,-33.81401667,147.96301667,1697.00,,,,,,
6263,2017-12-31T03:40:06Z,-33.81395000,147.96321667,1701.00,,,,,,
6264,2017-12-31T03:40:07Z,-33.81386667,147.96338333,1704.00,,,,,,
6265,2017-12-31T03:40:08Z,-33.81376667,147.96355000,1703.00,,,,,,
6266,2017-12-31T03:40:09Z,-33.81368333,147.96366667,1704.00,,,,,,
6267,2017-12-31T03:40:10Z,-33.81356667,147.96376667,1705.00,,,,,,
6268,2017-12-31T03:40:11Z,-33.81346667,147.96383333,1707.00,,,,,,
6269,2017-12-31T03:40:12Z,-33.81335000,147.96383333,1710.00,,,,,,
6270,2017-12-31T03:40:13Z,-33.81328333,147.96363333,1714.00,,,,,,
6271,2017-12-31T03:40:14Z,-33.81325000,147.96351667,1718.00,,,,,,
6272,2017-12-31T03:40:15Z,-33.81323333,147.96340000,1720.00,,,,,,
6273,2017-12-31T03:40:16Z,-33.81325000,147.96328333,1722.00,,,,,,
6274,2017-12-31T03:40:17Z,-33.81326667,147.96320000,1723.00,,,,,,
6275,2017-12-31T03:40:18Z,-33.81331667,147.96316667,1723.00,,,,,,
6276,2017-12-31T03:40:19Z,-33.81338333,147.96315000,1719.00,,,,,,
6277,2017-12-31T03:40:20Z,-33.81343333,147.96313333,1715.00,,,,,,
6278,2017-12-31T03:40:21Z,-33.81348333,147.96313333,1712.00,,,,,,
6279,2017-12-31T03:40:22Z,-33.81356667,147.96315000,1711.00,,,,,,
6280,2017-12-31T03:40:23Z,-33.81368333,147.96313333,1712.00,,,,,,
6281,2017-12-31T03:40:24Z,-33.81378333,147.96310000,1713.00,,,,,,
6282,2017-12-31T03:40:25Z,-33.81391667,147.96306667,1718.00,,,,,,
6283,2017-12-31T03:40:26Z,-33.81405000,147.96301667,1723.00,,,,,,
6284,2017-12-31T03:40:27Z,-33.81418333,147.96298333,1726.00,,,,,,
6285,2017-12-31T03:40:28Z,-33.81433333,147.96296667,1728.00,,,,,,
6286,2017-12-31T03:40:29Z,-33.81445000,147.96300000,1728.00,,,,,,
6287,2017-12-31T03:40:30Z,-33.81463333,147.96300000,1726.00,,,,,,
6288,2017-12-31T03:40:31Z,-33.81475000,147.96305000,1723.00,,,,,,
6289,2017-12-31T03:40:32Z,-33.81486667,147.96310000,1723.00,,,,,,
6290,2017-12-31T03:40:33Z,-33.81501667,147.96315000,1725.00,,,,,,
6291,2017-12-31T03:40:34Z,-33.81516667,147.96320000,1728.00,,,,,,
6292,2017-12-31T03:40:35Z,-33.81533333,147.96326667,1729.00,,,,,,
6293,2017-12-31T03:40:36Z,-33.81546667,147.96333333,1729.00,,,,,,
6294,2017-12-31T03:40:37Z,-33.81560000,147.96341667,1731.00,,,,,,
6295,2017-12-31T03:40:38Z,-33.81575000,147.96350000,1732.00,,,,,,
6296,2017-12-31T03:40:39Z,-33.81588333,147.96360000,1735.00,,,,,,
6297,2017-12-31T03:40:40Z,-33.81601667,147.96368333,1737.00,,,,,,
6298,2017-12-31T03:40:41Z,-33.81613333,147.96378333,1738.00,,,,,,
6299,2017-12-31T03:40:42Z,-33.81623333,147.96386667,1736.00,,,,,,
6300,2017-12-31T03:40:43Z,-33.81635000,147.96395000,1734.00,,,,,,
6301,2017-12-31T03:40:44Z,-33.81648333,147.96400000,1736.00,,,,,,
6302,2017-12-31T03:40:45Z,-33.81668333,147.96398333,1739.00,,,,,,
6303,2017-12-31T03:40:46Z,-33.81681667,147.96398333,1742.00,,,,,,
6304,2017-12-31T03:40:47Z,-33.81696667,147.96393333,1745.00,,,,,,
6305,2017-12-31T03:40:48Z,-33.81710000,147.96388333,1747.00,,,,,,
6306,2017-12-31T03:40:49Z,-33.81721667,147.96383333,1747.00,,,,,,
6307,2017-12-31T03:40:50Z,-33.81735000,147.96375000,1748.00,,,,,,
6308,2017-12-31T03:40:51Z,-33.81746667,147.96370000,1749.00,,,,,,
6309,2017-12-31T03:40:52Z,-33.81760000,147.96363333,1750.00,,,,,,
6310,2017-12-31T03:40:53Z,-33.81771667,147.96358333,1748.00,,,,,,
6311,2017-12-31T03:40:54Z,-33.81783333,147.96355000,1745.00,,,,,,
6312,2017-12-31T03:40:55Z,-33.81796667,147.96351667,1743.00,,,,,,
6313,2017-12-31T03:40:56Z,-33.81813333,147.96348333,1741.00,,,,,,
6314,2017-12-31T03:40:57Z,-33.81830000,147.96346667,1740.00,,,,,,
6315,2017-12-31T03:40:58Z,-33.81846667,147.96343333,1741.00,,,,,,
6316,2017-12-31T03:40:59Z,-33.81866667,147.96338333,1743.00,,,,,,
6317,2017-12-31T03:41:00Z,-33.81885000,147.96333333,1743.00,,,,,,
6318,2017-12-31T03:41:01Z,-33.81900000,147.96330000,1742.00,,,,,,
6319,2017-12-31T03:41:02Z,-33.81918333,147.96326667,1739.00,,,,,,
6320,2017-12-31T03:41:03Z,-33.81933333,147.96325000,1732.00,,,,,,
6321,2017-12-31T03:41:04Z,-33.81946667,147.96321667,1727.00,,,,,,
6322,2017-12-31T03:41:05Z,-33.81965000,147.96318333,1725.00,,,,,,
6323,2017-12-31T03:41:06Z,-33.81983333,147.96315000,1724.00,,,,,,
6324,2017-12-31T03:41:07Z,-33.82003333,147.96311667,1723.00,,,,,,
6325,2017-12-31T03:41:08Z,-33.82020000,147.96308333,1722.00,,,,,,
6326,2017-12-31T03:41:09Z,-33.82038333,147.96303333,1720.00,,,,,,
6327,2017-12-31T03:41:10Z,-33.82053333,147.96296667,1715.00,,,,,,
6328,2017-12-31T03:41:11Z,-33.82068333,147.96290000,1712.00,,,,,,
6329,2017-12-31T03:41:12Z,-33.82081667,147.96280000,1709.00,,,,,,
6330,2017-12-31T03:41:13Z,-33.82096667,147.96268333,1708.00,,,,,,
6331,2017-12-31T03:41:14Z,-33.82110000,147.96256667,1708.00,,,,,,
6332,2017-12-31T03:41:15Z,-33.82125000,147.96245000,1708.00,,,,,,
6333,2017-12-31T03:41:16Z,-33.82140000,147.96235000,1704.00,,,,,,
6334,2017-12-31T03:41:17Z,-33.82153333,147.96226667,1700.00,,,,,,
6335,2017-12-31T03:41:18Z,-33.82166667,147.96218333,1697.00,,,,,,
6336,2017-12-31T03:41:19Z,-33.82181667,147.96211667,1694.00,,,,,,
6337,2017-12-31T03:41:20Z,-33.82200000,147.96203333,1693.00,,,,,,
6338,2017-12-31T03:41:21Z,-33.82216667,147.96196667,1691.00,,,,,,
6339,2017-12-31T03:41:22Z,-33.82235000,147.96188333,1688.00,,,,,,
6340,2017-12-31T03:41:23Z,-33.82251667,147.96181667,1686.00,,,,,,
6341,2017-12-31T03:41:24Z,-33.82275000,147.96175000,1684.00,,,,,,
6342,2017-12-31T03:41:25Z,-33.82298333,147.96168333,1683.00,,,,,,
6343,2017-12-31T03:41:26Z,-33.82313333,147.96163333,1680.00,,,,,,
6344,2017-12-31T03:41:27Z,-33.82330000,147.96160000,1677.00,,,,,,
6345,2017-12-31T03:41:28Z,-33.82346667,147.96156667,1672.00,,,,,,
6346,2017-12-31T03:41:29Z,-33.82365000,147.96155000,1670.00,,,,,,
6347,2017-12-31T03:41:30Z,-33.82383333,147.96151667,1668.00,,,,,,
6348,2017-12-31T03:41:31Z,-33.82400000,147.96150000,1666.00,,,,,,
6349,2017-12-31T03:41:32Z,-33.82416667,147.96148333,1660.00,,,,,,
6350,2017-12-31T03:41:33Z,-33.82431667,147.96148333,1650.00,,,,,,
6351,2017-12-31T03:41:34Z,-33.82451667,147.96146667,1646.00,,,,,,
6352,2017-12-31T03:41:35Z,-33.82468333,147.96146667,1648.00,,,,,,
6353,2017-12-31T03:41:36Z,-33.82488333,147.96145000,1649.00,,,,,,
6354,2017-12-31T03:41:37Z,-33.82508333,147.96145000,1648.00,,,,,,
6355,2017-12-31T03:41:38Z,-33.82528333,147.96143333,1645.00,,,,,,
6356,2017-12-31T03:41:39Z,-33.82548333,147.96143333,1639.00,,,,,,
6357,2017-12-31T03:41:40Z,-33.82573333,147.96140000,1636.00,,,,,,
6358,2017-12-31T03:41:41Z,-33.82591667,147.96138333,1636.00,,,,,,
6359,2017-12-31T03:41:42Z,-33.82610000,147.96136667,1635.00,,,,,,
6360,2017-12-31T03:41:43Z,-33.82628333,147.96135000,1634.00,,,,,,
6361,2017-12-31T03:41:44Z,-33.82646667,147.96133333,1631.00,,,,,,
6362,2017-12-31T03:41:45Z,-33.82663333,147.96130000,1627.00,,,,,,
6363,2017-12-31T03:41:46Z,-33.82680000,147.96128333,1623.00,,,,,,
6364,2017-12-31T03:41:47Z,-33.82698333,147.96125000,1621.00,,,,,,
6365,2017-12-31T03:41:48Z,-33.82715000,147.96121667,1621.00,,,,,,
6366,2017-12-31T03:41:49Z,-33.82733333,147.96116667,1618.00,,,,,,
6367,2017-12-31T03:41:50Z,-33.82753333,147.96110000,1613.00,,,,,,
6368,2017-12-31T03:41:51Z,-33.82768333,147.96103333,1609.00,,,,,,
6369,2017-12-31T03:41:52Z,-33.82785000,147.96095000,1608.00,,,,,,
6370,2017-12-31T03:41:53Z,-33.82803333,147.96085000,1607.00,,,,,,
6371,2017-12-31T03:41:54Z,-33.82820000,147.96075000,1604.00,,,,,,
6372,2017-12-31T03:41:55Z,-33.82840000,147.96063333,1601.00,,,,,,
6373,2017-12-31T03:41:56Z,-33.82858333,147.96055000,1600.00,,,,,,
6374,2017-12-31T03:41:57Z,-33.82875000,147.96046667,1598.00,,,,,,
6375,2017-12-31T03:41:58Z,-33.82891667,147.96040000,1595.00,,,,,,
6376,2017-12-31T03:41:59Z,-33.82908333,147.96033333,1592.00,,,,,,
6377,2017-12-31T03:42:00Z,-33.82923333,147.96028333,1592.00,,,,,,
6378,2017-12-31T03:42:01Z,-33.82940000,147.96023333,1592.00,,,,,,
6379,2017-12-31T03:42:02Z,-33.82956667,147.96018333,1588.00,,,,,,
6380,2017-12-31T03:42:03Z,-33.82973333,147.96013333,1582.00,,,,,,
6381,2017-12-31T03:42:04Z,-33.82990000,147.96008333,1578.00,,,,,,
6382,2017-12-31T03:42:05Z,-33.83010000,147.96001667,1576.00,,,,,,
6383,2017-12-31T03:42:06Z,-33.83028333,147.95996667,1574.00,,,,,,
6384,2017-12-31T03:42:07Z,-33.83048333,147.95993333,1573.00,,,,,,
6385,2017-12-31T03:42:08Z,-33.83066667,147.95990000,1572.00,,,,,,
6386,2017-12-31T03:42:09Z,-33.83086667,147.95986667,1570.00,,,,,,
6387,2017-12-31T03:42:10Z,-33.83105000,147.95983333,1568.00,,,,,,
6388,2017-12-31T03:42:11Z,-33.83125000,147.95981667,1563.00,,,,,,
6389,2017-12-31T03:42:12Z,-33.83141667,147.95978333,1560.00,,,,,,
6390,2017-12-31T03:42:13Z,-33.83160000,147.95978333,1557.00,,,,,,
6391,2017-12-31T03:42:14Z,-33.83176667,147.95978333,1552.00,,,,,,
6392,2017-12-31T03:42:15Z,-33.83195000,147.95978333,1550.00,,,,,,
6393,2017-12-31T03:42:16Z,-33.83213333,147.95978333,1546.00,,,,,,
6394,2017-12-31T03:42:17Z,-33.83230000,147.95978333,1540.00,,,,,,
6395,2017-12-31T03:42:18Z,-33.83246667,147.95978333,1532.00,,,,,,
6396,2017-12-31T03:42:19Z,-33.83263333,147.95976667,1525.00,,,,,,
6397,2017-12-31T03:42:20Z,-33.83281667,147.95971667,1524.00,,,,,,
6398,2017-12-31T03:42:21Z,-33.83301667,147.95966667,1523.00,,,,,,
6399,2017-12-31T03:42:22Z,-33.83321667,147.95961667,1520.00,,,,,,
6400,2017-12-31T03:42:23Z,-33.83341667,147.95958333,1519.00,,,,,,
6401,2017-12-31T03:42:24Z,-33.83361667,147.95956667,1516.00,,,,,,
6402,2017-12-31T03:42:25Z,-33.83381667,147.95955000,1513.00,,,,,,
6403,2017-12-31T03:42:26Z,-33.83403333,147.95953333,1511.00,,,,,,
6404,2017-12-31T03:42:27Z,-33.83423333,147.95951667,1509.00,,,,,,
6405,2017-12-31T03:42:28Z,-33.83445000,147.95950000,1510.00,,,,,,
6406,2017-12-31T03:42:29Z,-33.83465000,147.95950000,1509.00,,,,,,
6407,2017-12-31T03:42:30Z,-33.83485000,147.95948333,1507.00,,,,,,
6408,2017-12-31T03:42:31Z,-33.83505000,147.95948333,1503.00,,,,,,
6409,2017-12-31T03:42:32Z,-33.83523333,147.95946667,1498.00,,,,,,
6410,2017-12-31T03:42:33Z,-33.83543333,147.95945000,1495.00,,,,,,
6411,2017-12-31T03:42:34Z,-33.83563333,147.95943333,1496.00,,,,,,
6412,2017-12-31T03:42:35Z,-33.83585000,147.95940000,1497.00,,,,,,
6413,2017-12-31T03:42:36Z,-33.83603333,147.95938333,1497.00,,,,,,
6414,2017-12-31T03:42:37Z,-33.83623333,147.95933333,1497.00,,,,,,
6415,2017-12-31T03:42:38Z,-33.83641667,147.95930000,1495.00,,,,,,
6416,2017-12-31T03:42:39Z,-33.83658333,147.95923333,1493.00,,,,,,
6417,2017-12-31T03:42:40Z,-33.83675000,147.95916667,1492.00,,,,,,
6418,2017-12-31T03:42:41Z,-33.83691667,147.95911667,1491.00,,,,,,
6419,2017-12-31T03:42:42Z,-33.83708333,147.95906667,1490.00,,,,,,
6420,2017-12-31T03:42:43Z,-33.83726667,147.95901667,1489.00,,,,,,
6421,2017-12-31T03:42:44Z,-33.83743333,147.95896667,1487.00,,,,,,
6422,2017-12-31T03:42:45Z,-33.83760000,147.95893333,1484.00,,,,,,
6423,2017-12-31T03:42:46Z,-33.83776667,147.95890000,1481.00,,,,,,
6424,2017-12-31T03:42:47Z,-33.83793333,147.95888333,1478.00,,,,,,
6425,2017-12-31T03:42:48Z,-33.83810000,147.95886667,1474.00,,,,,,
6426,2017-12-31T03:42:49Z,-33.83828333,147.95886667,1473.00,,,,,,
6427,2017-12-31T03:42:50Z,-33.83846667,147.95886667,1473.00,,,,,,
6428,2017-12-31T03:42:51Z,-33.83866667,147.95886667,1476.00,,,,,,
6429,2017-12-31T03:42:52Z,-33.83885000,147.95888333,1478.00,,,,,,
6430,2017-12-31T03:42:53Z,-33.83901667,147.95890000,1477.00,,,,,,
6431,2017-12-31T03:42:54Z,-33.83916667,147.95890000,1476.00,,,,,,
6432,2017-12-31T03:42:55Z,-33.83933333,147.95891667,1475.00,,,,,,
6433,2017-12-31T03:42:56Z,-33.83950000,147.95895000,1475.00,,,,,,
6434,2017-12-31T03:42:57Z,-33.83965000,147.95898333,1476.00,,,,,,
6435,2017-12-31T03:42:58Z,-33.83983333,147.95901667,1480.00,,,,,,
6436,2017-12-31T03:42:59Z,-33.84000000,147.95905000,1482.00,,,,,,
6437,2017-12-31T03:43:00Z,-33.84015000,147.95906667,1483.00,,,,,,
6438,2017-12-31T03:43:01Z,-33.84031667,147.95908333,1484.00,,,,,,
6439,2017-12-31T03:43:02Z,-33.84046667,147.95908333,1483.00,,,,,,
6440,2017-12-31T03:43:03Z,-33.84061667,147.95908333,1483.00,,,,,,
6441,2017-12-31T03:43:04Z,-33.84076667,147.95908333,1483.00,,,,,,
6442,2017-12-31T03:43:05Z,-33.84093333,147.95908333,1483.00,,,,,,
6443,2017-12-31T03:43:06Z,-33.84108333,147.95908333,1482.00,,,,,,
6444,2017-12-31T03:43:07Z,-33.84123333,147.95908333,1480.00,,,,,,
6445,2017-12-31T03:43:08Z,-33.84138333,147.95906667,1478.00,,,,,,
6446,2017-12-31T03:43:09Z,-33.84155000,147.95906667,1479.00,,,,,,
6447,2017-12-31T03:43:10Z,-33.84170000,147.95905000,1478.00,,,,,,
6448,2017-12-31T03:43:11Z,-33.84185000,147.95903333,1477.00,,,,,,
6449,2017-12-31T03:43:12Z,-33.84198333,147.95900000,1476.00,,,,,,
6450,2017-12-31T03:43:13Z,-33.84215000,147.95898333,1476.00,,,,,,
6451,2017-12-31T03:43:14Z,-33.84230000,147.95895000,1476.00,,,,,,
6452,2017-12-31T03:43:15Z,-33.84246667,147.95891667,1475.00,,,,,,
6453,2017-12-31T03:43:16Z,-33.84263333,147.95890000,1474.00,,,,,,
6454,2017-12-31T03:43:17Z,-33.84280000,147.95890000,1474.00,,,,,,
6455,2017-12-31T03:43:18Z,-33.84296667,147.95891667,1474.00,,,,,,
6456,2017-12-31T03:43:19Z,-33.84315000,147.95893333,1473.00,,,,,,
6457,2017-12-31T03:43:20Z,-33.84333333,147.95895000,1472.00,,,,,,
6458,2017-12-31T03:43:21Z,-33.84351667,147.95895000,1475.00,,,,,,
6459,2017-12-31T03:43:22Z,-33.84370000,147.95896667,1477.00,,,,,,
6460,2017-12-31T03:43:23Z,-33.84386667,147.95896667,1478.00,,,,,,
6461,2017-12-31T03:43:24Z,-33.84401667,147.95898333,1479.00,,,,,,
6462,2017-12-31T03:43:25Z,-33.84420000,147.95900000,1479.00,,,,,,
6463,2017-12-31T03:43:26Z,-33.84436667,147.95903333,1479.00,,,,,,
6464,2017-12-31T03:43:27Z,-33.84455000,147.95908333,1479.00,,,,,,
6465,2017-12-31T03:43:28Z,-33.84475000,147.95913333,1481.00,,,,,,
6466,2017-12-31T03:43:29Z,-33.84493333,147.95918333,1485.00,,,,,,
6467,2017-12-31T03:43:30Z,-33.84510000,147.95923333,1488.00,,,,,,
6468,2017-12-31T03:43:31Z,-33.84526667,147.95926667,1492.00,,,,,,
6469,2017-12-31T03:43:32Z,-33.84541667,147.95930000,1494.00,,,,,,
6470,2017-12-31T03:43:33Z,-33.84558333,147.95931667,1496.00,,,,,,
6471,2017-12-31T03:43:34Z,-33.84573333,147.95931667,1498.00,,,,,,
6472,2017-12-31T03:43:35Z,-33.84585000,147.95928333,1499.00,,,,,,
6473,2017-12-31T03:43:36Z,-33.84596667,147.95923333,1498.00,,,,,,
6474,2017-12-31T03:43:37Z,-33.84606667,147.95915000,1497.00,,,,,,
6475,2017-12-31T03:43:38Z,-33.84613333,147.95903333,1499.00,,,,,,
6476,2017-12-31T03:43:39Z,-33.84620000,147.95890000,1505.00,,,,,,
6477,2017-12-31T03:43:40Z,-33.84623333,147.95875000,1508.00,,,,,,
6478,2017-12-31T03:43:41Z,-33.84626667,147.95860000,1512.00,,,,,,
6479,2017-12-31T03:43:42Z,-33.84628333,147.95845000,1515.00,,,,,,
6480,2017-12-31T03:43:43Z,-33.84625000,147.95830000,1519.00,,,,,,
6481,2017-12-31T03:43:44Z,-33.84621667,147.95816667,1523.00,,,,,,
6482,2017-12-31T03:43:45Z,-33.84611667,147.95805000,1528.00,,,,,,
6483,2017-12-31T03:43:46Z,-33.84601667,147.95798333,1533.00,,,,,,
6484,2017-12-31T03:43:47Z,-33.84590000,147.95793333,1539.00,,,,,,
6485,2017-12-31T03:43:48Z,-33.84575000,147.95793333,1541.00,,,,,,
6486,2017-12-31T03:43:49Z,-33.84558333,147.95798333,1545.00,,,,,,
6487,2017-12-31T03:43:50Z,-33.84550000,147.95813333,1548.00,,,,,,
6488,2017-12-31T03:43:51Z,-33.84543333,147.95830000,1551.00,,,,,,
6489,2017-12-31T03:43:52Z,-33.84543333,147.95846667,1556.00,,,,,,
6490,2017-12-31T03:43:53Z,-33.84548333,147.95860000,1562.00,,,,,,
6491,2017-12-31T03:43:54Z,-33.84556667,147.95871667,1565.00,,,,,,
6492,2017-12-31T03:43:55Z,-33.84566667,147.95880000,1565.00,,,,,,
6493,2017-12-31T03:43:56Z,-33.84578333,147.95881667,1567.00,,,,,,
6494,2017-12-31T03:43:57Z,-33.84590000,147.95878333,1573.00,,,,,,
6495,2017-12-31T03:43:58Z,-33.84600000,147.95871667,1577.00,,,,,,
6496,2017-12-31T03:43:59Z,-33.84608333,147.95863333,1579.00,,,,,,
6497,2017-12-31T03:44:00Z,-33.84615000,147.95855000,1581.00,,,,,,
6498,2017-12-31T03:44:01Z,-33.84620000,147.95845000,1583.00,,,,,,
6499,2017-12-31T03:44:02Z,-33.84623333,147.95835000,1587.00,,,,,,
6500,2017-12-31T03:44:03Z,-33.84625000,147.95823333,1593.00,,,,,,
6501,2017-12-31T03:44:04Z,-33.84610000,147.95811667,1599.00,,,,,,
6502,2017-12-31T03:44:05Z,-33.84595000,147.95806667,1603.00,,,,,,
6503,2017-12-31T03:44:06Z,-33.84581667,147.95801667,1606.00,,,,,,
6504,2017-12-31T03:44:07Z,-33.84566667,147.95801667,1612.00,,,,,,
6505,2017-12-31T03:44:08Z,-33.84550000,147.95805000,1617.00,,,,,,
6506,2017-12-31T03:44:09Z,-33.84533333,147.95810000,1621.00,,,,,,
6507,2017-12-31T03:44:10Z,-33.84528333,147.95828333,1624.00,,,,,,
6508,2017-12-31T03:44:11Z,-33.84525000,147.95845000,1629.00,,,,,,
6509,2017-12-31T03:44:12Z,-33.84528333,147.95861667,1635.00,,,,,,
6510,2017-12-31T03:44:13Z,-33.84535000,147.95876667,1639.00,,,,,,
6511,2017-12-31T03:44:14Z,-33.84545000,147.95888333,1645.00,,,,,,
6512,2017-12-31T03:44:15Z,-33.84558333,147.95900000,1648.00,,,,,,
6513,2017-12-31T03:44:16Z,-33.84568333,147.95905000,1652.00,,,,,,
6514,2017-12-31T03:44:17Z,-33.84580000,147.95908333,1656.00,,,,,,
6515,2017-12-31T03:44:18Z,-33.84591667,147.95910000,1661.00,,,,,,
6516,2017-12-31T03:44:19Z,-33.84603333,147.95908333,1667.00,,,,,,
6517,2017-12-31T03:44:20Z,-33.84596667,147.95890000,1671.00,,,,,,
6518,2017-12-31T03:44:21Z,-33.84590000,147.95875000,1674.00,,,,,,
6519,2017-12-31T03:44:22Z,-33.84583333,147.95865000,1678.00,,,,,,
6520,2017-12-31T03:44:23Z,-33.84573333,147.95861667,1684.00,,,,,,
6521,2017-12-31T03:44:24Z,-33.84556667,147.95868333,1690.00,,,,,,
6522,2017-12-31T03:44:25Z,-33.84545000,147.95876667,1692.00,,,,,,
6523,2017-12-31T03:44:26Z,-33.84535000,147.95890000,1695.00,,,,,,
6524,2017-12-31T03:44:27Z,-33.84530000,147.95906667,1699.00,,,,,,
6525,2017-12-31T03:44:28Z,-33.84531667,147.95925000,1703.00,,,,,,
6526,2017-12-31T03:44:29Z,-33.84538333,147.95940000,1708.00,,,,,,
6527,2017-12-31T03:44:30Z,-33.84548333,147.95958333,1714.00,,,,,,
6528,2017-12-31T03:44:31Z,-33.84560000,147.95965000,1720.00,,,,,,
6529,2017-12-31T03:44:32Z,-33.84570000,147.95966667,1726.00,,,,,,
6530,2017-12-31T03:44:33Z,-33.84578333,147.95965000,1727.00,,,,,,
6531,2017-12-31T03:44:34Z,-33.84583333,147.95956667,1730.00,,,,,,
6532,2017-12-31T03:44:35Z,-33.84585000,147.95945000,1736.00,,,,,,
6533,2017-12-31T03:44:36Z,-33.84585000,147.95933333,1743.00,,,,,,
6534,2017-12-31T03:44:37Z,-33.84578333,147.95925000,1746.00,,,,,,
6535,2017-12-31T03:44:38Z,-33.84571667,147.95918333,1748.00,,,,,,
6536,2017-12-31T03:44:39Z,-33.84563333,147.95911667,1755.00,,,,,,
6537,2017-12-31T03:44:40Z,-33.84550000,147.95920000,1759.00,,,,,,
6538,2017-12-31T03:44:41Z,-33.84538333,147.95926667,1765.00,,,,,,
6539,2017-12-31T03:44:42Z,-33.84531667,147.95940000,1768.00,,,,,,
6540,2017-12-31T03:44:43Z,-33.84526667,147.95956667,1770.00,,,,,,
6541,2017-12-31T03:44:44Z,-33.84526667,147.95973333,1774.00,,,,,,
6542,2017-12-31T03:44:45Z,-33.84533333,147.95985000,1779.00,,,,,,
6543,2017-12-31T03:44:46Z,-33.84543333,147.95995000,1786.00,,,,,,
6544,2017-12-31T03:44:47Z,-33.84550000,147.96003333,1788.00,,,,,,
6545,2017-12-31T03:44:48Z,-33.84558333,147.96008333,1789.00,,,,,,
6546,2017-12-31T03:44:49Z,-33.84566667,147.96003333,1794.00,,,,,,
6547,2017-12-31T03:44:50Z,-33.84568333,147.96000000,1797.00,,,,,,
6548,2017-12-31T03:44:51Z,-33.84571667,147.95988333,1805.00,,,,,,
6549,2017-12-31T03:44:52Z,-33.84571667,147.95978333,1811.00,,,,,,
6550,2017-12-31T03:44:53Z,-33.84568333,147.95970000,1813.00,,,,,,
6551,2017-12-31T03:44:54Z,-33.84563333,147.95961667,1815.00,,,,,,
6552,2017-12-31T03:44:55Z,-33.84551667,147.95958333,1819.00,,,,,,
6553,2017-12-31T03:44:56Z,-33.84540000,147.95953333,1824.00,,,,,,
6554,2017-12-31T03:44:57Z,-33.84526667,147.95951667,1828.00,,,,,,
6555,2017-12-31T03:44:58Z,-33.84513333,147.95955000,1830.00,,,,,,
6556,2017-12-31T03:44:59Z,-33.84506667,147.95968333,1835.00,,,,,,
6557,2017-12-31T03:45:00Z,-33.84501667,147.95983333,1840.00,,,,,,
6558,2017-12-31T03:45:01Z,-33.84500000,147.95998333,1844.00,,,,,,
6559,2017-12-31T03:45:02Z,-33.84501667,147.96015000,1847.00,,,,,,
6560,2017-12-31T03:45:03Z,-33.84503333,147.96030000,1849.00,,,,,,
6561,2017-12-31T03:45:04Z,-33.84505000,147.96045000,1854.00,,,,,,
6562,2017-12-31T03:45:05Z,-33.84511667,147.96061667,1857.00,,,,,,
6563,2017-12-31T03:45:06Z,-33.84516667,147.96076667,1860.00,,,,,,
6564,2017-12-31T03:45:07Z,-33.84523333,147.96086667,1864.00,,,,,,
6565,2017-12-31T03:45:08Z,-33.84535000,147.96086667,1870.00,,,,,,
6566,2017-12-31T03:45:09Z,-33.84546667,147.96081667,1875.00,,,,,,
6567,2017-12-31T03:45:10Z,-33.84560000,147.96068333,1877.00,,,,,,
6568,2017-12-31T03:45:11Z,-33.84566667,147.96058333,1879.00,,,,,,
6569,2017-12-31T03:45:12Z,-33.84568333,147.96050000,1882.00,,,,,,
6570,2017-12-31T03:45:13Z,-33.84571667,147.96040000,1886.00,,,,,,
6571,2017-12-31T03:45:14Z,-33.84563333,147.96030000,1890.00,,,,,,
6572,2017-12-31T03:45:15Z,-33.84548333,147.96016667,1894.00,,,,,,
6573,2017-12-31T03:45:16Z,-33.84545000,147.96000000,1895.00,,,,,,
6574,2017-12-31T03:45:17Z,-33.84541667,147.95988333,1897.00,,,,,,
6575,2017-12-31T03:45:18Z,-33.84535000,147.95980000,1900.00,,,,,,
6576,2017-12-31T03:45:19Z,-33.84516667,147.96010000,1903.00,,,,,,
6577,2017-12-31T03:45:20Z,-33.84508333,147.96011667,1906.00,,,,,,
6578,2017-12-31T03:45:21Z,-33.84510000,147.96026667,1913.00,,,,,,
6579,2017-12-31T03:45:22Z,-33.84515000,147.96035000,1916.00,,,,,,
6580,2017-12-31T03:45:23Z,-33.84523333,147.96041667,1917.00,,,,,,
6581,2017-12-31T03:45:24Z,-33.84533333,147.96043333,1919.00,,,,,,
6582,2017-12-31T03:45:25Z,-33.84543333,147.96040000,1921.00,,,,,,
6583,2017-12-31T03:45:26Z,-33.84555000,147.96035000,1926.00,,,,,,
6584,2017-12-31T03:45:27Z,-33.84566667,147.96028333,1932.00,,,,,,
6585,2017-12-31T03:45:28Z,-33.84573333,147.96026667,1938.00,,,,,,
6586,2017-12-31T03:45:29Z,-33.84581667,147.96020000,1940.00,,,,,,
6587,2017-12-31T03:45:30Z,-33.84573333,147.96000000,1941.00,,,,,,
6588,2017-12-31T03:45:31Z,-33.84568333,147.95985000,1943.00,,,,,,
6589,2017-12-31T03:45:32Z,-33.84560000,147.95973333,1945.00,,,,,,
6590,2017-12-31T03:45:33Z,-33.84550000,147.95965000,1948.00,,,,,,
6591,2017-12-31T03:45:34Z,-33.84538333,147.95958333,1950.00,,,,,,
6592,2017-12-31T03:45:35Z,-33.84530000,147.95951667,1952.00,,,,,,
6593,2017-12-31T03:45:36Z,-33.84520000,147.95948333,1953.00,,,,,,
6594,2017-12-31T03:45:37Z,-33.84510000,147.95946667,1954.00,,,,,,
6595,2017-12-31T03:45:38Z,-33.84501667,147.95973333,1955.00,,,,,,
6596,2017-12-31T03:45:39Z,-33.84498333,147.95986667,1959.00,,,,,,
6597,2017-12-31T03:45:40Z,-33.84498333,147.95998333,1960.00,,,,,,
6598,2017-12-31T03:45:41Z,-33.84503333,147.96010000,1961.00,,,,,,
6599,2017-12-31T03:45:42Z,-33.84511667,147.96021667,1964.00,,,,,,
6600,2017-12-31T03:45:43Z,-33.84521667,147.96031667,1967.00,,,,,,
6601,2017-12-31T03:45:44Z,-33.84531667,147.96038333,1973.00,,,,,,
6602,2017-12-31T03:45:45Z,-33.84545000,147.96041667,1977.00,,,,,,
6603,2017-12-31T03:45:46Z,-33.84556667,147.96045000,1980.00,,,,,,
6604,2017-12-31T03:45:47Z,-33.84568333,147.96045000,1982.00,,,,,,
6605,2017-12-31T03:45:48Z,-33.84578333,147.96040000,1983.00,,,,,,
6606,2017-12-31T03:45:49Z,-33.84588333,147.96036667,1985.00,,,,,,
6607,2017-12-31T03:45:50Z,-33.84596667,147.96030000,1986.00,,,,,,
6608,2017-12-31T03:45:51Z,-33.84603333,147.96021667,1986.00,,,,,,
6609,2017-12-31T03:45:52Z,-33.84603333,147.96011667,1986.00,,,,,,
6610,2017-12-31T03:45:53Z,-33.84588333,147.95995000,1988.00,,,,,,
6611,2017-12-31T03:45:54Z,-33.84576667,147.95990000,1993.00,,,,,,
6612,2017-12-31T03:45:55Z,-33.84566667,147.95985000,1998.00,,,,,,
6613,2017-12-31T03:45:56Z,-33.84555000,147.95985000,2001.00,,,,,,
6614,2017-12-31T03:45:57Z,-33.84541667,147.95986667,2001.00,,,,,,
6615,2017-12-31T03:45:58Z,-33.84531667,147.95993333,2001.00,,,,,,
6616,2017-12-31T03:45:59Z,-33.84525000,147.96005000,2003.00,,,,,,
6617,2017-12-31T03:46:00Z,-33.84516667,147.96016667,2006.00,,,,,,
6618,2017-12-31T03:46:01Z,-33.84515000,147.96030000,2009.00,,,,,,
6619,2017-12-31T03:46:02Z,-33.84513333,147.96043333,2010.00,,,,,,
6620,2017-12-31T03:46:03Z,-33.84513333,147.96055000,2010.00,,,,,,
6621,2017-12-31T03:46:04Z,-33.84516667,147.96068333,2014.00,,,,,,
6622,2017-12-31T03:46:05Z,-33.84518333,147.96075000,2017.00,,,,,,
6623,2017-12-31T03:46:06Z,-33.84523333,147.96085000,2019.00,,,,,,
6624,2017-12-31T03:46:07Z,-33.84531667,147.96093333,2021.00,,,,,,
6625,2017-12-31T03:46:08Z,-33.84543333,147.96096667,2024.00,,,,,,
6626,2017-12-31T03:46:09Z,-33.84553333,147.96098333,2026.00,,,,,,
6627,2017-12-31T03:46:10Z,-33.84551667,147.96115000,2028.00,,,,,,
6628,2017-12-31T03:46:11Z,-33.84553333,147.96121667,2029.00,,,,,,
6629,2017-12-31T03:46:12Z,-33.84555000,147.96121667,2030.00,,,,,,
6630,2017-12-31T03:46:13Z,-33.84558333,147.96115000,2032.00,,,,,,
6631,2017-12-31T03:46:14Z,-33.84561667,147.96101667,2034.00,,,,,,
6632,2017-12-31T03:46:15Z,-33.84560000,147.96083333,2034.00,,,,,,
6633,2017-12-31T03:46:16Z,-33.84551667,147.96071667,2033.00,,,,,,
6634,2017-12-31T03:46:17Z,-33.84541667,147.96065000,2034.00,,,,,,
6635,2017-12-31T03:46:18Z,-33.84530000,147.96065000,2037.00,,,,,,
6636,2017-12-31T03:46:19Z,-33.84516667,147.96068333,2040.00,,,,,,
6637,2017-12-31T03:46:20Z,-33.84508333,147.96073333,2041.00,,,,,,
6638,2017-12-31T03:46:21Z,-33.84498333,147.96080000,2043.00,,,,,,
6639,2017-12-31T03:46:22Z,-33.84490000,147.96090000,2046.00,,,,,,
6640,2017-12-31T03:46:23Z,-33.84481667,147.96100000,2046.00,,,,,,
6641,2017-12-31T03:46:24Z,-33.84476667,147.96113333,2045.00,,,,,,
6642,2017-12-31T03:46:25Z,-33.84475000,147.96128333,2046.00,,,,,,
6643,2017-12-31T03:46:26Z,-33.84473333,147.96141667,2047.00,,,,,,
6644,2017-12-31T03:46:27Z,-33.84475000,147.96153333,2049.00,,,,,,
6645,2017-12-31T03:46:28Z,-33.84480000,147.96166667,2052.00,,,,,,
6646,2017-12-31T03:46:29Z,-33.84488333,147.96175000,2054.00,,,,,,
6647,2017-12-31T03:46:30Z,-33.84495000,147.96181667,2055.00,,,,,,
6648,2017-12-31T03:46:31Z,-33.84503333,147.96190000,2056.00,,,,,,
6649,2017-12-31T03:46:32Z,-33.84511667,147.96198333,2057.00,,,,,,
6650,2017-12-31T03:46:33Z,-33.84520000,147.96206667,2057.00,,,,,,
6651,2017-12-31T03:46:34Z,-33.84530000,147.96213333,2057.00,,,,,,
6652,2017-12-31T03:46:35Z,-33.84541667,147.96215000,2057.00,,,,,,
6653,2017-12-31T03:46:36Z,-33.84551667,147.96218333,2056.00,,,,,,
6654,2017-12-31T03:46:37Z,-33.84563333,147.96218333,2055.00,,,,,,
6655,2017-12-31T03:46:38Z,-33.84576667,147.96216667,2058.00,,,,,,
6656,2017-12-31T03:46:39Z,-33.84590000,147.96210000,2062.00,,,,,,
6657,2017-12-31T03:46:40Z,-33.84596667,147.96203333,2064.00,,,,,,
6658,2017-12-31T03:46:41Z,-33.84610000,147.96195000,2068.00,,,,,,
6659,2017-12-31T03:46:42Z,-33.84620000,147.96185000,2069.00,,,,,,
6660,2017-12-31T03:46:43Z,-33.84628333,147.96175000,2069.00,,,,,,
6661,2017-12-31T03:46:44Z,-33.84636667,147.96166667,2070.00,,,,,,
6662,2017-12-31T03:46:45Z,-33.84633333,147.96150000,2071.00,,,,,,
6663,2017-12-31T03:46:46Z,-33.84631667,147.96138333,2071.00,,,,,,
6664,2017-12-31T03:46:47Z,-33.84625000,147.96128333,2067.00,,,,,,
6665,2017-12-31T03:46:48Z,-33.84615000,147.96121667,2065.00,,,,,,
6666,2017-12-31T03:46:49Z,-33.84600000,147.96121667,2068.00,,,,,,
6667,2017-12-31T03:46:50Z,-33.84585000,147.96126667,2072.00,,,,,,
6668,2017-12-31T03:46:51Z,-33.84573333,147.96131667,2076.00,,,,,,
6669,2017-12-31T03:46:52Z,-33.84561667,147.96138333,2077.00,,,,,,
6670,2017-12-31T03:46:53Z,-33.84551667,147.96148333,2077.00,,,,,,
6671,2017-12-31T03:46:54Z,-33.84543333,147.96160000,2079.00,,,,,,
6672,2017-12-31T03:46:55Z,-33.84538333,147.96173333,2081.00,,,,,,
6673,2017-12-31T03:46:56Z,-33.84535000,147.96186667,2084.00,,,,,,
6674,2017-12-31T03:46:57Z,-33.84535000,147.96200000,2086.00,,,,,,
6675,2017-12-31T03:46:58Z,-33.84536667,147.96211667,2087.00,,,,,,
6676,2017-12-31T03:46:59Z,-33.84540000,147.96225000,2085.00,,,,,,
6677,2017-12-31T03:47:00Z,-33.84550000,147.96235000,2085.00,,,,,,
6678,2017-12-31T03:47:01Z,-33.84560000,147.96246667,2088.00,,,,,,
6679,2017-12-31T03:47:02Z,-33.84570000,147.96253333,2090.00,,,,,,
6680,2017-12-31T03:47:03Z,-33.84583333,147.96258333,2090.00,,,,,,
6681,2017-12-31T03:47:04Z,-33.84595000,147.96260000,2088.00,,,,,,
6682,2017-12-31T03:47:05Z,-33.84601667,147.96260000,2085.00,,,,,,
6683,2017-12-31T03:47:06Z,-33.84613333,147.96258333,2085.00,,,,,,
6684,2017-12-31T03:47:07Z,-33.84623333,147.96255000,2087.00,,,,,,
6685,2017-12-31T03:47:08Z,-33.84636667,147.96253333,2089.00,,,,,,
6686,2017-12-31T03:47:09Z,-33.84648333,147.96250000,2091.00,,,,,,
6687,2017-12-31T03:47:10Z,-33.84663333,147.96246667,2092.00,,,,,,
6688,2017-12-31T03:47:11Z,-33.84676667,147.96245000,2094.00,,,,,,
6689,2017-12-31T03:47:12Z,-33.84690000,147.96243333,2094.00,,,,,,
6690,2017-12-31T03:47:13Z,-33.84705000,147.96243333,2094.00,,,,,,
6691,2017-12-31T03:47:14Z,-33.84716667,147.96243333,2094.00,,,,,,
6692,2017-12-31T03:47:15Z,-33.84735000,147.96241667,2095.00,,,,,,
6693,2017-12-31T03:47:16Z,-33.84750000,147.96241667,2097.00,,,,,,
6694,2017-12-31T03:47:17Z,-33.84765000,147.96243333,2099.00,,,,,,
6695,2017-12-31T03:47:18Z,-33.84781667,147.96246667,2101.00,,,,,,
6696,2017-12-31T03:47:19Z,-33.84796667,147.96248333,2101.00,,,,,,
6697,2017-12-31T03:47:20Z,-33.84813333,147.96248333,2101.00,,,,,,
6698,2017-12-31T03:47:21Z,-33.84830000,147.96250000,2101.00,,,,,,
6699,2017-12-31T03:47:22Z,-33.84848333,147.96251667,2103.00,,,,,,
6700,2017-12-31T03:47:23Z,-33.84866667,147.96253333,2105.00,,,,,,
6701,2017-12-31T03:47:24Z,-33.84885000,147.96256667,2109.00,,,,,,
6702,2017-12-31T03:47:25Z,-33.84903333,147.96260000,2109.00,,,,,,
6703,2017-12-31T03:47:26Z,-33.84921667,147.96263333,2107.00,,,,,,
6704,2017-12-31T03:47:27Z,-33.84936667,147.96270000,2103.00,,,,,,
6705,2017-12-31T03:47:28Z,-33.84948333,147.96275000,2096.00,,,,,,
6706,2017-12-31T03:47:29Z,-33.84960000,147.96281667,2090.00,,,,,,
6707,2017-12-31T03:47:30Z,-33.84975000,147.96288333,2087.00,,,,,,
6708,2017-12-31T03:47:31Z,-33.84986667,147.96295000,2085.00,,,,,,
6709,2017-12-31T03:47:32Z,-33.85000000,147.96301667,2081.00,,,,,,
6710,2017-12-31T03:47:33Z,-33.85011667,147.96310000,2077.00,,,,,,
6711,2017-12-31T03:47:34Z,-33.85026667,147.96318333,2072.00,,,,,,
6712,2017-12-31T03:47:35Z,-33.85053333,147.96328333,2071.00,,,,,,
6713,2017-12-31T03:47:36Z,-33.85070000,147.96338333,2070.00,,,,,,
6714,2017-12-31T03:47:37Z,-33.85091667,147.96346667,2069.00,,,,,,
6715,2017-12-31T03:47:38Z,-33.85111667,147.96355000,2069.00,,,,,,
6716,2017-12-31T03:47:39Z,-33.85133333,147.96365000,2070.00,,,,,,
6717,2017-12-31T03:47:40Z,-33.85161667,147.96370000,2069.00,,,,,,
6718,2017-12-31T03:47:41Z,-33.85180000,147.96378333,2069.00,,,,,,
6719,2017-12-31T03:47:42Z,-33.85198333,147.96386667,2067.00,,,,,,
6720,2017-12-31T03:47:43Z,-33.85218333,147.96396667,2063.00,,,,,,
6721,2017-12-31T03:47:44Z,-33.85236667,147.96403333,2060.00,,,,,,
6722,2017-12-31T03:47:45Z,-33.85265000,147.96410000,2058.00,,,,,,
6723,2017-12-31T03:47:46Z,-33.85285000,147.96416667,2057.00,,,,,,
6724,2017-12-31T03:47:47Z,-33.85305000,147.96423333,2057.00,,,,,,
6725,2017-12-31T03:47:48Z,-33.85326667,147.96428333,2054.00,,,,,,
6726,2017-12-31T03:47:49Z,-33.85346667,147.96433333,2052.00,,,,,,
6727,2017-12-31T03:47:50Z,-33.85373333,147.96440000,2052.00,,,,,,
6728,2017-12-31T03:47:51Z,-33.85396667,147.96446667,2053.00,,,,,,
6729,2017-12-31T03:47:52Z,-33.85415000,147.96455000,2055.00,,,,,,
6730,2017-12-31T03:47:53Z,-33.85436667,147.96461667,2056.00,,,,,,
6731,2017-12-31T03:47:54Z,-33.85453333,147.96468333,2056.00,,,,,,
6732,2017-12-31T03:47:55Z,-33.85475000,147.96475000,2056.00,,,,,,
6733,2017-12-31T03:47:56Z,-33.85493333,147.96483333,2055.00,,,,,,
6734,2017-12-31T03:47:57Z,-33.85510000,147.96490000,2053.00,,,,,,
6735,2017-12-31T03:47:58Z,-33.85526667,147.96498333,2049.00,,,,,,
6736,2017-12-31T03:47:59Z,-33.85543333,147.96505000,2046.00,,,,,,
6737,2017-12-31T03:48:00Z,-33.85563333,147.96515000,2044.00,,,,,,
6738,2017-12-31T03:48:01Z,-33.85580000,147.96521667,2040.00,,,,,,
6739,2017-12-31T03:48:02Z,-33.85598333,147.96530000,2037.00,,,,,,
6740,2017-12-31T03:48:03Z,-33.85616667,147.96536667,2036.00,,,,,,
6741,2017-12-31T03:48:04Z,-33.85635000,147.96545000,2039.00,,,,,,
6742,2017-12-31T03:48:05Z,-33.85655000,147.96553333,2036.00,,,,,,
6743,2017-12-31T03:48:06Z,-33.85673333,147.96561667,2035.00,,,,,,
6744,2017-12-31T03:48:07Z,-33.85691667,147.96571667,2034.00,,,,,,
6745,2017-12-31T03:48:08Z,-33.85710000,147.96585000,2034.00,,,,,,
6746,2017-12-31T03:48:09Z,-33.85728333,147.96600000,2035.00,,,,,,
6747,2017-12-31T03:48:10Z,-33.85748333,147.96615000,2035.00,,,,,,
6748,2017-12-31T03:48:11Z,-33.85765000,147.96628333,2039.00,,,,,,
6749,2017-12-31T03:48:12Z,-33.85781667,147.96645000,2040.00,,,,,,
6750,2017-12-31T03:48:13Z,-33.85798333,147.96660000,2040.00,,,,,,
6751,2017-12-31T03:48:14Z,-33.85813333,147.96675000,2040.00,,,,,,
6752,2017-12-31T03:48:15Z,-33.85826667,147.96686667,2040.00,,,,,,
6753,2017-12-31T03:48:16Z,-33.85841667,147.96696667,2037.00,,,,,,
6754,2017-12-31T03:48:17Z,-33.85855000,147.96706667,2035.00,,,,,,
6755,2017-12-31T03:48:18Z,-33.85871667,147.96715000,2034.00,,,,,,
6756,2017-12-31T03:48:19Z,-33.85890000,147.96721667,2035.00,,,,,,
6757,2017-12-31T03:48:20Z,-33.85908333,147.96725000,2036.00,,,,,,
6758,2017-12-31T03:48:21Z,-33.85926667,147.96728333,2032.00,,,,,,
6759,2017-12-31T03:48:22Z,-33.85943333,147.96731667,2029.00,,,,,,
6760,2017-12-31T03:48:23Z,-33.85963333,147.96735000,2028.00,,,,,,
6761,2017-12-31T03:48:24Z,-33.85983333,147.96738333,2028.00,,,,,,
6762,2017-12-31T03:48:25Z,-33.86001667,147.96740000,2028.00,,,,,,
6763,2017-12-31T03:48:26Z,-33.86018333,147.96741667,2028.00,,,,,,
6764,2017-12-31T03:48:27Z,-33.86036667,147.96745000,2026.00,,,,,,
6765,2017-12-31T03:48:28Z,-33.86051667,147.96748333,2022.00,,,,,,
6766,2017-12-31T03:48:29Z,-33.86068333,147.96753333,2020.00,,,,,,
6767,2017-12-31T03:48:30Z,-33.86086667,147.96758333,2019.00,,,,,,
6768,2017-12-31T03:48:31Z,-33.86105000,147.96765000,2018.00,,,,,,
6769,2017-12-31T03:48:32Z,-33.86123333,147.96771667,2017.00,,,,,,
6770,2017-12-31T03:48:33Z,-33.86141667,147.96778333,2016.00,,,,,,
6771,2017-12-31T03:48:34Z,-33.86160000,147.96786667,2015.00,,,,,,
6772,2017-12-31T03:48:35Z,-33.86180000,147.96795000,2016.00,,,,,,
6773,2017-12-31T03:48:36Z,-33.86198333,147.96803333,2017.00,,,,,,
6774,2017-12-31T03:48:37Z,-33.86216667,147.96811667,2017.00,,,,,,
6775,2017-12-31T03:48:38Z,-33.86235000,147.96820000,2017.00,,,,,,
6776,2017-12-31T03:48:39Z,-33.86251667,147.96828333,2016.00,,,,,,
6777,2017-12-31T03:48:40Z,-33.86270000,147.96836667,2015.00,,,,,,
6778,2017-12-31T03:48:41Z,-33.86288333,147.96843333,2013.00,,,,,,
6779,2017-12-31T03:48:42Z,-33.86306667,147.96851667,2012.00,,,,,,
6780,2017-12-31T03:48:43Z,-33.86325000,147.96860000,2012.00,,,,,,
6781,2017-12-31T03:48:44Z,-33.86343333,147.96868333,2013.00,,,,,,
6782,2017-12-31T03:48:45Z,-33.86361667,147.96875000,2012.00,,,,,,
6783,2017-12-31T03:48:46Z,-33.86378333,147.96883333,2012.00,,,,,,
6784,2017-12-31T03:48:47Z,-33.86396667,147.96890000,2011.00,,,,,,
6785,2017-12-31T03:48:48Z,-33.86413333,147.96896667,2011.00,,,,,,
6786,2017-12-31T03:48:49Z,-33.86430000,147.96905000,2009.00,,,,,,
6787,2017-12-31T03:48:50Z,-33.86446667,147.96911667,2007.00,,,,,,
6788,2017-12-31T03:48:51Z,-33.86465000,147.96921667,2005.00,,,,,,
6789,2017-12-31T03:48:52Z,-33.86483333,147.96930000,2004.00,,,,,,
6790,2017-12-31T03:48:53Z,-33.86501667,147.96938333,2003.00,,,,,,
6791,2017-12-31T03:48:54Z,-33.86521667,147.96945000,2004.00,,,,,,
6792,2017-12-31T03:48:55Z,-33.86540000,147.96953333,2005.00,,,,,,
6793,2017-12-31T03:48:56Z,-33.86558333,147.96960000,2004.00,,,,,,
6794,2017-12-31T03:48:57Z,-33.86576667,147.96966667,2004.00,,,,,,
6795,2017-12-31T03:48:58Z,-33.86596667,147.96971667,2006.00,,,,,,
6796,2017-12-31T03:48:59Z,-33.86613333,147.96976667,2006.00,,,,,,
6797,2017-12-31T03:49:00Z,-33.86631667,147.96980000,2006.00,,,,,,
6798,2017-12-31T03:49:01Z,-33.86646667,147.96985000,2004.00,,,,,,
6799,2017-12-31T03:49:02Z,-33.86663333,147.96990000,2001.00,,,,,,
6800,2017-12-31T03:49:03Z,-33.86678333,147.96995000,1998.00,,,,,,
6801,2017-12-31T03:49:04Z,-33.86695000,147.97001667,1996.00,,,,,,
6802,2017-12-31T03:49:05Z,-33.86711667,147.97006667,1996.00,,,,,,
6803,2017-12-31T03:49:06Z,-33.86730000,147.97013333,1997.00,,,,,,
6804,2017-12-31T03:49:07Z,-33.86746667,147.97018333,1997.00,,,,,,
6805,2017-12-31T03:49:08Z,-33.86763333,147.97025000,1996.00,,,,,,
6806,2017-12-31T03:49:09Z,-33.86780000,147.97031667,1993.00,,,,,,
6807,2017-12-31T03:49:10Z,-33.86795000,147.97036667,1992.00,,,,,,
6808,2017-12-31T03:49:11Z,-33.86811667,147.97045000,1991.00,,,,,,
6809,2017-12-31T03:49:12Z,-33.86826667,147.97051667,1990.00,,,,,,
6810,2017-12-31T03:49:13Z,-33.86841667,147.97060000,1989.00,,,,,,
6811,2017-12-31T03:49:14Z,-33.86858333,147.97070000,1986.00,,,,,,
6812,2017-12-31T03:49:15Z,-33.86873333,147.97078333,1982.00,,,,,,
6813,2017-12-31T03:49:16Z,-33.86890000,147.97088333,1979.00,,,,,,
6814,2017-12-31T03:49:17Z,-33.86906667,147.97098333,1977.00,,,,,,
6815,2017-12-31T03:49:18Z,-33.86923333,147.97106667,1976.00,,,,,,
6816,2017-12-31T03:49:19Z,-33.86943333,147.97115000,1974.00,,,,,,
6817,2017-12-31T03:49:20Z,-33.86961667,147.97123333,1973.00,,,,,,
6818,2017-12-31T03:49:21Z,-33.86980000,147.97130000,1971.00,,,,,,
6819,2017-12-31T03:49:22Z,-33.86998333,147.97138333,1971.00,,,,,,
6820,2017-12-31T03:49:23Z,-33.87016667,147.97145000,1971.00,,,,,,
6821,2017-12-31T03:49:24Z,-33.87035000,147.97153333,1970.00,,,,,,
6822,2017-12-31T03:49:25Z,-33.87053333,147.97161667,1968.00,,,,,,
6823,2017-12-31T03:49:26Z,-33.87070000,147.97170000,1967.00,,,,,,
6824,2017-12-31T03:49:27Z,-33.87088333,147.97178333,1964.00,,,,,,
6825,2017-12-31T03:49:28Z,-33.87106667,147.97186667,1962.00,,,,,,
6826,2017-12-31T03:49:29Z,-33.87125000,147.97195000,1960.00,,,,,,
6827,2017-12-31T03:49:30Z,-33.87145000,147.97203333,1959.00,,,,,,
6828,2017-12-31T03:49:31Z,-33.87165000,147.97211667,1957.00,,,,,,
6829,2017-12-31T03:49:32Z,-33.87183333,147.97220000,1957.00,,,,,,
6830,2017-12-31T03:49:33Z,-33.87201667,147.97230000,1956.00,,,,,,
6831,2017-12-31T03:49:34Z,-33.87220000,147.97240000,1951.00,,,,,,
6832,2017-12-31T03:49:35Z,-33.87236667,147.97250000,1948.00,,,,,,
6833,2017-12-31T03:49:36Z,-33.87253333,147.97263333,1946.00,,,,,,
6834,2017-12-31T03:49:37Z,-33.87271667,147.97275000,1946.00,,,,,,
6835,2017-12-31T03:49:38Z,-33.87290000,147.97288333,1946.00,,,,,,
6836,2017-12-31T03:49:39Z,-33.87310000,147.97300000,1945.00,,,,,,
6837,2017-12-31T03:49:40Z,-33.87330000,147.97311667,1944.00,,,,,,
6838,2017-12-31T03:49:41Z,-33.87350000,147.97323333,1943.00,,,,,,
6839,2017-12-31T03:49:42Z,-33.87368333,147.97333333,1944.00,,,,,,
6840,2017-12-31T03:49:43Z,-33.87386667,147.97343333,1942.00,,,,,,
6841,2017-12-31T03:49:44Z,-33.87405000,147.97353333,1941.00,,,,,,
6842,2017-12-31T03:49:45Z,-33.87425000,147.97363333,1940.00,,,,,,
6843,2017-12-31T03:49:46Z,-33.87443333,147.97373333,1939.00,,,,,,
6844,2017-12-31T03:49:47Z,-33.87461667,147.97381667,1939.00,,,,,,
6845,2017-12-31T03:49:48Z,-33.87480000,147.97390000,1937.00,,,,,,
6846,2017-12-31T03:49:49Z,-33.87498333,147.97400000,1931.00,,,,,,
6847,2017-12-31T03:49:50Z,-33.87516667,147.97408333,1929.00,,,,,,
6848,2017-12-31T03:49:51Z,-33.87533333,147.97420000,1927.00,,,,,,
6849,2017-12-31T03:49:52Z,-33.87553333,147.97430000,1927.00,,,,,,
6850,2017-12-31T03:49:53Z,-33.87573333,147.97441667,1928.00,,,,,,
6851,2017-12-31T03:49:54Z,-33.87591667,147.97451667,1929.00,,,,,,
6852,2017-12-31T03:49:55Z,-33.87611667,147.97461667,1930.00,,,,,,
6853,2017-12-31T03:49:56Z,-33.87631667,147.97470000,1930.00,,,,,,
6854,2017-12-31T03:49:57Z,-33.87650000,147.97480000,1929.00,,,,,,
6855,2017-12-31T03:49:58Z,-33.87668333,147.97488333,1928.00,,,,,,
6856,2017-12-31T03:49:59Z,-33.87686667,147.97496667,1929.00,,,,,,
6857,2017-12-31T03:50:00Z,-33.87705000,147.97501667,1930.00,,,,,,
6858,2017-12-31T03:50:01Z,-33.87721667,147.97508333,1931.00,,,,,,
6859,2017-12-31T03:50:02Z,-33.87736667,147.97513333,1932.00,,,,,,
6860,2017-12-31T03:50:03Z,-33.87753333,147.97518333,1929.00,,,,,,
6861,2017-12-31T03:50:04Z,-33.87768333,147.97523333,1924.00,,,,,,
6862,2017-12-31T03:50:05Z,-33.87785000,147.97526667,1919.00,,,,,,
6863,2017-12-31T03:50:06Z,-33.87800000,147.97531667,1916.00,,,,,,
6864,2017-12-31T03:50:07Z,-33.87815000,147.97536667,1914.00,,,,,,
6865,2017-12-31T03:50:08Z,-33.87831667,147.97540000,1912.00,,,,,,
6866,2017-12-31T03:50:09Z,-33.87848333,147.97545000,1910.00,,,,,,
6867,2017-12-31T03:50:10Z,-33.87873333,147.97548333,1909.00,,,,,,
6868,2017-12-31T03:50:11Z,-33.87891667,147.97555000,1907.00,,,,,,
6869,2017-12-31T03:50:12Z,-33.87911667,147.97563333,1905.00,,,,,,
6870,2017-12-31T03:50:13Z,-33.87930000,147.97571667,1902.00,,,,,,
6871,2017-12-31T03:50:14Z,-33.87948333,147.97581667,1901.00,,,,,,
6872,2017-12-31T03:50:15Z,-33.87966667,147.97591667,1900.00,,,,,,
6873,2017-12-31T03:50:16Z,-33.87985000,147.97601667,1900.00,,,,,,
6874,2017-12-31T03:50:17Z,-33.88003333,147.97610000,1899.00,,,,,,
6875,2017-12-31T03:50:18Z,-33.88021667,147.97620000,1896.00,,,,,,
6876,2017-12-31T03:50:19Z,-33.88040000,147.97630000,1891.00,,,,,,
6877,2017-12-31T03:50:20Z,-33.88060000,147.97641667,1890.00,,,,,,
6878,2017-12-31T03:50:21Z,-33.88080000,147.97655000,1887.00,,,,,,
6879,2017-12-31T03:50:22Z,-33.88098333,147.97666667,1885.00,,,,,,
6880,2017-12-31T03:50:23Z,-33.88116667,147.97680000,1884.00,,,,,,
6881,2017-12-31T03:50:24Z,-33.88136667,147.97693333,1883.00,,,,,,
6882,2017-12-31T03:50:25Z,-33.88156667,147.97705000,1883.00,,,,,,
6883,2017-12-31T03:50:26Z,-33.88175000,147.97716667,1883.00,,,,,,
6884,2017-12-31T03:50:27Z,-33.88195000,147.97728333,1880.00,,,,,,
6885,2017-12-31T03:50:28Z,-33.88215000,147.97738333,1877.00,,,,,,
6886,2017-12-31T03:50:29Z,-33.88233333,147.97750000,1873.00,,,,,,
6887,2017-12-31T03:50:30Z,-33.88253333,147.97761667,1872.00,,,,,,
6888,2017-12-31T03:50:31Z,-33.88271667,147.97775000,1870.00,,,,,,
6889,2017-12-31T03:50:32Z,-33.88290000,147.97786667,1870.00,,,,,,
6890,2017-12-31T03:50:33Z,-33.88306667,147.97800000,1870.00,,,,,,
6891,2017-12-31T03:50:34Z,-33.88325000,147.97811667,1871.00,,,,,,
6892,2017-12-31T03:50:35Z,-33.88341667,147.97821667,1872.00,,,,,,
6893,2017-12-31T03:50:36Z,-33.88358333,147.97833333,1869.00,,,,,,
6894,2017-12-31T03:50:37Z,-33.88373333,147.97846667,1866.00,,,,,,
6895,2017-12-31T03:50:38Z,-33.88386667,147.97858333,1865.00,,,,,,
6896,2017-12-31T03:50:39Z,-33.88401667,147.97870000,1863.00,,,,,,
6897,2017-12-31T03:50:40Z,-33.88421667,147.97881667,1859.00,,,,,,
6898,2017-12-31T03:50:41Z,-33.88436667,147.97893333,1855.00,,,,,,
6899,2017-12-31T03:50:42Z,-33.88453333,147.97901667,1851.00,,,,,,
6900,2017-12-31T03:50:43Z,-33.88471667,147.97910000,1848.00,,,,,,
6901,2017-12-31T03:50:44Z,-33.88491667,147.97916667,1844.00,,,,,,
6902,2017-12-31T03:50:45Z,-33.88511667,147.97923333,1841.00,,,,,,
6903,2017-12-31T03:50:46Z,-33.88531667,147.97931667,1839.00,,,,,,
6904,2017-12-31T03:50:47Z,-33.88550000,147.97940000,1836.00,,,,,,
6905,2017-12-31T03:50:48Z,-33.88568333,147.97946667,1834.00,,,,,,
6906,2017-12-31T03:50:49Z,-33.88586667,147.97956667,1832.00,,,,,,
6907,2017-12-31T03:50:50Z,-33.88608333,147.97966667,1830.00,,,,,,
6908,2017-12-31T03:50:51Z,-33.88625000,147.97975000,1827.00,,,,,,
6909,2017-12-31T03:50:52Z,-33.88641667,147.97983333,1825.00,,,,,,
6910,2017-12-31T03:50:53Z,-33.88658333,147.97991667,1824.00,,,,,,
6911,2017-12-31T03:50:54Z,-33.88676667,147.97998333,1822.00,,,,,,
6912,2017-12-31T03:50:55Z,-33.88696667,147.98003333,1819.00,,,,,,
6913,2017-12-31T03:50:56Z,-33.88716667,147.98010000,1816.00,,,,,,
6914,2017-12-31T03:50:57Z,-33.88736667,147.98016667,1814.00,,,,,,
6915,2017-12-31T03:50:58Z,-33.88756667,147.98023333,1814.00,,,,,,
6916,2017-12-31T03:50:59Z,-33.88778333,147.98028333,1814.00,,,,,,
6917,2017-12-31T03:51:00Z,-33.88798333,147.98036667,1813.00,,,,,,
6918,2017-12-31T03:51:01Z,-33.88818333,147.98043333,1811.00,,,,,,
6919,2017-12-31T03:51:02Z,-33.88840000,147.98050000,1807.00,,,,,,
6920,2017-12-31T03:51:03Z,-33.88860000,147.98058333,1802.00,,,,,,
6921,2017-12-31T03:51:04Z,-33.88881667,147.98065000,1799.00,,,,,,
6922,2017-12-31T03:51:05Z,-33.88903333,147.98071667,1797.00,,,,,,
6923,2017-12-31T03:51:06Z,-33.88923333,147.98080000,1796.00,,,,,,
6924,2017-12-31T03:51:07Z,-33.88943333,147.98088333,1795.00,,,,,,
6925,2017-12-31T03:51:08Z,-33.88965000,147.98096667,1792.00,,,,,,
6926,2017-12-31T03:51:09Z,-33.88985000,147.98105000,1789.00,,,,,,
6927,2017-12-31T03:51:10Z,-33.89006667,147.98111667,1788.00,,,,,,
6928,2017-12-31T03:51:11Z,-33.89026667,147.98121667,1787.00,,,,,,
6929,2017-12-31T03:51:12Z,-33.89045000,147.98131667,1786.00,,,,,,
6930,2017-12-31T03:51:13Z,-33.89063333,147.98143333,1784.00,,,,,,
6931,2017-12-31T03:51:14Z,-33.89081667,147.98153333,1783.00,,,,,,
6932,2017-12-31T03:51:15Z,-33.89098333,147.98163333,1781.00,,,,,,
6933,2017-12-31T03:51:16Z,-33.89115000,147.98173333,1777.00,,,,,,
6934,2017-12-31T03:51:17Z,-33.89133333,147.98183333,1774.00,,,,,,
6935,2017-12-31T03:51:18Z,-33.89151667,147.98191667,1772.00,,,,,,
6936,2017-12-31T03:51:19Z,-33.89170000,147.98201667,1768.00,,,,,,
6937,2017-12-31T03:51:20Z,-33.89190000,147.98208333,1766.00,,,,,,
6938,2017-12-31T03:51:21Z,-33.89210000,147.98215000,1765.00,,,,,,
6939,2017-12-31T03:51:22Z,-33.89230000,147.98220000,1766.00,,,,,,
6940,2017-12-31T03:51:23Z,-33.89251667,147.98226667,1766.00,,,,,,
6941,2017-12-31T03:51:24Z,-33.89270000,147.98233333,1763.00,,,,,,
6942,2017-12-31T03:51:25Z,-33.89290000,147.98238333,1761.00,,,,,,
6943,2017-12-31T03:51:26Z,-33.89308333,147.98246667,1756.00,,,,,,
6944,2017-12-31T03:51:27Z,-33.89326667,147.98253333,1750.00,,,,,,
6945,2017-12-31T03:51:28Z,-33.89346667,147.98261667,1746.00,,,,,,
6946,2017-12-31T03:51:29Z,-33.89366667,147.98271667,1741.00,,,,,,
6947,2017-12-31T03:51:30Z,-33.89388333,147.98280000,1740.00,,,,,,
6948,2017-12-31T03:51:31Z,-33.89408333,147.98291667,1739.00,,,,,,
6949,2017-12-31T03:51:32Z,-33.89428333,147.98301667,1737.00,,,,,,
6950,2017-12-31T03:51:33Z,-33.89448333,147.98311667,1737.00,,,,,,
6951,2017-12-31T03:51:34Z,-33.89468333,147.98321667,1735.00,,,,,,
6952,2017-12-31T03:51:35Z,-33.89488333,147.98330000,1731.00,,,,,,
6953,2017-12-31T03:51:36Z,-33.89508333,147.98338333,1727.00,,,,,,
6954,2017-12-31T03:51:37Z,-33.89528333,147.98346667,1725.00,,,,,,
6955,2017-12-31T03:51:38Z,-33.89548333,147.98355000,1726.00,,,,,,
6956,2017-12-31T03:51:39Z,-33.89570000,147.98361667,1727.00,,,,,,
6957,2017-12-31T03:51:40Z,-33.89590000,147.98368333,1724.00,,,,,,
6958,2017-12-31T03:51:41Z,-33.89610000,147.98375000,1722.00,,,,,,
6959,2017-12-31T03:51:42Z,-33.89630000,147.98381667,1720.00,,,,,,
6960,2017-12-31T03:51:43Z,-33.89650000,147.98390000,1719.00,,,,,,
6961,2017-12-31T03:51:44Z,-33.89668333,147.98396667,1716.00,,,,,,
6962,2017-12-31T03:51:45Z,-33.89688333,147.98405000,1715.00,,,,,,
6963,2017-12-31T03:51:46Z,-33.89706667,147.98413333,1714.00,,,,,,
6964,2017-12-31T03:51:47Z,-33.89725000,147.98421667,1713.00,,,,,,
6965,2017-12-31T03:51:48Z,-33.89743333,147.98430000,1713.00,,,,,,
6966,2017-12-31T03:51:49Z,-33.89761667,147.98438333,1713.00,,,,,,
6967,2017-12-31T03:51:50Z,-33.89781667,147.98443333,1712.00,,,,,,
6968,2017-12-31T03:51:51Z,-33.89800000,147.98450000,1713.00,,,,,,
6969,2017-12-31T03:51:52Z,-33.89820000,147.98456667,1714.00,,,,,,
6970,2017-12-31T03:51:53Z,-33.89840000,147.98463333,1713.00,,,,,,
6971,2017-12-31T03:51:54Z,-33.89860000,147.98470000,1711.00,,,,,,
6972,2017-12-31T03:51:55Z,-33.89881667,147.98478333,1708.00,,,,,,
6973,2017-12-31T03:51:56Z,-33.89901667,147.98488333,1706.00,,,,,,
6974,2017-12-31T03:51:57Z,-33.89921667,147.98498333,1706.00,,,,,,
6975,2017-12-31T03:51:58Z,-33.89941667,147.98510000,1705.00,,,,,,
6976,2017-12-31T03:51:59Z,-33.89963333,147.98521667,1702.00,,,,,,
6977,2017-12-31T03:52:00Z,-33.89983333,147.98531667,1701.00,,,,,,
6978,2017-12-31T03:52:01Z,-33.90003333,147.98543333,1701.00,,,,,,
6979,2017-12-31T03:52:02Z,-33.90023333,147.98555000,1700.00,,,,,,
6980,2017-12-31T03:52:03Z,-33.90043333,147.98565000,1699.00,,,,,,
6981,2017-12-31T03:52:04Z,-33.90063333,147.98575000,1696.00,,,,,,
6982,2017-12-31T03:52:05Z,-33.90081667,147.98588333,1695.00,,,,,,
6983,2017-12-31T03:52:06Z,-33.90101667,147.98600000,1694.00,,,,,,
6984,2017-12-31T03:52:07Z,-33.90120000,147.98611667,1695.00,,,,,,
6985,2017-12-31T03:52:08Z,-33.90136667,147.98625000,1693.00,,,,,,
6986,2017-12-31T03:52:09Z,-33.90153333,147.98638333,1689.00,,,,,,
6987,2017-12-31T03:52:10Z,-33.90170000,147.98650000,1687.00,,,,,,
6988,2017-12-31T03:52:11Z,-33.90186667,147.98661667,1686.00,,,,,,
6989,2017-12-31T03:52:12Z,-33.90203333,147.98673333,1683.00,,,,,,
6990,2017-12-31T03:52:13Z,-33.90220000,147.98685000,1681.00,,,,,,
6991,2017-12-31T03:52:14Z,-33.90238333,147.98696667,1678.00,,,,,,
6992,2017-12-31T03:52:15Z,-33.90256667,147.98705000,1677.00,,,,,,
6993,2017-12-31T03:52:16Z,-33.90276667,147.98715000,1675.00,,,,,,
6994,2017-12-31T03:52:17Z,-33.90295000,147.98725000,1673.00,,,,,,
6995,2017-12-31T03:52:18Z,-33.90313333,147.98733333,1669.00,,,,,,
6996,2017-12-31T03:52:19Z,-33.90333333,147.98743333,1665.00,,,,,,
6997,2017-12-31T03:52:20Z,-33.90351667,147.98753333,1662.00,,,,,,
6998,2017-12-31T03:52:21Z,-33.90371667,147.98763333,1659.00,,,,,,
6999,2017-12-31T03:52:22Z,-33.90390000,147.98776667,1656.00,,,,,,
7000,2017-12-31T03:52:23Z,-33.90410000,147.98788333,1651.00,,,,,,
7001,2017-12-31T03:52:24Z,-33.90430000,147.98800000,1648.00,,,,,,
7002,2017-12-31T03:52:25Z,-33.90450000,147.98813333,1645.00,,,,,,
7003,2017-12-31T03:52:26Z,-33.90470000,147.98826667,1641.00,,,,,,
7004,2017-12-31T03:52:27Z,-33.90490000,147.98838333,1637.00,,,,,,
7005,2017-12-31T03:52:28Z,-33.90510000,147.98850000,1634.00,,,,,,
7006,2017-12-31T03:52:29Z,-33.90530000,147.98861667,1629.00,,,,,,
7007,2017-12-31T03:52:30Z,-33.90550000,147.98873333,1628.00,,,,,,
7008,2017-12-31T03:52:31Z,-33.90570000,147.98885000,1628.00,,,,,,
7009,2017-12-31T03:52:32Z,-33.90588333,147.98896667,1629.00,,,,,,
7010,2017-12-31T03:52:33Z,-33.90606667,147.98908333,1628.00,,,,,,
7011,2017-12-31T03:52:34Z,-33.90623333,147.98920000,1625.00,,,,,,
7012,2017-12-31T03:52:35Z,-33.90643333,147.98931667,1621.00,,,,,,
7013,2017-12-31T03:52:36Z,-33.90660000,147.98943333,1617.00,,,,,,
7014,2017-12-31T03:52:37Z,-33.90678333,147.98953333,1613.00,,,,,,
7015,2017-12-31T03:52:38Z,-33.90696667,147.98963333,1609.00,,,,,,
7016,2017-12-31T03:52:39Z,-33.90716667,147.98971667,1605.00,,,,,,
7017,2017-12-31T03:52:40Z,-33.90736667,147.98978333,1603.00,,,,,,
7018,2017-12-31T03:52:41Z,-33.90756667,147.98985000,1602.00,,,,,,
7019,2017-12-31T03:52:42Z,-33.90776667,147.98993333,1600.00,,,,,,
7020,2017-12-31T03:52:43Z,-33.90796667,147.99001667,1596.00,,,,,,
7021,2017-12-31T03:52:44Z,-33.90818333,147.99010000,1590.00,,,,,,
7022,2017-12-31T03:52:45Z,-33.90838333,147.99016667,1587.00,,,,,,
7023,2017-12-31T03:52:46Z,-33.90858333,147.99026667,1586.00,,,,,,
7024,2017-12-31T03:52:47Z,-33.90880000,147.99036667,1585.00,,,,,,
7025,2017-12-31T03:52:48Z,-33.90898333,147.99045000,1584.00,,,,,,
7026,2017-12-31T03:52:49Z,-33.90918333,147.99055000,1581.00,,,,,,
7027,2017-12-31T03:52:50Z,-33.90938333,147.99061667,1576.00,,,,,,
7028,2017-12-31T03:52:51Z,-33.90956667,147.99070000,1571.00,,,,,,
7029,2017-12-31T03:52:52Z,-33.90978333,147.99076667,1567.00,,,,,,
7030,2017-12-31T03:52:53Z,-33.91000000,147.99083333,1564.00,,,,,,
7031,2017-12-31T03:52:54Z,-33.91020000,147.99090000,1562.00,,,,,,
7032,2017-12-31T03:52:55Z,-33.91041667,147.99096667,1560.00,,,,,,
7033,2017-12-31T03:52:56Z,-33.91063333,147.99105000,1556.00,,,,,,
7034,2017-12-31T03:52:57Z,-33.91083333,147.99115000,1554.00,,,,,,
7035,2017-12-31T03:52:58Z,-33.91105000,147.99123333,1551.00,,,,,,
7036,2017-12-31T03:52:59Z,-33.91126667,147.99133333,1548.00,,,,,,
7037,2017-12-31T03:53:00Z,-33.91146667,147.99143333,1547.00,,,,,,
7038,2017-12-31T03:53:01Z,-33.91166667,147.99151667,1545.00,,,,,,
7039,2017-12-31T03:53:02Z,-33.91186667,147.99161667,1544.00,,,,,,
7040,2017-12-31T03:53:03Z,-33.91206667,147.99170000,1541.00,,,,,,
7041,2017-12-31T03:53:04Z,-33.91226667,147.99180000,1537.00,,,,,,
7042,2017-12-31T03:53:05Z,-33.91246667,147.99188333,1535.00,,,,,,
7043,2017-12-31T03:53:06Z,-33.91266667,147.99196667,1534.00,,,,,,
7044,2017-12-31T03:53:07Z,-33.91286667,147.99206667,1534.00,,,,,,
7045,2017-12-31T03:53:08Z,-33.91306667,147.99215000,1534.00,,,,,,
7046,2017-12-31T03:53:09Z,-33.91326667,147.99221667,1534.00,,,,,,
7047,2017-12-31T03:53:10Z,-33.91343333,147.99228333,1534.00,,,,,,
7048,2017-12-31T03:53:11Z,-33.91360000,147.99235000,1532.00,,,,,,
7049,2017-12-31T03:53:12Z,-33.91376667,147.99241667,1529.00,,,,,,
7050,2017-12-31T03:53:13Z,-33.91393333,147.99250000,1525.00,,,,,,
7051,2017-12-31T03:53:14Z,-33.91410000,147.99256667,1522.00,,,,,,
7052,2017-12-31T03:53:15Z,-33.91428333,147.99265000,1519.00,,,,,,
7053,2017-12-31T03:53:16Z,-33.91446667,147.99271667,1516.00,,,,,,
7054,2017-12-31T03:53:17Z,-33.91465000,147.99280000,1514.00,,,,,,
7055,2017-12-31T03:53:18Z,-33.91483333,147.99288333,1513.00,,,,,,
7056,2017-12-31T03:53:19Z,-33.91501667,147.99296667,1511.00,,,,,,
7057,2017-12-31T03:53:20Z,-33.91520000,147.99305000,1509.00,,,,,,
7058,2017-12-31T03:53:21Z,-33.91538333,147.99311667,1507.00,,,,,,
7059,2017-12-31T03:53:22Z,-33.91558333,147.99320000,1506.00,,,,,,
7060,2017-12-31T03:53:23Z,-33.91578333,147.99326667,1505.00,,,,,,
7061,2017-12-31T03:53:24Z,-33.91596667,147.99333333,1503.00,,,,,,
7062,2017-12-31T03:53:25Z,-33.91615000,147.99340000,1503.00,,,,,,
7063,2017-12-31T03:53:26Z,-33.91631667,147.99346667,1503.00,,,,,,
7064,2017-12-31T03:53:27Z,-33.91650000,147.99351667,1502.00,,,,,,
7065,2017-12-31T03:53:28Z,-33.91668333,147.99356667,1500.00,,,,,,
7066,2017-12-31T03:53:29Z,-33.91685000,147.99361667,1497.00,,,,,,
7067,2017-12-31T03:53:30Z,-33.91703333,147.99368333,1495.00,,,,,,
7068,2017-12-31T03:53:31Z,-33.91721667,147.99373333,1493.00,,,,,,
7069,2017-12-31T03:53:32Z,-33.91741667,147.99380000,1491.00,,,,,,
7070,2017-12-31T03:53:33Z,-33.91760000,147.99388333,1486.00,,,,,,
7071,2017-12-31T03:53:34Z,-33.91778333,147.99396667,1481.00,,,,,,
7072,2017-12-31T03:53:35Z,-33.91798333,147.99405000,1478.00,,,,,,
7073,2017-12-31T03:53:36Z,-33.91820000,147.99415000,1476.00,,,,,,
7074,2017-12-31T03:53:37Z,-33.91840000,147.99425000,1472.00,,,,,,
7075,2017-12-31T03:53:38Z,-33.91861667,147.99435000,1471.00,,,,,,
7076,2017-12-31T03:53:39Z,-33.91881667,147.99445000,1471.00,,,,,,
7077,2017-12-31T03:53:40Z,-33.91901667,147.99455000,1470.00,,,,,,
7078,2017-12-31T03:53:41Z,-33.91921667,147.99465000,1467.00,,,,,,
7079,2017-12-31T03:53:42Z,-33.91940000,147.99473333,1465.00,,,,,,
7080,2017-12-31T03:53:43Z,-33.91960000,147.99481667,1461.00,,,,,,
7081,2017-12-31T03:53:44Z,-33.91976667,147.99490000,1455.00,,,,,,
7082,2017-12-31T03:53:45Z,-33.91996667,147.99496667,1451.00,,,,,,
7083,2017-12-31T03:53:46Z,-33.92016667,147.99506667,1447.00,,,,,,
7084,2017-12-31T03:53:47Z,-33.92035000,147.99516667,1443.00,,,,,,
7085,2017-12-31T03:53:48Z,-33.92055000,147.99526667,1440.00,,,,,,
7086,2017-12-31T03:53:49Z,-33.92075000,147.99536667,1437.00,,,,,,
7087,2017-12-31T03:53:50Z,-33.92095000,147.99546667,1436.00,,,,,,
7088,2017-12-31T03:53:51Z,-33.92115000,147.99556667,1434.00,,,,,,
7089,2017-12-31T03:53:52Z,-33.92135000,147.99565000,1432.00,,,,,,
7090,2017-12-31T03:53:53Z,-33.92155000,147.99573333,1427.00,,,,,,
7091,2017-12-31T03:53:54Z,-33.92175000,147.99581667,1421.00,,,,,,
7092,2017-12-31T03:53:55Z,-33.92196667,147.99588333,1418.00,,,,,,
7093,2017-12-31T03:53:56Z,-33.92216667,147.99596667,1415.00,,,,,,
7094,2017-12-31T03:53:57Z,-33.92238333,147.99605000,1415.00,,,,,,
7095,2017-12-31T03:53:58Z,-33.92260000,147.99615000,1413.00,,,,,,
7096,2017-12-31T03:53:59Z,-33.92280000,147.99621667,1409.00,,,,,,
7097,2017-12-31T03:54:00Z,-33.92300000,147.99626667,1408.00,,,,,,
7098,2017-12-31T03:54:01Z,-33.92320000,147.99633333,1406.00,,,,,,
7099,2017-12-31T03:54:02Z,-33.92340000,147.99641667,1401.00,,,,,,
7100,2017-12-31T03:54:03Z,-33.92358333,147.99650000,1398.00,,,,,,
7101,2017-12-31T03:54:04Z,-33.92378333,147.99661667,1395.00,,,,,,
7102,2017-12-31T03:54:05Z,-33.92396667,147.99671667,1394.00,,,,,,
7103,2017-12-31T03:54:06Z,-33.92415000,147.99683333,1393.00,,,,,,
7104,2017-12-31T03:54:07Z,-33.92433333,147.99695000,1390.00,,,,,,
7105,2017-12-31T03:54:08Z,-33.92451667,147.99706667,1389.00,,,,,,
7106,2017-12-31T03:54:09Z,-33.92471667,147.99716667,1388.00,,,,,,
7107,2017-12-31T03:54:10Z,-33.92490000,147.99726667,1387.00,,,,,,
7108,2017-12-31T03:54:11Z,-33.92508333,147.99736667,1383.00,,,,,,
7109,2017-12-31T03:54:12Z,-33.92526667,147.99745000,1380.00,,,,,,
7110,2017-12-31T03:54:13Z,-33.92545000,147.99755000,1378.00,,,,,,
7111,2017-12-31T03:54:14Z,-33.92565000,147.99763333,1376.00,,,,,,
7112,2017-12-31T03:54:15Z,-33.92583333,147.99770000,1376.00,,,,,,
7113,2017-12-31T03:54:16Z,-33.92603333,147.99778333,1372.00,,,,,,
7114,2017-12-31T03:54:17Z,-33.92623333,147.99785000,1365.00,,,,,,
7115,2017-12-31T03:54:18Z,-33.92643333,147.99791667,1362.00,,,,,,
7116,2017-12-31T03:54:19Z,-33.92663333,147.99800000,1359.00,,,,,,
7117,2017-12-31T03:54:20Z,-33.92685000,147.99806667,1358.00,,,,,,
7118,2017-12-31T03:54:21Z,-33.92706667,147.99815000,1357.00,,,,,,
7119,2017-12-31T03:54:22Z,-33.92728333,147.99825000,1355.00,,,,,,
7120,2017-12-31T03:54:23Z,-33.92748333,147.99833333,1355.00,,,,,,
7121,2017-12-31T03:54:24Z,-33.92768333,147.99845000,1352.00,,,,,,
7122,2017-12-31T03:54:25Z,-33.92786667,147.99855000,1349.00,,,,,,
7123,2017-12-31T03:54:26Z,-33.92805000,147.99865000,1345.00,,,,,,
7124,2017-12-31T03:54:27Z,-33.92823333,147.99876667,1341.00,,,,,,
7125,2017-12-31T03:54:28Z,-33.92840000,147.99888333,1338.00,,,,,,
7126,2017-12-31T03:54:29Z,-33.92860000,147.99900000,1334.00,,,,,,
7127,2017-12-31T03:54:30Z,-33.92878333,147.99910000,1331.00,,,,,,
7128,2017-12-31T03:54:31Z,-33.92896667,147.99923333,1329.00,,,,,,
7129,2017-12-31T03:54:32Z,-33.92916667,147.99935000,1328.00,,,,,,
7130,2017-12-31T03:54:33Z,-33.92935000,147.99948333,1326.00,,,,,,
7131,2017-12-31T03:54:34Z,-33.92953333,147.99961667,1323.00,,,,,,
7132,2017-12-31T03:54:35Z,-33.92971667,147.99975000,1321.00,,,,,,
7133,2017-12-31T03:54:36Z,-33.92990000,147.99990000,1321.00,,,,,,
7134,2017-12-31T03:54:37Z,-33.93008333,148.00005000,1320.00,,,,,,
7135,2017-12-31T03:54:38Z,-33.93025000,148.00020000,1316.00,,,,,,
7136,2017-12-31T03:54:39Z,-33.93043333,148.00033333,1313.00,,,,,,
7137,2017-12-31T03:54:40Z,-33.93060000,148.00043333,1312.00,,,,,,
7138,2017-12-31T03:54:41Z,-33.93076667,148.00055000,1313.00,,,,,,
7139,2017-12-31T03:54:42Z,-33.93095000,148.00066667,1314.00,,,,,,
7140,2017-12-31T03:54:43Z,-33.93111667,148.00078333,1311.00,,,,,,
7141,2017-12-31T03:54:44Z,-33.93128333,148.00090000,1308.00,,,,,,
7142,2017-12-31T03:54:45Z,-33.93146667,148.00103333,1306.00,,,,,,
7143,2017-12-31T03:54:46Z,-33.93165000,148.00116667,1305.00,,,,,,
7144,2017-12-31T03:54:47Z,-33.93183333,148.00130000,1305.00,,,,,,
7145,2017-12-31T03:54:48Z,-33.93201667,148.00141667,1304.00,,,,,,
7146,2017-12-31T03:54:49Z,-33.93220000,148.00153333,1302.00,,,,,,
7147,2017-12-31T03:54:50Z,-33.93238333,148.00165000,1300.00,,,,,,
7148,2017-12-31T03:54:51Z,-33.93256667,148.00178333,1299.00,,,,,,
7149,2017-12-31T03:54:52Z,-33.93275000,148.00191667,1301.00,,,,,,
7150,2017-12-31T03:54:53Z,-33.93296667,148.00203333,1305.00,,,,,,
7151,2017-12-31T03:54:54Z,-33.93318333,148.00215000,1306.00,,,,,,
7152,2017-12-31T03:54:55Z,-33.93335000,148.00225000,1303.00,,,,,,
7153,2017-12-31T03:54:56Z,-33.93350000,148.00236667,1300.00,,,,,,
7154,2017-12-31T03:54:57Z,-33.93366667,148.00248333,1299.00,,,,,,
7155,2017-12-31T03:54:58Z,-33.93381667,148.00260000,1298.00,,,,,,
7156,2017-12-31T03:54:59Z,-33.93396667,148.00271667,1297.00,,,,,,
7157,2017-12-31T03:55:00Z,-33.93408333,148.00281667,1295.00,,,,,,
7158,2017-12-31T03:55:01Z,-33.93421667,148.00293333,1293.00,,,,,,
7159,2017-12-31T03:55:02Z,-33.93435000,148.00306667,1292.00,,,,,,
7160,2017-12-31T03:55:03Z,-33.93448333,148.00320000,1291.00,,,,,,
7161,2017-12-31T03:55:04Z,-33.93461667,148.00333333,1288.00,,,,,,
7162,2017-12-31T03:55:05Z,-33.93475000,148.00346667,1285.00,,,,,,
7163,2017-12-31T03:55:06Z,-33.93488333,148.00358333,1281.00,,,,,,
7164,2017-12-31T03:55:07Z,-33.93505000,148.00370000,1277.00,,,,,,
7165,2017-12-31T03:55:08Z,-33.93520000,148.00381667,1275.00,,,,,,
7166,2017-12-31T03:55:09Z,-33.93538333,148.00391667,1272.00,,,,,,
7167,2017-12-31T03:55:10Z,-33.93556667,148.00400000,1269.00,,,,,,
7168,2017-12-31T03:55:11Z,-33.93575000,148.00410000,1266.00,,,,,,
7169,2017-12-31T03:55:12Z,-33.93593333,148.00420000,1265.00,,,,,,
7170,2017-12-31T03:55:13Z,-33.93610000,148.00430000,1266.00,,,,,,
7171,2017-12-31T03:55:14Z,-33.93626667,148.00441667,1263.00,,,,,,
7172,2017-12-31T03:55:15Z,-33.93641667,148.00450000,1261.00,,,,,,
7173,2017-12-31T03:55:16Z,-33.93656667,148.00460000,1258.00,,,,,,
7174,2017-12-31T03:55:17Z,-33.93670000,148.00471667,1255.00,,,,,,
7175,2017-12-31T03:55:18Z,-33.93686667,148.00483333,1251.00,,,,,,
7176,2017-12-31T03:55:19Z,-33.93701667,148.00495000,1248.00,,,,,,
7177,2017-12-31T03:55:20Z,-33.93720000,148.00503333,1246.00,,,,,,
7178,2017-12-31T03:55:21Z,-33.93738333,148.00513333,1245.00,,,,,,
7179,2017-12-31T03:55:22Z,-33.93755000,148.00523333,1245.00,,,,,,
7180,2017-12-31T03:55:23Z,-33.93773333,148.00533333,1244.00,,,,,,
7181,2017-12-31T03:55:24Z,-33.93791667,148.00541667,1243.00,,,,,,
7182,2017-12-31T03:55:25Z,-33.93810000,148.00550000,1240.00,,,,,,
7183,2017-12-31T03:55:26Z,-33.93826667,148.00558333,1236.00,,,,,,
7184,2017-12-31T03:55:27Z,-33.93845000,148.00566667,1234.00,,,,,,
7185,2017-12-31T03:55:28Z,-33.93863333,148.00575000,1234.00,,,,,,
7186,2017-12-31T03:55:29Z,-33.93880000,148.00583333,1232.00,,,,,,
7187,2017-12-31T03:55:30Z,-33.93898333,148.00590000,1229.00,,,,,,
7188,2017-12-31T03:55:31Z,-33.93915000,148.00598333,1226.00,,,,,,
7189,2017-12-31T03:55:32Z,-33.93933333,148.00606667,1225.00,,,,,,
7190,2017-12-31T03:55:33Z,-33.93950000,148.00616667,1223.00,,,,,,
7191,2017-12-31T03:55:34Z,-33.93966667,148.00625000,1222.00,,,,,,
7192,2017-12-31T03:55:35Z,-33.93983333,148.00631667,1220.00,,,,,,
7193,2017-12-31T03:55:36Z,-33.94000000,148.00638333,1218.00,,,,,,
7194,2017-12-31T03:55:37Z,-33.94018333,148.00648333,1219.00,,,,,,
7195,2017-12-31T03:55:38Z,-33.94035000,148.00661667,1222.00,,,,,,
7196,2017-12-31T03:55:39Z,-33.94053333,148.00678333,1224.00,,,,,,
7197,2017-12-31T03:55:40Z,-33.94071667,148.00696667,1227.00,,,,,,
7198,2017-12-31T03:55:41Z,-33.94085000,148.00718333,1234.00,,,,,,
7199,2017-12-31T03:55:42Z,-33.94090000,148.00741667,1241.00,,,,,,
7200,2017-12-31T03:55:43Z,-33.94090000,148.00761667,1243.00,,,,,,
7201,2017-12-31T03:55:44Z,-33.94075000,148.00776667,1239.00,,,,,,
7202,2017-12-31T03:55:45Z,-33.94056667,148.00786667,1235.00,,,,,,
7203,2017-12-31T03:55:46Z,-33.94043333,148.00790000,1229.00,,,,,,
7204,2017-12-31T03:55:47Z,-33.94031667,148.00785000,1225.00,,,,,,
7205,2017-12-31T03:55:48Z,-33.94021667,148.00776667,1223.00,,,,,,
7206,2017-12-31T03:55:49Z,-33.94013333,148.00766667,1221.00,,,,,,
7207,2017-12-31T03:55:50Z,-33.94006667,148.00753333,1219.00,,,,,,
7208,2017-12-31T03:55:51Z,-33.94003333,148.00740000,1216.00,,,,,,
7209,2017-12-31T03:55:52Z,-33.94003333,148.00726667,1213.00,,,,,,
7210,2017-12-31T03:55:53Z,-33.94008333,148.00713333,1211.00,,,,,,
7211,2017-12-31T03:55:54Z,-33.94013333,148.00701667,1210.00,,,,,,
7212,2017-12-31T03:55:55Z,-33.94020000,148.00695000,1210.00,,,,,,
7213,2017-12-31T03:55:56Z,-33.94030000,148.00683333,1211.00,,,,,,
7214,2017-12-31T03:55:57Z,-33.94043333,148.00676667,1213.00,,,,,,
7215,2017-12-31T03:55:58Z,-33.94056667,148.00670000,1215.00,,,,,,
7216,2017-12-31T03:55:59Z,-33.94075000,148.00670000,1216.00,,,,,,
7217,2017-12-31T03:56:00Z,-33.94091667,148.00675000,1217.00,,,,,,
7218,2017-12-31T03:56:01Z,-33.94106667,148.00678333,1217.00,,,,,,
7219,2017-12-31T03:56:02Z,-33.94123333,148.00685000,1217.00,,,,,,
7220,2017-12-31T03:56:03Z,-33.94138333,148.00693333,1218.00,,,,,,
7221,2017-12-31T03:56:04Z,-33.94151667,148.00710000,1217.00,,,,,,
7222,2017-12-31T03:56:05Z,-33.94160000,148.00730000,1218.00,,,,,,
7223,2017-12-31T03:56:06Z,-33.94170000,148.00751667,1219.00,,,,,,
7224,2017-12-31T03:56:07Z,-33.94176667,148.00775000,1221.00,,,,,,
7225,2017-12-31T03:56:08Z,-33.94181667,148.00798333,1225.00,,,,,,
7226,2017-12-31T03:56:09Z,-33.94185000,148.00821667,1233.00,,,,,,
7227,2017-12-31T03:56:10Z,-33.94190000,148.00846667,1234.00,,,,,,
7228,2017-12-31T03:56:11Z,-33.94195000,148.00866667,1231.00,,,,,,
7229,2017-12-31T03:56:12Z,-33.94205000,148.00883333,1230.00,,,,,,
7230,2017-12-31T03:56:13Z,-33.94216667,148.00891667,1231.00,,,,,,
7231,2017-12-31T03:56:14Z,-33.94228333,148.00895000,1233.00,,,,,,
7232,2017-12-31T03:56:15Z,-33.94240000,148.00891667,1233.00,,,,,,
7233,2017-12-31T03:56:16Z,-33.94250000,148.00886667,1232.00,,,,,,
7234,2017-12-31T03:56:17Z,-33.94260000,148.00880000,1234.00,,,,,,
7235,2017-12-31T03:56:18Z,-33.94266667,148.00871667,1233.00,,,,,,
7236,2017-12-31T03:56:19Z,-33.94268333,148.00863333,1231.00,,,,,,
7237,2017-12-31T03:56:20Z,-33.94246667,148.00851667,1231.00,,,,,,
7238,2017-12-31T03:56:21Z,-33.94235000,148.00846667,1235.00,,,,,,
7239,2017-12-31T03:56:22Z,-33.94225000,148.00850000,1241.00,,,,,,
7240,2017-12-31T03:56:23Z,-33.94211667,148.00856667,1248.00,,,,,,
7241,2017-12-31T03:56:24Z,-33.94201667,148.00866667,1252.00,,,,,,
7242,2017-12-31T03:56:25Z,-33.94195000,148.00876667,1252.00,,,,,,
7243,2017-12-31T03:56:26Z,-33.94188333,148.00891667,1253.00,,,,,,
7244,2017-12-31T03:56:27Z,-33.94186667,148.00911667,1249.00,,,,,,
7245,2017-12-31T03:56:28Z,-33.94191667,148.00928333,1247.00,,,,,,
7246,2017-12-31T03:56:29Z,-33.94205000,148.00941667,1251.00,,,,,,
7247,2017-12-31T03:56:30Z,-33.94220000,148.00950000,1255.00,,,,,,
7248,2017-12-31T03:56:31Z,-33.94235000,148.00955000,1258.00,,,,,,
7249,2017-12-31T03:56:32Z,-33.94248333,148.00956667,1260.00,,,,,,
7250,2017-12-31T03:56:33Z,-33.94260000,148.00956667,1261.00,,,,,,
7251,2017-12-31T03:56:34Z,-33.94270000,148.00953333,1258.00,,,,,,
7252,2017-12-31T03:56:35Z,-33.94278333,148.00950000,1252.00,,,,,,
7253,2017-12-31T03:56:36Z,-33.94286667,148.00943333,1250.00,,,,,,
7254,2017-12-31T03:56:37Z,-33.94288333,148.00931667,1255.00,,,,,,
7255,2017-12-31T03:56:38Z,-33.94288333,148.00916667,1264.00,,,,,,
7256,2017-12-31T03:56:39Z,-33.94288333,148.00901667,1268.00,,,,,,
7257,2017-12-31T03:56:40Z,-33.94285000,148.00888333,1266.00,,,,,,
7258,2017-12-31T03:56:41Z,-33.94281667,148.00878333,1267.00,,,,,,
7259,2017-12-31T03:56:42Z,-33.94276667,148.00871667,1271.00,,,,,,
7260,2017-12-31T03:56:43Z,-33.94265000,148.00878333,1271.00,,,,,,
7261,2017-12-31T03:56:44Z,-33.94253333,148.00883333,1270.00,,,,,,
7262,2017-12-31T03:56:45Z,-33.94241667,148.00891667,1273.00,,,,,,
7263,2017-12-31T03:56:46Z,-33.94231667,148.00903333,1276.00,,,,,,
7264,2017-12-31T03:56:47Z,-33.94225000,148.00916667,1276.00,,,,,,
7265,2017-12-31T03:56:48Z,-33.94220000,148.00931667,1274.00,,,,,,
7266,2017-12-31T03:56:49Z,-33.94231667,148.00961667,1272.00,,,,,,
7267,2017-12-31T03:56:50Z,-33.94248333,148.00980000,1273.00,,,,,,
7268,2017-12-31T03:56:51Z,-33.94263333,148.00995000,1280.00,,,,,,
7269,2017-12-31T03:56:52Z,-33.94276667,148.01006667,1284.00,,,,,,
7270,2017-12-31T03:56:53Z,-33.94291667,148.01018333,1283.00,,,,,,
7271,2017-12-31T03:56:54Z,-33.94305000,148.01023333,1284.00,,,,,,
7272,2017-12-31T03:56:55Z,-33.94316667,148.01025000,1286.00,,,,,,
7273,2017-12-31T03:56:56Z,-33.94330000,148.01023333,1287.00,,,,,,
7274,2017-12-31T03:56:57Z,-33.94341667,148.01016667,1287.00,,,,,,
7275,2017-12-31T03:56:58Z,-33.94351667,148.01011667,1286.00,,,,,,
7276,2017-12-31T03:56:59Z,-33.94358333,148.01005000,1288.00,,,,,,
7277,2017-12-31T03:57:00Z,-33.94360000,148.00995000,1292.00,,,,,,
7278,2017-12-31T03:57:01Z,-33.94360000,148.00988333,1295.00,,,,,,
7279,2017-12-31T03:57:02Z,-33.94355000,148.00980000,1298.00,,,,,,
7280,2017-12-31T03:57:03Z,-33.94351667,148.00973333,1301.00,,,,,,
7281,2017-12-31T03:57:04Z,-33.94345000,148.00968333,1297.00,,,,,,
7282,2017-12-31T03:57:05Z,-33.94335000,148.00966667,1296.00,,,,,,
7283,2017-12-31T03:57:06Z,-33.94325000,148.00971667,1298.00,,,,,,
7284,2017-12-31T03:57:07Z,-33.94320000,148.00988333,1299.00,,,,,,
7285,2017-12-31T03:57:08Z,-33.94315000,148.01005000,1299.00,,,,,,
7286,2017-12-31T03:57:09Z,-33.94313333,148.01023333,1298.00,,,,,,
7287,2017-12-31T03:57:10Z,-33.94315000,148.01045000,1299.00,,,,,,
7288,2017-12-31T03:57:11Z,-33.94320000,148.01065000,1297.00,,,,,,
7289,2017-12-31T03:57:12Z,-33.94330000,148.01081667,1297.00,,,,,,
7290,2017-12-31T03:57:13Z,-33.94345000,148.01093333,1298.00,,,,,,
7291,2017-12-31T03:57:14Z,-33.94360000,148.01100000,1302.00,,,,,,
7292,2017-12-31T03:57:15Z,-33.94371667,148.01103333,1304.00,,,,,,
7293,2017-12-31T03:57:16Z,-33.94385000,148.01103333,1303.00,,,,,,
7294,2017-12-31T03:57:17Z,-33.94396667,148.01103333,1300.00,,,,,,
7295,2017-12-31T03:57:18Z,-33.94408333,148.01101667,1299.00,,,,,,
7296,2017-12-31T03:57:19Z,-33.94420000,148.01096667,1301.00,,,,,,
7297,2017-12-31T03:57:20Z,-33.94430000,148.01088333,1304.00,,,,,,
7298,2017-12-31T03:57:21Z,-33.94438333,148.01080000,1306.00,,,,,,
7299,2017-12-31T03:57:22Z,-33.94446667,148.01073333,1305.00,,,,,,
7300,2017-12-31T03:57:23Z,-33.94456667,148.01065000,1302.00,,,,,,
7301,2017-12-31T03:57:24Z,-33.94465000,148.01056667,1300.00,,,,,,
7302,2017-12-31T03:57:25Z,-33.94471667,148.01043333,1302.00,,,,,,
7303,2017-12-31T03:57:26Z,-33.94480000,148.01031667,1304.00,,,,,,
7304,2017-12-31T03:57:27Z,-33.94485000,148.01018333,1305.00,,,,,,
7305,2017-12-31T03:57:28Z,-33.94488333,148.01006667,1304.00,,,,,,
7306,2017-12-31T03:57:29Z,-33.94486667,148.00996667,1300.00,,,,,,
7307,2017-12-31T03:57:30Z,-33.94476667,148.00983333,1297.00,,,,,,
7308,2017-12-31T03:57:31Z,-33.94466667,148.00975000,1298.00,,,,,,
7309,2017-12-31T03:57:32Z,-33.94456667,148.00966667,1299.00,,,,,,
7310,2017-12-31T03:57:33Z,-33.94446667,148.00958333,1300.00,,,,,,
7311,2017-12-31T03:57:34Z,-33.94435000,148.00953333,1303.00,,,,,,
7312,2017-12-31T03:57:35Z,-33.94423333,148.00950000,1305.00,,,,,,
7313,2017-12-31T03:57:36Z,-33.94411667,148.00948333,1309.00,,,,,,
7314,2017-12-31T03:57:37Z,-33.94398333,148.00946667,1310.00,,,,,,
7315,2017-12-31T03:57:38Z,-33.94385000,148.00946667,1311.00,,,,,,
7316,2017-12-31T03:57:39Z,-33.94371667,148.00948333,1315.00,,,,,,
7317,2017-12-31T03:57:40Z,-33.94361667,148.00950000,1318.00,,,,,,
7318,2017-12-31T03:57:41Z,-33.94350000,148.00948333,1322.00,,,,,,
7319,2017-12-31T03:57:42Z,-33.94343333,148.00941667,1322.00,,,,,,
7320,2017-12-31T03:57:43Z,-33.94341667,148.00931667,1323.00,,,,,,
7321,2017-12-31T03:57:44Z,-33.94346667,148.00918333,1324.00,,,,,,
7322,2017-12-31T03:57:45Z,-33.94355000,148.00906667,1325.00,,,,,,
7323,2017-12-31T03:57:46Z,-33.94366667,148.00901667,1327.00,,,,,,
7324,2017-12-31T03:57:47Z,-33.94381667,148.00901667,1330.00,,,,,,
7325,2017-12-31T03:57:48Z,-33.94396667,148.00908333,1332.00,,,,,,
7326,2017-12-31T03:57:49Z,-33.94410000,148.00916667,1333.00,,,,,,
7327,2017-12-31T03:57:50Z,-33.94421667,148.00931667,1333.00,,,,,,
7328,2017-12-31T03:57:51Z,-33.94430000,148.00948333,1334.00,,,,,,
7329,2017-12-31T03:57:52Z,-33.94433333,148.00966667,1336.00,,,,,,
7330,2017-12-31T03:57:53Z,-33.94431667,148.00985000,1336.00,,,,,,
7331,2017-12-31T03:57:54Z,-33.94425000,148.01000000,1336.00,,,,,,
7332,2017-12-31T03:57:55Z,-33.94415000,148.01011667,1339.00,,,,,,
7333,2017-12-31T03:57:56Z,-33.94401667,148.01018333,1343.00,,,,,,
7334,2017-12-31T03:57:57Z,-33.94390000,148.01023333,1346.00,,,,,,
7335,2017-12-31T03:57:58Z,-33.94378333,148.01025000,1349.00,,,,,,
7336,2017-12-31T03:57:59Z,-33.94368333,148.01025000,1353.00,,,,,,
7337,2017-12-31T03:58:00Z,-33.94358333,148.01021667,1355.00,,,,,,
7338,2017-12-31T03:58:01Z,-33.94355000,148.01011667,1358.00,,,,,,
7339,2017-12-31T03:58:02Z,-33.94353333,148.01000000,1357.00,,,,,,
7340,2017-12-31T03:58:03Z,-33.94356667,148.00986667,1357.00,,,,,,
7341,2017-12-31T03:58:04Z,-33.94366667,148.00976667,1359.00,,,,,,
7342,2017-12-31T03:58:05Z,-33.94381667,148.00971667,1361.00,,,,,,
7343,2017-12-31T03:58:06Z,-33.94396667,148.00971667,1363.00,,,,,,
7344,2017-12-31T03:58:07Z,-33.94411667,148.00980000,1365.00,,,,,,
7345,2017-12-31T03:58:08Z,-33.94420000,148.00995000,1367.00,,,,,,
7346,2017-12-31T03:58:09Z,-33.94423333,148.01013333,1370.00,,,,,,
7347,2017-12-31T03:58:10Z,-33.94421667,148.01030000,1372.00,,,,,,
7348,2017-12-31T03:58:11Z,-33.94416667,148.01045000,1374.00,,,,,,
7349,2017-12-31T03:58:12Z,-33.94408333,148.01056667,1376.00,,,,,,
7350,2017-12-31T03:58:13Z,-33.94398333,148.01063333,1379.00,,,,,,
7351,2017-12-31T03:58:14Z,-33.94388333,148.01068333,1383.00,,,,,,
7352,2017-12-31T03:58:15Z,-33.94381667,148.01063333,1385.00,,,,,,
7353,2017-12-31T03:58:16Z,-33.94373333,148.01060000,1388.00,,,,,,
7354,2017-12-31T03:58:17Z,-33.94370000,148.01050000,1389.00,,,,,,
7355,2017-12-31T03:58:18Z,-33.94370000,148.01036667,1390.00,,,,,,
7356,2017-12-31T03:58:19Z,-33.94373333,148.01021667,1393.00,,,,,,
7357,2017-12-31T03:58:20Z,-33.94388333,148.01010000,1397.00,,,,,,
7358,2017-12-31T03:58:21Z,-33.94401667,148.00998333,1399.00,,,,,,
7359,2017-12-31T03:58:22Z,-33.94413333,148.00990000,1403.00,,,,,,
7360,2017-12-31T03:58:23Z,-33.94430000,148.00991667,1406.00,,,,,,
7361,2017-12-31T03:58:24Z,-33.94445000,148.00998333,1409.00,,,,,,
7362,2017-12-31T03:58:25Z,-33.94453333,148.01013333,1410.00,,,,,,
7363,2017-12-31T03:58:26Z,-33.94458333,148.01030000,1412.00,,,,,,
7364,2017-12-31T03:58:27Z,-33.94456667,148.01048333,1413.00,,,,,,
7365,2017-12-31T03:58:28Z,-33.94450000,148.01061667,1415.00,,,,,,
7366,2017-12-31T03:58:29Z,-33.94440000,148.01071667,1418.00,,,,,,
7367,2017-12-31T03:58:30Z,-33.94430000,148.01075000,1421.00,,,,,,
7368,2017-12-31T03:58:31Z,-33.94420000,148.01076667,1427.00,,,,,,
7369,2017-12-31T03:58:32Z,-33.94416667,148.01065000,1431.00,,,,,,
7370,2017-12-31T03:58:33Z,-33.94416667,148.01053333,1434.00,,,,,,
7371,2017-12-31T03:58:34Z,-33.94421667,148.01040000,1436.00,,,,,,
7372,2017-12-31T03:58:35Z,-33.94433333,148.01031667,1438.00,,,,,,
7373,2017-12-31T03:58:36Z,-33.94448333,148.01026667,1441.00,,,,,,
7374,2017-12-31T03:58:37Z,-33.94463333,148.01028333,1445.00,,,,,,
7375,2017-12-31T03:58:38Z,-33.94476667,148.01036667,1446.00,,,,,,
7376,2017-12-31T03:58:39Z,-33.94485000,148.01051667,1447.00,,,,,,
7377,2017-12-31T03:58:40Z,-33.94490000,148.01070000,1447.00,,,,,,
7378,2017-12-31T03:58:41Z,-33.94490000,148.01088333,1449.00,,,,,,
7379,2017-12-31T03:58:42Z,-33.94486667,148.01106667,1451.00,,,,,,
7380,2017-12-31T03:58:43Z,-33.94480000,148.01120000,1453.00,,,,,,
7381,2017-12-31T03:58:44Z,-33.94471667,148.01128333,1459.00,,,,,,
7382,2017-12-31T03:58:45Z,-33.94461667,148.01131667,1463.00,,,,,,
7383,2017-12-31T03:58:46Z,-33.94453333,148.01133333,1468.00,,,,,,
7384,2017-12-31T03:58:47Z,-33.94445000,148.01133333,1470.00,,,,,,
7385,2017-12-31T03:58:48Z,-33.94438333,148.01131667,1472.00,,,,,,
7386,2017-12-31T03:58:49Z,-33.94433333,148.01126667,1472.00,,,,,,
7387,2017-12-31T03:58:50Z,-33.94436667,148.01108333,1471.00,,,,,,
7388,2017-12-31T03:58:51Z,-33.94440000,148.01096667,1472.00,,,,,,
7389,2017-12-31T03:58:52Z,-33.94440000,148.01083333,1476.00,,,,,,
7390,2017-12-31T03:58:53Z,-33.94448333,148.01068333,1481.00,,,,,,
7391,2017-12-31T03:58:54Z,-33.94458333,148.01055000,1487.00,,,,,,
7392,2017-12-31T03:58:55Z,-33.94486667,148.01053333,1488.00,,,,,,
7393,2017-12-31T03:58:56Z,-33.94501667,148.01056667,1488.00,,,,,,
7394,2017-12-31T03:58:57Z,-33.94515000,148.01071667,1487.00,,,,,,
7395,2017-12-31T03:58:58Z,-33.94526667,148.01090000,1488.00,,,,,,
7396,2017-12-31T03:58:59Z,-33.94530000,148.01110000,1490.00,,,,,,
7397,2017-12-31T03:59:00Z,-33.94531667,148.01128333,1492.00,,,,,,
7398,2017-12-31T03:59:01Z,-33.94528333,148.01146667,1496.00,,,,,,
7399,2017-12-31T03:59:02Z,-33.94525000,148.01163333,1499.00,,,,,,
7400,2017-12-31T03:59:03Z,-33.94520000,148.01178333,1501.00,,,,,,
7401,2017-12-31T03:59:04Z,-33.94513333,148.01188333,1503.00,,,,,,
7402,2017-12-31T03:59:05Z,-33.94506667,148.01193333,1505.00,,,,,,
7403,2017-12-31T03:59:06Z,-33.94500000,148.01195000,1508.00,,,,,,
7404,2017-12-31T03:59:07Z,-33.94491667,148.01195000,1512.00,,,,,,
7405,2017-12-31T03:59:08Z,-33.94490000,148.01183333,1515.00,,,,,,
7406,2017-12-31T03:59:09Z,-33.94491667,148.01170000,1516.00,,,,,,
7407,2017-12-31T03:59:10Z,-33.94496667,148.01156667,1518.00,,,,,,
7408,2017-12-31T03:59:11Z,-33.94505000,148.01143333,1520.00,,,,,,
7409,2017-12-31T03:59:12Z,-33.94518333,148.01131667,1521.00,,,,,,
7410,2017-12-31T03:59:13Z,-33.94531667,148.01126667,1523.00,,,,,,
7411,2017-12-31T03:59:14Z,-33.94548333,148.01130000,1526.00,,,,,,
7412,2017-12-31T03:59:15Z,-33.94558333,148.01140000,1529.00,,,,,,
7413,2017-12-31T03:59:16Z,-33.94568333,148.01153333,1531.00,,,,,,
7414,2017-12-31T03:59:17Z,-33.94571667,148.01166667,1529.00,,,,,,
7415,2017-12-31T03:59:18Z,-33.94573333,148.01181667,1526.00,,,,,,
7416,2017-12-31T03:59:19Z,-33.94568333,148.01198333,1526.00,,,,,,
7417,2017-12-31T03:59:20Z,-33.94561667,148.01211667,1529.00,,,,,,
7418,2017-12-31T03:59:21Z,-33.94551667,148.01221667,1534.00,,,,,,
7419,2017-12-31T03:59:22Z,-33.94541667,148.01225000,1538.00,,,,,,
7420,2017-12-31T03:59:23Z,-33.94531667,148.01225000,1540.00,,,,,,
7421,2017-12-31T03:59:24Z,-33.94525000,148.01220000,1542.00,,,,,,
7422,2017-12-31T03:59:25Z,-33.94520000,148.01211667,1544.00,,,,,,
7423,2017-12-31T03:59:26Z,-33.94516667,148.01203333,1545.00,,,,,,
7424,2017-12-31T03:59:27Z,-33.94518333,148.01193333,1544.00,,,,,,
7425,2017-12-31T03:59:28Z,-33.94520000,148.01181667,1542.00,,,,,,
7426,2017-12-31T03:59:29Z,-33.94525000,148.01171667,1538.00,,,,,,
7427,2017-12-31T03:59:30Z,-33.94531667,148.01158333,1540.00,,,,,,
7428,2017-12-31T03:59:31Z,-33.94541667,148.01146667,1547.00,,,,,,
7429,2017-12-31T03:59:32Z,-33.94553333,148.01135000,1552.00,,,,,,
7430,2017-12-31T03:59:33Z,-33.94565000,148.01125000,1556.00,,,,,,
7431,2017-12-31T03:59:34Z,-33.94578333,148.01116667,1560.00,,,,,,
7432,2017-12-31T03:59:35Z,-33.94608333,148.01121667,1561.00,,,,,,
7433,2017-12-31T03:59:36Z,-33.94623333,148.01125000,1563.00,,,,,,
7434,2017-12-31T03:59:37Z,-33.94636667,148.01133333,1565.00,,,,,,
7435,2017-12-31T03:59:38Z,-33.94645000,148.01148333,1566.00,,,,,,
7436,2017-12-31T03:59:39Z,-33.94651667,148.01165000,1566.00,,,,,,
7437,2017-12-31T03:59:40Z,-33.94650000,148.01183333,1566.00,,,,,,
7438,2017-12-31T03:59:41Z,-33.94646667,148.01201667,1569.00,,,,,,
7439,2017-12-31T03:59:42Z,-33.94638333,148.01216667,1571.00,,,,,,
7440,2017-12-31T03:59:43Z,-33.94631667,148.01228333,1572.00,,,,,,
7441,2017-12-31T03:59:44Z,-33.94623333,148.01238333,1573.00,,,,,,
7442,2017-12-31T03:59:45Z,-33.94621667,148.01250000,1574.00,,,,,,
7443,2017-12-31T03:59:46Z,-33.94613333,148.01255000,1576.00,,,,,,
7444,2017-12-31T03:59:47Z,-33.94606667,148.01258333,1580.00,,,,,,
7445,2017-12-31T03:59:48Z,-33.94598333,148.01251667,1582.00,,,,,,
7446,2017-12-31T03:59:49Z,-33.94591667,148.01243333,1585.00,,,,,,
7447,2017-12-31T03:59:50Z,-33.94588333,148.01228333,1583.00,,,,,,
7448,2017-12-31T03:59:51Z,-33.94585000,148.01216667,1581.00,,,,,,
7449,2017-12-31T03:59:52Z,-33.94586667,148.01201667,1581.00,,,,,,
7450,2017-12-31T03:59:53Z,-33.94593333,148.01188333,1584.00,,,,,,
7451,2017-12-31T03:59:54Z,-33.94608333,148.01178333,1591.00,,,,,,
7452,2017-12-31T03:59:55Z,-33.94620000,148.01173333,1594.00,,,,,,
7453,2017-12-31T03:59:56Z,-33.94635000,148.01173333,1597.00,,,,,,
7454,2017-12-31T03:59:57Z,-33.94646667,148.01180000,1598.00,,,,,,
7455,2017-12-31T03:59:58Z,-33.94658333,148.01191667,1597.00,,,,,,
7456,2017-12-31T03:59:59Z,-33.94665000,148.01206667,1595.00,,,,,,
7457,2017-12-31T04:00:00Z,-33.94670000,148.01225000,1595.00,,,,,,
7458,2017-12-31T04:00:01Z,-33.94671667,148.01243333,1597.00,,,,,,
7459,2017-12-31T04:00:02Z,-33.94668333,148.01261667,1602.00,,,,,,
7460,2017-12-31T04:00:03Z,-33.94661667,148.01275000,1607.00,,,,,,
7461,2017-12-31T04:00:04Z,-33.94655000,148.01285000,1610.00,,,,,,
7462,2017-12-31T04:00:05Z,-33.94648333,148.01291667,1612.00,,,,,,
7463,2017-12-31T04:00:06Z,-33.94641667,148.01296667,1612.00,,,,,,
7464,2017-12-31T04:00:07Z,-33.94635000,148.01298333,1612.00,,,,,,
7465,2017-12-31T04:00:08Z,-33.94626667,148.01298333,1611.00,,,,,,
7466,2017-12-31T04:00:09Z,-33.94621667,148.01295000,1611.00,,,,,,
7467,2017-12-31T04:00:10Z,-33.94621667,148.01285000,1612.00,,,,,,
7468,2017-12-31T04:00:11Z,-33.94623333,148.01275000,1613.00,,,,,,
7469,2017-12-31T04:00:12Z,-33.94626667,148.01263333,1615.00,,,,,,
7470,2017-12-31T04:00:13Z,-33.94631667,148.01253333,1615.00,,,,,,
7471,2017-12-31T04:00:14Z,-33.94638333,148.01241667,1614.00,,,,,,
7472,2017-12-31T04:00:15Z,-33.94651667,148.01233333,1614.00,,,,,,
7473,2017-12-31T04:00:16Z,-33.94663333,148.01226667,1615.00,,,,,,
7474,2017-12-31T04:00:17Z,-33.94675000,148.01221667,1618.00,,,,,,
7475,2017-12-31T04:00:18Z,-33.94691667,148.01226667,1621.00,,,,,,
7476,2017-12-31T04:00:19Z,-33.94701667,148.01236667,1622.00,,,,,,
7477,2017-12-31T04:00:20Z,-33.94711667,148.01251667,1621.00,,,,,,
7478,2017-12-31T04:00:21Z,-33.94718333,148.01268333,1620.00,,,,,,
7479,2017-12-31T04:00:22Z,-33.94721667,148.01288333,1619.00,,,,,,
7480,2017-12-31T04:00:23Z,-33.94723333,148.01306667,1622.00,,,,,,
7481,2017-12-31T04:00:24Z,-33.94718333,148.01326667,1625.00,,,,,,
7482,2017-12-31T04:00:25Z,-33.94715000,148.01343333,1627.00,,,,,,
7483,2017-12-31T04:00:26Z,-33.94710000,148.01358333,1629.00,,,,,,
7484,2017-12-31T04:00:27Z,-33.94705000,148.01370000,1631.00,,,,,,
7485,2017-12-31T04:00:28Z,-33.94698333,148.01376667,1631.00,,,,,,
7486,2017-12-31T04:00:29Z,-33.94690000,148.01383333,1632.00,,,,,,
7487,2017-12-31T04:00:30Z,-33.94681667,148.01386667,1632.00,,,,,,
7488,2017-12-31T04:00:31Z,-33.94673333,148.01390000,1632.00,,,,,,
7489,2017-12-31T04:00:32Z,-33.94665000,148.01393333,1632.00,,,,,,
7490,2017-12-31T04:00:33Z,-33.94658333,148.01395000,1631.00,,,,,,
7491,2017-12-31T04:00:34Z,-33.94650000,148.01393333,1630.00,,,,,,
7492,2017-12-31T04:00:35Z,-33.94643333,148.01385000,1630.00,,,,,,
7493,2017-12-31T04:00:36Z,-33.94636667,148.01380000,1628.00,,,,,,
7494,2017-12-31T04:00:37Z,-33.94631667,148.01371667,1625.00,,,,,,
7495,2017-12-31T04:00:38Z,-33.94630000,148.01360000,1622.00,,,,,,
7496,2017-12-31T04:00:39Z,-33.94628333,148.01348333,1622.00,,,,,,
7497,2017-12-31T04:00:40Z,-33.94636667,148.01333333,1624.00,,,,,,
7498,2017-12-31T04:00:41Z,-33.94646667,148.01318333,1629.00,,,,,,
7499,2017-12-31T04:00:42Z,-33.94655000,148.01305000,1633.00,,,,,,
7500,2017-12-31T04:00:43Z,-33.94663333,148.01293333,1635.00,,,,,,
7501,2017-12-31T04:00:44Z,-33.94671667,148.01280000,1637.00,,,,,,
7502,2017-12-31T04:00:45Z,-33.94680000,148.01268333,1638.00,,,,,,
7503,2017-12-31T04:00:46Z,-33.94685000,148.01255000,1639.00,,,,,,
7504,2017-12-31T04:00:47Z,-33.94690000,148.01241667,1642.00,,,,,,
7505,2017-12-31T04:00:48Z,-33.94690000,148.01228333,1643.00,,,,,,
7506,2017-12-31T04:00:49Z,-33.94685000,148.01216667,1644.00,,,,,,
7507,2017-12-31T04:00:50Z,-33.94673333,148.01210000,1646.00,,,,,,
7508,2017-12-31T04:00:51Z,-33.94663333,148.01208333,1649.00,,,,,,
7509,2017-12-31T04:00:52Z,-33.94651667,148.01210000,1651.00,,,,,,
7510,2017-12-31T04:00:53Z,-33.94641667,148.01216667,1654.00,,,,,,
7511,2017-12-31T04:00:54Z,-33.94633333,148.01225000,1653.00,,,,,,
7512,2017-12-31T04:00:55Z,-33.94628333,148.01235000,1650.00,,,,,,
7513,2017-12-31T04:00:56Z,-33.94623333,148.01243333,1645.00,,,,,,
7514,2017-12-31T04:00:57Z,-33.94623333,148.01260000,1643.00,,,,,,
7515,2017-12-31T04:00:58Z,-33.94623333,148.01278333,1642.00,,,,,,
7516,2017-12-31T04:00:59Z,-33.94626667,148.01298333,1645.00,,,,,,
7517,2017-12-31T04:01:00Z,-33.94635000,148.01318333,1645.00,,,,,,
7518,2017-12-31T04:01:01Z,-33.94645000,148.01336667,1647.00,,,,,,
7519,2017-12-31T04:01:02Z,-33.94656667,148.01350000,1649.00,,,,,,
7520,2017-12-31T04:01:03Z,-33.94671667,148.01360000,1651.00,,,,,,
7521,2017-12-31T04:01:04Z,-33.94686667,148.01368333,1652.00,,,,,,
7522,2017-12-31T04:01:05Z,-33.94703333,148.01376667,1651.00,,,,,,
7523,2017-12-31T04:01:06Z,-33.94718333,148.01380000,1649.00,,,,,,
7524,2017-12-31T04:01:07Z,-33.94735000,148.01378333,1648.00,,,,,,
7525,2017-12-31T04:01:08Z,-33.94750000,148.01373333,1649.00,,,,,,
7526,2017-12-31T04:01:09Z,-33.94765000,148.01363333,1654.00,,,,,,
7527,2017-12-31T04:01:10Z,-33.94773333,148.01355000,1657.00,,,,,,
7528,2017-12-31T04:01:11Z,-33.94783333,148.01345000,1662.00,,,,,,
7529,2017-12-31T04:01:12Z,-33.94793333,148.01335000,1665.00,,,,,,
7530,2017-12-31T04:01:13Z,-33.94801667,148.01323333,1669.00,,,,,,
7531,2017-12-31T04:01:14Z,-33.94806667,148.01313333,1671.00,,,,,,
7532,2017-12-31T04:01:15Z,-33.94810000,148.01301667,1673.00,,,,,,
7533,2017-12-31T04:01:16Z,-33.94810000,148.01291667,1673.00,,,,,,
7534,2017-12-31T04:01:17Z,-33.94806667,148.01283333,1672.00,,,,,,
7535,2017-12-31T04:01:18Z,-33.94800000,148.01276667,1672.00,,,,,,
7536,2017-12-31T04:01:19Z,-33.94790000,148.01276667,1674.00,,,,,,
7537,2017-12-31T04:01:20Z,-33.94776667,148.01278333,1675.00,,,,,,
7538,2017-12-31T04:01:21Z,-33.94765000,148.01285000,1676.00,,,,,,
7539,2017-12-31T04:01:22Z,-33.94753333,148.01293333,1677.00,,,,,,
7540,2017-12-31T04:01:23Z,-33.94751667,148.01310000,1676.00,,,,,,
7541,2017-12-31T04:01:24Z,-33.94753333,148.01326667,1681.00,,,,,,
7542,2017-12-31T04:01:25Z,-33.94758333,148.01341667,1685.00,,,,,,
7543,2017-12-31T04:01:26Z,-33.94768333,148.01355000,1690.00,,,,,,
7544,2017-12-31T04:01:27Z,-33.94778333,148.01365000,1692.00,,,,,,
7545,2017-12-31T04:01:28Z,-33.94788333,148.01375000,1694.00,,,,,,
7546,2017-12-31T04:01:29Z,-33.94801667,148.01378333,1694.00,,,,,,
7547,2017-12-31T04:01:30Z,-33.94815000,148.01380000,1696.00,,,,,,
7548,2017-12-31T04:01:31Z,-33.94828333,148.01376667,1700.00,,,,,,
7549,2017-12-31T04:01:32Z,-33.94840000,148.01370000,1704.00,,,,,,
7550,2017-12-31T04:01:33Z,-33.94851667,148.01363333,1706.00,,,,,,
7551,2017-12-31T04:01:34Z,-33.94861667,148.01355000,1706.00,,,,,,
7552,2017-12-31T04:01:35Z,-33.94866667,148.01345000,1705.00,,,,,,
7553,2017-12-31T04:01:36Z,-33.94868333,148.01335000,1701.00,,,,,,
7554,2017-12-31T04:01:37Z,-33.94866667,148.01326667,1699.00,,,,,,
7555,2017-12-31T04:01:38Z,-33.94863333,148.01318333,1700.00,,,,,,
7556,2017-12-31T04:01:39Z,-33.94856667,148.01310000,1702.00,,,,,,
7557,2017-12-31T04:01:40Z,-33.94846667,148.01298333,1702.00,,,,,,
7558,2017-12-31T04:01:41Z,-33.94840000,148.01293333,1702.00,,,,,,
7559,2017-12-31T04:01:42Z,-33.94831667,148.01290000,1701.00,,,,,,
7560,2017-12-31T04:01:43Z,-33.94821667,148.01290000,1701.00,,,,,,
7561,2017-12-31T04:01:44Z,-33.94810000,148.01296667,1699.00,,,,,,
7562,2017-12-31T04:01:45Z,-33.94805000,148.01310000,1700.00,,,,,,
7563,2017-12-31T04:01:46Z,-33.94803333,148.01326667,1703.00,,,,,,
7564,2017-12-31T04:01:47Z,-33.94805000,148.01345000,1705.00,,,,,,
7565,2017-12-31T04:01:48Z,-33.94811667,148.01360000,1709.00,,,,,,
7566,2017-12-31T04:01:49Z,-33.94820000,148.01373333,1710.00,,,,,,
7567,2017-12-31T04:01:50Z,-33.94830000,148.01385000,1710.00,,,,,,
7568,2017-12-31T04:01:51Z,-33.94840000,148.01395000,1711.00,,,,,,
7569,2017-12-31T04:01:52Z,-33.94853333,148.01403333,1713.00,,,,,,
7570,2017-12-31T04:01:53Z,-33.94868333,148.01410000,1717.00,,,,,,
7571,2017-12-31T04:01:54Z,-33.94883333,148.01413333,1718.00,,,,,,
7572,2017-12-31T04:01:55Z,-33.94901667,148.01415000,1718.00,,,,,,
7573,2017-12-31T04:01:56Z,-33.94915000,148.01416667,1718.00,,,,,,
7574,2017-12-31T04:01:57Z,-33.94928333,148.01416667,1715.00,,,,,,
7575,2017-12-31T04:01:58Z,-33.94940000,148.01415000,1711.00,,,,,,
7576,2017-12-31T04:01:59Z,-33.94951667,148.01411667,1710.00,,,,,,
7577,2017-12-31T04:02:00Z,-33.94965000,148.01401667,1712.00,,,,,,
7578,2017-12-31T04:02:01Z,-33.94976667,148.01393333,1714.00,,,,,,
7579,2017-12-31T04:02:02Z,-33.94988333,148.01383333,1716.00,,,,,,
7580,2017-12-31T04:02:03Z,-33.95001667,148.01375000,1716.00,,,,,,
7581,2017-12-31T04:02:04Z,-33.95013333,148.01368333,1715.00,,,,,,
7582,2017-12-31T04:02:05Z,-33.95028333,148.01363333,1713.00,,,,,,
7583,2017-12-31T04:02:06Z,-33.95043333,148.01361667,1712.00,,,,,,
7584,2017-12-31T04:02:07Z,-33.95056667,148.01360000,1712.00,,,,,,
7585,2017-12-31T04:02:08Z,-33.95073333,148.01361667,1712.00,,,,,,
7586,2017-12-31T04:02:09Z,-33.95088333,148.01365000,1712.00,,,,,,
7587,2017-12-31T04:02:10Z,-33.95106667,148.01370000,1711.00,,,,,,
7588,2017-12-31T04:02:11Z,-33.95121667,148.01376667,1707.00,,,,,,
7589,2017-12-31T04:02:12Z,-33.95136667,148.01385000,1702.00,,,,,,
7590,2017-12-31T04:02:13Z,-33.95151667,148.01391667,1699.00,,,,,,
7591,2017-12-31T04:02:14Z,-33.95168333,148.01400000,1696.00,,,,,,
7592,2017-12-31T04:02:15Z,-33.95183333,148.01410000,1693.00,,,,,,
7593,2017-12-31T04:02:16Z,-33.95200000,148.01420000,1689.00,,,,,,
7594,2017-12-31T04:02:17Z,-33.95215000,148.01430000,1687.00,,,,,,
7595,2017-12-31T04:02:18Z,-33.95233333,148.01440000,1686.00,,,,,,
7596,2017-12-31T04:02:19Z,-33.95250000,148.01448333,1684.00,,,,,,
7597,2017-12-31T04:02:20Z,-33.95266667,148.01460000,1682.00,,,,,,
7598,2017-12-31T04:02:21Z,-33.95283333,148.01470000,1680.00,,,,,,
7599,2017-12-31T04:02:22Z,-33.95300000,148.01481667,1679.00,,,,,,
7600,2017-12-31T04:02:23Z,-33.95315000,148.01493333,1679.00,,,,,,
7601,2017-12-31T04:02:24Z,-33.95331667,148.01505000,1676.00,,,,,,
7602,2017-12-31T04:02:25Z,-33.95348333,148.01521667,1672.00,,,,,,
7603,2017-12-31T04:02:26Z,-33.95363333,148.01535000,1669.00,,,,,,
7604,2017-12-31T04:02:27Z,-33.95380000,148.01548333,1666.00,,,,,,
7605,2017-12-31T04:02:28Z,-33.95396667,148.01561667,1663.00,,,,,,
7606,2017-12-31T04:02:29Z,-33.95413333,148.01575000,1659.00,,,,,,
7607,2017-12-31T04:02:30Z,-33.95433333,148.01586667,1656.00,,,,,,
7608,2017-12-31T04:02:31Z,-33.95451667,148.01600000,1652.00,,,,,,
7609,2017-12-31T04:02:32Z,-33.95470000,148.01613333,1648.00,,,,,,
7610,2017-12-31T04:02:33Z,-33.95488333,148.01626667,1645.00,,,,,,
7611,2017-12-31T04:02:34Z,-33.95506667,148.01641667,1647.00,,,,,,
7612,2017-12-31T04:02:35Z,-33.95526667,148.01656667,1646.00,,,,,,
7613,2017-12-31T04:02:36Z,-33.95543333,148.01671667,1643.00,,,,,,
7614,2017-12-31T04:02:37Z,-33.95560000,148.01686667,1640.00,,,,,,
7615,2017-12-31T04:02:38Z,-33.95576667,148.01703333,1638.00,,,,,,
7616,2017-12-31T04:02:39Z,-33.95591667,148.01718333,1636.00,,,,,,
7617,2017-12-31T04:02:40Z,-33.95608333,148.01731667,1635.00,,,,,,
7618,2017-12-31T04:02:41Z,-33.95623333,148.01745000,1635.00,,,,,,
7619,2017-12-31T04:02:42Z,-33.95638333,148.01758333,1633.00,,,,,,
7620,2017-12-31T04:02:43Z,-33.95653333,148.01770000,1633.00,,,,,,
7621,2017-12-31T04:02:44Z,-33.95670000,148.01783333,1628.00,,,,,,
7622,2017-12-31T04:02:45Z,-33.95686667,148.01796667,1624.00,,,,,,
7623,2017-12-31T04:02:46Z,-33.95703333,148.01810000,1620.00,,,,,,
7624,2017-12-31T04:02:47Z,-33.95720000,148.01823333,1618.00,,,,,,
7625,2017-12-31T04:02:48Z,-33.95736667,148.01836667,1616.00,,,,,,
7626,2017-12-31T04:02:49Z,-33.95753333,148.01851667,1613.00,,,,,,
7627,2017-12-31T04:02:50Z,-33.95770000,148.01866667,1610.00,,,,,,
7628,2017-12-31T04:02:51Z,-33.95786667,148.01881667,1607.00,,,,,,
7629,2017-12-31T04:02:52Z,-33.95803333,148.01895000,1604.00,,,,,,
7630,2017-12-31T04:02:53Z,-33.95818333,148.01911667,1602.00,,,,,,
7631,2017-12-31T04:02:54Z,-33.95833333,148.01926667,1600.00,,,,,,
7632,2017-12-31T04:02:55Z,-33.95850000,148.01941667,1598.00,,,,,,
7633,2017-12-31T04:02:56Z,-33.95863333,148.01956667,1596.00,,,,,,
7634,2017-12-31T04:02:57Z,-33.95878333,148.01971667,1596.00,,,,,,
7635,2017-12-31T04:02:58Z,-33.95893333,148.01985000,1595.00,,,,,,
7636,2017-12-31T04:02:59Z,-33.95906667,148.01996667,1592.00,,,,,,
7637,2017-12-31T04:03:00Z,-33.95920000,148.02010000,1589.00,,,,,,
7638,2017-12-31T04:03:01Z,-33.95933333,148.02023333,1585.00,,,,,,
7639,2017-12-31T04:03:02Z,-33.95946667,148.02035000,1584.00,,,,,,
7640,2017-12-31T04:03:03Z,-33.95960000,148.02046667,1582.00,,,,,,
7641,2017-12-31T04:03:04Z,-33.95973333,148.02060000,1578.00,,,,,,
7642,2017-12-31T04:03:05Z,-33.95990000,148.02071667,1574.00,,,,,,
7643,2017-12-31T04:03:06Z,-33.96003333,148.02086667,1570.00,,,,,,
7644,2017-12-31T04:03:07Z,-33.96018333,148.02100000,1565.00,,,,,,
7645,2017-12-31T04:03:08Z,-33.96031667,148.02115000,1561.00,,,,,,
7646,2017-12-31T04:03:09Z,-33.96048333,148.02130000,1559.00,,,,,,
7647,2017-12-31T04:03:10Z,-33.96063333,148.02145000,1559.00,,,,,,
7648,2017-12-31T04:03:11Z,-33.96078333,148.02161667,1557.00,,,,,,
7649,2017-12-31T04:03:12Z,-33.96093333,148.02178333,1555.00,,,,,,
7650,2017-12-31T04:03:13Z,-33.96108333,148.02195000,1550.00,,,,,,
7651,2017-12-31T04:03:14Z,-33.96123333,148.02213333,1544.00,,,,,,
7652,2017-12-31T04:03:15Z,-33.96138333,148.02230000,1536.00,,,,,,
7653,2017-12-31T04:03:16Z,-33.96151667,148.02250000,1531.00,,,,,,
7654,2017-12-31T04:03:17Z,-33.96165000,148.02271667,1530.00,,,,,,
7655,2017-12-31T04:03:18Z,-33.96176667,148.02291667,1532.00,,,,,,
7656,2017-12-31T04:03:19Z,-33.96190000,148.02313333,1537.00,,,,,,
7657,2017-12-31T04:03:20Z,-33.96196667,148.02331667,1540.00,,,,,,
7658,2017-12-31T04:03:21Z,-33.96206667,148.02351667,1537.00,,,,,,
7659,2017-12-31T04:03:22Z,-33.96220000,148.02368333,1532.00,,,,,,
7660,2017-12-31T04:03:23Z,-33.96231667,148.02381667,1534.00,,,,,,
7661,2017-12-31T04:03:24Z,-33.96245000,148.02396667,1539.00,,,,,,
7662,2017-12-31T04:03:25Z,-33.96258333,148.02410000,1542.00,,,,,,
7663,2017-12-31T04:03:26Z,-33.96271667,148.02423333,1546.00,,,,,,
7664,2017-12-31T04:03:27Z,-33.96283333,148.02436667,1547.00,,,,,,
7665,2017-12-31T04:03:28Z,-33.96295000,148.02451667,1549.00,,,,,,
7666,2017-12-31T04:03:29Z,-33.96306667,148.02466667,1553.00,,,,,,
7667,2017-12-31T04:03:30Z,-33.96316667,148.02483333,1555.00,,,,,,
7668,2017-12-31T04:03:31Z,-33.96326667,148.02500000,1558.00,,,,,,
7669,2017-12-31T04:03:32Z,-33.96335000,148.02516667,1562.00,,,,,,
7670,2017-12-31T04:03:33Z,-33.96346667,148.02533333,1566.00,,,,,,
7671,2017-12-31T04:03:34Z,-33.96356667,148.02548333,1566.00,,,,,,
7672,2017-12-31T04:03:35Z,-33.96368333,148.02556667,1566.00,,,,,,
7673,2017-12-31T04:03:36Z,-33.96378333,148.02563333,1564.00,,,,,,
7674,2017-12-31T04:03:37Z,-33.96391667,148.02565000,1566.00,,,,,,
7675,2017-12-31T04:03:38Z,-33.96405000,148.02561667,1569.00,,,,,,
7676,2017-12-31T04:03:39Z,-33.96416667,148.02556667,1574.00,,,,,,
7677,2017-12-31T04:03:40Z,-33.96430000,148.02548333,1578.00,,,,,,
7678,2017-12-31T04:03:41Z,-33.96440000,148.02540000,1580.00,,,,,,
7679,2017-12-31T04:03:42Z,-33.96450000,148.02531667,1582.00,,,,,,
7680,2017-12-31T04:03:43Z,-33.96456667,148.02520000,1585.00,,,,,,
7681,2017-12-31T04:03:44Z,-33.96458333,148.02510000,1584.00,,,,,,
7682,2017-12-31T04:03:45Z,-33.96455000,148.02495000,1583.00,,,,,,
7683,2017-12-31T04:03:46Z,-33.96446667,148.02485000,1581.00,,,,,,
7684,2017-12-31T04:03:47Z,-33.96435000,148.02478333,1585.00,,,,,,
7685,2017-12-31T04:03:48Z,-33.96421667,148.02476667,1587.00,,,,,,
7686,2017-12-31T04:03:49Z,-33.96406667,148.02476667,1587.00,,,,,,
7687,2017-12-31T04:03:50Z,-33.96393333,148.02481667,1589.00,,,,,,
7688,2017-12-31T04:03:51Z,-33.96380000,148.02491667,1593.00,,,,,,
7689,2017-12-31T04:03:52Z,-33.96368333,148.02503333,1596.00,,,,,,
7690,2017-12-31T04:03:53Z,-33.96358333,148.02516667,1599.00,,,,,,
7691,2017-12-31T04:03:54Z,-33.96355000,148.02531667,1600.00,,,,,,
7692,2017-12-31T04:03:55Z,-33.96355000,148.02548333,1598.00,,,,,,
7693,2017-12-31T04:03:56Z,-33.96358333,148.02565000,1601.00,,,,,,
7694,2017-12-31T04:03:57Z,-33.96365000,148.02580000,1607.00,,,,,,
7695,2017-12-31T04:03:58Z,-33.96373333,148.02593333,1614.00,,,,,,
7696,2017-12-31T04:03:59Z,-33.96381667,148.02606667,1616.00,,,,,,
7697,2017-12-31T04:04:00Z,-33.96390000,148.02620000,1616.00,,,,,,
7698,2017-12-31T04:04:01Z,-33.96398333,148.02631667,1617.00,,,,,,
7699,2017-12-31T04:04:02Z,-33.96406667,148.02643333,1618.00,,,,,,
7700,2017-12-31T04:04:03Z,-33.96418333,148.02650000,1618.00,,,,,,
7701,2017-12-31T04:04:04Z,-33.96430000,148.02655000,1613.00,,,,,,
7702,2017-12-31T04:04:05Z,-33.96445000,148.02655000,1612.00,,,,,,
7703,2017-12-31T04:04:06Z,-33.96458333,148.02651667,1618.00,,,,,,
7704,2017-12-31T04:04:07Z,-33.96470000,148.02641667,1622.00,,,,,,
7705,2017-12-31T04:04:08Z,-33.96480000,148.02631667,1625.00,,,,,,
7706,2017-12-31T04:04:09Z,-33.96490000,148.02621667,1626.00,,,,,,
7707,2017-12-31T04:04:10Z,-33.96490000,148.02610000,1627.00,,,,,,
7708,2017-12-31T04:04:11Z,-33.96488333,148.02598333,1627.00,,,,,,
7709,2017-12-31T04:04:12Z,-33.96481667,148.02590000,1627.00,,,,,,
7710,2017-12-31T04:04:13Z,-33.96471667,148.02583333,1629.00,,,,,,
7711,2017-12-31T04:04:14Z,-33.96458333,148.02585000,1633.00,,,,,,
7712,2017-12-31T04:04:15Z,-33.96446667,148.02590000,1634.00,,,,,,
7713,2017-12-31T04:04:16Z,-33.96433333,148.02598333,1632.00,,,,,,
7714,2017-12-31T04:04:17Z,-33.96421667,148.02608333,1631.00,,,,,,
7715,2017-12-31T04:04:18Z,-33.96418333,148.02626667,1632.00,,,,,,
7716,2017-12-31T04:04:19Z,-33.96416667,148.02643333,1636.00,,,,,,
7717,2017-12-31T04:04:20Z,-33.96420000,148.02658333,1638.00,,,,,,
7718,2017-12-31T04:04:21Z,-33.96425000,148.02673333,1641.00,,,,,,
7719,2017-12-31T04:04:22Z,-33.96431667,148.02686667,1641.00,,,,,,
7720,2017-12-31T04:04:23Z,-33.96440000,148.02700000,1643.00,,,,,,
7721,2017-12-31T04:04:24Z,-33.96446667,148.02711667,1645.00,,,,,,
7722,2017-12-31T04:04:25Z,-33.96456667,148.02723333,1642.00,,,,,,
7723,2017-12-31T04:04:26Z,-33.96466667,148.02731667,1637.00,,,,,,
7724,2017-12-31T04:04:27Z,-33.96480000,148.02738333,1638.00,,,,,,
7725,2017-12-31T04:04:28Z,-33.96491667,148.02738333,1643.00,,,,,,
7726,2017-12-31T04:04:29Z,-33.96505000,148.02736667,1647.00,,,,,,
7727,2017-12-31T04:04:30Z,-33.96516667,148.02735000,1648.00,,,,,,
7728,2017-12-31T04:04:31Z,-33.96526667,148.02733333,1648.00,,,,,,
7729,2017-12-31T04:04:32Z,-33.96536667,148.02731667,1647.00,,,,,,
7730,2017-12-31T04:04:33Z,-33.96546667,148.02730000,1647.00,,,,,,
7731,2017-12-31T04:04:34Z,-33.96558333,148.02731667,1648.00,,,,,,
7732,2017-12-31T04:04:35Z,-33.96576667,148.02733333,1649.00,,,,,,
7733,2017-12-31T04:04:36Z,-33.96591667,148.02735000,1652.00,,,,,,
7734,2017-12-31T04:04:37Z,-33.96606667,148.02740000,1653.00,,,,,,
7735,2017-12-31T04:04:38Z,-33.96621667,148.02746667,1653.00,,,,,,
7736,2017-12-31T04:04:39Z,-33.96635000,148.02755000,1653.00,,,,,,
7737,2017-12-31T04:04:40Z,-33.96646667,148.02766667,1654.00,,,,,,
7738,2017-12-31T04:04:41Z,-33.96658333,148.02778333,1654.00,,,,,,
7739,2017-12-31T04:04:42Z,-33.96666667,148.02793333,1653.00,,,,,,
7740,2017-12-31T04:04:43Z,-33.96676667,148.02808333,1651.00,,,,,,
7741,2017-12-31T04:04:44Z,-33.96686667,148.02821667,1646.00,,,,,,
7742,2017-12-31T04:04:45Z,-33.96698333,148.02843333,1641.00,,,,,,
7743,2017-12-31T04:04:46Z,-33.96710000,148.02860000,1638.00,,,,,,
7744,2017-12-31T04:04:47Z,-33.96721667,148.02878333,1639.00,,,,,,
7745,2017-12-31T04:04:48Z,-33.96733333,148.02895000,1641.00,,,,,,
7746,2017-12-31T04:04:49Z,-33.96746667,148.02913333,1642.00,,,,,,
7747,2017-12-31T04:04:50Z,-33.96758333,148.02928333,1641.00,,,,,,
7748,2017-12-31T04:04:51Z,-33.96770000,148.02945000,1639.00,,,,,,
7749,2017-12-31T04:04:52Z,-33.96783333,148.02960000,1638.00,,,,,,
7750,2017-12-31T04:04:53Z,-33.96796667,148.02975000,1637.00,,,,,,
7751,2017-12-31T04:04:54Z,-33.96810000,148.02991667,1637.00,,,,,,
7752,2017-12-31T04:04:55Z,-33.96823333,148.03008333,1636.00,,,,,,
7753,2017-12-31T04:04:56Z,-33.96836667,148.03025000,1636.00,,,,,,
7754,2017-12-31T04:04:57Z,-33.96850000,148.03041667,1637.00,,,,,,
7755,2017-12-31T04:04:58Z,-33.96863333,148.03058333,1636.00,,,,,,
7756,2017-12-31T04:04:59Z,-33.96876667,148.03075000,1634.00,,,,,,
7757,2017-12-31T04:05:00Z,-33.96888333,148.03093333,1632.00,,,,,,
7758,2017-12-31T04:05:01Z,-33.96901667,148.03110000,1630.00,,,,,,
7759,2017-12-31T04:05:02Z,-33.96913333,148.03128333,1627.00,,,,,,
7760,2017-12-31T04:05:03Z,-33.96925000,148.03146667,1625.00,,,,,,
7761,2017-12-31T04:05:04Z,-33.96938333,148.03165000,1622.00,,,,,,
7762,2017-12-31T04:05:05Z,-33.96951667,148.03185000,1620.00,,,,,,
7763,2017-12-31T04:05:06Z,-33.96965000,148.03203333,1618.00,,,,,,
7764,2017-12-31T04:05:07Z,-33.96980000,148.03223333,1620.00,,,,,,
7765,2017-12-31T04:05:08Z,-33.96993333,148.03241667,1622.00,,,,,,
7766,2017-12-31T04:05:09Z,-33.97005000,148.03260000,1621.00,,,,,,
7767,2017-12-31T04:05:10Z,-33.97016667,148.03280000,1620.00,,,,,,
7768,2017-12-31T04:05:11Z,-33.97026667,148.03300000,1622.00,,,,,,
7769,2017-12-31T04:05:12Z,-33.97036667,148.03323333,1623.00,,,,,,
7770,2017-12-31T04:05:13Z,-33.97046667,148.03345000,1621.00,,,,,,
7771,2017-12-31T04:05:14Z,-33.97055000,148.03368333,1617.00,,,,,,
7772,2017-12-31T04:05:15Z,-33.97066667,148.03390000,1617.00,,,,,,
7773,2017-12-31T04:05:16Z,-33.97078333,148.03411667,1619.00,,,,,,
7774,2017-12-31T04:05:17Z,-33.97090000,148.03431667,1619.00,,,,,,
7775,2017-12-31T04:05:18Z,-33.97103333,148.03451667,1617.00,,,,,,
7776,2017-12-31T04:05:19Z,-33.97115000,148.03470000,1613.00,,,,,,
7777,2017-12-31T04:05:20Z,-33.97128333,148.03490000,1610.00,,,,,,
7778,2017-12-31T04:05:21Z,-33.97141667,148.03508333,1609.00,,,,,,
7779,2017-12-31T04:05:22Z,-33.97156667,148.03526667,1612.00,,,,,,
7780,2017-12-31T04:05:23Z,-33.97170000,148.03545000,1615.00,,,,,,
7781,2017-12-31T04:05:24Z,-33.97183333,148.03565000,1616.00,,,,,,
7782,2017-12-31T04:05:25Z,-33.97195000,148.03583333,1615.00,,,,,,
7783,2017-12-31T04:05:26Z,-33.97205000,148.03601667,1614.00,,,,,,
7784,2017-12-31T04:05:27Z,-33.97215000,148.03620000,1610.00,,,,,,
7785,2017-12-31T04:05:28Z,-33.97225000,148.03640000,1608.00,,,,,,
7786,2017-12-31T04:05:29Z,-33.97233333,148.03658333,1614.00,,,,,,
7787,2017-12-31T04:05:30Z,-33.97245000,148.03678333,1621.00,,,,,,
7788,2017-12-31T04:05:31Z,-33.97258333,148.03695000,1628.00,,,,,,
7789,2017-12-31T04:05:32Z,-33.97268333,148.03711667,1633.00,,,,,,
7790,2017-12-31T04:05:33Z,-33.97281667,148.03726667,1637.00,,,,,,
7791,2017-12-31T04:05:34Z,-33.97293333,148.03741667,1642.00,,,,,,
7792,2017-12-31T04:05:35Z,-33.97310000,148.03740000,1648.00,,,,,,
7793,2017-12-31T04:05:36Z,-33.97321667,148.03735000,1652.00,,,,,,
7794,2017-12-31T04:05:37Z,-33.97330000,148.03726667,1653.00,,,,,,
7795,2017-12-31T04:05:38Z,-33.97336667,148.03715000,1653.00,,,,,,
7796,2017-12-31T04:05:39Z,-33.97345000,148.03701667,1654.00,,,,,,
7797,2017-12-31T04:05:40Z,-33.97345000,148.03686667,1656.00,,,,,,
7798,2017-12-31T04:05:41Z,-33.97341667,148.03675000,1658.00,,,,,,
7799,2017-12-31T04:05:42Z,-33.97335000,148.03665000,1659.00,,,,,,
7800,2017-12-31T04:05:43Z,-33.97325000,148.03660000,1663.00,,,,,,
7801,2017-12-31T04:05:44Z,-33.97315000,148.03656667,1662.00,,,,,,
7802,2017-12-31T04:05:45Z,-33.97305000,148.03655000,1658.00,,,,,,
7803,2017-12-31T04:05:46Z,-33.97296667,148.03655000,1655.00,,,,,,
7804,2017-12-31T04:05:47Z,-33.97283333,148.03658333,1655.00,,,,,,
7805,2017-12-31T04:05:48Z,-33.97268333,148.03663333,1655.00,,,,,,
7806,2017-12-31T04:05:49Z,-33.97253333,148.03670000,1654.00,,,,,,
7807,2017-12-31T04:05:50Z,-33.97240000,148.03678333,1654.00,,,,,,
7808,2017-12-31T04:05:51Z,-33.97228333,148.03690000,1653.00,,,,,,
7809,2017-12-31T04:05:52Z,-33.97220000,148.03705000,1645.00,,,,,,
7810,2017-12-31T04:05:53Z,-33.97216667,148.03726667,1640.00,,,,,,
7811,2017-12-31T04:05:54Z,-33.97221667,148.03750000,1649.00,,,,,,
7812,2017-12-31T04:05:55Z,-33.97230000,148.03773333,1654.00,,,,,,
7813,2017-12-31T04:05:56Z,-33.97240000,148.03791667,1663.00,,,,,,
7814,2017-12-31T04:05:57Z,-33.97246667,148.03810000,1671.00,,,,,,
7815,2017-12-31T04:05:58Z,-33.97253333,148.03825000,1676.00,,,,,,
7816,2017-12-31T04:05:59Z,-33.97258333,148.03840000,1675.00,,,,,,
7817,2017-12-31T04:06:00Z,-33.97270000,148.03853333,1671.00,,,,,,
7818,2017-12-31T04:06:01Z,-33.97283333,148.03856667,1669.00,,,,,,
7819,2017-12-31T04:06:02Z,-33.97296667,148.03848333,1669.00,,,,,,
7820,2017-12-31T04:06:03Z,-33.97303333,148.03833333,1670.00,,,,,,
7821,2017-12-31T04:06:04Z,-33.97301667,148.03816667,1674.00,,,,,,
7822,2017-12-31T04:06:05Z,-33.97298333,148.03805000,1676.00,,,,,,
7823,2017-12-31T04:06:06Z,-33.97286667,148.03796667,1679.00,,,,,,
7824,2017-12-31T04:06:07Z,-33.97275000,148.03793333,1683.00,,,,,,
7825,2017-12-31T04:06:08Z,-33.97261667,148.03796667,1686.00,,,,,,
7826,2017-12-31T04:06:09Z,-33.97251667,148.03806667,1688.00,,,,,,
7827,2017-12-31T04:06:10Z,-33.97241667,148.03816667,1689.00,,,,,,
7828,2017-12-31T04:06:11Z,-33.97233333,148.03830000,1692.00,,,,,,
7829,2017-12-31T04:06:12Z,-33.97225000,148.03846667,1692.00,,,,,,
7830,2017-12-31T04:06:13Z,-33.97221667,148.03866667,1692.00,,,,,,
7831,2017-12-31T04:06:14Z,-33.97220000,148.03888333,1694.00,,,,,,
7832,2017-12-31T04:06:15Z,-33.97220000,148.03908333,1699.00,,,,,,
7833,2017-12-31T04:06:16Z,-33.97220000,148.03930000,1706.00,,,,,,
7834,2017-12-31T04:06:17Z,-33.97221667,148.03950000,1709.00,,,,,,
7835,2017-12-31T04:06:18Z,-33.97226667,148.03966667,1709.00,,,,,,
7836,2017-12-31T04:06:19Z,-33.97231667,148.03983333,1713.00,,,,,,
7837,2017-12-31T04:06:20Z,-33.97243333,148.03995000,1715.00,,,,,,
7838,2017-12-31T04:06:21Z,-33.97255000,148.04006667,1717.00,,,,,,
7839,2017-12-31T04:06:22Z,-33.97271667,148.04003333,1722.00,,,,,,
7840,2017-12-31T04:06:23Z,-33.97283333,148.03995000,1725.00,,,,,,
7841,2017-12-31T04:06:24Z,-33.97290000,148.03981667,1725.00,,,,,,
7842,2017-12-31T04:06:25Z,-33.97298333,148.03968333,1725.00,,,,,,
7843,2017-12-31T04:06:26Z,-33.97295000,148.03953333,1728.00,,,,,,
7844,2017-12-31T04:06:27Z,-33.97288333,148.03941667,1732.00,,,,,,
7845,2017-12-31T04:06:28Z,-33.97276667,148.03936667,1733.00,,,,,,
7846,2017-12-31T04:06:29Z,-33.97263333,148.03938333,1735.00,,,,,,
7847,2017-12-31T04:06:30Z,-33.97253333,148.03943333,1737.00,,,,,,
7848,2017-12-31T04:06:31Z,-33.97245000,148.03955000,1740.00,,,,,,
7849,2017-12-31T04:06:32Z,-33.97240000,148.03966667,1739.00,,,,,,
7850,2017-12-31T04:06:33Z,-33.97236667,148.03981667,1736.00,,,,,,
7851,2017-12-31T04:06:34Z,-33.97238333,148.03996667,1736.00,,,,,,
7852,2017-12-31T04:06:35Z,-33.97246667,148.04015000,1739.00,,,,,,
7853,2017-12-31T04:06:36Z,-33.97255000,148.04031667,1745.00,,,,,,
7854,2017-12-31T04:06:37Z,-33.97265000,148.04043333,1753.00,,,,,,
7855,2017-12-31T04:06:38Z,-33.97275000,148.04053333,1755.00,,,,,,
7856,2017-12-31T04:06:39Z,-33.97286667,148.04061667,1754.00,,,,,,
7857,2017-12-31T04:06:40Z,-33.97301667,148.04068333,1754.00,,,,,,
7858,2017-12-31T04:06:41Z,-33.97315000,148.04071667,1755.00,,,,,,
7859,2017-12-31T04:06:42Z,-33.97330000,148.04070000,1759.00,,,,,,
7860,2017-12-31T04:06:43Z,-33.97343333,148.04065000,1762.00,,,,,,
7861,2017-12-31T04:06:44Z,-33.97356667,148.04056667,1765.00,,,,,,
7862,2017-12-31T04:06:45Z,-33.97368333,148.04045000,1767.00,,,,,,
7863,2017-12-31T04:06:46Z,-33.97378333,148.04033333,1770.00,,,,,,
7864,2017-12-31T04:06:47Z,-33.97388333,148.04020000,1774.00,,,,,,
7865,2017-12-31T04:06:48Z,-33.97396667,148.04008333,1777.00,,,,,,
7866,2017-12-31T04:06:49Z,-33.97403333,148.03996667,1774.00,,,,,,
7867,2017-12-31T04:06:50Z,-33.97401667,148.03981667,1770.00,,,,,,
7868,2017-12-31T04:06:51Z,-33.97395000,148.03968333,1770.00,,,,,,
7869,2017-12-31T04:06:52Z,-33.97383333,148.03960000,1775.00,,,,,,
7870,2017-12-31T04:06:53Z,-33.97370000,148.03956667,1778.00,,,,,,
7871,2017-12-31T04:06:54Z,-33.97356667,148.03960000,1780.00,,,,,,
7872,2017-12-31T04:06:55Z,-33.97343333,148.03961667,1781.00,,,,,,
7873,2017-12-31T04:06:56Z,-33.97333333,148.03973333,1784.00,,,,,,
7874,2017-12-31T04:06:57Z,-33.97323333,148.03985000,1785.00,,,,,,
7875,2017-12-31T04:06:58Z,-33.97320000,148.04000000,1786.00,,,,,,
7876,2017-12-31T04:06:59Z,-33.97321667,148.04016667,1789.00,,,,,,
7877,2017-12-31T04:07:00Z,-33.97326667,148.04031667,1792.00,,,,,,
7878,2017-12-31T04:07:01Z,-33.97331667,148.04045000,1796.00,,,,,,
7879,2017-12-31T04:07:02Z,-33.97340000,148.04056667,1798.00,,,,,,
7880,2017-12-31T04:07:03Z,-33.97350000,148.04066667,1799.00,,,,,,
7881,2017-12-31T04:07:04Z,-33.97361667,148.04073333,1801.00,,,,,,
7882,2017-12-31T04:07:05Z,-33.97376667,148.04076667,1801.00,,,,,,
7883,2017-12-31T04:07:06Z,-33.97390000,148.04075000,1803.00,,,,,,
7884,2017-12-31T04:07:07Z,-33.97403333,148.04071667,1807.00,,,,,,
7885,2017-12-31T04:07:08Z,-33.97413333,148.04063333,1810.00,,,,,,
7886,2017-12-31T04:07:09Z,-33.97421667,148.04053333,1809.00,,,,,,
7887,2017-12-31T04:07:10Z,-33.97423333,148.04036667,1808.00,,,,,,
7888,2017-12-31T04:07:11Z,-33.97421667,148.04023333,1810.00,,,,,,
7889,2017-12-31T04:07:12Z,-33.97415000,148.04011667,1812.00,,,,,,
7890,2017-12-31T04:07:13Z,-33.97405000,148.04006667,1812.00,,,,,,
7891,2017-12-31T04:07:14Z,-33.97395000,148.04006667,1814.00,,,,,,
7892,2017-12-31T04:07:15Z,-33.97383333,148.04006667,1815.00,,,,,,
7893,2017-12-31T04:07:16Z,-33.97371667,148.04015000,1817.00,,,,,,
7894,2017-12-31T04:07:17Z,-33.97360000,148.04023333,1817.00,,,,,,
7895,2017-12-31T04:07:18Z,-33.97355000,148.04036667,1818.00,,,,,,
7896,2017-12-31T04:07:19Z,-33.97351667,148.04051667,1820.00,,,,,,
7897,2017-12-31T04:07:20Z,-33.97350000,148.04066667,1822.00,,,,,,
7898,2017-12-31T04:07:21Z,-33.97350000,148.04081667,1824.00,,,,,,
7899,2017-12-31T04:07:22Z,-33.97351667,148.04098333,1827.00,,,,,,
7900,2017-12-31T04:07:23Z,-33.97356667,148.04113333,1829.00,,,,,,
7901,2017-12-31T04:07:24Z,-33.97361667,148.04128333,1830.00,,,,,,
7902,2017-12-31T04:07:25Z,-33.97371667,148.04138333,1833.00,,,,,,
7903,2017-12-31T04:07:26Z,-33.97383333,148.04148333,1835.00,,,,,,
7904,2017-12-31T04:07:27Z,-33.97396667,148.04153333,1837.00,,,,,,
7905,2017-12-31T04:07:28Z,-33.97408333,148.04155000,1840.00,,,,,,
7906,2017-12-31T04:07:29Z,-33.97420000,148.04146667,1841.00,,,,,,
7907,2017-12-31T04:07:30Z,-33.97428333,148.04136667,1841.00,,,,,,
7908,2017-12-31T04:07:31Z,-33.97436667,148.04126667,1842.00,,,,,,
7909,2017-12-31T04:07:32Z,-33.97443333,148.04115000,1845.00,,,,,,
7910,2017-12-31T04:07:33Z,-33.97448333,148.04101667,1848.00,,,,,,
7911,2017-12-31T04:07:34Z,-33.97445000,148.04086667,1850.00,,,,,,
7912,2017-12-31T04:07:35Z,-33.97440000,148.04078333,1851.00,,,,,,
7913,2017-12-31T04:07:36Z,-33.97430000,148.04073333,1851.00,,,,,,
7914,2017-12-31T04:07:37Z,-33.97418333,148.04071667,1853.00,,,,,,
7915,2017-12-31T04:07:38Z,-33.97408333,148.04071667,1853.00,,,,,,
7916,2017-12-31T04:07:39Z,-33.97398333,148.04073333,1853.00,,,,,,
7917,2017-12-31T04:07:40Z,-33.97390000,148.04093333,1855.00,,,,,,
7918,2017-12-31T04:07:41Z,-33.97385000,148.04108333,1858.00,,,,,,
7919,2017-12-31T04:07:42Z,-33.97385000,148.04123333,1861.00,,,,,,
7920,2017-12-31T04:07:43Z,-33.97385000,148.04140000,1862.00,,,,,,
7921,2017-12-31T04:07:44Z,-33.97388333,148.04155000,1863.00,,,,,,
7922,2017-12-31T04:07:45Z,-33.97395000,148.04170000,1864.00,,,,,,
7923,2017-12-31T04:07:46Z,-33.97401667,148.04183333,1867.00,,,,,,
7924,2017-12-31T04:07:47Z,-33.97411667,148.04195000,1869.00,,,,,,
7925,2017-12-31T04:07:48Z,-33.97423333,148.04203333,1867.00,,,,,,
7926,2017-12-31T04:07:49Z,-33.97435000,148.04208333,1868.00,,,,,,
7927,2017-12-31T04:07:50Z,-33.97450000,148.04208333,1871.00,,,,,,
7928,2017-12-31T04:07:51Z,-33.97461667,148.04205000,1873.00,,,,,,
7929,2017-12-31T04:07:52Z,-33.97473333,148.04198333,1874.00,,,,,,
7930,2017-12-31T04:07:53Z,-33.97483333,148.04190000,1877.00,,,,,,
7931,2017-12-31T04:07:54Z,-33.97491667,148.04180000,1879.00,,,,,,
7932,2017-12-31T04:07:55Z,-33.97498333,148.04166667,1878.00,,,,,,
7933,2017-12-31T04:07:56Z,-33.97501667,148.04155000,1878.00,,,,,,
7934,2017-12-31T04:07:57Z,-33.97503333,148.04141667,1881.00,,,,,,
7935,2017-12-31T04:07:58Z,-33.97501667,148.04130000,1886.00,,,,,,
7936,2017-12-31T04:07:59Z,-33.97495000,148.04120000,1888.00,,,,,,
7937,2017-12-31T04:08:00Z,-33.97488333,148.04113333,1889.00,,,,,,
7938,2017-12-31T04:08:01Z,-33.97481667,148.04106667,1889.00,,,,,,
7939,2017-12-31T04:08:02Z,-33.97473333,148.04101667,1890.00,,,,,,
7940,2017-12-31T04:08:03Z,-33.97465000,148.04101667,1894.00,,,,,,
7941,2017-12-31T04:08:04Z,-33.97455000,148.04105000,1896.00,,,,,,
7942,2017-12-31T04:08:05Z,-33.97441667,148.04120000,1896.00,,,,,,
7943,2017-12-31T04:08:06Z,-33.97431667,148.04133333,1897.00,,,,,,
7944,2017-12-31T04:08:07Z,-33.97421667,148.04148333,1897.00,,,,,,
7945,2017-12-31T04:08:08Z,-33.97415000,148.04161667,1899.00,,,,,,
7946,2017-12-31T04:08:09Z,-33.97413333,148.04178333,1900.00,,,,,,
7947,2017-12-31T04:08:10Z,-33.97416667,148.04196667,1901.00,,,,,,
7948,2017-12-31T04:08:11Z,-33.97425000,148.04216667,1904.00,,,,,,
7949,2017-12-31T04:08:12Z,-33.97431667,148.04233333,1907.00,,,,,,
7950,2017-12-31T04:08:13Z,-33.97438333,148.04246667,1908.00,,,,,,
7951,2017-12-31T04:08:14Z,-33.97448333,148.04256667,1910.00,,,,,,
7952,2017-12-31T04:08:15Z,-33.97461667,148.04261667,1911.00,,,,,,
7953,2017-12-31T04:08:16Z,-33.97473333,148.04266667,1911.00,,,,,,
7954,2017-12-31T04:08:17Z,-33.97485000,148.04268333,1910.00,,,,,,
7955,2017-12-31T04:08:18Z,-33.97498333,148.04266667,1907.00,,,,,,
7956,2017-12-31T04:08:19Z,-33.97513333,148.04261667,1907.00,,,,,,
7957,2017-12-31T04:08:20Z,-33.97525000,148.04253333,1909.00,,,,,,
7958,2017-12-31T04:08:21Z,-33.97536667,148.04241667,1912.00,,,,,,
7959,2017-12-31T04:08:22Z,-33.97545000,148.04228333,1913.00,,,,,,
7960,2017-12-31T04:08:23Z,-33.97551667,148.04216667,1915.00,,,,,,
7961,2017-12-31T04:08:24Z,-33.97550000,148.04205000,1915.00,,,,,,
7962,2017-12-31T04:08:25Z,-33.97545000,148.04195000,1915.00,,,,,,
7963,2017-12-31T04:08:26Z,-33.97538333,148.04188333,1917.00,,,,,,
7964,2017-12-31T04:08:27Z,-33.97531667,148.04181667,1920.00,,,,,,
7965,2017-12-31T04:08:28Z,-33.97523333,148.04180000,1924.00,,,,,,
7966,2017-12-31T04:08:29Z,-33.97513333,148.04180000,1929.00,,,,,,
7967,2017-12-31T04:08:30Z,-33.97503333,148.04181667,1930.00,,,,,,
7968,2017-12-31T04:08:31Z,-33.97495000,148.04186667,1929.00,,,,,,
7969,2017-12-31T04:08:32Z,-33.97486667,148.04191667,1928.00,,,,,,
7970,2017-12-31T04:08:33Z,-33.97478333,148.04198333,1928.00,,,,,,
7971,2017-12-31T04:08:34Z,-33.97473333,148.04208333,1926.00,,,,,,
7972,2017-12-31T04:08:35Z,-33.97473333,148.04226667,1925.00,,,,,,
7973,2017-12-31T04:08:36Z,-33.97473333,148.04243333,1926.00,,,,,,
7974,2017-12-31T04:08:37Z,-33.97473333,148.04261667,1928.00,,,,,,
7975,2017-12-31T04:08:38Z,-33.97473333,148.04278333,1933.00,,,,,,
7976,2017-12-31T04:08:39Z,-33.97478333,148.04300000,1935.00,,,,,,
7977,2017-12-31T04:08:40Z,-33.97483333,148.04325000,1937.00,,,,,,
7978,2017-12-31T04:08:41Z,-33.97485000,148.04341667,1939.00,,,,,,
7979,2017-12-31T04:08:42Z,-33.97488333,148.04358333,1942.00,,,,,,
7980,2017-12-31T04:08:43Z,-33.97491667,148.04376667,1943.00,,,,,,
7981,2017-12-31T04:08:44Z,-33.97495000,148.04393333,1944.00,,,,,,
7982,2017-12-31T04:08:45Z,-33.97501667,148.04413333,1943.00,,,,,,
7983,2017-12-31T04:08:46Z,-33.97505000,148.04428333,1940.00,,,,,,
7984,2017-12-31T04:08:47Z,-33.97508333,148.04446667,1937.00,,,,,,
7985,2017-12-31T04:08:48Z,-33.97508333,148.04466667,1936.00,,,,,,
7986,2017-12-31T04:08:49Z,-33.97510000,148.04486667,1938.00,,,,,,
7987,2017-12-31T04:08:50Z,-33.97510000,148.04508333,1940.00,,,,,,
7988,2017-12-31T04:08:51Z,-33.97513333,148.04528333,1943.00,,,,,,
7989,2017-12-31T04:08:52Z,-33.97516667,148.04546667,1942.00,,,,,,
7990,2017-12-31T04:08:53Z,-33.97520000,148.04565000,1939.00,,,,,,
7991,2017-12-31T04:08:54Z,-33.97525000,148.04585000,1931.00,,,,,,
7992,2017-12-31T04:08:55Z,-33.97536667,148.04605000,1932.00,,,,,,
7993,2017-12-31T04:08:56Z,-33.97548333,148.04625000,1937.00,,,,,,
7994,2017-12-31T04:08:57Z,-33.97560000,148.04646667,1940.00,,,,,,
7995,2017-12-31T04:08:58Z,-33.97571667,148.04666667,1941.00,,,,,,
7996,2017-12-31T04:08:59Z,-33.97583333,148.04686667,1943.00,,,,,,
7997,2017-12-31T04:09:00Z,-33.97596667,148.04708333,1944.00,,,,,,
7998,2017-12-31T04:09:01Z,-33.97605000,148.04730000,1946.00,,,,,,
7999,2017-12-31T04:09:02Z,-33.97611667,148.04750000,1948.00,,,,,,
8000,2017-12-31T04:09:03Z,-33.97618333,148.04771667,1950.00,,,,,,
8001,2017-12-31T04:09:04Z,-33.97625000,148.04791667,1951.00,,,,,,
8002,2017-12-31T04:09:05Z,-33.97631667,148.04816667,1952.00,,,,,,
8003,2017-12-31T04:09:06Z,-33.97640000,148.04838333,1954.00,,,,,,
8004,2017-12-31T04:09:07Z,-33.97646667,148.04858333,1955.00,,,,,,
8005,2017-12-31T04:09:08Z,-33.97655000,148.04878333,1955.00,,,,,,
8006,2017-12-31T04:09:09Z,-33.97663333,148.04898333,1955.00,,,,,,
8007,2017-12-31T04:09:10Z,-33.97673333,148.04921667,1953.00,,,,,,
8008,2017-12-31T04:09:11Z,-33.97683333,148.04941667,1951.00,,,,,,
8009,2017-12-31T04:09:12Z,-33.97693333,148.04963333,1951.00,,,,,,
8010,2017-12-31T04:09:13Z,-33.97703333,148.04986667,1956.00,,,,,,
8011,2017-12-31T04:09:14Z,-33.97713333,148.05010000,1959.00,,,,,,
8012,2017-12-31T04:09:15Z,-33.97723333,148.05030000,1960.00,,,,,,
8013,2017-12-31T04:09:16Z,-33.97733333,148.05048333,1961.00,,,,,,
8014,2017-12-31T04:09:17Z,-33.97743333,148.05066667,1961.00,,,,,,
8015,2017-12-31T04:09:18Z,-33.97751667,148.05083333,1961.00,,,,,,
8016,2017-12-31T04:09:19Z,-33.97761667,148.05101667,1959.00,,,,,,
8017,2017-12-31T04:09:20Z,-33.97770000,148.05120000,1956.00,,,,,,
8018,2017-12-31T04:09:21Z,-33.97778333,148.05136667,1950.00,,,,,,
8019,2017-12-31T04:09:22Z,-33.97788333,148.05155000,1944.00,,,,,,
8020,2017-12-31T04:09:23Z,-33.97796667,148.05175000,1939.00,,,,,,
8021,2017-12-31T04:09:24Z,-33.97806667,148.05196667,1938.00,,,,,,
8022,2017-12-31T04:09:25Z,-33.97815000,148.05220000,1938.00,,,,,,
8023,2017-12-31T04:09:26Z,-33.97825000,148.05241667,1936.00,,,,,,
8024,2017-12-31T04:09:27Z,-33.97833333,148.05261667,1934.00,,,,,,
8025,2017-12-31T04:09:28Z,-33.97841667,148.05280000,1932.00,,,,,,
8026,2017-12-31T04:09:29Z,-33.97850000,148.05300000,1927.00,,,,,,
8027,2017-12-31T04:09:30Z,-33.97858333,148.05326667,1925.00,,,,,,
8028,2017-12-31T04:09:31Z,-33.97866667,148.05345000,1923.00,,,,,,
8029,2017-12-31T04:09:32Z,-33.97873333,148.05365000,1920.00,,,,,,
8030,2017-12-31T04:09:33Z,-33.97880000,148.05385000,1918.00,,,,,,
8031,2017-12-31T04:09:34Z,-33.97888333,148.05403333,1915.00,,,,,,
8032,2017-12-31T04:09:35Z,-33.97896667,148.05421667,1911.00,,,,,,
8033,2017-12-31T04:09:36Z,-33.97905000,148.05440000,1909.00,,,,,,
8034,2017-12-31T04:09:37Z,-33.97913333,148.05458333,1907.00,,,,,,
8035,2017-12-31T04:09:38Z,-33.97921667,148.05475000,1903.00,,,,,,
8036,2017-12-31T04:09:39Z,-33.97931667,148.05491667,1900.00,,,,,,
8037,2017-12-31T04:09:40Z,-33.97941667,148.05508333,1896.00,,,,,,
8038,2017-12-31T04:09:41Z,-33.97951667,148.05526667,1893.00,,,,,,
8039,2017-12-31T04:09:42Z,-33.97963333,148.05543333,1889.00,,,,,,
8040,2017-12-31T04:09:43Z,-33.97973333,148.05561667,1887.00,,,,,,
8041,2017-12-31T04:09:44Z,-33.97981667,148.05583333,1884.00,,,,,,
8042,2017-12-31T04:09:45Z,-33.97990000,148.05610000,1881.00,,,,,,
8043,2017-12-31T04:09:46Z,-33.97996667,148.05631667,1878.00,,,,,,
8044,2017-12-31T04:09:47Z,-33.98005000,148.05653333,1874.00,,,,,,
8045,2017-12-31T04:09:48Z,-33.98013333,148.05675000,1871.00,,,,,,
8046,2017-12-31T04:09:49Z,-33.98021667,148.05695000,1869.00,,,,,,
8047,2017-12-31T04:09:50Z,-33.98030000,148.05716667,1868.00,,,,,,
8048,2017-12-31T04:09:51Z,-33.98040000,148.05738333,1867.00,,,,,,
8049,2017-12-31T04:09:52Z,-33.98048333,148.05760000,1865.00,,,,,,
8050,2017-12-31T04:09:53Z,-33.98056667,148.05781667,1863.00,,,,,,
8051,2017-12-31T04:09:54Z,-33.98065000,148.05801667,1861.00,,,,,,
8052,2017-12-31T04:09:55Z,-33.98071667,148.05820000,1859.00,,,,,,
8053,2017-12-31T04:09:56Z,-33.98080000,148.05840000,1858.00,,,,,,
8054,2017-12-31T04:09:57Z,-33.98086667,148.05858333,1857.00,,,,,,
8055,2017-12-31T04:09:58Z,-33.98091667,148.05878333,1853.00,,,,,,
8056,2017-12-31T04:09:59Z,-33.98100000,148.05896667,1848.00,,,,,,
8057,2017-12-31T04:10:00Z,-33.98106667,148.05915000,1846.00,,,,,,
8058,2017-12-31T04:10:01Z,-33.98115000,148.05935000,1844.00,,,,,,
8059,2017-12-31T04:10:02Z,-33.98121667,148.05955000,1843.00,,,,,,
8060,2017-12-31T04:10:03Z,-33.98128333,148.05975000,1842.00,,,,,,
8061,2017-12-31T04:10:04Z,-33.98133333,148.05996667,1839.00,,,,,,
8062,2017-12-31T04:10:05Z,-33.98140000,148.06016667,1837.00,,,,,,
8063,2017-12-31T04:10:06Z,-33.98146667,148.06036667,1834.00,,,,,,
8064,2017-12-31T04:10:07Z,-33.98153333,148.06056667,1831.00,,,,,,
8065,2017-12-31T04:10:08Z,-33.98160000,148.06078333,1831.00,,,,,,
8066,2017-12-31T04:10:09Z,-33.98168333,148.06098333,1831.00,,,,,,
8067,2017-12-31T04:10:10Z,-33.98176667,148.06120000,1828.00,,,,,,
8068,2017-12-31T04:10:11Z,-33.98185000,148.06138333,1824.00,,,,,,
8069,2017-12-31T04:10:12Z,-33.98196667,148.06158333,1822.00,,,,,,
8070,2017-12-31T04:10:13Z,-33.98206667,148.06176667,1821.00,,,,,,
8071,2017-12-31T04:10:14Z,-33.98218333,148.06196667,1820.00,,,,,,
8072,2017-12-31T04:10:15Z,-33.98228333,148.06215000,1820.00,,,,,,
8073,2017-12-31T04:10:16Z,-33.98240000,148.06233333,1820.00,,,,,,
8074,2017-12-31T04:10:17Z,-33.98248333,148.06251667,1818.00,,,,,,
8075,2017-12-31T04:10:18Z,-33.98258333,148.06270000,1815.00,,,,,,
8076,2017-12-31T04:10:19Z,-33.98268333,148.06286667,1810.00,,,,,,
8077,2017-12-31T04:10:20Z,-33.98280000,148.06303333,1807.00,,,,,,
8078,2017-12-31T04:10:21Z,-33.98290000,148.06321667,1805.00,,,,,,
8079,2017-12-31T04:10:22Z,-33.98300000,148.06341667,1806.00,,,,,,
8080,2017-12-31T04:10:23Z,-33.98308333,148.06361667,1806.00,,,,,,
8081,2017-12-31T04:10:24Z,-33.98316667,148.06380000,1804.00,,,,,,
8082,2017-12-31T04:10:25Z,-33.98325000,148.06398333,1801.00,,,,,,
8083,2017-12-31T04:10:26Z,-33.98333333,148.06416667,1798.00,,,,,,
8084,2017-12-31T04:10:27Z,-33.98343333,148.06433333,1794.00,,,,,,
8085,2017-12-31T04:10:28Z,-33.98351667,148.06453333,1791.00,,,,,,
8086,2017-12-31T04:10:29Z,-33.98361667,148.06473333,1787.00,,,,,,
8087,2017-12-31T04:10:30Z,-33.98370000,148.06495000,1786.00,,,,,,
8088,2017-12-31T04:10:31Z,-33.98380000,148.06515000,1786.00,,,,,,
8089,2017-12-31T04:10:32Z,-33.98388333,148.06536667,1785.00,,,,,,
8090,2017-12-31T04:10:33Z,-33.98396667,148.06556667,1783.00,,,,,,
8091,2017-12-31T04:10:34Z,-33.98406667,148.06576667,1781.00,,,,,,
8092,2017-12-31T04:10:35Z,-33.98416667,148.06596667,1779.00,,,,,,
8093,2017-12-31T04:10:36Z,-33.98426667,148.06615000,1776.00,,,,,,
8094,2017-12-31T04:10:37Z,-33.98435000,148.06635000,1773.00,,,,,,
8095,2017-12-31T04:10:38Z,-33.98445000,148.06655000,1768.00,,,,,,
8096,2017-12-31T04:10:39Z,-33.98455000,148.06676667,1765.00,,,,,,
8097,2017-12-31T04:10:40Z,-33.98465000,148.06701667,1763.00,,,,,,
8098,2017-12-31T04:10:41Z,-33.98475000,148.06723333,1759.00,,,,,,
8099,2017-12-31T04:10:42Z,-33.98485000,148.06745000,1756.00,,,,,,
8100,2017-12-31T04:10:43Z,-33.98495000,148.06768333,1756.00,,,,,,
8101,2017-12-31T04:10:44Z,-33.98503333,148.06790000,1756.00,,,,,,
8102,2017-12-31T04:10:45Z,-33.98513333,148.06811667,1756.00,,,,,,
8103,2017-12-31T04:10:46Z,-33.98521667,148.06831667,1753.00,,,,,,
8104,2017-12-31T04:10:47Z,-33.98531667,148.06850000,1751.00,,,,,,
8105,2017-12-31T04:10:48Z,-33.98538333,148.06868333,1747.00,,,,,,
8106,2017-12-31T04:10:49Z,-33.98546667,148.06888333,1744.00,,,,,,
8107,2017-12-31T04:10:50Z,-33.98551667,148.06910000,1743.00,,,,,,
8108,2017-12-31T04:10:51Z,-33.98556667,148.06931667,1741.00,,,,,,
8109,2017-12-31T04:10:52Z,-33.98560000,148.06951667,1742.00,,,,,,
8110,2017-12-31T04:10:53Z,-33.98565000,148.06973333,1741.00,,,,,,
8111,2017-12-31T04:10:54Z,-33.98568333,148.06993333,1738.00,,,,,,
8112,2017-12-31T04:10:55Z,-33.98575000,148.07015000,1736.00,,,,,,
8113,2017-12-31T04:10:56Z,-33.98580000,148.07036667,1735.00,,,,,,
8114,2017-12-31T04:10:57Z,-33.98586667,148.07058333,1736.00,,,,,,
8115,2017-12-31T04:10:58Z,-33.98591667,148.07081667,1737.00,,,,,,
8116,2017-12-31T04:10:59Z,-33.98598333,148.07105000,1736.00,,,,,,
8117,2017-12-31T04:11:00Z,-33.98606667,148.07128333,1736.00,,,,,,
8118,2017-12-31T04:11:01Z,-33.98613333,148.07150000,1737.00,,,,,,
8119,2017-12-31T04:11:02Z,-33.98621667,148.07171667,1739.00,,,,,,
8120,2017-12-31T04:11:03Z,-33.98628333,148.07191667,1739.00,,,,,,
8121,2017-12-31T04:11:04Z,-33.98635000,148.07211667,1733.00,,,,,,
8122,2017-12-31T04:11:05Z,-33.98643333,148.07235000,1730.00,,,,,,
8123,2017-12-31T04:11:06Z,-33.98650000,148.07256667,1727.00,,,,,,
8124,2017-12-31T04:11:07Z,-33.98655000,148.07280000,1727.00,,,,,,
8125,2017-12-31T04:11:08Z,-33.98661667,148.07303333,1728.00,,,,,,
8126,2017-12-31T04:11:09Z,-33.98666667,148.07328333,1730.00,,,,,,
8127,2017-12-31T04:11:10Z,-33.98673333,148.07353333,1730.00,,,,,,
8128,2017-12-31T04:11:11Z,-33.98680000,148.07376667,1730.00,,,,,,
8129,2017-12-31T04:11:12Z,-33.98688333,148.07401667,1733.00,,,,,,
8130,2017-12-31T04:11:13Z,-33.98696667,148.07426667,1735.00,,,,,,
8131,2017-12-31T04:11:14Z,-33.98703333,148.07453333,1742.00,,,,,,
8132,2017-12-31T04:11:15Z,-33.98708333,148.07478333,1746.00,,,,,,
8133,2017-12-31T04:11:16Z,-33.98711667,148.07505000,1752.00,,,,,,
8134,2017-12-31T04:11:17Z,-33.98715000,148.07528333,1755.00,,,,,,
8135,2017-12-31T04:11:18Z,-33.98715000,148.07548333,1757.00,,,,,,
8136,2017-12-31T04:11:19Z,-33.98715000,148.07558333,1760.00,,,,,,
8137,2017-12-31T04:11:20Z,-33.98710000,148.07565000,1761.00,,,,,,
8138,2017-12-31T04:11:21Z,-33.98701667,148.07575000,1761.00,,,,,,
8139,2017-12-31T04:11:22Z,-33.98691667,148.07581667,1757.00,,,,,,
8140,2017-12-31T04:11:23Z,-33.98676667,148.07585000,1756.00,,,,,,
8141,2017-12-31T04:11:24Z,-33.98663333,148.07585000,1759.00,,,,,,
8142,2017-12-31T04:11:25Z,-33.98651667,148.07575000,1764.00,,,,,,
8143,2017-12-31T04:11:26Z,-33.98641667,148.07565000,1769.00,,,,,,
8144,2017-12-31T04:11:27Z,-33.98633333,148.07553333,1773.00,,,,,,
8145,2017-12-31T04:11:28Z,-33.98630000,148.07540000,1775.00,,,,,,
8146,2017-12-31T04:11:29Z,-33.98630000,148.07528333,1776.00,,,,,,
8147,2017-12-31T04:11:30Z,-33.98631667,148.07516667,1777.00,,,,,,
8148,2017-12-31T04:11:31Z,-33.98636667,148.07503333,1779.00,,,,,,
8149,2017-12-31T04:11:32Z,-33.98643333,148.07495000,1782.00,,,,,,
8150,2017-12-31T04:11:33Z,-33.98653333,148.07490000,1784.00,,,,,,
8151,2017-12-31T04:11:34Z,-33.98665000,148.07488333,1789.00,,,,,,
8152,2017-12-31T04:11:35Z,-33.98676667,148.07490000,1792.00,,,,,,
8153,2017-12-31T04:11:36Z,-33.98688333,148.07493333,1794.00,,,,,,
8154,2017-12-31T04:11:37Z,-33.98700000,148.07498333,1793.00,,,,,,
8155,2017-12-31T04:11:38Z,-33.98713333,148.07503333,1795.00,,,,,,
8156,2017-12-31T04:11:39Z,-33.98726667,148.07508333,1798.00,,,,,,
8157,2017-12-31T04:11:40Z,-33.98740000,148.07515000,1801.00,,,,,,
8158,2017-12-31T04:11:41Z,-33.98751667,148.07523333,1804.00,,,,,,
8159,2017-12-31T04:11:42Z,-33.98763333,148.07531667,1804.00,,,,,,
8160,2017-12-31T04:11:43Z,-33.98771667,148.07543333,1804.00,,,,,,
8161,2017-12-31T04:11:44Z,-33.98780000,148.07556667,1806.00,,,,,,
8162,2017-12-31T04:11:45Z,-33.98785000,148.07573333,1809.00,,,,,,
8163,2017-12-31T04:11:46Z,-33.98786667,148.07593333,1814.00,,,,,,
8164,2017-12-31T04:11:47Z,-33.98783333,148.07615000,1819.00,,,,,,
8165,2017-12-31T04:11:48Z,-33.98780000,148.07636667,1824.00,,,,,,
8166,2017-12-31T04:11:49Z,-33.98775000,148.07655000,1828.00,,,,,,
8167,2017-12-31T04:11:50Z,-33.98758333,148.07665000,1832.00,,,,,,
8168,2017-12-31T04:11:51Z,-33.98746667,148.07671667,1835.00,,,,,,
8169,2017-12-31T04:11:52Z,-33.98735000,148.07670000,1837.00,,,,,,
8170,2017-12-31T04:11:53Z,-33.98728333,148.07661667,1840.00,,,,,,
8171,2017-12-31T04:11:54Z,-33.98726667,148.07650000,1847.00,,,,,,
8172,2017-12-31T04:11:55Z,-33.98726667,148.07640000,1852.00,,,,,,
8173,2017-12-31T04:11:56Z,-33.98730000,148.07628333,1854.00,,,,,,
8174,2017-12-31T04:11:57Z,-33.98736667,148.07620000,1853.00,,,,,,
8175,2017-12-31T04:11:58Z,-33.98741667,148.07610000,1850.00,,,,,,
8176,2017-12-31T04:11:59Z,-33.98750000,148.07600000,1846.00,,,,,,
8177,2017-12-31T04:12:00Z,-33.98763333,148.07600000,1848.00,,,,,,
8178,2017-12-31T04:12:01Z,-33.98778333,148.07601667,1854.00,,,,,,
8179,2017-12-31T04:12:02Z,-33.98793333,148.07606667,1860.00,,,,,,
8180,2017-12-31T04:12:03Z,-33.98806667,148.07615000,1864.00,,,,,,
8181,2017-12-31T04:12:04Z,-33.98821667,148.07623333,1869.00,,,,,,
8182,2017-12-31T04:12:05Z,-33.98831667,148.07635000,1873.00,,,,,,
8183,2017-12-31T04:12:06Z,-33.98841667,148.07648333,1879.00,,,,,,
8184,2017-12-31T04:12:07Z,-33.98846667,148.07663333,1886.00,,,,,,
8185,2017-12-31T04:12:08Z,-33.98846667,148.07681667,1891.00,,,,,,
8186,2017-12-31T04:12:09Z,-33.98841667,148.07696667,1894.00,,,,,,
8187,2017-12-31T04:12:10Z,-33.98836667,148.07710000,1895.00,,,,,,
8188,2017-12-31T04:12:11Z,-33.98825000,148.07718333,1897.00,,,,,,
8189,2017-12-31T04:12:12Z,-33.98813333,148.07720000,1902.00,,,,,,
8190,2017-12-31T04:12:13Z,-33.98805000,148.07710000,1906.00,,,,,,
8191,2017-12-31T04:12:14Z,-33.98800000,148.07698333,1912.00,,,,,,
8192,2017-12-31T04:12:15Z,-33.98803333,148.07686667,1915.00,,,,,,
8193,2017-12-31T04:12:16Z,-33.98810000,148.07676667,1919.00,,,,,,
8194,2017-12-31T04:12:17Z,-33.98821667,148.07673333,1923.00,,,,,,
8195,2017-12-31T04:12:18Z,-33.98833333,148.07675000,1927.00,,,,,,
8196,2017-12-31T04:12:19Z,-33.98843333,148.07685000,1932.00,,,,,,
8197,2017-12-31T04:12:20Z,-33.98850000,148.07701667,1935.00,,,,,,
8198,2017-12-31T04:12:21Z,-33.98855000,148.07718333,1939.00,,,,,,
8199,2017-12-31T04:12:22Z,-33.98855000,148.07736667,1944.00,,,,,,
8200,2017-12-31T04:12:23Z,-33.98850000,148.07750000,1949.00,,,,,,
8201,2017-12-31T04:12:24Z,-33.98841667,148.07761667,1953.00,,,,,,
8202,2017-12-31T04:12:25Z,-33.98833333,148.07770000,1956.00,,,,,,
8203,2017-12-31T04:12:26Z,-33.98823333,148.07771667,1961.00,,,,,,
8204,2017-12-31T04:12:27Z,-33.98815000,148.07766667,1965.00,,,,,,
8205,2017-12-31T04:12:28Z,-33.98810000,148.07756667,1969.00,,,,,,
8206,2017-12-31T04:12:29Z,-33.98810000,148.07745000,1974.00,,,,,,
8207,2017-12-31T04:12:30Z,-33.98813333,148.07733333,1976.00,,,,,,
8208,2017-12-31T04:12:31Z,-33.98821667,148.07721667,1979.00,,,,,,
8209,2017-12-31T04:12:32Z,-33.98833333,148.07718333,1983.00,,,,,,
8210,2017-12-31T04:12:33Z,-33.98843333,148.07720000,1987.00,,,,,,
8211,2017-12-31T04:12:34Z,-33.98855000,148.07726667,1990.00,,,,,,
8212,2017-12-31T04:12:35Z,-33.98865000,148.07738333,1993.00,,,,,,
8213,2017-12-31T04:12:36Z,-33.98873333,148.07755000,1998.00,,,,,,
8214,2017-12-31T04:12:37Z,-33.98880000,148.07771667,2007.00,,,,,,
8215,2017-12-31T04:12:38Z,-33.98880000,148.07788333,2013.00,,,,,,
8216,2017-12-31T04:12:39Z,-33.98878333,148.07805000,2019.00,,,,,,
8217,2017-12-31T04:12:40Z,-33.98873333,148.07818333,2021.00,,,,,,
8218,2017-12-31T04:12:41Z,-33.98866667,148.07828333,2023.00,,,,,,
8219,2017-12-31T04:12:42Z,-33.98856667,148.07833333,2027.00,,,,,,
8220,2017-12-31T04:12:43Z,-33.98848333,148.07830000,2031.00,,,,,,
8221,2017-12-31T04:12:44Z,-33.98841667,148.07818333,2036.00,,,,,,
8222,2017-12-31T04:12:45Z,-33.98840000,148.07808333,2039.00,,,,,,
8223,2017-12-31T04:12:46Z,-33.98840000,148.07793333,2042.00,,,,,,
8224,2017-12-31T04:12:47Z,-33.98841667,148.07780000,2044.00,,,,,,
8225,2017-12-31T04:12:48Z,-33.98848333,148.07766667,2047.00,,,,,,
8226,2017-12-31T04:12:49Z,-33.98861667,148.07760000,2052.00,,,,,,
8227,2017-12-31T04:12:50Z,-33.98873333,148.07755000,2055.00,,,,,,
8228,2017-12-31T04:12:51Z,-33.98885000,148.07755000,2061.00,,,,,,
8229,2017-12-31T04:12:52Z,-33.98898333,148.07758333,2064.00,,,,,,
8230,2017-12-31T04:12:53Z,-33.98910000,148.07763333,2064.00,,,,,,
8231,2017-12-31T04:12:54Z,-33.98920000,148.07771667,2066.00,,,,,,
8232,2017-12-31T04:12:55Z,-33.98935000,148.07783333,2070.00,,,,,,
8233,2017-12-31T04:12:56Z,-33.98945000,148.07798333,2080.00,,,,,,
8234,2017-12-31T04:12:57Z,-33.98953333,148.07815000,2087.00,,,,,,
8235,2017-12-31T04:12:58Z,-33.98960000,148.07833333,2092.00,,,,,,
8236,2017-12-31T04:12:59Z,-33.98965000,148.07851667,2096.00,,,,,,
8237,2017-12-31T04:13:00Z,-33.98961667,148.07868333,2099.00,,,,,,
8238,2017-12-31T04:13:01Z,-33.98956667,148.07883333,2101.00,,,,,,
8239,2017-12-31T04:13:02Z,-33.98948333,148.07893333,2106.00,,,,,,
8240,2017-12-31T04:13:03Z,-33.98941667,148.07898333,2110.00,,,,,,
8241,2017-12-31T04:13:04Z,-33.98931667,148.07898333,2110.00,,,,,,
8242,2017-12-31T04:13:05Z,-33.98926667,148.07891667,2110.00,,,,,,
8243,2017-12-31T04:13:06Z,-33.98923333,148.07881667,2112.00,,,,,,
8244,2017-12-31T04:13:07Z,-33.98925000,148.07865000,2116.00,,,,,,
8245,2017-12-31T04:13:08Z,-33.98931667,148.07851667,2124.00,,,,,,
8246,2017-12-31T04:13:09Z,-33.98945000,148.07845000,2134.00,,,,,,
8247,2017-12-31T04:13:10Z,-33.98958333,148.07845000,2138.00,,,,,,
8248,2017-12-31T04:13:11Z,-33.98973333,148.07846667,2141.00,,,,,,
8249,2017-12-31T04:13:12Z,-33.98986667,148.07855000,2145.00,,,,,,
8250,2017-12-31T04:13:13Z,-33.98996667,148.07866667,2150.00,,,,,,
8251,2017-12-31T04:13:14Z,-33.99005000,148.07881667,2156.00,,,,,,
8252,2017-12-31T04:13:15Z,-33.99008333,148.07895000,2158.00,,,,,,
8253,2017-12-31T04:13:16Z,-33.99008333,148.07910000,2161.00,,,,,,
8254,2017-12-31T04:13:17Z,-33.99005000,148.07923333,2163.00,,,,,,
8255,2017-12-31T04:13:18Z,-33.98998333,148.07933333,2165.00,,,,,,
8256,2017-12-31T04:13:19Z,-33.98990000,148.07940000,2167.00,,,,,,
8257,2017-12-31T04:13:20Z,-33.98978333,148.07943333,2169.00,,,,,,
8258,2017-12-31T04:13:21Z,-33.98968333,148.07948333,2173.00,,,,,,
8259,2017-12-31T04:13:22Z,-33.98960000,148.07943333,2174.00,,,,,,
8260,2017-12-31T04:13:23Z,-33.98953333,148.07935000,2177.00,,,,,,
8261,2017-12-31T04:13:24Z,-33.98950000,148.07923333,2182.00,,,,,,
8262,2017-12-31T04:13:25Z,-33.98946667,148.07910000,2186.00,,,,,,
8263,2017-12-31T04:13:26Z,-33.98948333,148.07898333,2191.00,,,,,,
8264,2017-12-31T04:13:27Z,-33.98953333,148.07883333,2196.00,,,,,,
8265,2017-12-31T04:13:28Z,-33.98961667,148.07873333,2200.00,,,,,,
8266,2017-12-31T04:13:29Z,-33.98975000,148.07865000,2203.00,,,,,,
8267,2017-12-31T04:13:30Z,-33.98991667,148.07860000,2206.00,,,,,,
8268,2017-12-31T04:13:31Z,-33.99006667,148.07861667,2212.00,,,,,,
8269,2017-12-31T04:13:32Z,-33.99021667,148.07870000,2214.00,,,,,,
8270,2017-12-31T04:13:33Z,-33.99035000,148.07880000,2218.00,,,,,,
8271,2017-12-31T04:13:34Z,-33.99045000,148.07893333,2218.00,,,,,,
8272,2017-12-31T04:13:35Z,-33.99053333,148.07908333,2217.00,,,,,,
8273,2017-12-31T04:13:36Z,-33.99056667,148.07926667,2217.00,,,,,,
8274,2017-12-31T04:13:37Z,-33.99055000,148.07945000,2220.00,,,,,,
8275,2017-12-31T04:13:38Z,-33.99053333,148.07963333,2225.00,,,,,,
8276,2017-12-31T04:13:39Z,-33.99050000,148.07978333,2227.00,,,,,,
8277,2017-12-31T04:13:40Z,-33.99043333,148.07988333,2228.00,,,,,,
8278,2017-12-31T04:13:41Z,-33.99038333,148.07998333,2229.00,,,,,,
8279,2017-12-31T04:13:42Z,-33.99031667,148.08003333,2230.00,,,,,,
8280,2017-12-31T04:13:43Z,-33.99026667,148.08010000,2231.00,,,,,,
8281,2017-12-31T04:13:44Z,-33.99020000,148.08013333,2232.00,,,,,,
8282,2017-12-31T04:13:45Z,-33.99016667,148.08010000,2234.00,,,,,,
8283,2017-12-31T04:13:46Z,-33.99015000,148.08010000,2238.00,,,,,,
8284,2017-12-31T04:13:47Z,-33.99010000,148.07988333,2243.00,,,,,,
8285,2017-12-31T04:13:48Z,-33.99016667,148.07971667,2247.00,,,,,,
8286,2017-12-31T04:13:49Z,-33.99021667,148.07956667,2252.00,,,,,,
8287,2017-12-31T04:13:50Z,-33.99035000,148.07941667,2255.00,,,,,,
8288,2017-12-31T04:13:51Z,-33.99046667,148.07931667,2259.00,,,,,,
8289,2017-12-31T04:13:52Z,-33.99058333,148.07923333,2264.00,,,,,,
8290,2017-12-31T04:13:53Z,-33.99070000,148.07921667,2267.00,,,,,,
8291,2017-12-31T04:13:54Z,-33.99081667,148.07925000,2269.00,,,,,,
8292,2017-12-31T04:13:55Z,-33.99088333,148.07930000,2271.00,,,,,,
8293,2017-12-31T04:13:56Z,-33.99096667,148.07941667,2274.00,,,,,,
8294,2017-12-31T04:13:57Z,-33.99101667,148.07955000,2274.00,,,,,,
8295,2017-12-31T04:13:58Z,-33.99103333,148.07970000,2274.00,,,,,,
8296,2017-12-31T04:13:59Z,-33.99103333,148.07985000,2273.00,,,,,,
8297,2017-12-31T04:14:00Z,-33.99095000,148.07996667,2274.00,,,,,,
8298,2017-12-31T04:14:01Z,-33.99091667,148.08010000,2274.00,,,,,,
8299,2017-12-31T04:14:02Z,-33.99086667,148.08020000,2276.00,,,,,,
8300,2017-12-31T04:14:03Z,-33.99090000,148.08035000,2277.00,,,,,,
8301,2017-12-31T04:14:04Z,-33.99088333,148.08043333,2278.00,,,,,,
8302,2017-12-31T04:14:05Z,-33.99078333,148.08041667,2280.00,,,,,,
8303,2017-12-31T04:14:06Z,-33.99071667,148.08040000,2283.00,,,,,,
8304,2017-12-31T04:14:07Z,-33.99066667,148.08033333,2287.00,,,,,,
8305,2017-12-31T04:14:08Z,-33.99056667,148.08018333,2290.00,,,,,,
8306,2017-12-31T04:14:09Z,-33.99053333,148.08005000,2294.00,,,,,,
8307,2017-12-31T04:14:10Z,-33.99051667,148.07991667,2297.00,,,,,,
8308,2017-12-31T04:14:11Z,-33.99051667,148.07976667,2300.00,,,,,,
8309,2017-12-31T04:14:12Z,-33.99051667,148.07960000,2303.00,,,,,,
8310,2017-12-31T04:14:13Z,-33.99051667,148.07945000,2303.00,,,,,,
8311,2017-12-31T04:14:14Z,-33.99053333,148.07928333,2304.00,,,,,,
8312,2017-12-31T04:14:15Z,-33.99063333,148.07918333,2306.00,,,,,,
8313,2017-12-31T04:14:16Z,-33.99073333,148.07908333,2309.00,,,,,,
8314,2017-12-31T04:14:17Z,-33.99086667,148.07903333,2314.00,,,,,,
8315,2017-12-31T04:14:18Z,-33.99098333,148.07905000,2317.00,,,,,,
8316,2017-12-31T04:14:19Z,-33.99110000,148.07908333,2319.00,,,,,,
8317,2017-12-31T04:14:20Z,-33.99116667,148.07913333,2320.00,,,,,,
8318,2017-12-31T04:14:21Z,-33.99123333,148.07925000,2321.00,,,,,,
8319,2017-12-31T04:14:22Z,-33.99130000,148.07940000,2321.00,,,,,,
8320,2017-12-31T04:14:23Z,-33.99131667,148.07956667,2320.00,,,,,,
8321,2017-12-31T04:14:24Z,-33.99126667,148.07966667,2321.00,,,,,,
8322,2017-12-31T04:14:25Z,-33.99118333,148.07975000,2323.00,,,,,,
8323,2017-12-31T04:14:26Z,-33.99110000,148.07983333,2326.00,,,,,,
8324,2017-12-31T04:14:27Z,-33.99101667,148.07988333,2330.00,,,,,,
8325,2017-12-31T04:14:28Z,-33.99093333,148.07991667,2332.00,,,,,,
8326,2017-12-31T04:14:29Z,-33.99085000,148.07991667,2333.00,,,,,,
8327,2017-12-31T04:14:30Z,-33.99071667,148.07983333,2332.00,,,,,,
8328,2017-12-31T04:14:31Z,-33.99063333,148.07978333,2332.00,,,,,,
8329,2017-12-31T04:14:32Z,-33.99056667,148.07971667,2335.00,,,,,,
8330,2017-12-31T04:14:33Z,-33.99050000,148.07961667,2337.00,,,,,,
8331,2017-12-31T04:14:34Z,-33.99048333,148.07946667,2339.00,,,,,,
8332,2017-12-31T04:14:35Z,-33.99053333,148.07923333,2339.00,,,,,,
8333,2017-12-31T04:14:36Z,-33.99055000,148.07905000,2340.00,,,,,,
8334,2017-12-31T04:14:37Z,-33.99066667,148.07895000,2343.00,,,,,,
8335,2017-12-31T04:14:38Z,-33.99078333,148.07886667,2345.00,,,,,,
8336,2017-12-31T04:14:39Z,-33.99091667,148.07881667,2347.00,,,,,,
8337,2017-12-31T04:14:40Z,-33.99103333,148.07880000,2348.00,,,,,,
8338,2017-12-31T04:14:41Z,-33.99118333,148.07881667,2350.00,,,,,,
8339,2017-12-31T04:14:42Z,-33.99131667,148.07886667,2352.00,,,,,,
8340,2017-12-31T04:14:43Z,-33.99145000,148.07893333,2354.00,,,,,,
8341,2017-12-31T04:14:44Z,-33.99156667,148.07900000,2356.00,,,,,,
8342,2017-12-31T04:14:45Z,-33.99166667,148.07911667,2356.00,,,,,,
8343,2017-12-31T04:14:46Z,-33.99175000,148.07926667,2355.00,,,,,,
8344,2017-12-31T04:14:47Z,-33.99180000,148.07940000,2354.00,,,,,,
8345,2017-12-31T04:14:48Z,-33.99185000,148.07956667,2353.00,,,,,,
8346,2017-12-31T04:14:49Z,-33.99190000,148.07973333,2352.00,,,,,,
8347,2017-12-31T04:14:50Z,-33.99193333,148.07986667,2351.00,,,,,,
8348,2017-12-31T04:14:51Z,-33.99198333,148.08005000,2350.00,,,,,,
8349,2017-12-31T04:14:52Z,-33.99203333,148.08021667,2348.00,,,,,,
8350,2017-12-31T04:14:53Z,-33.99210000,148.08036667,2346.00,,,,,,
8351,2017-12-31T04:14:54Z,-33.99216667,148.08053333,2344.00,,,,,,
8352,2017-12-31T04:14:55Z,-33.99223333,148.08071667,2343.00,,,,,,
8353,2017-12-31T04:14:56Z,-33.99233333,148.08086667,2340.00,,,,,,
8354,2017-12-31T04:14:57Z,-33.99241667,148.08103333,2337.00,,,,,,
8355,2017-12-31T04:14:58Z,-33.99250000,148.08121667,2334.00,,,,,,
8356,2017-12-31T04:14:59Z,-33.99258333,148.08140000,2330.00,,,,,,
8357,2017-12-31T04:15:00Z,-33.99266667,148.08161667,2329.00,,,,,,
8358,2017-12-31T04:15:01Z,-33.99275000,148.08178333,2325.00,,,,,,
8359,2017-12-31T04:15:02Z,-33.99283333,148.08196667,2322.00,,,,,,
8360,2017-12-31T04:15:03Z,-33.99293333,148.08215000,2318.00,,,,,,
8361,2017-12-31T04:15:04Z,-33.99300000,148.08235000,2318.00,,,,,,
8362,2017-12-31T04:15:05Z,-33.99308333,148.08256667,2318.00,,,,,,
8363,2017-12-31T04:15:06Z,-33.99316667,148.08278333,2314.00,,,,,,
8364,2017-12-31T04:15:07Z,-33.99323333,148.08298333,2310.00,,,,,,
8365,2017-12-31T04:15:08Z,-33.99331667,148.08318333,2305.00,,,,,,
8366,2017-12-31T04:15:09Z,-33.99340000,148.08336667,2304.00,,,,,,
8367,2017-12-31T04:15:10Z,-33.99348333,148.08356667,2302.00,,,,,,
8368,2017-12-31T04:15:11Z,-33.99356667,148.08376667,2302.00,,,,,,
8369,2017-12-31T04:15:12Z,-33.99363333,148.08396667,2304.00,,,,,,
8370,2017-12-31T04:15:13Z,-33.99368333,148.08418333,2305.00,,,,,,
8371,2017-12-31T04:15:14Z,-33.99371667,148.08441667,2307.00,,,,,,
8372,2017-12-31T04:15:15Z,-33.99373333,148.08461667,2308.00,,,,,,
8373,2017-12-31T04:15:16Z,-33.99378333,148.08488333,2312.00,,,,,,
8374,2017-12-31T04:15:17Z,-33.99383333,148.08511667,2317.00,,,,,,
8375,2017-12-31T04:15:18Z,-33.99390000,148.08533333,2322.00,,,,,,
8376,2017-12-31T04:15:19Z,-33.99396667,148.08555000,2324.00,,,,,,
8377,2017-12-31T04:15:20Z,-33.99403333,148.08573333,2327.00,,,,,,
8378,2017-12-31T04:15:21Z,-33.99410000,148.08596667,2331.00,,,,,,
8379,2017-12-31T04:15:22Z,-33.99415000,148.08618333,2336.00,,,,,,
8380,2017-12-31T04:15:23Z,-33.99411667,148.08636667,2340.00,,,,,,
8381,2017-12-31T04:15:24Z,-33.99406667,148.08653333,2342.00,,,,,,
8382,2017-12-31T04:15:25Z,-33.99398333,148.08663333,2343.00,,,,,,
8383,2017-12-31T04:15:26Z,-33.99386667,148.08670000,2343.00,,,,,,
8384,2017-12-31T04:15:27Z,-33.99373333,148.08671667,2345.00,,,,,,
8385,2017-12-31T04:15:28Z,-33.99361667,148.08671667,2346.00,,,,,,
8386,2017-12-31T04:15:29Z,-33.99350000,148.08668333,2348.00,,,,,,
8387,2017-12-31T04:15:30Z,-33.99343333,148.08656667,2350.00,,,,,,
8388,2017-12-31T04:15:31Z,-33.99341667,148.08643333,2353.00,,,,,,
8389,2017-12-31T04:15:32Z,-33.99345000,148.08630000,2356.00,,,,,,
8390,2017-12-31T04:15:33Z,-33.99353333,148.08620000,2361.00,,,,,,
8391,2017-12-31T04:15:34Z,-33.99361667,148.08610000,2365.00,,,,,,
8392,2017-12-31T04:15:35Z,-33.99375000,148.08608333,2366.00,,,,,,
8393,2017-12-31T04:15:36Z,-33.99385000,148.08605000,2367.00,,,,,,
8394,2017-12-31T04:15:37Z,-33.99398333,148.08605000,2370.00,,,,,,
8395,2017-12-31T04:15:38Z,-33.99411667,148.08610000,2374.00,,,,,,
8396,2017-12-31T04:15:39Z,-33.99425000,148.08620000,2379.00,,,,,,
8397,2017-12-31T04:15:40Z,-33.99431667,148.08633333,2380.00,,,,,,
8398,2017-12-31T04:15:41Z,-33.99440000,148.08646667,2381.00,,,,,,
8399,2017-12-31T04:15:42Z,-33.99445000,148.08660000,2381.00,,,,,,
8400,2017-12-31T04:15:43Z,-33.99450000,148.08675000,2382.00,,,,,,
8401,2017-12-31T04:15:44Z,-33.99448333,148.08693333,2385.00,,,,,,
8402,2017-12-31T04:15:45Z,-33.99440000,148.08713333,2387.00,,,,,,
8403,2017-12-31T04:15:46Z,-33.99436667,148.08731667,2390.00,,,,,,
8404,2017-12-31T04:15:47Z,-33.99431667,148.08748333,2392.00,,,,,,
8405,2017-12-31T04:15:48Z,-33.99426667,148.08765000,2392.00,,,,,,
8406,2017-12-31T04:15:49Z,-33.99423333,148.08781667,2394.00,,,,,,
8407,2017-12-31T04:15:50Z,-33.99415000,148.08793333,2395.00,,,,,,
8408,2017-12-31T04:15:51Z,-33.99406667,148.08806667,2397.00,,,,,,
8409,2017-12-31T04:15:52Z,-33.99398333,148.08818333,2398.00,,,,,,
8410,2017-12-31T04:15:53Z,-33.99390000,148.08826667,2398.00,,,,,,
8411,2017-12-31T04:15:54Z,-33.99381667,148.08830000,2399.00,,,,,,
8412,2017-12-31T04:15:55Z,-33.99381667,148.08840000,2401.00,,,,,,
8413,2017-12-31T04:15:56Z,-33.99373333,148.08833333,2403.00,,,,,,
8414,2017-12-31T04:15:57Z,-33.99366667,148.08825000,2404.00,,,,,,
8415,2017-12-31T04:15:58Z,-33.99363333,148.08815000,2406.00,,,,,,
8416,2017-12-31T04:15:59Z,-33.99363333,148.08803333,2410.00,,,,,,
8417,2017-12-31T04:16:00Z,-33.99365000,148.08788333,2412.00,,,,,,
8418,2017-12-31T04:16:01Z,-33.99366667,148.08775000,2414.00,,,,,,
8419,2017-12-31T04:16:02Z,-33.99370000,148.08761667,2415.00,,,,,,
8420,2017-12-31T04:16:03Z,-33.99370000,148.08748333,2416.00,,,,,,
8421,2017-12-31T04:16:04Z,-33.99373333,148.08736667,2418.00,,,,,,
8422,2017-12-31T04:16:05Z,-33.99380000,148.08731667,2419.00,,,,,,
8423,2017-12-31T04:16:06Z,-33.99386667,148.08726667,2420.00,,,,,,
8424,2017-12-31T04:16:07Z,-33.99388333,148.08720000,2421.00,,,,,,
8425,2017-12-31T04:16:08Z,-33.99395000,148.08720000,2421.00,,,,,,
8426,2017-12-31T04:16:09Z,-33.99403333,148.08723333,2422.00,,,,,,
8427,2017-12-31T04:16:10Z,-33.99421667,148.08743333,2424.00,,,,,,
8428,2017-12-31T04:16:11Z,-33.99430000,148.08755000,2425.00,,,,,,
8429,2017-12-31T04:16:12Z,-33.99441667,148.08773333,2426.00,,,,,,
8430,2017-12-31T04:16:13Z,-33.99448333,148.08791667,2427.00,,,,,,
8431,2017-12-31T04:16:14Z,-33.99455000,148.08810000,2429.00,,,,,,
8432,2017-12-31T04:16:15Z,-33.99461667,148.08831667,2430.00,,,,,,
8433,2017-12-31T04:16:16Z,-33.99465000,148.08851667,2432.00,,,,,,
8434,2017-12-31T04:16:17Z,-33.99466667,148.08870000,2432.00,,,,,,
8435,2017-12-31T04:16:18Z,-33.99470000,148.08888333,2432.00,,,,,,
8436,2017-12-31T04:16:19Z,-33.99475000,148.08905000,2428.00,,,,,,
8437,2017-12-31T04:16:20Z,-33.99481667,148.08926667,2426.00,,,,,,
8438,2017-12-31T04:16:21Z,-33.99490000,148.08945000,2424.00,,,,,,
8439,2017-12-31T04:16:22Z,-33.99496667,148.08965000,2422.00,,,,,,
8440,2017-12-31T04:16:23Z,-33.99503333,148.08985000,2419.00,,,,,,
8441,2017-12-31T04:16:24Z,-33.99511667,148.09006667,2418.00,,,,,,
8442,2017-12-31T04:16:25Z,-33.99523333,148.09028333,2417.00,,,,,,
8443,2017-12-31T04:16:26Z,-33.99531667,148.09048333,2414.00,,,,,,
8444,2017-12-31T04:16:27Z,-33.99541667,148.09071667,2413.00,,,,,,
8445,2017-12-31T04:16:28Z,-33.99551667,148.09096667,2412.00,,,,,,
8446,2017-12-31T04:16:29Z,-33.99561667,148.09118333,2411.00,,,,,,
8447,2017-12-31T04:16:30Z,-33.99573333,148.09140000,2411.00,,,,,,
8448,2017-12-31T04:16:31Z,-33.99585000,148.09160000,2410.00,,,,,,
8449,2017-12-31T04:16:32Z,-33.99596667,148.09180000,2407.00,,,,,,
8450,2017-12-31T04:16:33Z,-33.99606667,148.09198333,2406.00,,,,,,
8451,2017-12-31T04:16:34Z,-33.99618333,148.09218333,2404.00,,,,,,
8452,2017-12-31T04:16:35Z,-33.99631667,148.09236667,2403.00,,,,,,
8453,2017-12-31T04:16:36Z,-33.99643333,148.09255000,2402.00,,,,,,
8454,2017-12-31T04:16:37Z,-33.99655000,148.09273333,2402.00,,,,,,
8455,2017-12-31T04:16:38Z,-33.99666667,148.09293333,2402.00,,,,,,
8456,2017-12-31T04:16:39Z,-33.99676667,148.09311667,2404.00,,,,,,
8457,2017-12-31T04:16:40Z,-33.99688333,148.09330000,2400.00,,,,,,
8458,2017-12-31T04:16:41Z,-33.99698333,148.09350000,2396.00,,,,,,
8459,2017-12-31T04:16:42Z,-33.99710000,148.09368333,2394.00,,,,,,
8460,2017-12-31T04:16:43Z,-33.99721667,148.09386667,2395.00,,,,,,
8461,2017-12-31T04:16:44Z,-33.99731667,148.09405000,2395.00,,,,,,
8462,2017-12-31T04:16:45Z,-33.99741667,148.09430000,2395.00,,,,,,
8463,2017-12-31T04:16:46Z,-33.99751667,148.09450000,2393.00,,,,,,
8464,2017-12-31T04:16:47Z,-33.99763333,148.09468333,2391.00,,,,,,
8465,2017-12-31T04:16:48Z,-33.99773333,148.09488333,2389.00,,,,,,
8466,2017-12-31T04:16:49Z,-33.99785000,148.09510000,2389.00,,,,,,
8467,2017-12-31T04:16:50Z,-33.99796667,148.09530000,2388.00,,,,,,
8468,2017-12-31T04:16:51Z,-33.99808333,148.09551667,2383.00,,,,,,
8469,2017-12-31T04:16:52Z,-33.99818333,148.09573333,2378.00,,,,,,
8470,2017-12-31T04:16:53Z,-33.99830000,148.09596667,2376.00,,,,,,
8471,2017-12-31T04:16:54Z,-33.99841667,148.09620000,2377.00,,,,,,
8472,2017-12-31T04:16:55Z,-33.99855000,148.09641667,2377.00,,,,,,
8473,2017-12-31T04:16:56Z,-33.99866667,148.09665000,2377.00,,,,,,
8474,2017-12-31T04:16:57Z,-33.99878333,148.09686667,2375.00,,,,,,
8475,2017-12-31T04:16:58Z,-33.99891667,148.09708333,2374.00,,,,,,
8476,2017-12-31T04:16:59Z,-33.99903333,148.09730000,2373.00,,,,,,
8477,2017-12-31T04:17:00Z,-33.99916667,148.09756667,2373.00,,,,,,
8478,2017-12-31T04:17:01Z,-33.99928333,148.09780000,2374.00,,,,,,
8479,2017-12-31T04:17:02Z,-33.99941667,148.09803333,2375.00,,,,,,
8480,2017-12-31T04:17:03Z,-33.99955000,148.09828333,2376.00,,,,,,
8481,2017-12-31T04:17:04Z,-33.99968333,148.09850000,2376.00,,,,,,
8482,2017-12-31T04:17:05Z,-33.99980000,148.09875000,2375.00,,,,,,
8483,2017-12-31T04:17:06Z,-33.99991667,148.09896667,2373.00,,,,,,
8484,2017-12-31T04:17:07Z,-34.00003333,148.09920000,2371.00,,,,,,
8485,2017-12-31T04:17:08Z,-34.00013333,148.09943333,2370.00,,,,,,
8486,2017-12-31T04:17:09Z,-34.00025000,148.09970000,2370.00,,,,,,
8487,2017-12-31T04:17:10Z,-34.00035000,148.09995000,2370.00,,,,,,
8488,2017-12-31T04:17:11Z,-34.00045000,148.10020000,2369.00,,,,,,
8489,2017-12-31T04:17:12Z,-34.00056667,148.10045000,2367.00,,,,,,
8490,2017-12-31T04:17:13Z,-34.00066667,148.10068333,2367.00,,,,,,
8491,2017-12-31T04:17:14Z,-34.00078333,148.10091667,2367.00,,,,,,
8492,2017-12-31T04:17:15Z,-34.00090000,148.10115000,2365.00,,,,,,
8493,2017-12-31T04:17:16Z,-34.00101667,148.10136667,2361.00,,,,,,
8494,2017-12-31T04:17:17Z,-34.00113333,148.10160000,2359.00,,,,,,
8495,2017-12-31T04:17:18Z,-34.00125000,148.10185000,2356.00,,,,,,
8496,2017-12-31T04:17:19Z,-34.00135000,148.10210000,2357.00,,,,,,
8497,2017-12-31T04:17:20Z,-34.00145000,148.10235000,2359.00,,,,,,
8498,2017-12-31T04:17:21Z,-34.00155000,148.10260000,2361.00,,,,,,
8499,2017-12-31T04:17:22Z,-34.00163333,148.10285000,2358.00,,,,,,
8500,2017-12-31T04:17:23Z,-34.00171667,148.10313333,2352.00,,,,,,
8501,2017-12-31T04:17:24Z,-34.00178333,148.10338333,2345.00,,,,,,
8502,2017-12-31T04:17:25Z,-34.00188333,148.10363333,2344.00,,,,,,
8503,2017-12-31T04:17:26Z,-34.00198333,148.10388333,2348.00,,,,,,
8504,2017-12-31T04:17:27Z,-34.00206667,148.10413333,2354.00,,,,,,
8505,2017-12-31T04:17:28Z,-34.00215000,148.10436667,2356.00,,,,,,
8506,2017-12-31T04:17:29Z,-34.00225000,148.10456667,2352.00,,,,,,
8507,2017-12-31T04:17:30Z,-34.00236667,148.10475000,2348.00,,,,,,
8508,2017-12-31T04:17:31Z,-34.00246667,148.10493333,2345.00,,,,,,
8509,2017-12-31T04:17:32Z,-34.00256667,148.10511667,2343.00,,,,,,
8510,2017-12-31T04:17:33Z,-34.00265000,148.10531667,2338.00,,,,,,
8511,2017-12-31T04:17:34Z,-34.00273333,148.10551667,2334.00,,,,,,
8512,2017-12-31T04:17:35Z,-34.00281667,148.10571667,2334.00,,,,,,
8513,2017-12-31T04:17:36Z,-34.00288333,148.10595000,2332.00,,,,,,
8514,2017-12-31T04:17:37Z,-34.00295000,148.10616667,2329.00,,,,,,
8515,2017-12-31T04:17:38Z,-34.00301667,148.10640000,2326.00,,,,,,
8516,2017-12-31T04:17:39Z,-34.00310000,148.10663333,2323.00,,,,,,
8517,2017-12-31T04:17:40Z,-34.00316667,148.10686667,2322.00,,,,,,
8518,2017-12-31T04:17:41Z,-34.00323333,148.10711667,2322.00,,,,,,
8519,2017-12-31T04:17:42Z,-34.00330000,148.10735000,2322.00,,,,,,
8520,2017-12-31T04:17:43Z,-34.00336667,148.10758333,2320.00,,,,,,
8521,2017-12-31T04:17:44Z,-34.00343333,148.10780000,2316.00,,,,,,
8522,2017-12-31T04:17:45Z,-34.00348333,148.10803333,2312.00,,,,,,
8523,2017-12-31T04:17:46Z,-34.00356667,148.10826667,2307.00,,,,,,
8524,2017-12-31T04:17:47Z,-34.00361667,148.10851667,2307.00,,,,,,
8525,2017-12-31T04:17:48Z,-34.00368333,148.10876667,2308.00,,,,,,
8526,2017-12-31T04:17:49Z,-34.00375000,148.10901667,2309.00,,,,,,
8527,2017-12-31T04:17:50Z,-34.00380000,148.10921667,2309.00,,,,,,
8528,2017-12-31T04:17:51Z,-34.00385000,148.10945000,2309.00,,,,,,
8529,2017-12-31T04:17:52Z,-34.00391667,148.10965000,2306.00,,,,,,
8530,2017-12-31T04:17:53Z,-34.00396667,148.10986667,2303.00,,,,,,
8531,2017-12-31T04:17:54Z,-34.00401667,148.11008333,2298.00,,,,,,
8532,2017-12-31T04:17:55Z,-34.00408333,148.11031667,2296.00,,,,,,
8533,2017-12-31T04:17:56Z,-34.00416667,148.11056667,2296.00,,,,,,
8534,2017-12-31T04:17:57Z,-34.00425000,148.11081667,2298.00,,,,,,
8535,2017-12-31T04:17:58Z,-34.00433333,148.11108333,2299.00,,,,,,
8536,2017-12-31T04:17:59Z,-34.00441667,148.11130000,2298.00,,,,,,
8537,2017-12-31T04:18:00Z,-34.00451667,148.11150000,2295.00,,,,,,
8538,2017-12-31T04:18:01Z,-34.00461667,148.11171667,2294.00,,,,,,
8539,2017-12-31T04:18:02Z,-34.00473333,148.11195000,2292.00,,,,,,
8540,2017-12-31T04:18:03Z,-34.00486667,148.11218333,2290.00,,,,,,
8541,2017-12-31T04:18:04Z,-34.00501667,148.11243333,2296.00,,,,,,
8542,2017-12-31T04:18:05Z,-34.00513333,148.11268333,2300.00,,,,,,
8543,2017-12-31T04:18:06Z,-34.00525000,148.11293333,2303.00,,,,,,
8544,2017-12-31T04:18:07Z,-34.00538333,148.11315000,2304.00,,,,,,
8545,2017-12-31T04:18:08Z,-34.00553333,148.11335000,2304.00,,,,,,
8546,2017-12-31T04:18:09Z,-34.00566667,148.11353333,2304.00,,,,,,
8547,2017-12-31T04:18:10Z,-34.00583333,148.11371667,2305.00,,,,,,
8548,2017-12-31T04:18:11Z,-34.00598333,148.11390000,2307.00,,,,,,
8549,2017-12-31T04:18:12Z,-34.00611667,148.11408333,2309.00,,,,,,
8550,2017-12-31T04:18:13Z,-34.00625000,148.11426667,2309.00,,,,,,
8551,2017-12-31T04:18:14Z,-34.00638333,148.11443333,2304.00,,,,,,
8552,2017-12-31T04:18:15Z,-34.00651667,148.11461667,2302.00,,,,,,
8553,2017-12-31T04:18:16Z,-34.00665000,148.11481667,2301.00,,,,,,
8554,2017-12-31T04:18:17Z,-34.00680000,148.11501667,2300.00,,,,,,
8555,2017-12-31T04:18:18Z,-34.00693333,148.11520000,2295.00,,,,,,
8556,2017-12-31T04:18:19Z,-34.00708333,148.11540000,2292.00,,,,,,
8557,2017-12-31T04:18:20Z,-34.00725000,148.11560000,2289.00,,,,,,
8558,2017-12-31T04:18:21Z,-34.00741667,148.11580000,2285.00,,,,,,
8559,2017-12-31T04:18:22Z,-34.00760000,148.11598333,2283.00,,,,,,
8560,2017-12-31T04:18:23Z,-34.00776667,148.11618333,2282.00,,,,,,
8561,2017-12-31T04:18:24Z,-34.00793333,148.11636667,2280.00,,,,,,
8562,2017-12-31T04:18:25Z,-34.00811667,148.11653333,2277.00,,,,,,
8563,2017-12-31T04:18:26Z,-34.00828333,148.11671667,2274.00,,,,,,
8564,2017-12-31T04:18:27Z,-34.00846667,148.11688333,2267.00,,,,,,
8565,2017-12-31T04:18:28Z,-34.00865000,148.11705000,2264.00,,,,,,
8566,2017-12-31T04:18:29Z,-34.00883333,148.11723333,2262.00,,,,,,
8567,2017-12-31T04:18:30Z,-34.00903333,148.11743333,2261.00,,,,,,
8568,2017-12-31T04:18:31Z,-34.00921667,148.11763333,2259.00,,,,,,
8569,2017-12-31T04:18:32Z,-34.00940000,148.11783333,2257.00,,,,,,
8570,2017-12-31T04:18:33Z,-34.00956667,148.11803333,2251.00,,,,,,
8571,2017-12-31T04:18:34Z,-34.00975000,148.11823333,2245.00,,,,,,
8572,2017-12-31T04:18:35Z,-34.00995000,148.11843333,2241.00,,,,,,
8573,2017-12-31T04:18:36Z,-34.01015000,148.11863333,2237.00,,,,,,
8574,2017-12-31T04:18:37Z,-34.01033333,148.11883333,2231.00,,,,,,
8575,2017-12-31T04:18:38Z,-34.01053333,148.11903333,2226.00,,,,,,
8576,2017-12-31T04:18:39Z,-34.01075000,148.11923333,2220.00,,,,,,
8577,2017-12-31T04:18:40Z,-34.01098333,148.11943333,2217.00,,,,,,
8578,2017-12-31T04:18:41Z,-34.01120000,148.11965000,2213.00,,,,,,
8579,2017-12-31T04:18:42Z,-34.01141667,148.11985000,2213.00,,,,,,
8580,2017-12-31T04:18:43Z,-34.01163333,148.12006667,2212.00,,,,,,
8581,2017-12-31T04:18:44Z,-34.01183333,148.12026667,2210.00,,,,,,
8582,2017-12-31T04:18:45Z,-34.01203333,148.12046667,2209.00,,,,,,
8583,2017-12-31T04:18:46Z,-34.01223333,148.12066667,2207.00,,,,,,
8584,2017-12-31T04:18:47Z,-34.01243333,148.12086667,2206.00,,,,,,
8585,2017-12-31T04:18:48Z,-34.01263333,148.12106667,2211.00,,,,,,
8586,2017-12-31T04:18:49Z,-34.01283333,148.12126667,2207.00,,,,,,
8587,2017-12-31T04:18:50Z,-34.01301667,148.12145000,2202.00,,,,,,
8588,2017-12-31T04:18:51Z,-34.01321667,148.12165000,2197.00,,,,,,
8589,2017-12-31T04:18:52Z,-34.01341667,148.12186667,2196.00,,,,,,
8590,2017-12-31T04:18:53Z,-34.01361667,148.12206667,2195.00,,,,,,
8591,2017-12-31T04:18:54Z,-34.01381667,148.12228333,2191.00,,,,,,
8592,2017-12-31T04:18:55Z,-34.01400000,148.12250000,2191.00,,,,,,
8593,2017-12-31T04:18:56Z,-34.01418333,148.12271667,2191.00,,,,,,
8594,2017-12-31T04:18:57Z,-34.01438333,148.12293333,2193.00,,,,,,
8595,2017-12-31T04:18:58Z,-34.01456667,148.12313333,2194.00,,,,,,
8596,2017-12-31T04:18:59Z,-34.01475000,148.12333333,2194.00,,,,,,
8597,2017-12-31T04:19:00Z,-34.01490000,148.12351667,2194.00,,,,,,
8598,2017-12-31T04:19:01Z,-34.01506667,148.12371667,2194.00,,,,,,
8599,2017-12-31T04:19:02Z,-34.01523333,148.12388333,2194.00,,,,,,
8600,2017-12-31T04:19:03Z,-34.01540000,148.12406667,2193.00,,,,,,
8601,2017-12-31T04:19:04Z,-34.01556667,148.12423333,2192.00,,,,,,
8602,2017-12-31T04:19:05Z,-34.01571667,148.12438333,2192.00,,,,,,
8603,2017-12-31T04:19:06Z,-34.01588333,148.12455000,2190.00,,,,,,
8604,2017-12-31T04:19:07Z,-34.01605000,148.12471667,2187.00,,,,,,
8605,2017-12-31T04:19:08Z,-34.01621667,148.12490000,2186.00,,,,,,
8606,2017-12-31T04:19:09Z,-34.01638333,148.12506667,2187.00,,,,,,
8607,2017-12-31T04:19:10Z,-34.01655000,148.12523333,2187.00,,,,,,
8608,2017-12-31T04:19:11Z,-34.01673333,148.12540000,2187.00,,,,,,
8609,2017-12-31T04:19:12Z,-34.01690000,148.12556667,2185.00,,,,,,
8610,2017-12-31T04:19:13Z,-34.01706667,148.12573333,2184.00,,,,,,
8611,2017-12-31T04:19:14Z,-34.01723333,148.12590000,2184.00,,,,,,
8612,2017-12-31T04:19:15Z,-34.01740000,148.12605000,2184.00,,,,,,
8613,2017-12-31T04:19:16Z,-34.01758333,148.12621667,2181.00,,,,,,
8614,2017-12-31T04:19:17Z,-34.01776667,148.12635000,2180.00,,,,,,
8615,2017-12-31T04:19:18Z,-34.01795000,148.12650000,2179.00,,,,,,
8616,2017-12-31T04:19:19Z,-34.01813333,148.12666667,2179.00,,,,,,
8617,2017-12-31T04:19:20Z,-34.01830000,148.12683333,2178.00,,,,,,
8618,2017-12-31T04:19:21Z,-34.01846667,148.12701667,2179.00,,,,,,
8619,2017-12-31T04:19:22Z,-34.01861667,148.12718333,2179.00,,,,,,
8620,2017-12-31T04:19:23Z,-34.01876667,148.12736667,2179.00,,,,,,
8621,2017-12-31T04:19:24Z,-34.01890000,148.12755000,2176.00,,,,,,
8622,2017-12-31T04:19:25Z,-34.01905000,148.12773333,2175.00,,,,,,
8623,2017-12-31T04:19:26Z,-34.01920000,148.12791667,2173.00,,,,,,
8624,2017-12-31T04:19:27Z,-34.01935000,148.12808333,2171.00,,,,,,
8625,2017-12-31T04:19:28Z,-34.01950000,148.12826667,2170.00,,,,,,
8626,2017-12-31T04:19:29Z,-34.01965000,148.12843333,2168.00,,,,,,
8627,2017-12-31T04:19:30Z,-34.01981667,148.12860000,2167.00,,,,,,
8628,2017-12-31T04:19:31Z,-34.01996667,148.12876667,2166.00,,,,,,
8629,2017-12-31T04:19:32Z,-34.02011667,148.12893333,2165.00,,,,,,
8630,2017-12-31T04:19:33Z,-34.02025000,148.12908333,2162.00,,,,,,
8631,2017-12-31T04:19:34Z,-34.02040000,148.12925000,2158.00,,,,,,
8632,2017-12-31T04:19:35Z,-34.02053333,148.12941667,2155.00,,,,,,
8633,2017-12-31T04:19:36Z,-34.02068333,148.12958333,2151.00,,,,,,
8634,2017-12-31T04:19:37Z,-34.02081667,148.12975000,2145.00,,,,,,
8635,2017-12-31T04:19:38Z,-34.02098333,148.12993333,2139.00,,,,,,
8636,2017-12-31T04:19:39Z,-34.02115000,148.13013333,2135.00,,,,,,
8637,2017-12-31T04:19:40Z,-34.02131667,148.13033333,2134.00,,,,,,
8638,2017-12-31T04:19:41Z,-34.02148333,148.13053333,2134.00,,,,,,
8639,2017-12-31T04:19:42Z,-34.02166667,148.13073333,2138.00,,,,,,
8640,2017-12-31T04:19:43Z,-34.02185000,148.13093333,2139.00,,,,,,
8641,2017-12-31T04:19:44Z,-34.02201667,148.13111667,2136.00,,,,,,
8642,2017-12-31T04:19:45Z,-34.02218333,148.13130000,2135.00,,,,,,
8643,2017-12-31T04:19:46Z,-34.02235000,148.13146667,2134.00,,,,,,
8644,2017-12-31T04:19:47Z,-34.02251667,148.13163333,2134.00,,,,,,
8645,2017-12-31T04:19:48Z,-34.02268333,148.13180000,2132.00,,,,,,
8646,2017-12-31T04:19:49Z,-34.02285000,148.13196667,2130.00,,,,,,
8647,2017-12-31T04:19:50Z,-34.02301667,148.13213333,2128.00,,,,,,
8648,2017-12-31T04:19:51Z,-34.02316667,148.13228333,2127.00,,,,,,
8649,2017-12-31T04:19:52Z,-34.02335000,148.13245000,2126.00,,,,,,
8650,2017-12-31T04:19:53Z,-34.02351667,148.13261667,2126.00,,,,,,
8651,2017-12-31T04:19:54Z,-34.02370000,148.13276667,2124.00,,,,,,
8652,2017-12-31T04:19:55Z,-34.02386667,148.13290000,2124.00,,,,,,
8653,2017-12-31T04:19:56Z,-34.02405000,148.13303333,2125.00,,,,,,
8654,2017-12-31T04:19:57Z,-34.02421667,148.13316667,2125.00,,,,,,
8655,2017-12-31T04:19:58Z,-34.02438333,148.13328333,2123.00,,,,,,
8656,2017-12-31T04:19:59Z,-34.02456667,148.13341667,2120.00,,,,,,
8657,2017-12-31T04:20:00Z,-34.02473333,148.13351667,2119.00,,,,,,
8658,2017-12-31T04:20:01Z,-34.02490000,148.13363333,2117.00,,,,,,
8659,2017-12-31T04:20:02Z,-34.02506667,148.13376667,2114.00,,,,,,
8660,2017-12-31T04:20:03Z,-34.02523333,148.13390000,2111.00,,,,,,
8661,2017-12-31T04:20:04Z,-34.02540000,148.13405000,2109.00,,,,,,
8662,2017-12-31T04:20:05Z,-34.02556667,148.13421667,2107.00,,,,,,
8663,2017-12-31T04:20:06Z,-34.02571667,148.13438333,2102.00,,,,,,
8664,2017-12-31T04:20:07Z,-34.02588333,148.13455000,2099.00,,,,,,
8665,2017-12-31T04:20:08Z,-34.02605000,148.13471667,2095.00,,,,,,
8666,2017-12-31T04:20:09Z,-34.02623333,148.13490000,2092.00,,,,,,
8667,2017-12-31T04:20:10Z,-34.02640000,148.13508333,2094.00,,,,,,
8668,2017-12-31T04:20:11Z,-34.02658333,148.13528333,2095.00,,,,,,
8669,2017-12-31T04:20:12Z,-34.02676667,148.13546667,2095.00,,,,,,
8670,2017-12-31T04:20:13Z,-34.02693333,148.13565000,2094.00,,,,,,
8671,2017-12-31T04:20:14Z,-34.02711667,148.13581667,2097.00,,,,,,
8672,2017-12-31T04:20:15Z,-34.02726667,148.13600000,2098.00,,,,,,
8673,2017-12-31T04:20:16Z,-34.02745000,148.13616667,2097.00,,,,,,
8674,2017-12-31T04:20:17Z,-34.02761667,148.13633333,2096.00,,,,,,
8675,2017-12-31T04:20:18Z,-34.02778333,148.13650000,2097.00,,,,,,
8676,2017-12-31T04:20:19Z,-34.02796667,148.13666667,2097.00,,,,,,
8677,2017-12-31T04:20:20Z,-34.02815000,148.13681667,2097.00,,,,,,
8678,2017-12-31T04:20:21Z,-34.02833333,148.13698333,2097.00,,,,,,
8679,2017-12-31T04:20:22Z,-34.02851667,148.13711667,2098.00,,,,,,
8680,2017-12-31T04:20:23Z,-34.02871667,148.13726667,2095.00,,,,,,
8681,2017-12-31T04:20:24Z,-34.02890000,148.13741667,2093.00,,,,,,
8682,2017-12-31T04:20:25Z,-34.02908333,148.13756667,2095.00,,,,,,
8683,2017-12-31T04:20:26Z,-34.02926667,148.13771667,2096.00,,,,,,
8684,2017-12-31T04:20:27Z,-34.02945000,148.13788333,2095.00,,,,,,
8685,2017-12-31T04:20:28Z,-34.02965000,148.13805000,2096.00,,,,,,
8686,2017-12-31T04:20:29Z,-34.02981667,148.13821667,2098.00,,,,,,
8687,2017-12-31T04:20:30Z,-34.03000000,148.13838333,2099.00,,,,,,
8688,2017-12-31T04:20:31Z,-34.03018333,148.13853333,2101.00,,,,,,
8689,2017-12-31T04:20:32Z,-34.03036667,148.13868333,2098.00,,,,,,
8690,2017-12-31T04:20:33Z,-34.03053333,148.13880000,2096.00,,,,,,
8691,2017-12-31T04:20:34Z,-34.03073333,148.13890000,2096.00,,,,,,
8692,2017-12-31T04:20:35Z,-34.03095000,148.13898333,2097.00,,,,,,
8693,2017-12-31T04:20:36Z,-34.03115000,148.13908333,2098.00,,,,,,
8694,2017-12-31T04:20:37Z,-34.03135000,148.13920000,2101.00,,,,,,
8695,2017-12-31T04:20:38Z,-34.03155000,148.13931667,2103.00,,,,,,
8696,2017-12-31T04:20:39Z,-34.03173333,148.13945000,2106.00,,,,,,
8697,2017-12-31T04:20:40Z,-34.03190000,148.13960000,2108.00,,,,,,
8698,2017-12-31T04:20:41Z,-34.03206667,148.13973333,2114.00,,,,,,
8699,2017-12-31T04:20:42Z,-34.03223333,148.13986667,2117.00,,,,,,
8700,2017-12-31T04:20:43Z,-34.03238333,148.13998333,2115.00,,,,,,
8701,2017-12-31T04:20:44Z,-34.03255000,148.14006667,2105.00,,,,,,
8702,2017-12-31T04:20:45Z,-34.03271667,148.14013333,2097.00,,,,,,
8703,2017-12-31T04:20:46Z,-34.03288333,148.14018333,2092.00,,,,,,
8704,2017-12-31T04:20:47Z,-34.03306667,148.14025000,2090.00,,,,,,
8705,2017-12-31T04:20:48Z,-34.03325000,148.14033333,2090.00,,,,,,
8706,2017-12-31T04:20:49Z,-34.03345000,148.14043333,2089.00,,,,,,
8707,2017-12-31T04:20:50Z,-34.03366667,148.14056667,2088.00,,,,,,
8708,2017-12-31T04:20:51Z,-34.03385000,148.14068333,2087.00,,,,,,
8709,2017-12-31T04:20:52Z,-34.03403333,148.14081667,2085.00,,,,,,
8710,2017-12-31T04:20:53Z,-34.03420000,148.14096667,2083.00,,,,,,
8711,2017-12-31T04:20:54Z,-34.03438333,148.14111667,2080.00,,,,,,
8712,2017-12-31T04:20:55Z,-34.03456667,148.14125000,2077.00,,,,,,
8713,2017-12-31T04:20:56Z,-34.03475000,148.14140000,2074.00,,,,,,
8714,2017-12-31T04:20:57Z,-34.03493333,148.14153333,2071.00,,,,,,
8715,2017-12-31T04:20:58Z,-34.03511667,148.14168333,2070.00,,,,,,
8716,2017-12-31T04:20:59Z,-34.03530000,148.14181667,2069.00,,,,,,
8717,2017-12-31T04:21:00Z,-34.03550000,148.14198333,2068.00,,,,,,
8718,2017-12-31T04:21:01Z,-34.03568333,148.14213333,2067.00,,,,,,
8719,2017-12-31T04:21:02Z,-34.03588333,148.14228333,2064.00,,,,,,
8720,2017-12-31T04:21:03Z,-34.03606667,148.14246667,2063.00,,,,,,
8721,2017-12-31T04:21:04Z,-34.03625000,148.14265000,2057.00,,,,,,
8722,2017-12-31T04:21:05Z,-34.03645000,148.14286667,2054.00,,,,,,
8723,2017-12-31T04:21:06Z,-34.03666667,148.14305000,2051.00,,,,,,
8724,2017-12-31T04:21:07Z,-34.03686667,148.14321667,2051.00,,,,,,
8725,2017-12-31T04:21:08Z,-34.03708333,148.14340000,2052.00,,,,,,
8726,2017-12-31T04:21:09Z,-34.03730000,148.14356667,2052.00,,,,,,
8727,2017-12-31T04:21:10Z,-34.03750000,148.14373333,2051.00,,,,,,
8728,2017-12-31T04:21:11Z,-34.03770000,148.14390000,2049.00,,,,,,
8729,2017-12-31T04:21:12Z,-34.03788333,148.14408333,2048.00,,,,,,
8730,2017-12-31T04:21:13Z,-34.03808333,148.14426667,2048.00,,,,,,
8731,2017-12-31T04:21:14Z,-34.03826667,148.14445000,2046.00,,,,,,
8732,2017-12-31T04:21:15Z,-34.03843333,148.14463333,2044.00,,,,,,
8733,2017-12-31T04:21:16Z,-34.03861667,148.14481667,2041.00,,,,,,
8734,2017-12-31T04:21:17Z,-34.03880000,148.14500000,2037.00,,,,,,
8735,2017-12-31T04:21:18Z,-34.03898333,148.14516667,2035.00,,,,,,
8736,2017-12-31T04:21:19Z,-34.03915000,148.14535000,2033.00,,,,,,
8737,2017-12-31T04:21:20Z,-34.03933333,148.14555000,2032.00,,,,,,
8738,2017-12-31T04:21:21Z,-34.03951667,148.14571667,2033.00,,,,,,
8739,2017-12-31T04:21:22Z,-34.03970000,148.14588333,2037.00,,,,,,
8740,2017-12-31T04:21:23Z,-34.03988333,148.14606667,2032.00,,,,,,
8741,2017-12-31T04:21:24Z,-34.04006667,148.14623333,2029.00,,,,,,
8742,2017-12-31T04:21:25Z,-34.04025000,148.14641667,2027.00,,,,,,
8743,2017-12-31T04:21:26Z,-34.04041667,148.14658333,2026.00,,,,,,
8744,2017-12-31T04:21:27Z,-34.04060000,148.14675000,2024.00,,,,,,
8745,2017-12-31T04:21:28Z,-34.04076667,148.14691667,2022.00,,,,,,
8746,2017-12-31T04:21:29Z,-34.04095000,148.14708333,2019.00,,,,,,
8747,2017-12-31T04:21:30Z,-34.04113333,148.14726667,2018.00,,,,,,
8748,2017-12-31T04:21:31Z,-34.04131667,148.14745000,2017.00,,,,,,
8749,2017-12-31T04:21:32Z,-34.04150000,148.14763333,2018.00,,,,,,
8750,2017-12-31T04:21:33Z,-34.04168333,148.14781667,2017.00,,,,,,
8751,2017-12-31T04:21:34Z,-34.04186667,148.14800000,2017.00,,,,,,
8752,2017-12-31T04:21:35Z,-34.04205000,148.14816667,2016.00,,,,,,
8753,2017-12-31T04:21:36Z,-34.04223333,148.14836667,2015.00,,,,,,
8754,2017-12-31T04:21:37Z,-34.04241667,148.14853333,2014.00,,,,,,
8755,2017-12-31T04:21:38Z,-34.04260000,148.14871667,2011.00,,,,,,
8756,2017-12-31T04:21:39Z,-34.04280000,148.14888333,2012.00,,,,,,
8757,2017-12-31T04:21:40Z,-34.04296667,148.14901667,2014.00,,,,,,
8758,2017-12-31T04:21:41Z,-34.04316667,148.14916667,2015.00,,,,,,
8759,2017-12-31T04:21:42Z,-34.04335000,148.14931667,2016.00,,,,,,
8760,2017-12-31T04:21:43Z,-34.04353333,148.14946667,2017.00,,,,,,
8761,2017-12-31T04:21:44Z,-34.04370000,148.14961667,2015.00,,,,,,
8762,2017-12-31T04:21:45Z,-34.04386667,148.14975000,2014.00,,,,,,
8763,2017-12-31T04:21:46Z,-34.04403333,148.14990000,2012.00,,,,,,
8764,2017-12-31T04:21:47Z,-34.04421667,148.15005000,2011.00,,,,,,
8765,2017-12-31T04:21:48Z,-34.04438333,148.15021667,2011.00,,,,,,
8766,2017-12-31T04:21:49Z,-34.04456667,148.15038333,2009.00,,,,,,
8767,2017-12-31T04:21:50Z,-34.04475000,148.15055000,2007.00,,,,,,
8768,2017-12-31T04:21:51Z,-34.04493333,148.15073333,2006.00,,,,,,
8769,2017-12-31T04:21:52Z,-34.04511667,148.15090000,2006.00,,,,,,
8770,2017-12-31T04:21:53Z,-34.04530000,148.15108333,2007.00,,,,,,
8771,2017-12-31T04:21:54Z,-34.04548333,148.15125000,2006.00,,,,,,
8772,2017-12-31T04:21:55Z,-34.04566667,148.15141667,2005.00,,,,,,
8773,2017-12-31T04:21:56Z,-34.04585000,148.15158333,2005.00,,,,,,
8774,2017-12-31T04:21:57Z,-34.04603333,148.15176667,2004.00,,,,,,
8775,2017-12-31T04:21:58Z,-34.04621667,148.15193333,2002.00,,,,,,
8776,2017-12-31T04:21:59Z,-34.04638333,148.15210000,1999.00,,,,,,
8777,2017-12-31T04:22:00Z,-34.04656667,148.15228333,1999.00,,,,,,
8778,2017-12-31T04:22:01Z,-34.04673333,148.15248333,1999.00,,,,,,
8779,2017-12-31T04:22:02Z,-34.04691667,148.15265000,1999.00,,,,,,
8780,2017-12-31T04:22:03Z,-34.04708333,148.15283333,1998.00,,,,,,
8781,2017-12-31T04:22:04Z,-34.04725000,148.15301667,1997.00,,,,,,
8782,2017-12-31T04:22:05Z,-34.04743333,148.15320000,1996.00,,,,,,
8783,2017-12-31T04:22:06Z,-34.04760000,148.15338333,1995.00,,,,,,
8784,2017-12-31T04:22:07Z,-34.04778333,148.15355000,1992.00,,,,,,
8785,2017-12-31T04:22:08Z,-34.04796667,148.15371667,1990.00,,,,,,
8786,2017-12-31T04:22:09Z,-34.04815000,148.15386667,1988.00,,,,,,
8787,2017-12-31T04:22:10Z,-34.04833333,148.15405000,1986.00,,,,,,
8788,2017-12-31T04:22:11Z,-34.04851667,148.15421667,1983.00,,,,,,
8789,2017-12-31T04:22:12Z,-34.04870000,148.15440000,1981.00,,,,,,
8790,2017-12-31T04:22:13Z,-34.04886667,148.15458333,1979.00,,,,,,
8791,2017-12-31T04:22:14Z,-34.04903333,148.15476667,1978.00,,,,,,
8792,2017-12-31T04:22:15Z,-34.04920000,148.15496667,1976.00,,,,,,
8793,2017-12-31T04:22:16Z,-34.04936667,148.15515000,1975.00,,,,,,
8794,2017-12-31T04:22:17Z,-34.04951667,148.15531667,1974.00,,,,,,
8795,2017-12-31T04:22:18Z,-34.04968333,148.15550000,1973.00,,,,,,
8796,2017-12-31T04:22:19Z,-34.04983333,148.15568333,1973.00,,,,,,
8797,2017-12-31T04:22:20Z,-34.04998333,148.15586667,1971.00,,,,,,
8798,2017-12-31T04:22:21Z,-34.05015000,148.15603333,1965.00,,,,,,
8799,2017-12-31T04:22:22Z,-34.05031667,148.15621667,1961.00,,,,,,
8800,2017-12-31T04:22:23Z,-34.05048333,148.15640000,1959.00,,,,,,
8801,2017-12-31T04:22:24Z,-34.05066667,148.15660000,1955.00,,,,,,
8802,2017-12-31T04:22:25Z,-34.05083333,148.15678333,1953.00,,,,,,
8803,2017-12-31T04:22:26Z,-34.05101667,148.15696667,1951.00,,,,,,
8804,2017-12-31T04:22:27Z,-34.05118333,148.15715000,1949.00,,,,,,
8805,2017-12-31T04:22:28Z,-34.05136667,148.15733333,1946.00,,,,,,
8806,2017-12-31T04:22:29Z,-34.05153333,148.15751667,1943.00,,,,,,
8807,2017-12-31T04:22:30Z,-34.05170000,148.15771667,1941.00,,,,,,
8808,2017-12-31T04:22:31Z,-34.05188333,148.15790000,1939.00,,,,,,
8809,2017-12-31T04:22:32Z,-34.05205000,148.15808333,1937.00,,,,,,
8810,2017-12-31T04:22:33Z,-34.05223333,148.15825000,1937.00,,,,,,
8811,2017-12-31T04:22:34Z,-34.05240000,148.15841667,1940.00,,,,,,
8812,2017-12-31T04:22:35Z,-34.05255000,148.15856667,1940.00,,,,,,
8813,2017-12-31T04:22:36Z,-34.05268333,148.15873333,1937.00,,,,,,
8814,2017-12-31T04:22:37Z,-34.05283333,148.15890000,1932.00,,,,,,
8815,2017-12-31T04:22:38Z,-34.05298333,148.15905000,1928.00,,,,,,
8816,2017-12-31T04:22:39Z,-34.05313333,148.15921667,1925.00,,,,,,
8817,2017-12-31T04:22:40Z,-34.05330000,148.15936667,1925.00,,,,,,
8818,2017-12-31T04:22:41Z,-34.05346667,148.15951667,1924.00,,,,,,
8819,2017-12-31T04:22:42Z,-34.05363333,148.15966667,1923.00,,,,,,
8820,2017-12-31T04:22:43Z,-34.05381667,148.15980000,1920.00,,,,,,
8821,2017-12-31T04:22:44Z,-34.05398333,148.15995000,1918.00,,,,,,
8822,2017-12-31T04:22:45Z,-34.05416667,148.16010000,1917.00,,,,,,
8823,2017-12-31T04:22:46Z,-34.05435000,148.16025000,1916.00,,,,,,
8824,2017-12-31T04:22:47Z,-34.05453333,148.16040000,1913.00,,,,,,
8825,2017-12-31T04:22:48Z,-34.05470000,148.16055000,1910.00,,,,,,
8826,2017-12-31T04:22:49Z,-34.05486667,148.16068333,1905.00,,,,,,
8827,2017-12-31T04:22:50Z,-34.05503333,148.16083333,1903.00,,,,,,
8828,2017-12-31T04:22:51Z,-34.05521667,148.16098333,1902.00,,,,,,
8829,2017-12-31T04:22:52Z,-34.05536667,148.16115000,1899.00,,,,,,
8830,2017-12-31T04:22:53Z,-34.05553333,148.16130000,1896.00,,,,,,
8831,2017-12-31T04:22:54Z,-34.05570000,148.16146667,1891.00,,,,,,
8832,2017-12-31T04:22:55Z,-34.05588333,148.16163333,1887.00,,,,,,
8833,2017-12-31T04:22:56Z,-34.05606667,148.16181667,1885.00,,,,,,
8834,2017-12-31T04:22:57Z,-34.05625000,148.16200000,1883.00,,,,,,
8835,2017-12-31T04:22:58Z,-34.05641667,148.16216667,1882.00,,,,,,
8836,2017-12-31T04:22:59Z,-34.05658333,148.16236667,1879.00,,,,,,
8837,2017-12-31T04:23:00Z,-34.05675000,148.16255000,1875.00,,,,,,
8838,2017-12-31T04:23:01Z,-34.05693333,148.16273333,1869.00,,,,,,
8839,2017-12-31T04:23:02Z,-34.05710000,148.16291667,1866.00,,,,,,
8840,2017-12-31T04:23:03Z,-34.05728333,148.16313333,1864.00,,,,,,
8841,2017-12-31T04:23:04Z,-34.05745000,148.16335000,1862.00,,,,,,
8842,2017-12-31T04:23:05Z,-34.05758333,148.16356667,1862.00,,,,,,
8843,2017-12-31T04:23:06Z,-34.05775000,148.16376667,1862.00,,,,,,
8844,2017-12-31T04:23:07Z,-34.05790000,148.16396667,1860.00,,,,,,
8845,2017-12-31T04:23:08Z,-34.05805000,148.16415000,1859.00,,,,,,
8846,2017-12-31T04:23:09Z,-34.05818333,148.16433333,1856.00,,,,,,
8847,2017-12-31T04:23:10Z,-34.05833333,148.16450000,1854.00,,,,,,
8848,2017-12-31T04:23:11Z,-34.05848333,148.16466667,1850.00,,,,,,
8849,2017-12-31T04:23:12Z,-34.05865000,148.16483333,1845.00,,,,,,
8850,2017-12-31T04:23:13Z,-34.05880000,148.16500000,1841.00,,,,,,
8851,2017-12-31T04:23:14Z,-34.05898333,148.16516667,1839.00,,,,,,
8852,2017-12-31T04:23:15Z,-34.05915000,148.16531667,1839.00,,,,,,
8853,2017-12-31T04:23:16Z,-34.05933333,148.16548333,1838.00,,,,,,
8854,2017-12-31T04:23:17Z,-34.05951667,148.16565000,1835.00,,,,,,
8855,2017-12-31T04:23:18Z,-34.05968333,148.16580000,1834.00,,,,,,
8856,2017-12-31T04:23:19Z,-34.05986667,148.16596667,1834.00,,,,,,
8857,2017-12-31T04:23:20Z,-34.06005000,148.16611667,1833.00,,,,,,
8858,2017-12-31T04:23:21Z,-34.06021667,148.16628333,1833.00,,,,,,
8859,2017-12-31T04:23:22Z,-34.06038333,148.16645000,1831.00,,,,,,
8860,2017-12-31T04:23:23Z,-34.06055000,148.16663333,1826.00,,,,,,
8861,2017-12-31T04:23:24Z,-34.06070000,148.16680000,1821.00,,,,,,
8862,2017-12-31T04:23:25Z,-34.06090000,148.16693333,1819.00,,,,,,
8863,2017-12-31T04:23:26Z,-34.06108333,148.16710000,1821.00,,,,,,
8864,2017-12-31T04:23:27Z,-34.06126667,148.16726667,1821.00,,,,,,
8865,2017-12-31T04:23:28Z,-34.06143333,148.16743333,1823.00,,,,,,
8866,2017-12-31T04:23:29Z,-34.06160000,148.16761667,1824.00,,,,,,
8867,2017-12-31T04:23:30Z,-34.06173333,148.16778333,1823.00,,,,,,
8868,2017-12-31T04:23:31Z,-34.06188333,148.16796667,1820.00,,,,,,
8869,2017-12-31T04:23:32Z,-34.06203333,148.16816667,1817.00,,,,,,
8870,2017-12-31T04:23:33Z,-34.06218333,148.16833333,1816.00,,,,,,
8871,2017-12-31T04:23:34Z,-34.06233333,148.16851667,1814.00,,,,,,
8872,2017-12-31T04:23:35Z,-34.06250000,148.16870000,1811.00,,,,,,
8873,2017-12-31T04:23:36Z,-34.06265000,148.16888333,1808.00,,,,,,
8874,2017-12-31T04:23:37Z,-34.06280000,148.16908333,1803.00,,,,,,
8875,2017-12-31T04:23:38Z,-34.06295000,148.16928333,1798.00,,,,,,
8876,2017-12-31T04:23:39Z,-34.06310000,148.16948333,1793.00,,,,,,
8877,2017-12-31T04:23:40Z,-34.06326667,148.16971667,1790.00,,,,,,
8878,2017-12-31T04:23:41Z,-34.06343333,148.16993333,1785.00,,,,,,
8879,2017-12-31T04:23:42Z,-34.06360000,148.17013333,1780.00,,,,,,
8880,2017-12-31T04:23:43Z,-34.06378333,148.17035000,1776.00,,,,,,
8881,2017-12-31T04:23:44Z,-34.06395000,148.17056667,1771.00,,,,,,
8882,2017-12-31T04:23:45Z,-34.06416667,148.17080000,1767.00,,,,,,
8883,2017-12-31T04:23:46Z,-34.06435000,148.17101667,1761.00,,,,,,
8884,2017-12-31T04:23:47Z,-34.06451667,148.17126667,1759.00,,,,,,
8885,2017-12-31T04:23:48Z,-34.06470000,148.17151667,1758.00,,,,,,
8886,2017-12-31T04:23:49Z,-34.06488333,148.17175000,1756.00,,,,,,
8887,2017-12-31T04:23:50Z,-34.06506667,148.17196667,1754.00,,,,,,
8888,2017-12-31T04:23:51Z,-34.06528333,148.17218333,1754.00,,,,,,
8889,2017-12-31T04:23:52Z,-34.06550000,148.17235000,1752.00,,,,,,
8890,2017-12-31T04:23:53Z,-34.06570000,148.17250000,1751.00,,,,,,
8891,2017-12-31T04:23:54Z,-34.06591667,148.17265000,1750.00,,,,,,
8892,2017-12-31T04:23:55Z,-34.06611667,148.17280000,1749.00,,,,,,
8893,2017-12-31T04:23:56Z,-34.06631667,148.17295000,1748.00,,,,,,
8894,2017-12-31T04:23:57Z,-34.06651667,148.17310000,1747.00,,,,,,
8895,2017-12-31T04:23:58Z,-34.06670000,148.17323333,1743.00,,,,,,
8896,2017-12-31T04:23:59Z,-34.06690000,148.17338333,1734.00,,,,,,
8897,2017-12-31T04:24:00Z,-34.06710000,148.17355000,1732.00,,,,,,
8898,2017-12-31T04:24:01Z,-34.06728333,148.17370000,1729.00,,,,,,
8899,2017-12-31T04:24:02Z,-34.06748333,148.17385000,1727.00,,,,,,
8900,2017-12-31T04:24:03Z,-34.06768333,148.17400000,1723.00,,,,,,
8901,2017-12-31T04:24:04Z,-34.06788333,148.17413333,1718.00,,,,,,
8902,2017-12-31T04:24:05Z,-34.06808333,148.17426667,1713.00,,,,,,
8903,2017-12-31T04:24:06Z,-34.06828333,148.17440000,1708.00,,,,,,
8904,2017-12-31T04:24:07Z,-34.06848333,148.17455000,1706.00,,,,,,
8905,2017-12-31T04:24:08Z,-34.06868333,148.17468333,1704.00,,,,,,
8906,2017-12-31T04:24:09Z,-34.06890000,148.17483333,1702.00,,,,,,
8907,2017-12-31T04:24:10Z,-34.06910000,148.17495000,1700.00,,,,,,
8908,2017-12-31T04:24:11Z,-34.06931667,148.17508333,1697.00,,,,,,
8909,2017-12-31T04:24:12Z,-34.06951667,148.17521667,1696.00,,,,,,
8910,2017-12-31T04:24:13Z,-34.06973333,148.17535000,1694.00,,,,,,
8911,2017-12-31T04:24:14Z,-34.06995000,148.17548333,1692.00,,,,,,
8912,2017-12-31T04:24:15Z,-34.07013333,148.17561667,1691.00,,,,,,
8913,2017-12-31T04:24:16Z,-34.07033333,148.17575000,1688.00,,,,,,
8914,2017-12-31T04:24:17Z,-34.07055000,148.17588333,1685.00,,,,,,
8915,2017-12-31T04:24:18Z,-34.07075000,148.17601667,1683.00,,,,,,
8916,2017-12-31T04:24:19Z,-34.07095000,148.17613333,1682.00,,,,,,
8917,2017-12-31T04:24:20Z,-34.07115000,148.17621667,1680.00,,,,,,
8918,2017-12-31T04:24:21Z,-34.07133333,148.17633333,1676.00,,,,,,
8919,2017-12-31T04:24:22Z,-34.07153333,148.17643333,1675.00,,,,,,
8920,2017-12-31T04:24:23Z,-34.07171667,148.17655000,1675.00,,,,,,
8921,2017-12-31T04:24:24Z,-34.07190000,148.17666667,1676.00,,,,,,
8922,2017-12-31T04:24:25Z,-34.07206667,148.17678333,1675.00,,,,,,
8923,2017-12-31T04:24:26Z,-34.07223333,148.17690000,1670.00,,,,,,
8924,2017-12-31T04:24:27Z,-34.07238333,148.17703333,1665.00,,,,,,
8925,2017-12-31T04:24:28Z,-34.07253333,148.17718333,1663.00,,,,,,
8926,2017-12-31T04:24:29Z,-34.07270000,148.17733333,1660.00,,,,,,
8927,2017-12-31T04:24:30Z,-34.07281667,148.17751667,1658.00,,,,,,
8928,2017-12-31T04:24:31Z,-34.07296667,148.17766667,1656.00,,,,,,
8929,2017-12-31T04:24:32Z,-34.07313333,148.17781667,1654.00,,,,,,
8930,2017-12-31T04:24:33Z,-34.07328333,148.17798333,1651.00,,,,,,
8931,2017-12-31T04:24:34Z,-34.07343333,148.17811667,1651.00,,,,,,
8932,2017-12-31T04:24:35Z,-34.07356667,148.17826667,1652.00,,,,,,
8933,2017-12-31T04:24:36Z,-34.07371667,148.17841667,1653.00,,,,,,
8934,2017-12-31T04:24:37Z,-34.07386667,148.17856667,1653.00,,,,,,
8935,2017-12-31T04:24:38Z,-34.07401667,148.17871667,1654.00,,,,,,
8936,2017-12-31T04:24:39Z,-34.07415000,148.17885000,1652.00,,,,,,
8937,2017-12-31T04:24:40Z,-34.07428333,148.17901667,1649.00,,,,,,
8938,2017-12-31T04:24:41Z,-34.07441667,148.17918333,1646.00,,,,,,
8939,2017-12-31T04:24:42Z,-34.07455000,148.17935000,1644.00,,,,,,
8940,2017-12-31T04:24:43Z,-34.07470000,148.17951667,1644.00,,,,,,
8941,2017-12-31T04:24:44Z,-34.07483333,148.17970000,1644.00,,,,,,
8942,2017-12-31T04:24:45Z,-34.07495000,148.17988333,1645.00,,,,,,
8943,2017-12-31T04:24:46Z,-34.07506667,148.18005000,1642.00,,,,,,
8944,2017-12-31T04:24:47Z,-34.07520000,148.18023333,1638.00,,,,,,
8945,2017-12-31T04:24:48Z,-34.07533333,148.18040000,1637.00,,,,,,
8946,2017-12-31T04:24:49Z,-34.07548333,148.18056667,1635.00,,,,,,
8947,2017-12-31T04:24:50Z,-34.07561667,148.18073333,1634.00,,,,,,
8948,2017-12-31T04:24:51Z,-34.07578333,148.18090000,1633.00,,,,,,
8949,2017-12-31T04:24:52Z,-34.07593333,148.18105000,1630.00,,,,,,
8950,2017-12-31T04:24:53Z,-34.07610000,148.18120000,1627.00,,,,,,
8951,2017-12-31T04:24:54Z,-34.07625000,148.18133333,1625.00,,,,,,
8952,2017-12-31T04:24:55Z,-34.07641667,148.18150000,1624.00,,,,,,
8953,2017-12-31T04:24:56Z,-34.07656667,148.18165000,1622.00,,,,,,
8954,2017-12-31T04:24:57Z,-34.07673333,148.18181667,1618.00,,,,,,
8955,2017-12-31T04:24:58Z,-34.07688333,148.18198333,1617.00,,,,,,
8956,2017-12-31T04:24:59Z,-34.07703333,148.18215000,1616.00,,,,,,
8957,2017-12-31T04:25:00Z,-34.07718333,148.18230000,1616.00,,,,,,
8958,2017-12-31T04:25:01Z,-34.07733333,148.18245000,1616.00,,,,,,
8959,2017-12-31T04:25:02Z,-34.07748333,148.18260000,1613.00,,,,,,
8960,2017-12-31T04:25:03Z,-34.07761667,148.18275000,1609.00,,,,,,
8961,2017-12-31T04:25:04Z,-34.07776667,148.18291667,1608.00,,,,,,
8962,2017-12-31T04:25:05Z,-34.07791667,148.18306667,1608.00,,,,,,
8963,2017-12-31T04:25:06Z,-34.07808333,148.18321667,1605.00,,,,,,
8964,2017-12-31T04:25:07Z,-34.07823333,148.18336667,1602.00,,,,,,
8965,2017-12-31T04:25:08Z,-34.07838333,148.18350000,1598.00,,,,,,
8966,2017-12-31T04:25:09Z,-34.07855000,148.18365000,1594.00,,,,,,
8967,2017-12-31T04:25:10Z,-34.07870000,148.18380000,1593.00,,,,,,
8968,2017-12-31T04:25:11Z,-34.07886667,148.18395000,1591.00,,,,,,
8969,2017-12-31T04:25:12Z,-34.07901667,148.18408333,1588.00,,,,,,
8970,2017-12-31T04:25:13Z,-34.07918333,148.18423333,1583.00,,,,,,
8971,2017-12-31T04:25:14Z,-34.07935000,148.18436667,1581.00,,,,,,
8972,2017-12-31T04:25:15Z,-34.07950000,148.18451667,1579.00,,,,,,
8973,2017-12-31T04:25:16Z,-34.07966667,148.18466667,1576.00,,,,,,
8974,2017-12-31T04:25:17Z,-34.07981667,148.18480000,1573.00,,,,,,
8975,2017-12-31T04:25:18Z,-34.07996667,148.18495000,1570.00,,,,,,
8976,2017-12-31T04:25:19Z,-34.08013333,148.18508333,1567.00,,,,,,
8977,2017-12-31T04:25:20Z,-34.08030000,148.18520000,1564.00,,,,,,
8978,2017-12-31T04:25:21Z,-34.08046667,148.18535000,1560.00,,,,,,
8979,2017-12-31T04:25:22Z,-34.08065000,148.18546667,1561.00,,,,,,
8980,2017-12-31T04:25:23Z,-34.08081667,148.18561667,1563.00,,,,,,
8981,2017-12-31T04:25:24Z,-34.08096667,148.18575000,1561.00,,,,,,
8982,2017-12-31T04:25:25Z,-34.08113333,148.18588333,1557.00,,,,,,
8983,2017-12-31T04:25:26Z,-34.08128333,148.18601667,1553.00,,,,,,
8984,2017-12-31T04:25:27Z,-34.08145000,148.18616667,1553.00,,,,,,
8985,2017-12-31T04:25:28Z,-34.08161667,148.18631667,1555.00,,,,,,
8986,2017-12-31T04:25:29Z,-34.08176667,148.18648333,1553.00,,,,,,
8987,2017-12-31T04:25:30Z,-34.08188333,148.18663333,1552.00,,,,,,
8988,2017-12-31T04:25:31Z,-34.08201667,148.18680000,1551.00,,,,,,
8989,2017-12-31T04:25:32Z,-34.08215000,148.18696667,1549.00,,,,,,
8990,2017-12-31T04:25:33Z,-34.08230000,148.18711667,1550.00,,,,,,
8991,2017-12-31T04:25:34Z,-34.08245000,148.18728333,1547.00,,,,,,
8992,2017-12-31T04:25:35Z,-34.08261667,148.18743333,1542.00,,,,,,
8993,2017-12-31T04:25:36Z,-34.08276667,148.18758333,1539.00,,,,,,
8994,2017-12-31T04:25:37Z,-34.08295000,148.18773333,1536.00,,,,,,
8995,2017-12-31T04:25:38Z,-34.08313333,148.18786667,1536.00,,,,,,
8996,2017-12-31T04:25:39Z,-34.08331667,148.18800000,1538.00,,,,,,
8997,2017-12-31T04:25:40Z,-34.08350000,148.18810000,1537.00,,,,,,
8998,2017-12-31T04:25:41Z,-34.08368333,148.18823333,1535.00,,,,,,
8999,2017-12-31T04:25:42Z,-34.08385000,148.18835000,1534.00,,,,,,
9000,2017-12-31T04:25:43Z,-34.08401667,148.18848333,1533.00,,,,,,
9001,2017-12-31T04:25:44Z,-34.08420000,148.18858333,1532.00,,,,,,
9002,2017-12-31T04:25:45Z,-34.08435000,148.18870000,1533.00,,,,,,
9003,2017-12-31T04:25:46Z,-34.08450000,148.18881667,1533.00,,,,,,
9004,2017-12-31T04:25:47Z,-34.08465000,148.18891667,1530.00,,,,,,
9005,2017-12-31T04:25:48Z,-34.08480000,148.18903333,1527.00,,,,,,
9006,2017-12-31T04:25:49Z,-34.08493333,148.18916667,1525.00,,,,,,
9007,2017-12-31T04:25:50Z,-34.08508333,148.18930000,1525.00,,,,,,
9008,2017-12-31T04:25:51Z,-34.08523333,148.18943333,1525.00,,,,,,
9009,2017-12-31T04:25:52Z,-34.08536667,148.18956667,1524.00,,,,,,
9010,2017-12-31T04:25:53Z,-34.08551667,148.18970000,1524.00,,,,,,
9011,2017-12-31T04:25:54Z,-34.08566667,148.18983333,1521.00,,,,,,
9012,2017-12-31T04:25:55Z,-34.08580000,148.18993333,1519.00,,,,,,
9013,2017-12-31T04:25:56Z,-34.08595000,148.19006667,1516.00,,,,,,
9014,2017-12-31T04:25:57Z,-34.08608333,148.19018333,1516.00,,,,,,
9015,2017-12-31T04:25:58Z,-34.08623333,148.19031667,1516.00,,,,,,
9016,2017-12-31T04:25:59Z,-34.08636667,148.19043333,1512.00,,,,,,
9017,2017-12-31T04:26:00Z,-34.08648333,148.19055000,1508.00,,,,,,
9018,2017-12-31T04:26:01Z,-34.08661667,148.19068333,1507.00,,,,,,
9019,2017-12-31T04:26:02Z,-34.08675000,148.19080000,1506.00,,,,,,
9020,2017-12-31T04:26:03Z,-34.08688333,148.19093333,1505.00,,,,,,
9021,2017-12-31T04:26:04Z,-34.08701667,148.19106667,1506.00,,,,,,
9022,2017-12-31T04:26:05Z,-34.08715000,148.19120000,1506.00,,,,,,
9023,2017-12-31T04:26:06Z,-34.08728333,148.19133333,1505.00,,,,,,
9024,2017-12-31T04:26:07Z,-34.08740000,148.19148333,1503.00,,,,,,
9025,2017-12-31T04:26:08Z,-34.08753333,148.19161667,1503.00,,,,,,
9026,2017-12-31T04:26:09Z,-34.08766667,148.19176667,1504.00,,,,,,
9027,2017-12-31T04:26:10Z,-34.08780000,148.19190000,1503.00,,,,,,
9028,2017-12-31T04:26:11Z,-34.08793333,148.19203333,1501.00,,,,,,
9029,2017-12-31T04:26:12Z,-34.08808333,148.19218333,1498.00,,,,,,
9030,2017-12-31T04:26:13Z,-34.08821667,148.19235000,1499.00,,,,,,
9031,2017-12-31T04:26:14Z,-34.08835000,148.19250000,1501.00,,,,,,
9032,2017-12-31T04:26:15Z,-34.08846667,148.19265000,1503.00,,,,,,
9033,2017-12-31T04:26:16Z,-34.08861667,148.19278333,1506.00,,,,,,
9034,2017-12-31T04:26:17Z,-34.08873333,148.19293333,1505.00,,,,,,
9035,2017-12-31T04:26:18Z,-34.08885000,148.19305000,1503.00,,,,,,
9036,2017-12-31T04:26:19Z,-34.08895000,148.19318333,1506.00,,,,,,
9037,2017-12-31T04:26:20Z,-34.08905000,148.19333333,1508.00,,,,,,
9038,2017-12-31T04:26:21Z,-34.08913333,148.19348333,1508.00,,,,,,
9039,2017-12-31T04:26:22Z,-34.08921667,148.19363333,1506.00,,,,,,
9040,2017-12-31T04:26:23Z,-34.08930000,148.19378333,1505.00,,,,,,
9041,2017-12-31T04:26:24Z,-34.08940000,148.19391667,1501.00,,,,,,
9042,2017-12-31T04:26:25Z,-34.08948333,148.19403333,1498.00,,,,,,
9043,2017-12-31T04:26:26Z,-34.08960000,148.19411667,1493.00,,,,,,
9044,2017-12-31T04:26:27Z,-34.08975000,148.19418333,1492.00,,,,,,
9045,2017-12-31T04:26:28Z,-34.08990000,148.19421667,1489.00,,,,,,
9046,2017-12-31T04:26:29Z,-34.09003333,148.19426667,1488.00,,,,,,
9047,2017-12-31T04:26:30Z,-34.09016667,148.19431667,1487.00,,,,,,
9048,2017-12-31T04:26:31Z,-34.09031667,148.19436667,1486.00,,,,,,
9049,2017-12-31T04:26:32Z,-34.09046667,148.19441667,1485.00,,,,,,
9050,2017-12-31T04:26:33Z,-34.09060000,148.19448333,1485.00,,,,,,
9051,2017-12-31T04:26:34Z,-34.09071667,148.19453333,1482.00,,,,,,
9052,2017-12-31T04:26:35Z,-34.09083333,148.19456667,1477.00,,,,,,
9053,2017-12-31T04:26:36Z,-34.09095000,148.19461667,1475.00,,,,,,
9054,2017-12-31T04:26:37Z,-34.09108333,148.19465000,1475.00,,,,,,
9055,2017-12-31T04:26:38Z,-34.09123333,148.19470000,1476.00,,,,,,
9056,2017-12-31T04:26:39Z,-34.09138333,148.19476667,1478.00,,,,,,
9057,2017-12-31T04:26:40Z,-34.09148333,148.19485000,1477.00,,,,,,
9058,2017-12-31T04:26:41Z,-34.09161667,148.19495000,1473.00,,,,,,
9059,2017-12-31T04:26:42Z,-34.09175000,148.19506667,1467.00,,,,,,
9060,2017-12-31T04:26:43Z,-34.09185000,148.19521667,1466.00,,,,,,
9061,2017-12-31T04:26:44Z,-34.09195000,148.19540000,1468.00,,,,,,
9062,2017-12-31T04:26:45Z,-34.09203333,148.19561667,1468.00,,,,,,
9063,2017-12-31T04:26:46Z,-34.09211667,148.19581667,1467.00,,,,,,
9064,2017-12-31T04:26:47Z,-34.09221667,148.19603333,1466.00,,,,,,
9065,2017-12-31T04:26:48Z,-34.09230000,148.19626667,1467.00,,,,,,
9066,2017-12-31T04:26:49Z,-34.09240000,148.19648333,1470.00,,,,,,
9067,2017-12-31T04:26:50Z,-34.09250000,148.19668333,1471.00,,,,,,
9068,2017-12-31T04:26:51Z,-34.09261667,148.19686667,1470.00,,,,,,
9069,2017-12-31T04:26:52Z,-34.09275000,148.19703333,1470.00,,,,,,
9070,2017-12-31T04:26:53Z,-34.09288333,148.19720000,1472.00,,,,,,
9071,2017-12-31T04:26:54Z,-34.09301667,148.19735000,1475.00,,,,,,
9072,2017-12-31T04:26:55Z,-34.09313333,148.19751667,1476.00,,,,,,
9073,2017-12-31T04:26:56Z,-34.09325000,148.19766667,1477.00,,,,,,
9074,2017-12-31T04:26:57Z,-34.09336667,148.19783333,1478.00,,,,,,
9075,2017-12-31T04:26:58Z,-34.09346667,148.19801667,1480.00,,,,,,
9076,2017-12-31T04:26:59Z,-34.09353333,148.19821667,1481.00,,,,,,
9077,2017-12-31T04:27:00Z,-34.09356667,148.19845000,1482.00,,,,,,
9078,2017-12-31T04:27:01Z,-34.09356667,148.19868333,1484.00,,,,,,
9079,2017-12-31T04:27:02Z,-34.09355000,148.19891667,1485.00,,,,,,
9080,2017-12-31T04:27:03Z,-34.09350000,148.19915000,1487.00,,,,,,
9081,2017-12-31T04:27:04Z,-34.09343333,148.19933333,1488.00,,,,,,
9082,2017-12-31T04:27:05Z,-34.09333333,148.19946667,1488.00,,,,,,
9083,2017-12-31T04:27:06Z,-34.09325000,148.19960000,1489.00,,,,,,
9084,2017-12-31T04:27:07Z,-34.09315000,148.19971667,1488.00,,,,,,
9085,2017-12-31T04:27:08Z,-34.09301667,148.19978333,1486.00,,,,,,
9086,2017-12-31T04:27:09Z,-34.09290000,148.19983333,1486.00,,,,,,
9087,2017-12-31T04:27:10Z,-34.09275000,148.19980000,1486.00,,,,,,
9088,2017-12-31T04:27:11Z,-34.09260000,148.19978333,1487.00,,,,,,
9089,2017-12-31T04:27:12Z,-34.09250000,148.19970000,1488.00,,,,,,
9090,2017-12-31T04:27:13Z,-34.09241667,148.19960000,1488.00,,,,,,
9091,2017-12-31T04:27:14Z,-34.09235000,148.19948333,1490.00,,,,,,
9092,2017-12-31T04:27:15Z,-34.09231667,148.19938333,1493.00,,,,,,
9093,2017-12-31T04:27:16Z,-34.09231667,148.19926667,1494.00,,,,,,
9094,2017-12-31T04:27:17Z,-34.09231667,148.19915000,1494.00,,,,,,
9095,2017-12-31T04:27:18Z,-34.09235000,148.19903333,1495.00,,,,,,
9096,2017-12-31T04:27:19Z,-34.09238333,148.19891667,1495.00,,,,,,
9097,2017-12-31T04:27:20Z,-34.09243333,148.19883333,1495.00,,,,,,
9098,2017-12-31T04:27:21Z,-34.09251667,148.19875000,1496.00,,,,,,
9099,2017-12-31T04:27:22Z,-34.09263333,148.19875000,1497.00,,,,,,
9100,2017-12-31T04:27:23Z,-34.09276667,148.19880000,1498.00,,,,,,
9101,2017-12-31T04:27:24Z,-34.09300000,148.19893333,1501.00,,,,,,
9102,2017-12-31T04:27:25Z,-34.09323333,148.19918333,1501.00,,,,,,
9103,2017-12-31T04:27:26Z,-34.09333333,148.19931667,1502.00,,,,,,
9104,2017-12-31T04:27:27Z,-34.09343333,148.19950000,1504.00,,,,,,
9105,2017-12-31T04:27:28Z,-34.09348333,148.19971667,1505.00,,,,,,
9106,2017-12-31T04:27:29Z,-34.09351667,148.19993333,1505.00,,,,,,
9107,2017-12-31T04:27:30Z,-34.09350000,148.20018333,1505.00,,,,,,
9108,2017-12-31T04:27:31Z,-34.09348333,148.20040000,1506.00,,,,,,
9109,2017-12-31T04:27:32Z,-34.09343333,148.20058333,1506.00,,,,,,
9110,2017-12-31T04:27:33Z,-34.09336667,148.20075000,1507.00,,,,,,
9111,2017-12-31T04:27:34Z,-34.09328333,148.20090000,1507.00,,,,,,
9112,2017-12-31T04:27:35Z,-34.09310000,148.20095000,1507.00,,,,,,
9113,2017-12-31T04:27:36Z,-34.09298333,148.20100000,1509.00,,,,,,
9114,2017-12-31T04:27:37Z,-34.09285000,148.20103333,1509.00,,,,,,
9115,2017-12-31T04:27:38Z,-34.09273333,148.20105000,1510.00,,,,,,
9116,2017-12-31T04:27:39Z,-34.09261667,148.20105000,1510.00,,,,,,
9117,2017-12-31T04:27:40Z,-34.09253333,148.20098333,1509.00,,,,,,
9118,2017-12-31T04:27:41Z,-34.09246667,148.20091667,1508.00,,,,,,
9119,2017-12-31T04:27:42Z,-34.09241667,148.20083333,1506.00,,,,,,
9120,2017-12-31T04:27:43Z,-34.09243333,148.20073333,1501.00,,,,,,
9121,2017-12-31T04:27:44Z,-34.09246667,148.20058333,1499.00,,,,,,
9122,2017-12-31T04:27:45Z,-34.09258333,148.20046667,1500.00,,,,,,
9123,2017-12-31T04:27:46Z,-34.09270000,148.20036667,1501.00,,,,,,
9124,2017-12-31T04:27:47Z,-34.09281667,148.20030000,1501.00,,,,,,
9125,2017-12-31T04:27:48Z,-34.09298333,148.20031667,1502.00,,,,,,
9126,2017-12-31T04:27:49Z,-34.09313333,148.20033333,1503.00,,,,,,
9127,2017-12-31T04:27:50Z,-34.09338333,148.20048333,1504.00,,,,,,
9128,2017-12-31T04:27:51Z,-34.09355000,148.20056667,1505.00,,,,,,
9129,2017-12-31T04:27:52Z,-34.09373333,148.20071667,1506.00,,,,,,
9130,2017-12-31T04:27:53Z,-34.09390000,148.20083333,1506.00,,,,,,
9131,2017-12-31T04:27:54Z,-34.09405000,148.20100000,1505.00,,,,,,
9132,2017-12-31T04:27:55Z,-34.09421667,148.20118333,1504.00,,,,,,
9133,2017-12-31T04:27:56Z,-34.09435000,148.20135000,1505.00,,,,,,
9134,2017-12-31T04:27:57Z,-34.09448333,148.20150000,1505.00,,,,,,
9135,2017-12-31T04:27:58Z,-34.09463333,148.20166667,1503.00,,,,,,
9136,2017-12-31T04:27:59Z,-34.09476667,148.20180000,1500.00,,,,,,
9137,2017-12-31T04:28:00Z,-34.09493333,148.20195000,1499.00,,,,,,
9138,2017-12-31T04:28:01Z,-34.09508333,148.20206667,1497.00,,,,,,
9139,2017-12-31T04:28:02Z,-34.09523333,148.20220000,1496.00,,,,,,
9140,2017-12-31T04:28:03Z,-34.09540000,148.20235000,1496.00,,,,,,
9141,2017-12-31T04:28:04Z,-34.09556667,148.20251667,1497.00,,,,,,
9142,2017-12-31T04:28:05Z,-34.09571667,148.20268333,1499.00,,,,,,
9143,2017-12-31T04:28:06Z,-34.09586667,148.20285000,1499.00,,,,,,
9144,2017-12-31T04:28:07Z,-34.09601667,148.20301667,1499.00,,,,,,
9145,2017-12-31T04:28:08Z,-34.09615000,148.20320000,1502.00,,,,,,
9146,2017-12-31T04:28:09Z,-34.09630000,148.20338333,1505.00,,,,,,
9147,2017-12-31T04:28:10Z,-34.09640000,148.20358333,1505.00,,,,,,
9148,2017-12-31T04:28:11Z,-34.09653333,148.20375000,1505.00,,,,,,
9149,2017-12-31T04:28:12Z,-34.09665000,148.20393333,1508.00,,,,,,
9150,2017-12-31T04:28:13Z,-34.09676667,148.20410000,1511.00,,,,,,
9151,2017-12-31T04:28:14Z,-34.09686667,148.20428333,1509.00,,,,,,
9152,2017-12-31T04:28:15Z,-34.09695000,148.20445000,1507.00,,,,,,
9153,2017-12-31T04:28:16Z,-34.09703333,148.20461667,1505.00,,,,,,
9154,2017-12-31T04:28:17Z,-34.09711667,148.20480000,1504.00,,,,,,
9155,2017-12-31T04:28:18Z,-34.09721667,148.20496667,1503.00,,,,,,
9156,2017-12-31T04:28:19Z,-34.09731667,148.20515000,1501.00,,,,,,
9157,2017-12-31T04:28:20Z,-34.09745000,148.20535000,1498.00,,,,,,
9158,2017-12-31T04:28:21Z,-34.09756667,148.20553333,1495.00,,,,,,
9159,2017-12-31T04:28:22Z,-34.09770000,148.20571667,1494.00,,,,,,
9160,2017-12-31T04:28:23Z,-34.09781667,148.20590000,1494.00,,,,,,
9161,2017-12-31T04:28:24Z,-34.09795000,148.20608333,1496.00,,,,,,
9162,2017-12-31T04:28:25Z,-34.09808333,148.20625000,1498.00,,,,,,
9163,2017-12-31T04:28:26Z,-34.09821667,148.20641667,1497.00,,,,,,
9164,2017-12-31T04:28:27Z,-34.09835000,148.20656667,1493.00,,,,,,
9165,2017-12-31T04:28:28Z,-34.09850000,148.20671667,1494.00,,,,,,
9166,2017-12-31T04:28:29Z,-34.09866667,148.20685000,1497.00,,,,,,
9167,2017-12-31T04:28:30Z,-34.09881667,148.20698333,1497.00,,,,,,
9168,2017-12-31T04:28:31Z,-34.09898333,148.20711667,1497.00,,,,,,
9169,2017-12-31T04:28:32Z,-34.09913333,148.20723333,1498.00,,,,,,
9170,2017-12-31T04:28:33Z,-34.09930000,148.20735000,1499.00,,,,,,
9171,2017-12-31T04:28:34Z,-34.09943333,148.20748333,1500.00,,,,,,
9172,2017-12-31T04:28:35Z,-34.09956667,148.20760000,1500.00,,,,,,
9173,2017-12-31T04:28:36Z,-34.09970000,148.20771667,1498.00,,,,,,
9174,2017-12-31T04:28:37Z,-34.09981667,148.20781667,1498.00,,,,,,
9175,2017-12-31T04:28:38Z,-34.09993333,148.20791667,1498.00,,,,,,
9176,2017-12-31T04:28:39Z,-34.10003333,148.20800000,1495.00,,,,,,
9177,2017-12-31T04:28:40Z,-34.10016667,148.20810000,1491.00,,,,,,
9178,2017-12-31T04:28:41Z,-34.10030000,148.20818333,1485.00,,,,,,
9179,2017-12-31T04:28:42Z,-34.10043333,148.20828333,1483.00,,,,,,
9180,2017-12-31T04:28:43Z,-34.10058333,148.20838333,1484.00,,,,,,
9181,2017-12-31T04:28:44Z,-34.10073333,148.20850000,1484.00,,,,,,
9182,2017-12-31T04:28:45Z,-34.10088333,148.20860000,1483.00,,,,,,
9183,2017-12-31T04:28:46Z,-34.10101667,148.20871667,1480.00,,,,,,
9184,2017-12-31T04:28:47Z,-34.10116667,148.20883333,1477.00,,,,,,
9185,2017-12-31T04:28:48Z,-34.10130000,148.20896667,1473.00,,,,,,
9186,2017-12-31T04:28:49Z,-34.10145000,148.20910000,1467.00,,,,,,
9187,2017-12-31T04:28:50Z,-34.10161667,148.20928333,1462.00,,,,,,
9188,2017-12-31T04:28:51Z,-34.10178333,148.20945000,1461.00,,,,,,
9189,2017-12-31T04:28:52Z,-34.10195000,148.20961667,1461.00,,,,,,
9190,2017-12-31T04:28:53Z,-34.10211667,148.20980000,1459.00,,,,,,
9191,2017-12-31T04:28:54Z,-34.10226667,148.20996667,1456.00,,,,,,
9192,2017-12-31T04:28:55Z,-34.10243333,148.21010000,1453.00,,,,,,
9193,2017-12-31T04:28:56Z,-34.10258333,148.21023333,1448.00,,,,,,
9194,2017-12-31T04:28:57Z,-34.10275000,148.21036667,1444.00,,,,,,
9195,2017-12-31T04:28:58Z,-34.10291667,148.21051667,1441.00,,,,,,
9196,2017-12-31T04:28:59Z,-34.10306667,148.21065000,1436.00,,,,,,
9197,2017-12-31T04:29:00Z,-34.10320000,148.21081667,1434.00,,,,,,
9198,2017-12-31T04:29:01Z,-34.10335000,148.21096667,1432.00,,,,,,
9199,2017-12-31T04:29:02Z,-34.10350000,148.21113333,1429.00,,,,,,
9200,2017-12-31T04:29:03Z,-34.10365000,148.21128333,1427.00,,,,,,
9201,2017-12-31T04:29:04Z,-34.10378333,148.21145000,1424.00,,,,,,
9202,2017-12-31T04:29:05Z,-34.10391667,148.21160000,1421.00,,,,,,
9203,2017-12-31T04:29:06Z,-34.10406667,148.21175000,1415.00,,,,,,
9204,2017-12-31T04:29:07Z,-34.10420000,148.21190000,1411.00,,,,,,
9205,2017-12-31T04:29:08Z,-34.10436667,148.21205000,1408.00,,,,,,
9206,2017-12-31T04:29:09Z,-34.10451667,148.21220000,1406.00,,,,,,
9207,2017-12-31T04:29:10Z,-34.10468333,148.21235000,1405.00,,,,,,
9208,2017-12-31T04:29:11Z,-34.10485000,148.21250000,1405.00,,,,,,
9209,2017-12-31T04:29:12Z,-34.10501667,148.21265000,1402.00,,,,,,
9210,2017-12-31T04:29:13Z,-34.10518333,148.21278333,1399.00,,,,,,
9211,2017-12-31T04:29:14Z,-34.10533333,148.21290000,1394.00,,,,,,
9212,2017-12-31T04:29:15Z,-34.10548333,148.21303333,1392.00,,,,,,
9213,2017-12-31T04:29:16Z,-34.10563333,148.21318333,1391.00,,,,,,
9214,2017-12-31T04:29:17Z,-34.10580000,148.21333333,1390.00,,,,,,
9215,2017-12-31T04:29:18Z,-34.10595000,148.21348333,1387.00,,,,,,
9216,2017-12-31T04:29:19Z,-34.10610000,148.21363333,1385.00,,,,,,
9217,2017-12-31T04:29:20Z,-34.10625000,148.21378333,1382.00,,,,,,
9218,2017-12-31T04:29:21Z,-34.10641667,148.21393333,1379.00,,,,,,
9219,2017-12-31T04:29:22Z,-34.10660000,148.21406667,1378.00,,,,,,
9220,2017-12-31T04:29:23Z,-34.10675000,148.21421667,1378.00,,,,,,
9221,2017-12-31T04:29:24Z,-34.10691667,148.21436667,1378.00,,,,,,
9222,2017-12-31T04:29:25Z,-34.10706667,148.21451667,1378.00,,,,,,
9223,2017-12-31T04:29:26Z,-34.10721667,148.21466667,1377.00,,,,,,
9224,2017-12-31T04:29:27Z,-34.10735000,148.21481667,1375.00,,,,,,
9225,2017-12-31T04:29:28Z,-34.10748333,148.21496667,1373.00,,,,,,
9226,2017-12-31T04:29:29Z,-34.10761667,148.21513333,1371.00,,,,,,
9227,2017-12-31T04:29:30Z,-34.10775000,148.21528333,1370.00,,,,,,
9228,2017-12-31T04:29:31Z,-34.10788333,148.21545000,1369.00,,,,,,
9229,2017-12-31T04:29:32Z,-34.10801667,148.21561667,1367.00,,,,,,
9230,2017-12-31T04:29:33Z,-34.10815000,148.21578333,1363.00,,,,,,
9231,2017-12-31T04:29:34Z,-34.10828333,148.21595000,1361.00,,,,,,
9232,2017-12-31T04:29:35Z,-34.10841667,148.21611667,1359.00,,,,,,
9233,2017-12-31T04:29:36Z,-34.10855000,148.21630000,1355.00,,,,,,
9234,2017-12-31T04:29:37Z,-34.10870000,148.21646667,1352.00,,,,,,
9235,2017-12-31T04:29:38Z,-34.10883333,148.21666667,1349.00,,,,,,
9236,2017-12-31T04:29:39Z,-34.10896667,148.21686667,1346.00,,,,,,
9237,2017-12-31T04:29:40Z,-34.10911667,148.21706667,1344.00,,,,,,
9238,2017-12-31T04:29:41Z,-34.10925000,148.21726667,1341.00,,,,,,
9239,2017-12-31T04:29:42Z,-34.10938333,148.21745000,1341.00,,,,,,
9240,2017-12-31T04:29:43Z,-34.10951667,148.21765000,1340.00,,,,,,
9241,2017-12-31T04:29:44Z,-34.10966667,148.21783333,1337.00,,,,,,
9242,2017-12-31T04:29:45Z,-34.10980000,148.21801667,1335.00,,,,,,
9243,2017-12-31T04:29:46Z,-34.10991667,148.21820000,1331.00,,,,,,
9244,2017-12-31T04:29:47Z,-34.11003333,148.21840000,1328.00,,,,,,
9245,2017-12-31T04:29:48Z,-34.11016667,148.21860000,1325.00,,,,,,
9246,2017-12-31T04:29:49Z,-34.11028333,148.21880000,1322.00,,,,,,
9247,2017-12-31T04:29:50Z,-34.11038333,148.21900000,1321.00,,,,,,
9248,2017-12-31T04:29:51Z,-34.11051667,148.21921667,1320.00,,,,,,
9249,2017-12-31T04:29:52Z,-34.11063333,148.21941667,1320.00,,,,,,
9250,2017-12-31T04:29:53Z,-34.11075000,148.21960000,1319.00,,,,,,
9251,2017-12-31T04:29:54Z,-34.11086667,148.21980000,1315.00,,,,,,
9252,2017-12-31T04:29:55Z,-34.11098333,148.21995000,1313.00,,,,,,
9253,2017-12-31T04:29:56Z,-34.11110000,148.22013333,1312.00,,,,,,
9254,2017-12-31T04:29:57Z,-34.11123333,148.22030000,1311.00,,,,,,
9255,2017-12-31T04:29:58Z,-34.11135000,148.22046667,1309.00,,,,,,
9256,2017-12-31T04:29:59Z,-34.11146667,148.22063333,1309.00,,,,,,
9257,2017-12-31T04:30:00Z,-34.11156667,148.22076667,1308.00,,,,,,
9258,2017-12-31T04:30:01Z,-34.11166667,148.22090000,1305.00,,,,,,
9259,2017-12-31T04:30:02Z,-34.11176667,148.22105000,1299.00,,,,,,
9260,2017-12-31T04:30:03Z,-34.11188333,148.22120000,1293.00,,,,,,
9261,2017-12-31T04:30:04Z,-34.11200000,148.22136667,1288.00,,,,,,
9262,2017-12-31T04:30:05Z,-34.11210000,148.22155000,1286.00,,,,,,
9263,2017-12-31T04:30:06Z,-34.11221667,148.22173333,1284.00,,,,,,
9264,2017-12-31T04:30:07Z,-34.11233333,148.22191667,1283.00,,,,,,
9265,2017-12-31T04:30:08Z,-34.11243333,148.22210000,1281.00,,,,,,
9266,2017-12-31T04:30:09Z,-34.11255000,148.22226667,1278.00,,,,,,
9267,2017-12-31T04:30:10Z,-34.11265000,148.22245000,1275.00,,,,,,
9268,2017-12-31T04:30:11Z,-34.11276667,148.22263333,1270.00,,,,,,
9269,2017-12-31T04:30:12Z,-34.11288333,148.22280000,1266.00,,,,,,
9270,2017-12-31T04:30:13Z,-34.11301667,148.22298333,1264.00,,,,,,
9271,2017-12-31T04:30:14Z,-34.11315000,148.22315000,1264.00,,,,,,
9272,2017-12-31T04:30:15Z,-34.11326667,148.22330000,1264.00,,,,,,
9273,2017-12-31T04:30:16Z,-34.11341667,148.22346667,1263.00,,,,,,
9274,2017-12-31T04:30:17Z,-34.11355000,148.22361667,1261.00,,,,,,
9275,2017-12-31T04:30:18Z,-34.11368333,148.22378333,1258.00,,,,,,
9276,2017-12-31T04:30:19Z,-34.11381667,148.22391667,1255.00,,,,,,
9277,2017-12-31T04:30:20Z,-34.11395000,148.22406667,1253.00,,,,,,
9278,2017-12-31T04:30:21Z,-34.11410000,148.22421667,1252.00,,,,,,
9279,2017-12-31T04:30:22Z,-34.11425000,148.22438333,1251.00,,,,,,
9280,2017-12-31T04:30:23Z,-34.11438333,148.22453333,1253.00,,,,,,
9281,2017-12-31T04:30:24Z,-34.11453333,148.22470000,1254.00,,,,,,
9282,2017-12-31T04:30:25Z,-34.11466667,148.22485000,1253.00,,,,,,
9283,2017-12-31T04:30:26Z,-34.11480000,148.22500000,1250.00,,,,,,
9284,2017-12-31T04:30:27Z,-34.11493333,148.22516667,1252.00,,,,,,
9285,2017-12-31T04:30:28Z,-34.11508333,148.22533333,1255.00,,,,,,
9286,2017-12-31T04:30:29Z,-34.11523333,148.22550000,1256.00,,,,,,
9287,2017-12-31T04:30:30Z,-34.11536667,148.22563333,1254.00,,,,,,
9288,2017-12-31T04:30:31Z,-34.11551667,148.22578333,1250.00,,,,,,
9289,2017-12-31T04:30:32Z,-34.11566667,148.22591667,1250.00,,,,,,
9290,2017-12-31T04:30:33Z,-34.11583333,148.22603333,1250.00,,,,,,
9291,2017-12-31T04:30:34Z,-34.11603333,148.22613333,1251.00,,,,,,
9292,2017-12-31T04:30:35Z,-34.11618333,148.22621667,1252.00,,,,,,
9293,2017-12-31T04:30:36Z,-34.11635000,148.22633333,1254.00,,,,,,
9294,2017-12-31T04:30:37Z,-34.11651667,148.22645000,1255.00,,,,,,
9295,2017-12-31T04:30:38Z,-34.11665000,148.22658333,1256.00,,,,,,
9296,2017-12-31T04:30:39Z,-34.11678333,148.22675000,1256.00,,,,,,
9297,2017-12-31T04:30:40Z,-34.11690000,148.22691667,1254.00,,,,,,
9298,2017-12-31T04:30:41Z,-34.11701667,148.22708333,1249.00,,,,,,
9299,2017-12-31T04:30:42Z,-34.11713333,148.22726667,1243.00,,,,,,
9300,2017-12-31T04:30:43Z,-34.11725000,148.22748333,1242.00,,,,,,
9301,2017-12-31T04:30:44Z,-34.11735000,148.22768333,1245.00,,,,,,
9302,2017-12-31T04:30:45Z,-34.11745000,148.22788333,1245.00,,,,,,
9303,2017-12-31T04:30:46Z,-34.11755000,148.22808333,1245.00,,,,,,
9304,2017-12-31T04:30:47Z,-34.11761667,148.22830000,1248.00,,,,,,
9305,2017-12-31T04:30:48Z,-34.11768333,148.22853333,1250.00,,,,,,
9306,2017-12-31T04:30:49Z,-34.11775000,148.22876667,1251.00,,,,,,
9307,2017-12-31T04:30:50Z,-34.11780000,148.22898333,1253.00,,,,,,
9308,2017-12-31T04:30:51Z,-34.11785000,148.22920000,1252.00,,,,,,
9309,2017-12-31T04:30:52Z,-34.11790000,148.22940000,1248.00,,,,,,
9310,2017-12-31T04:30:53Z,-34.11795000,148.22956667,1246.00,,,,,,
9311,2017-12-31T04:30:54Z,-34.11798333,148.22978333,1244.00,,,,,,
9312,2017-12-31T04:30:55Z,-34.11798333,148.22998333,1246.00,,,,,,
9313,2017-12-31T04:30:56Z,-34.11798333,148.23020000,1250.00,,,,,,
9314,2017-12-31T04:30:57Z,-34.11800000,148.23040000,1250.00,,,,,,
9315,2017-12-31T04:30:58Z,-34.11803333,148.23060000,1251.00,,,,,,
9316,2017-12-31T04:30:59Z,-34.11806667,148.23078333,1252.00,,,,,,
9317,2017-12-31T04:31:00Z,-34.11810000,148.23096667,1251.00,,,,,,
9318,2017-12-31T04:31:01Z,-34.11815000,148.23115000,1248.00,,,,,,
9319,2017-12-31T04:31:02Z,-34.11823333,148.23131667,1247.00,,,,,,
9320,2017-12-31T04:31:03Z,-34.11831667,148.23150000,1249.00,,,,,,
9321,2017-12-31T04:31:04Z,-34.11840000,148.23168333,1252.00,,,,,,
9322,2017-12-31T04:31:05Z,-34.11848333,148.23183333,1254.00,,,,,,
9323,2017-12-31T04:31:06Z,-34.11856667,148.23200000,1256.00,,,,,,
9324,2017-12-31T04:31:07Z,-34.11866667,148.23216667,1254.00,,,,,,
9325,2017-12-31T04:31:08Z,-34.11876667,148.23233333,1254.00,,,,,,
9326,2017-12-31T04:31:09Z,-34.11885000,148.23251667,1261.00,,,,,,
9327,2017-12-31T04:31:10Z,-34.11890000,148.23273333,1264.00,,,,,,
9328,2017-12-31T04:31:11Z,-34.11890000,148.23295000,1268.00,,,,,,
9329,2017-12-31T04:31:12Z,-34.11883333,148.23315000,1271.00,,,,,,
9330,2017-12-31T04:31:13Z,-34.11875000,148.23328333,1274.00,,,,,,
9331,2017-12-31T04:31:14Z,-34.11861667,148.23335000,1276.00,,,,,,
9332,2017-12-31T04:31:15Z,-34.11850000,148.23331667,1276.00,,,,,,
9333,2017-12-31T04:31:16Z,-34.11841667,148.23321667,1278.00,,,,,,
9334,2017-12-31T04:31:17Z,-34.11840000,148.23308333,1281.00,,,,,,
9335,2017-12-31T04:31:18Z,-34.11841667,148.23295000,1284.00,,,,,,
9336,2017-12-31T04:31:19Z,-34.11846667,148.23283333,1287.00,,,,,,
9337,2017-12-31T04:31:20Z,-34.11856667,148.23275000,1289.00,,,,,,
9338,2017-12-31T04:31:21Z,-34.11868333,148.23273333,1292.00,,,,,,
9339,2017-12-31T04:31:22Z,-34.11881667,148.23276667,1295.00,,,,,,
9340,2017-12-31T04:31:23Z,-34.11895000,148.23286667,1297.00,,,,,,
9341,2017-12-31T04:31:24Z,-34.11903333,148.23301667,1302.00,,,,,,
9342,2017-12-31T04:31:25Z,-34.11906667,148.23316667,1306.00,,,,,,
9343,2017-12-31T04:31:26Z,-34.11910000,148.23335000,1309.00,,,,,,
9344,2017-12-31T04:31:27Z,-34.11910000,148.23351667,1312.00,,,,,,
9345,2017-12-31T04:31:28Z,-34.11903333,148.23366667,1313.00,,,,,,
9346,2017-12-31T04:31:29Z,-34.11896667,148.23378333,1315.00,,,,,,
9347,2017-12-31T04:31:30Z,-34.11885000,148.23386667,1317.00,,,,,,
9348,2017-12-31T04:31:31Z,-34.11873333,148.23393333,1319.00,,,,,,
9349,2017-12-31T04:31:32Z,-34.11863333,148.23396667,1321.00,,,,,,
9350,2017-12-31T04:31:33Z,-34.11853333,148.23395000,1323.00,,,,,,
9351,2017-12-31T04:31:34Z,-34.11845000,148.23386667,1325.00,,,,,,
9352,2017-12-31T04:31:35Z,-34.11841667,148.23375000,1326.00,,,,,,
9353,2017-12-31T04:31:36Z,-34.11843333,148.23363333,1327.00,,,,,,
9354,2017-12-31T04:31:37Z,-34.11848333,148.23350000,1329.00,,,,,,
9355,2017-12-31T04:31:38Z,-34.11858333,148.23338333,1331.00,,,,,,
9356,2017-12-31T04:31:39Z,-34.11870000,148.23333333,1334.00,,,,,,
9357,2017-12-31T04:31:40Z,-34.11883333,148.23331667,1336.00,,,,,,
9358,2017-12-31T04:31:41Z,-34.11895000,148.23338333,1341.00,,,,,,
9359,2017-12-31T04:31:42Z,-34.11903333,148.23351667,1345.00,,,,,,
9360,2017-12-31T04:31:43Z,-34.11906667,148.23368333,1348.00,,,,,,
9361,2017-12-31T04:31:44Z,-34.11906667,148.23385000,1350.00,,,,,,
9362,2017-12-31T04:31:45Z,-34.11901667,148.23400000,1352.00,,,,,,
9363,2017-12-31T04:31:46Z,-34.11893333,148.23411667,1355.00,,,,,,
9364,2017-12-31T04:31:47Z,-34.11881667,148.23418333,1358.00,,,,,,
9365,2017-12-31T04:31:48Z,-34.11870000,148.23420000,1362.00,,,,,,
9366,2017-12-31T04:31:49Z,-34.11861667,148.23415000,1366.00,,,,,,
9367,2017-12-31T04:31:50Z,-34.11855000,148.23406667,1369.00,,,,,,
9368,2017-12-31T04:31:51Z,-34.11850000,148.23396667,1371.00,,,,,,
9369,2017-12-31T04:31:52Z,-34.11851667,148.23385000,1373.00,,,,,,
9370,2017-12-31T04:31:53Z,-34.11855000,148.23371667,1373.00,,,,,,
9371,2017-12-31T04:31:54Z,-34.11861667,148.23358333,1376.00,,,,,,
9372,2017-12-31T04:31:55Z,-34.11875000,148.23356667,1378.00,,,,,,
9373,2017-12-31T04:31:56Z,-34.11888333,148.23356667,1380.00,,,,,,
9374,2017-12-31T04:31:57Z,-34.11898333,148.23363333,1382.00,,,,,,
9375,2017-12-31T04:31:58Z,-34.11908333,148.23373333,1384.00,,,,,,
9376,2017-12-31T04:31:59Z,-34.11911667,148.23388333,1387.00,,,,,,
9377,2017-12-31T04:32:00Z,-34.11913333,148.23405000,1389.00,,,,,,
9378,2017-12-31T04:32:01Z,-34.11910000,148.23421667,1392.00,,,,,,
9379,2017-12-31T04:32:02Z,-34.11905000,148.23435000,1394.00,,,,,,
9380,2017-12-31T04:32:03Z,-34.11895000,148.23445000,1396.00,,,,,,
9381,2017-12-31T04:32:04Z,-34.11883333,148.23448333,1399.00,,,,,,
9382,2017-12-31T04:32:05Z,-34.11873333,148.23448333,1402.00,,,,,,
9383,2017-12-31T04:32:06Z,-34.11863333,148.23443333,1404.00,,,,,,
9384,2017-12-31T04:32:07Z,-34.11856667,148.23433333,1406.00,,,,,,
9385,2017-12-31T04:32:08Z,-34.11853333,148.23421667,1408.00,,,,,,
9386,2017-12-31T04:32:09Z,-34.11855000,148.23408333,1410.00,,,,,,
9387,2017-12-31T04:32:10Z,-34.11860000,148.23396667,1411.00,,,,,,
9388,2017-12-31T04:32:11Z,-34.11865000,148.23385000,1413.00,,,,,,
9389,2017-12-31T04:32:12Z,-34.11875000,148.23378333,1415.00,,,,,,
9390,2017-12-31T04:32:13Z,-34.11886667,148.23375000,1415.00,,,,,,
9391,2017-12-31T04:32:14Z,-34.11898333,148.23376667,1415.00,,,,,,
9392,2017-12-31T04:32:15Z,-34.11910000,148.23381667,1418.00,,,,,,
9393,2017-12-31T04:32:16Z,-34.11920000,148.23391667,1422.00,,,,,,
9394,2017-12-31T04:32:17Z,-34.11928333,148.23403333,1426.00,,,,,,
9395,2017-12-31T04:32:18Z,-34.11933333,148.23418333,1428.00,,,,,,
9396,2017-12-31T04:32:19Z,-34.11936667,148.23431667,1430.00,,,,,,
9397,2017-12-31T04:32:20Z,-34.11936667,148.23450000,1432.00,,,,,,
9398,2017-12-31T04:32:21Z,-34.11935000,148.23465000,1433.00,,,,,,
9399,2017-12-31T04:32:22Z,-34.11928333,148.23478333,1436.00,,,,,,
9400,2017-12-31T04:32:23Z,-34.11918333,148.23488333,1439.00,,,,,,
9401,2017-12-31T04:32:24Z,-34.11908333,148.23495000,1442.00,,,,,,
9402,2017-12-31T04:32:25Z,-34.11898333,148.23500000,1444.00,,,,,,
9403,2017-12-31T04:32:26Z,-34.11886667,148.23501667,1445.00,,,,,,
9404,2017-12-31T04:32:27Z,-34.11875000,148.23498333,1447.00,,,,,,
9405,2017-12-31T04:32:28Z,-34.11866667,148.23493333,1449.00,,,,,,
9406,2017-12-31T04:32:29Z,-34.11860000,148.23483333,1452.00,,,,,,
9407,2017-12-31T04:32:30Z,-34.11858333,148.23470000,1453.00,,,,,,
9408,2017-12-31T04:32:31Z,-34.11858333,148.23458333,1454.00,,,,,,
9409,2017-12-31T04:32:32Z,-34.11861667,148.23445000,1453.00,,,,,,
9410,2017-12-31T04:32:33Z,-34.11866667,148.23431667,1453.00,,,,,,
9411,2017-12-31T04:32:34Z,-34.11871667,148.23418333,1455.00,,,,,,
9412,2017-12-31T04:32:35Z,-34.11886667,148.23415000,1455.00,,,,,,
9413,2017-12-31T04:32:36Z,-34.11896667,148.23411667,1453.00,,,,,,
9414,2017-12-31T04:32:37Z,-34.11906667,148.23408333,1453.00,,,,,,
9415,2017-12-31T04:32:38Z,-34.11920000,148.23410000,1457.00,,,,,,
9416,2017-12-31T04:32:39Z,-34.11933333,148.23418333,1463.00,,,,,,
9417,2017-12-31T04:32:40Z,-34.11955000,148.23438333,1466.00,,,,,,
9418,2017-12-31T04:32:41Z,-34.11966667,148.23451667,1469.00,,,,,,
9419,2017-12-31T04:32:42Z,-34.11976667,148.23465000,1471.00,,,,,,
9420,2017-12-31T04:32:43Z,-34.11983333,148.23478333,1474.00,,,,,,
9421,2017-12-31T04:32:44Z,-34.11983333,148.23495000,1477.00,,,,,,
9422,2017-12-31T04:32:45Z,-34.11975000,148.23515000,1479.00,,,,,,
9423,2017-12-31T04:32:46Z,-34.11966667,148.23528333,1482.00,,,,,,
9424,2017-12-31T04:32:47Z,-34.11956667,148.23538333,1485.00,,,,,,
9425,2017-12-31T04:32:48Z,-34.11946667,148.23543333,1487.00,,,,,,
9426,2017-12-31T04:32:49Z,-34.11935000,148.23545000,1490.00,,,,,,
9427,2017-12-31T04:32:50Z,-34.11926667,148.23541667,1492.00,,,,,,
9428,2017-12-31T04:32:51Z,-34.11916667,148.23538333,1495.00,,,,,,
9429,2017-12-31T04:32:52Z,-34.11915000,148.23525000,1498.00,,,,,,
9430,2017-12-31T04:32:53Z,-34.11916667,148.23515000,1499.00,,,,,,
9431,2017-12-31T04:32:54Z,-34.11918333,148.23505000,1501.00,,,,,,
9432,2017-12-31T04:32:55Z,-34.11921667,148.23491667,1502.00,,,,,,
9433,2017-12-31T04:32:56Z,-34.11931667,148.23486667,1505.00,,,,,,
9434,2017-12-31T04:32:57Z,-34.11941667,148.23478333,1507.00,,,,,,
9435,2017-12-31T04:32:58Z,-34.11948333,148.23475000,1509.00,,,,,,
9436,2017-12-31T04:32:59Z,-34.11956667,148.23475000,1510.00,,,,,,
9437,2017-12-31T04:33:00Z,-34.11966667,148.23486667,1513.00,,,,,,
9438,2017-12-31T04:33:01Z,-34.11976667,148.23500000,1517.00,,,,,,
9439,2017-12-31T04:33:02Z,-34.11981667,148.23515000,1520.00,,,,,,
9440,2017-12-31T04:33:03Z,-34.11985000,148.23531667,1522.00,,,,,,
9441,2017-12-31T04:33:04Z,-34.11985000,148.23546667,1524.00,,,,,,
9442,2017-12-31T04:33:05Z,-34.11980000,148.23565000,1525.00,,,,,,
9443,2017-12-31T04:33:06Z,-34.11973333,148.23578333,1527.00,,,,,,
9444,2017-12-31T04:33:07Z,-34.11963333,148.23590000,1529.00,,,,,,
9445,2017-12-31T04:33:08Z,-34.11950000,148.23596667,1530.00,,,,,,
9446,2017-12-31T04:33:09Z,-34.11938333,148.23600000,1533.00,,,,,,
9447,2017-12-31T04:33:10Z,-34.11925000,148.23596667,1535.00,,,,,,
9448,2017-12-31T04:33:11Z,-34.11916667,148.23590000,1537.00,,,,,,
9449,2017-12-31T04:33:12Z,-34.11913333,148.23580000,1539.00,,,,,,
9450,2017-12-31T04:33:13Z,-34.11915000,148.23570000,1541.00,,,,,,
9451,2017-12-31T04:33:14Z,-34.11921667,148.23560000,1544.00,,,,,,
9452,2017-12-31T04:33:15Z,-34.11931667,148.23553333,1545.00,,,,,,
9453,2017-12-31T04:33:16Z,-34.11943333,148.23551667,1546.00,,,,,,
9454,2017-12-31T04:33:17Z,-34.11955000,148.23558333,1549.00,,,,,,
9455,2017-12-31T04:33:18Z,-34.11965000,148.23566667,1552.00,,,,,,
9456,2017-12-31T04:33:19Z,-34.11971667,148.23581667,1554.00,,,,,,
9457,2017-12-31T04:33:20Z,-34.11976667,148.23595000,1555.00,,,,,,
9458,2017-12-31T04:33:21Z,-34.11980000,148.23611667,1556.00,,,,,,
9459,2017-12-31T04:33:22Z,-34.11976667,148.23628333,1559.00,,,,,,
9460,2017-12-31T04:33:23Z,-34.11968333,148.23641667,1562.00,,,,,,
9461,2017-12-31T04:33:24Z,-34.11958333,148.23651667,1565.00,,,,,,
9462,2017-12-31T04:33:25Z,-34.11945000,148.23658333,1566.00,,,,,,
9463,2017-12-31T04:33:26Z,-34.11933333,148.23660000,1568.00,,,,,,
9464,2017-12-31T04:33:27Z,-34.11921667,148.23660000,1570.00,,,,,,
9465,2017-12-31T04:33:28Z,-34.11911667,148.23653333,1572.00,,,,,,
9466,2017-12-31T04:33:29Z,-34.11908333,148.23641667,1574.00,,,,,,
9467,2017-12-31T04:33:30Z,-34.11906667,148.23628333,1576.00,,,,,,
9468,2017-12-31T04:33:31Z,-34.11910000,148.23616667,1578.00,,,,,,
9469,2017-12-31T04:33:32Z,-34.11916667,148.23606667,1580.00,,,,,,
9470,2017-12-31T04:33:33Z,-34.11921667,148.23596667,1581.00,,,,,,
9471,2017-12-31T04:33:34Z,-34.11930000,148.23588333,1583.00,,,,,,
9472,2017-12-31T04:33:35Z,-34.11940000,148.23588333,1583.00,,,,,,
9473,2017-12-31T04:33:36Z,-34.11950000,148.23590000,1584.00,,,,,,
9474,2017-12-31T04:33:37Z,-34.11963333,148.23596667,1586.00,,,,,,
9475,2017-12-31T04:33:38Z,-34.11973333,148.23610000,1590.00,,,,,,
9476,2017-12-31T04:33:39Z,-34.11978333,148.23626667,1594.00,,,,,,
9477,2017-12-31T04:33:40Z,-34.11975000,148.23646667,1595.00,,,,,,
9478,2017-12-31T04:33:41Z,-34.11971667,148.23663333,1595.00,,,,,,
9479,2017-12-31T04:33:42Z,-34.11963333,148.23678333,1596.00,,,,,,
9480,2017-12-31T04:33:43Z,-34.11951667,148.23690000,1598.00,,,,,,
9481,2017-12-31T04:33:44Z,-34.11938333,148.23698333,1601.00,,,,,,
9482,2017-12-31T04:33:45Z,-34.11926667,148.23705000,1603.00,,,,,,
9483,2017-12-31T04:33:46Z,-34.11913333,148.23706667,1605.00,,,,,,
9484,2017-12-31T04:33:47Z,-34.11901667,148.23705000,1606.00,,,,,,
9485,2017-12-31T04:33:48Z,-34.11893333,148.23698333,1608.00,,,,,,
9486,2017-12-31T04:33:49Z,-34.11890000,148.23690000,1610.00,,,,,,
9487,2017-12-31T04:33:50Z,-34.11890000,148.23680000,1611.00,,,,,,
9488,2017-12-31T04:33:51Z,-34.11891667,148.23668333,1611.00,,,,,,
9489,2017-12-31T04:33:52Z,-34.11895000,148.23656667,1610.00,,,,,,
9490,2017-12-31T04:33:53Z,-34.11898333,148.23646667,1609.00,,,,,,
9491,2017-12-31T04:33:54Z,-34.11906667,148.23636667,1608.00,,,,,,
9492,2017-12-31T04:33:55Z,-34.11926667,148.23638333,1608.00,,,,,,
9493,2017-12-31T04:33:56Z,-34.11940000,148.23640000,1610.00,,,,,,
9494,2017-12-31T04:33:57Z,-34.11953333,148.23645000,1613.00,,,,,,
9495,2017-12-31T04:33:58Z,-34.11966667,148.23650000,1617.00,,,,,,
9496,2017-12-31T04:33:59Z,-34.11981667,148.23656667,1621.00,,,,,,
9497,2017-12-31T04:34:00Z,-34.11996667,148.23663333,1622.00,,,,,,
9498,2017-12-31T04:34:01Z,-34.12008333,148.23666667,1626.00,,,,,,
9499,2017-12-31T04:34:02Z,-34.12021667,148.23670000,1629.00,,,,,,
9500,2017-12-31T04:34:03Z,-34.12031667,148.23673333,1631.00,,,,,,
9501,2017-12-31T04:34:04Z,-34.12043333,148.23671667,1631.00,,,,,,
9502,2017-12-31T04:34:05Z,-34.12055000,148.23665000,1629.00,,,,,,
9503,2017-12-31T04:34:06Z,-34.12060000,148.23653333,1628.00,,,,,,
9504,2017-12-31T04:34:07Z,-34.12056667,148.23640000,1629.00,,,,,,
9505,2017-12-31T04:34:08Z,-34.12055000,148.23628333,1628.00,,,,,,
9506,2017-12-31T04:34:09Z,-34.12043333,148.23618333,1630.00,,,,,,
9507,2017-12-31T04:34:10Z,-34.12031667,148.23615000,1633.00,,,,,,
9508,2017-12-31T04:34:11Z,-34.12021667,148.23615000,1638.00,,,,,,
9509,2017-12-31T04:34:12Z,-34.12010000,148.23616667,1640.00,,,,,,
9510,2017-12-31T04:34:13Z,-34.12000000,148.23623333,1640.00,,,,,,
9511,2017-12-31T04:34:14Z,-34.11990000,148.23631667,1639.00,,,,,,
9512,2017-12-31T04:34:15Z,-34.11988333,148.23650000,1639.00,,,,,,
9513,2017-12-31T04:34:16Z,-34.11983333,148.23666667,1642.00,,,,,,
9514,2017-12-31T04:34:17Z,-34.11980000,148.23683333,1645.00,,,,,,
9515,2017-12-31T04:34:18Z,-34.11980000,148.23700000,1647.00,,,,,,
9516,2017-12-31T04:34:19Z,-34.11981667,148.23716667,1649.00,,,,,,
9517,2017-12-31T04:34:20Z,-34.11986667,148.23731667,1650.00,,,,,,
9518,2017-12-31T04:34:21Z,-34.11995000,148.23746667,1651.00,,,,,,
9519,2017-12-31T04:34:22Z,-34.12003333,148.23760000,1653.00,,,,,,
9520,2017-12-31T04:34:23Z,-34.12015000,148.23771667,1654.00,,,,,,
9521,2017-12-31T04:34:24Z,-34.12026667,148.23778333,1659.00,,,,,,
9522,2017-12-31T04:34:25Z,-34.12038333,148.23783333,1662.00,,,,,,
9523,2017-12-31T04:34:26Z,-34.12050000,148.23783333,1660.00,,,,,,
9524,2017-12-31T04:34:27Z,-34.12060000,148.23780000,1660.00,,,,,,
9525,2017-12-31T04:34:28Z,-34.12070000,148.23775000,1662.00,,,,,,
9526,2017-12-31T04:34:29Z,-34.12073333,148.23763333,1662.00,,,,,,
9527,2017-12-31T04:34:30Z,-34.12073333,148.23748333,1662.00,,,,,,
9528,2017-12-31T04:34:31Z,-34.12068333,148.23738333,1667.00,,,,,,
9529,2017-12-31T04:34:32Z,-34.12060000,148.23730000,1667.00,,,,,,
9530,2017-12-31T04:34:33Z,-34.12051667,148.23723333,1665.00,,,,,,
9531,2017-12-31T04:34:34Z,-34.12041667,148.23721667,1663.00,,,,,,
9532,2017-12-31T04:34:35Z,-34.12030000,148.23731667,1664.00,,,,,,
9533,2017-12-31T04:34:36Z,-34.12018333,148.23741667,1665.00,,,,,,
9534,2017-12-31T04:34:37Z,-34.12008333,148.23756667,1666.00,,,,,,
9535,2017-12-31T04:34:38Z,-34.12001667,148.23775000,1668.00,,,,,,
9536,2017-12-31T04:34:39Z,-34.11998333,148.23796667,1673.00,,,,,,
9537,2017-12-31T04:34:40Z,-34.11998333,148.23816667,1677.00,,,,,,
9538,2017-12-31T04:34:41Z,-34.11998333,148.23835000,1679.00,,,,,,
9539,2017-12-31T04:34:42Z,-34.12001667,148.23855000,1677.00,,,,,,
9540,2017-12-31T04:34:43Z,-34.12006667,148.23871667,1676.00,,,,,,
9541,2017-12-31T04:34:44Z,-34.12018333,148.23886667,1681.00,,,,,,
9542,2017-12-31T04:34:45Z,-34.12033333,148.23900000,1684.00,,,,,,
9543,2017-12-31T04:34:46Z,-34.12045000,148.23910000,1685.00,,,,,,
9544,2017-12-31T04:34:47Z,-34.12058333,148.23915000,1687.00,,,,,,
9545,2017-12-31T04:34:48Z,-34.12071667,148.23916667,1692.00,,,,,,
9546,2017-12-31T04:34:49Z,-34.12083333,148.23916667,1695.00,,,,,,
9547,2017-12-31T04:34:50Z,-34.12091667,148.23911667,1696.00,,,,,,
9548,2017-12-31T04:34:51Z,-34.12101667,148.23908333,1697.00,,,,,,
9549,2017-12-31T04:34:52Z,-34.12110000,148.23903333,1695.00,,,,,,
9550,2017-12-31T04:34:53Z,-34.12115000,148.23893333,1697.00,,,,,,
9551,2017-12-31T04:34:54Z,-34.12118333,148.23883333,1700.00,,,,,,
9552,2017-12-31T04:34:55Z,-34.12108333,148.23861667,1703.00,,,,,,
9553,2017-12-31T04:34:56Z,-34.12103333,148.23851667,1703.00,,,,,,
9554,2017-12-31T04:34:57Z,-34.12096667,148.23841667,1701.00,,,,,,
9555,2017-12-31T04:34:58Z,-34.12088333,148.23833333,1702.00,,,,,,
9556,2017-12-31T04:34:59Z,-34.12078333,148.23828333,1704.00,,,,,,
9557,2017-12-31T04:35:00Z,-34.12061667,148.23831667,1706.00,,,,,,
9558,2017-12-31T04:35:01Z,-34.12048333,148.23836667,1709.00,,,,,,
9559,2017-12-31T04:35:02Z,-34.12035000,148.23843333,1709.00,,,,,,
9560,2017-12-31T04:35:03Z,-34.12025000,148.23853333,1709.00,,,,,,
9561,2017-12-31T04:35:04Z,-34.12015000,148.23866667,1711.00,,,,,,
9562,2017-12-31T04:35:05Z,-34.12006667,148.23883333,1714.00,,,,,,
9563,2017-12-31T04:35:06Z,-34.12003333,148.23901667,1718.00,,,,,,
9564,2017-12-31T04:35:07Z,-34.12000000,148.23918333,1720.00,,,,,,
9565,2017-12-31T04:35:08Z,-34.12005000,148.23938333,1721.00,,,,,,
9566,2017-12-31T04:35:09Z,-34.12010000,148.23956667,1721.00,,,,,,
9567,2017-12-31T04:35:10Z,-34.12018333,148.23978333,1722.00,,,,,,
9568,2017-12-31T04:35:11Z,-34.12025000,148.23993333,1725.00,,,,,,
9569,2017-12-31T04:35:12Z,-34.12033333,148.24008333,1728.00,,,,,,
9570,2017-12-31T04:35:13Z,-34.12043333,148.24020000,1730.00,,,,,,
9571,2017-12-31T04:35:14Z,-34.12055000,148.24030000,1732.00,,,,,,
9572,2017-12-31T04:35:15Z,-34.12068333,148.24036667,1733.00,,,,,,
9573,2017-12-31T04:35:16Z,-34.12080000,148.24041667,1734.00,,,,,,
9574,2017-12-31T04:35:17Z,-34.12091667,148.24041667,1735.00,,,,,,
9575,2017-12-31T04:35:18Z,-34.12101667,148.24040000,1738.00,,,,,,
9576,2017-12-31T04:35:19Z,-34.12111667,148.24035000,1741.00,,,,,,
9577,2017-12-31T04:35:20Z,-34.12121667,148.24030000,1742.00,,,,,,
9578,2017-12-31T04:35:21Z,-34.12128333,148.24026667,1741.00,,,,,,
9579,2017-12-31T04:35:22Z,-34.12125000,148.24018333,1741.00,,,,,,
9580,2017-12-31T04:35:23Z,-34.12110000,148.24008333,1742.00,,,,,,
9581,2017-12-31T04:35:24Z,-34.12100000,148.24005000,1747.00,,,,,,
9582,2017-12-31T04:35:25Z,-34.12086667,148.24003333,1749.00,,,,,,
9583,2017-12-31T04:35:26Z,-34.12073333,148.24003333,1750.00,,,,,,
9584,2017-12-31T04:35:27Z,-34.12061667,148.24006667,1752.00,,,,,,
9585,2017-12-31T04:35:28Z,-34.12050000,148.24013333,1753.00,,,,,,
9586,2017-12-31T04:35:29Z,-34.12038333,148.24023333,1755.00,,,,,,
9587,2017-12-31T04:35:30Z,-34.12031667,148.24038333,1756.00,,,,,,
9588,2017-12-31T04:35:31Z,-34.12025000,148.24053333,1757.00,,,,,,
9589,2017-12-31T04:35:32Z,-34.12021667,148.24068333,1757.00,,,,,,
9590,2017-12-31T04:35:33Z,-34.12023333,148.24086667,1758.00,,,,,,
9591,2017-12-31T04:35:34Z,-34.12026667,148.24103333,1761.00,,,,,,
9592,2017-12-31T04:35:35Z,-34.12035000,148.24120000,1763.00,,,,,,
9593,2017-12-31T04:35:36Z,-34.12043333,148.24136667,1766.00,,,,,,
9594,2017-12-31T04:35:37Z,-34.12051667,148.24148333,1768.00,,,,,,
9595,2017-12-31T04:35:38Z,-34.12063333,148.24160000,1769.00,,,,,,
9596,2017-12-31T04:35:39Z,-34.12073333,148.24168333,1770.00,,,,,,
9597,2017-12-31T04:35:40Z,-34.12086667,148.24175000,1770.00,,,,,,
9598,2017-12-31T04:35:41Z,-34.12098333,148.24180000,1771.00,,,,,,
9599,2017-12-31T04:35:42Z,-34.12110000,148.24181667,1773.00,,,,,,
9600,2017-12-31T04:35:43Z,-34.12123333,148.24181667,1775.00,,,,,,
9601,2017-12-31T04:35:44Z,-34.12128333,148.24173333,1777.00,,,,,,
9602,2017-12-31T04:35:45Z,-34.12131667,148.24161667,1779.00,,,,,,
9603,2017-12-31T04:35:46Z,-34.12133333,148.24151667,1780.00,,,,,,
9604,2017-12-31T04:35:47Z,-34.12135000,148.24141667,1780.00,,,,,,
9605,2017-12-31T04:35:48Z,-34.12131667,148.24133333,1781.00,,,,,,
9606,2017-12-31T04:35:49Z,-34.12128333,148.24126667,1784.00,,,,,,
9607,2017-12-31T04:35:50Z,-34.12116667,148.24123333,1785.00,,,,,,
9608,2017-12-31T04:35:51Z,-34.12106667,148.24118333,1786.00,,,,,,
9609,2017-12-31T04:35:52Z,-34.12096667,148.24116667,1788.00,,,,,,
9610,2017-12-31T04:35:53Z,-34.12085000,148.24118333,1790.00,,,,,,
9611,2017-12-31T04:35:54Z,-34.12071667,148.24123333,1795.00,,,,,,
9612,2017-12-31T04:35:55Z,-34.12058333,148.24130000,1796.00,,,,,,
9613,2017-12-31T04:35:56Z,-34.12046667,148.24143333,1797.00,,,,,,
9614,2017-12-31T04:35:57Z,-34.12035000,148.24156667,1798.00,,,,,,
9615,2017-12-31T04:35:58Z,-34.12028333,148.24171667,1799.00,,,,,,
9616,2017-12-31T04:35:59Z,-34.12021667,148.24188333,1802.00,,,,,,
9617,2017-12-31T04:36:00Z,-34.12018333,148.24206667,1804.00,,,,,,
9618,2017-12-31T04:36:01Z,-34.12018333,148.24226667,1807.00,,,,,,
9619,2017-12-31T04:36:02Z,-34.12025000,148.24248333,1809.00,,,,,,
9620,2017-12-31T04:36:03Z,-34.12031667,148.24266667,1811.00,,,,,,
9621,2017-12-31T04:36:04Z,-34.12038333,148.24281667,1812.00,,,,,,
9622,2017-12-31T04:36:05Z,-34.12045000,148.24295000,1813.00,,,,,,
9623,2017-12-31T04:36:06Z,-34.12058333,148.24305000,1814.00,,,,,,
9624,2017-12-31T04:36:07Z,-34.12070000,148.24311667,1816.00,,,,,,
9625,2017-12-31T04:36:08Z,-34.12081667,148.24316667,1817.00,,,,,,
9626,2017-12-31T04:36:09Z,-34.12095000,148.24318333,1817.00,,,,,,
9627,2017-12-31T04:36:10Z,-34.12106667,148.24316667,1818.00,,,,,,
9628,2017-12-31T04:36:11Z,-34.12120000,148.24315000,1818.00,,,,,,
9629,2017-12-31T04:36:12Z,-34.12131667,148.24311667,1819.00,,,,,,
9630,2017-12-31T04:36:13Z,-34.12143333,148.24306667,1820.00,,,,,,
9631,2017-12-31T04:36:14Z,-34.12153333,148.24296667,1823.00,,,,,,
9632,2017-12-31T04:36:15Z,-34.12161667,148.24285000,1824.00,,,,,,
9633,2017-12-31T04:36:16Z,-34.12170000,148.24276667,1823.00,,,,,,
9634,2017-12-31T04:36:17Z,-34.12176667,148.24268333,1817.00,,,,,,
9635,2017-12-31T04:36:18Z,-34.12168333,148.24250000,1810.00,,,,,,
9636,2017-12-31T04:36:19Z,-34.12158333,148.24233333,1809.00,,,,,,
9637,2017-12-31T04:36:20Z,-34.12150000,148.24228333,1813.00,,,,,,
9638,2017-12-31T04:36:21Z,-34.12136667,148.24216667,1820.00,,,,,,
9639,2017-12-31T04:36:22Z,-34.12123333,148.24211667,1828.00,,,,,,
9640,2017-12-31T04:36:23Z,-34.12110000,148.24208333,1833.00,,,,,,
9641,2017-12-31T04:36:24Z,-34.12100000,148.24206667,1833.00,,,,,,
9642,2017-12-31T04:36:25Z,-34.12098333,148.24211667,1833.00,,,,,,
9643,2017-12-31T04:36:26Z,-34.12088333,148.24213333,1834.00,,,,,,
9644,2017-12-31T04:36:27Z,-34.12078333,148.24213333,1837.00,,,,,,
9645,2017-12-31T04:36:28Z,-34.12066667,148.24206667,1839.00,,,,,,
9646,2017-12-31T04:36:29Z,-34.12058333,148.24198333,1839.00,,,,,,
9647,2017-12-31T04:36:30Z,-34.12055000,148.24183333,1838.00,,,,,,
9648,2017-12-31T04:36:31Z,-34.12055000,148.24170000,1838.00,,,,,,
9649,2017-12-31T04:36:32Z,-34.12056667,148.24156667,1839.00,,,,,,
9650,2017-12-31T04:36:33Z,-34.12061667,148.24145000,1842.00,,,,,,
9651,2017-12-31T04:36:34Z,-34.12065000,148.24133333,1844.00,,,,,,
9652,2017-12-31T04:36:35Z,-34.12070000,148.24121667,1844.00,,,,,,
9653,2017-12-31T04:36:36Z,-34.12076667,148.24113333,1844.00,,,,,,
9654,2017-12-31T04:36:37Z,-34.12086667,148.24108333,1844.00,,,,,,
9655,2017-12-31T04:36:38Z,-34.12095000,148.24106667,1845.00,,,,,,
9656,2017-12-31T04:36:39Z,-34.12108333,148.24108333,1846.00,,,,,,
9657,2017-12-31T04:36:40Z,-34.12125000,148.24125000,1847.00,,,,,,
9658,2017-12-31T04:36:41Z,-34.12138333,148.24135000,1850.00,,,,,,
9659,2017-12-31T04:36:42Z,-34.12148333,148.24146667,1852.00,,,,,,
9660,2017-12-31T04:36:43Z,-34.12155000,148.24160000,1853.00,,,,,,
9661,2017-12-31T04:36:44Z,-34.12158333,148.24176667,1853.00,,,,,,
9662,2017-12-31T04:36:45Z,-34.12165000,148.24200000,1853.00,,,,,,
9663,2017-12-31T04:36:46Z,-34.12163333,148.24218333,1853.00,,,,,,
9664,2017-12-31T04:36:47Z,-34.12160000,148.24236667,1853.00,,,,,,
9665,2017-12-31T04:36:48Z,-34.12153333,148.24253333,1853.00,,,,,,
9666,2017-12-31T04:36:49Z,-34.12146667,148.24270000,1853.00,,,,,,
9667,2017-12-31T04:36:50Z,-34.12140000,148.24285000,1853.00,,,,,,
9668,2017-12-31T04:36:51Z,-34.12130000,148.24298333,1853.00,,,,,,
9669,2017-12-31T04:36:52Z,-34.12118333,148.24308333,1854.00,,,,,,
9670,2017-12-31T04:36:53Z,-34.12105000,148.24315000,1855.00,,,,,,
9671,2017-12-31T04:36:54Z,-34.12091667,148.24320000,1860.00,,,,,,
9672,2017-12-31T04:36:55Z,-34.12078333,148.24323333,1863.00,,,,,,
9673,2017-12-31T04:36:56Z,-34.12065000,148.24325000,1864.00,,,,,,
9674,2017-12-31T04:36:57Z,-34.12053333,148.24325000,1865.00,,,,,,
9675,2017-12-31T04:36:58Z,-34.12040000,148.24323333,1867.00,,,,,,
9676,2017-12-31T04:36:59Z,-34.12028333,148.24321667,1869.00,,,,,,
9677,2017-12-31T04:37:00Z,-34.12015000,148.24320000,1869.00,,,,,,
9678,2017-12-31T04:37:01Z,-34.12003333,148.24320000,1871.00,,,,,,
9679,2017-12-31T04:37:02Z,-34.11990000,148.24318333,1873.00,,,,,,
9680,2017-12-31T04:37:03Z,-34.11978333,148.24316667,1875.00,,,,,,
9681,2017-12-31T04:37:04Z,-34.11968333,148.24313333,1877.00,,,,,,
9682,2017-12-31T04:37:05Z,-34.11960000,148.24305000,1878.00,,,,,,
9683,2017-12-31T04:37:06Z,-34.11953333,148.24296667,1878.00,,,,,,
9684,2017-12-31T04:37:07Z,-34.11950000,148.24285000,1878.00,,,,,,
9685,2017-12-31T04:37:08Z,-34.11948333,148.24271667,1878.00,,,,,,
9686,2017-12-31T04:37:09Z,-34.11950000,148.24260000,1879.00,,,,,,
9687,2017-12-31T04:37:10Z,-34.11950000,148.24245000,1877.00,,,,,,
9688,2017-12-31T04:37:11Z,-34.11951667,148.24231667,1874.00,,,,,,
9689,2017-12-31T04:37:12Z,-34.11956667,148.24223333,1872.00,,,,,,
9690,2017-12-31T04:37:13Z,-34.11968333,148.24220000,1872.00,,,,,,
9691,2017-12-31T04:37:14Z,-34.11981667,148.24220000,1874.00,,,,,,
9692,2017-12-31T04:37:15Z,-34.12008333,148.24231667,1874.00,,,,,,
9693,2017-12-31T04:37:16Z,-34.12023333,148.24236667,1874.00,,,,,,
9694,2017-12-31T04:37:17Z,-34.12035000,148.24240000,1873.00,,,,,,
9695,2017-12-31T04:37:18Z,-34.12048333,148.24245000,1872.00,,,,,,
9696,2017-12-31T04:37:19Z,-34.12061667,148.24248333,1873.00,,,,,,
9697,2017-12-31T04:37:20Z,-34.12078333,148.24250000,1875.00,,,,,,
9698,2017-12-31T04:37:21Z,-34.12091667,148.24248333,1875.00,,,,,,
9699,2017-12-31T04:37:22Z,-34.12103333,148.24246667,1875.00,,,,,,
9700,2017-12-31T04:37:23Z,-34.12115000,148.24240000,1873.00,,,,,,
9701,2017-12-31T04:37:24Z,-34.12125000,148.24230000,1874.00,,,,,,
9702,2017-12-31T04:37:25Z,-34.12136667,148.24220000,1877.00,,,,,,
9703,2017-12-31T04:37:26Z,-34.12145000,148.24210000,1879.00,,,,,,
9704,2017-12-31T04:37:27Z,-34.12151667,148.24198333,1880.00,,,,,,
9705,2017-12-31T04:37:28Z,-34.12153333,148.24186667,1883.00,,,,,,
9706,2017-12-31T04:37:29Z,-34.12151667,148.24173333,1885.00,,,,,,
9707,2017-12-31T04:37:30Z,-34.12145000,148.24158333,1884.00,,,,,,
9708,2017-12-31T04:37:31Z,-34.12141667,148.24148333,1884.00,,,,,,
9709,2017-12-31T04:37:32Z,-34.12135000,148.24138333,1883.00,,,,,,
9710,2017-12-31T04:37:33Z,-34.12131667,148.24125000,1884.00,,,,,,
9711,2017-12-31T04:37:34Z,-34.12128333,148.24111667,1885.00,,,,,,
9712,2017-12-31T04:37:35Z,-34.12128333,148.24095000,1886.00,,,,,,
9713,2017-12-31T04:37:36Z,-34.12130000,148.24080000,1886.00,,,,,,
9714,2017-12-31T04:37:37Z,-34.12135000,148.24066667,1886.00,,,,,,
9715,2017-12-31T04:37:38Z,-34.12140000,148.24053333,1885.00,,,,,,
9716,2017-12-31T04:37:39Z,-34.12146667,148.24041667,1885.00,,,,,,
9717,2017-12-31T04:37:40Z,-34.12158333,148.24031667,1885.00,,,,,,
9718,2017-12-31T04:37:41Z,-34.12168333,148.24023333,1884.00,,,,,,
9719,2017-12-31T04:37:42Z,-34.12178333,148.24016667,1883.00,,,,,,
9720,2017-12-31T04:37:43Z,-34.12190000,148.24010000,1883.00,,,,,,
9721,2017-12-31T04:37:44Z,-34.12201667,148.24006667,1883.00,,,,,,
9722,2017-12-31T04:37:45Z,-34.12213333,148.24003333,1883.00,,,,,,
9723,2017-12-31T04:37:46Z,-34.12226667,148.24000000,1883.00,,,,,,
9724,2017-12-31T04:37:47Z,-34.12238333,148.23998333,1882.00,,,,,,
9725,2017-12-31T04:37:48Z,-34.12251667,148.23998333,1882.00,,,,,,
9726,2017-12-31T04:37:49Z,-34.12265000,148.24000000,1882.00,,,,,,
9727,2017-12-31T04:37:50Z,-34.12280000,148.24001667,1883.00,,,,,,
9728,2017-12-31T04:37:51Z,-34.12293333,148.24006667,1884.00,,,,,,
9729,2017-12-31T04:37:52Z,-34.12306667,148.24010000,1883.00,,,,,,
9730,2017-12-31T04:37:53Z,-34.12320000,148.24015000,1881.00,,,,,,
9731,2017-12-31T04:37:54Z,-34.12333333,148.24020000,1877.00,,,,,,
9732,2017-12-31T04:37:55Z,-34.12348333,148.24025000,1876.00,,,,,,
9733,2017-12-31T04:37:56Z,-34.12363333,148.24030000,1877.00,,,,,,
9734,2017-12-31T04:37:57Z,-34.12380000,148.24031667,1878.00,,,,,,
9735,2017-12-31T04:37:58Z,-34.12393333,148.24033333,1878.00,,,,,,
9736,2017-12-31T04:37:59Z,-34.12408333,148.24035000,1876.00,,,,,,
9737,2017-12-31T04:38:00Z,-34.12423333,148.24030000,1872.00,,,,,,
9738,2017-12-31T04:38:01Z,-34.12436667,148.24028333,1867.00,,,,,,
9739,2017-12-31T04:38:02Z,-34.12450000,148.24025000,1863.00,,,,,,
9740,2017-12-31T04:38:03Z,-34.12465000,148.24020000,1861.00,,,,,,
9741,2017-12-31T04:38:04Z,-34.12480000,148.24015000,1859.00,,,,,,
9742,2017-12-31T04:38:05Z,-34.12496667,148.24011667,1859.00,,,,,,
9743,2017-12-31T04:38:06Z,-34.12513333,148.24008333,1856.00,,,,,,
9744,2017-12-31T04:38:07Z,-34.12530000,148.24005000,1858.00,,,,,,
9745,2017-12-31T04:38:08Z,-34.12546667,148.24005000,1860.00,,,,,,
9746,2017-12-31T04:38:09Z,-34.12563333,148.24006667,1863.00,,,,,,
9747,2017-12-31T04:38:10Z,-34.12581667,148.24006667,1864.00,,,,,,
9748,2017-12-31T04:38:11Z,-34.12596667,148.24006667,1866.00,,,,,,
9749,2017-12-31T04:38:12Z,-34.12611667,148.24006667,1867.00,,,,,,
9750,2017-12-31T04:38:13Z,-34.12625000,148.24006667,1866.00,,,,,,
9751,2017-12-31T04:38:14Z,-34.12638333,148.24006667,1866.00,,,,,,
9752,2017-12-31T04:38:15Z,-34.12653333,148.24005000,1866.00,,,,,,
9753,2017-12-31T04:38:16Z,-34.12668333,148.24005000,1865.00,,,,,,
9754,2017-12-31T04:38:17Z,-34.12683333,148.24003333,1865.00,,,,,,
9755,2017-12-31T04:38:18Z,-34.12698333,148.24001667,1867.00,,,,,,
9756,2017-12-31T04:38:19Z,-34.12715000,148.24001667,1870.00,,,,,,
9757,2017-12-31T04:38:20Z,-34.12731667,148.24001667,1871.00,,,,,,
9758,2017-12-31T04:38:21Z,-34.12746667,148.24001667,1871.00,,,,,,
9759,2017-12-31T04:38:22Z,-34.12761667,148.24000000,1872.00,,,,,,
9760,2017-12-31T04:38:23Z,-34.12776667,148.24000000,1872.00,,,,,,
9761,2017-12-31T04:38:24Z,-34.12790000,148.23998333,1871.00,,,,,,
9762,2017-12-31T04:38:25Z,-34.12805000,148.23998333,1871.00,,,,,,
9763,2017-12-31T04:38:26Z,-34.12820000,148.23998333,1869.00,,,,,,
9764,2017-12-31T04:38:27Z,-34.12836667,148.23998333,1868.00,,,,,,
9765,2017-12-31T04:38:28Z,-34.12853333,148.23998333,1868.00,,,,,,
9766,2017-12-31T04:38:29Z,-34.12871667,148.24000000,1870.00,,,,,,
9767,2017-12-31T04:38:30Z,-34.12890000,148.24000000,1872.00,,,,,,
9768,2017-12-31T04:38:31Z,-34.12906667,148.24001667,1874.00,,,,,,
9769,2017-12-31T04:38:32Z,-34.12921667,148.24001667,1871.00,,,,,,
9770,2017-12-31T04:38:33Z,-34.12936667,148.24001667,1868.00,,,,,,
9771,2017-12-31T04:38:34Z,-34.12951667,148.24000000,1867.00,,,,,,
9772,2017-12-31T04:38:35Z,-34.12968333,148.23998333,1866.00,,,,,,
9773,2017-12-31T04:38:36Z,-34.12983333,148.23996667,1870.00,,,,,,
9774,2017-12-31T04:38:37Z,-34.12998333,148.23995000,1873.00,,,,,,
9775,2017-12-31T04:38:38Z,-34.13013333,148.23995000,1873.00,,,,,,
9776,2017-12-31T04:38:39Z,-34.13026667,148.23993333,1873.00,,,,,,
9777,2017-12-31T04:38:40Z,-34.13040000,148.23993333,1872.00,,,,,,
9778,2017-12-31T04:38:41Z,-34.13051667,148.23991667,1869.00,,,,,,
9779,2017-12-31T04:38:42Z,-34.13065000,148.23990000,1864.00,,,,,,
9780,2017-12-31T04:38:43Z,-34.13078333,148.23988333,1860.00,,,,,,
9781,2017-12-31T04:38:44Z,-34.13093333,148.23986667,1859.00,,,,,,
9782,2017-12-31T04:38:45Z,-34.13113333,148.23983333,1860.00,,,,,,
9783,2017-12-31T04:38:46Z,-34.13130000,148.23980000,1862.00,,,,,,
9784,2017-12-31T04:38:47Z,-34.13148333,148.23976667,1864.00,,,,,,
9785,2017-12-31T04:38:48Z,-34.13163333,148.23971667,1863.00,,,,,,
9786,2017-12-31T04:38:49Z,-34.13180000,148.23968333,1863.00,,,,,,
9787,2017-12-31T04:38:50Z,-34.13196667,148.23966667,1864.00,,,,,,
9788,2017-12-31T04:38:51Z,-34.13211667,148.23965000,1863.00,,,,,,
9789,2017-12-31T04:38:52Z,-34.13226667,148.23965000,1859.00,,,,,,
9790,2017-12-31T04:38:53Z,-34.13240000,148.23963333,1856.00,,,,,,
9791,2017-12-31T04:38:54Z,-34.13256667,148.23961667,1855.00,,,,,,
9792,2017-12-31T04:38:55Z,-34.13273333,148.23958333,1855.00,,,,,,
9793,2017-12-31T04:38:56Z,-34.13290000,148.23955000,1855.00,,,,,,
9794,2017-12-31T04:38:57Z,-34.13308333,148.23950000,1856.00,,,,,,
9795,2017-12-31T04:38:58Z,-34.13326667,148.23946667,1857.00,,,,,,
9796,2017-12-31T04:38:59Z,-34.13343333,148.23943333,1856.00,,,,,,
9797,2017-12-31T04:39:00Z,-34.13363333,148.23941667,1854.00,,,,,,
9798,2017-12-31T04:39:01Z,-34.13378333,148.23938333,1853.00,,,,,,
9799,2017-12-31T04:39:02Z,-34.13395000,148.23935000,1851.00,,,,,,
9800,2017-12-31T04:39:03Z,-34.13411667,148.23931667,1852.00,,,,,,
9801,2017-12-31T04:39:04Z,-34.13430000,148.23928333,1854.00,,,,,,
9802,2017-12-31T04:39:05Z,-34.13448333,148.23925000,1854.00,,,,,,
9803,2017-12-31T04:39:06Z,-34.13466667,148.23923333,1855.00,,,,,,
9804,2017-12-31T04:39:07Z,-34.13481667,148.23920000,1856.00,,,,,,
9805,2017-12-31T04:39:08Z,-34.13498333,148.23915000,1857.00,,,,,,
9806,2017-12-31T04:39:09Z,-34.13515000,148.23911667,1859.00,,,,,,
9807,2017-12-31T04:39:10Z,-34.13531667,148.23908333,1859.00,,,,,,
9808,2017-12-31T04:39:11Z,-34.13548333,148.23905000,1858.00,,,,,,
9809,2017-12-31T04:39:12Z,-34.13565000,148.23901667,1858.00,,,,,,
9810,2017-12-31T04:39:13Z,-34.13581667,148.23898333,1861.00,,,,,,
9811,2017-12-31T04:39:14Z,-34.13598333,148.23895000,1866.00,,,,,,
9812,2017-12-31T04:39:15Z,-34.13613333,148.23893333,1868.00,,,,,,
9813,2017-12-31T04:39:16Z,-34.13626667,148.23890000,1869.00,,,,,,
9814,2017-12-31T04:39:17Z,-34.13640000,148.23888333,1869.00,,,,,,
9815,2017-12-31T04:39:18Z,-34.13653333,148.23888333,1869.00,,,,,,
9816,2017-12-31T04:39:19Z,-34.13668333,148.23886667,1870.00,,,,,,
9817,2017-12-31T04:39:20Z,-34.13685000,148.23885000,1870.00,,,,,,
9818,2017-12-31T04:39:21Z,-34.13698333,148.23881667,1871.00,,,,,,
9819,2017-12-31T04:39:22Z,-34.13713333,148.23876667,1869.00,,,,,,
9820,2017-12-31T04:39:23Z,-34.13728333,148.23871667,1870.00,,,,,,
9821,2017-12-31T04:39:24Z,-34.13743333,148.23865000,1873.00,,,,,,
9822,2017-12-31T04:39:25Z,-34.13758333,148.23858333,1875.00,,,,,,
9823,2017-12-31T04:39:26Z,-34.13773333,148.23851667,1878.00,,,,,,
9824,2017-12-31T04:39:27Z,-34.13786667,148.23846667,1879.00,,,,,,
9825,2017-12-31T04:39:28Z,-34.13801667,148.23841667,1881.00,,,,,,
9826,2017-12-31T04:39:29Z,-34.13816667,148.23838333,1883.00,,,,,,
9827,2017-12-31T04:39:30Z,-34.13830000,148.23835000,1886.00,,,,,,
9828,2017-12-31T04:39:31Z,-34.13845000,148.23833333,1887.00,,,,,,
9829,2017-12-31T04:39:32Z,-34.13858333,148.23835000,1888.00,,,,,,
9830,2017-12-31T04:39:33Z,-34.13873333,148.23838333,1890.00,,,,,,
9831,2017-12-31T04:39:34Z,-34.13886667,148.23843333,1893.00,,,,,,
9832,2017-12-31T04:39:35Z,-34.13900000,148.23851667,1894.00,,,,,,
9833,2017-12-31T04:39:36Z,-34.13911667,148.23863333,1896.00,,,,,,
9834,2017-12-31T04:39:37Z,-34.13920000,148.23880000,1897.00,,,,,,
9835,2017-12-31T04:39:38Z,-34.13925000,148.23898333,1899.00,,,,,,
9836,2017-12-31T04:39:39Z,-34.13923333,148.23918333,1901.00,,,,,,
9837,2017-12-31T04:39:40Z,-34.13918333,148.23938333,1901.00,,,,,,
9838,2017-12-31T04:39:41Z,-34.13908333,148.23953333,1901.00,,,,,,
9839,2017-12-31T04:39:42Z,-34.13896667,148.23965000,1902.00,,,,,,
9840,2017-12-31T04:39:43Z,-34.13883333,148.23973333,1905.00,,,,,,
9841,2017-12-31T04:39:44Z,-34.13870000,148.23978333,1908.00,,,,,,
9842,2017-12-31T04:39:45Z,-34.13858333,148.23978333,1911.00,,,,,,
9843,2017-12-31T04:39:46Z,-34.13850000,148.23976667,1911.00,,,,,,
9844,2017-12-31T04:39:47Z,-34.13841667,148.23971667,1910.00,,,,,,
9845,2017-12-31T04:39:48Z,-34.13836667,148.23963333,1910.00,,,,,,
9846,2017-12-31T04:39:49Z,-34.13835000,148.23950000,1912.00,,,,,,
9847,2017-12-31T04:39:50Z,-34.13835000,148.23935000,1914.00,,,,,,
9848,2017-12-31T04:39:51Z,-34.13838333,148.23921667,1915.00,,,,,,
9849,2017-12-31T04:39:52Z,-34.13841667,148.23910000,1915.00,,,,,,
9850,2017-12-31T04:39:53Z,-34.13848333,148.23900000,1915.00,,,,,,
9851,2017-12-31T04:39:54Z,-34.13858333,148.23890000,1916.00,,,,,,
9852,2017-12-31T04:39:55Z,-34.13871667,148.23881667,1917.00,,,,,,
9853,2017-12-31T04:39:56Z,-34.13883333,148.23873333,1919.00,,,,,,
9854,2017-12-31T04:39:57Z,-34.13895000,148.23865000,1923.00,,,,,,
9855,2017-12-31T04:39:58Z,-34.13906667,148.23855000,1927.00,,,,,,
9856,2017-12-31T04:39:59Z,-34.13915000,148.23845000,1930.00,,,,,,
9857,2017-12-31T04:40:00Z,-34.13921667,148.23836667,1930.00,,,,,,
9858,2017-12-31T04:40:01Z,-34.13925000,148.23825000,1930.00,,,,,,
9859,2017-12-31T04:40:02Z,-34.13930000,148.23815000,1932.00,,,,,,
9860,2017-12-31T04:40:03Z,-34.13935000,148.23805000,1934.00,,,,,,
9861,2017-12-31T04:40:04Z,-34.13940000,148.23795000,1936.00,,,,,,
9862,2017-12-31T04:40:05Z,-34.13948333,148.23788333,1936.00,,,,,,
9863,2017-12-31T04:40:06Z,-34.13956667,148.23783333,1936.00,,,,,,
9864,2017-12-31T04:40:07Z,-34.13965000,148.23780000,1933.00,,,,,,
9865,2017-12-31T04:40:08Z,-34.13976667,148.23781667,1932.00,,,,,,
9866,2017-12-31T04:40:09Z,-34.13988333,148.23785000,1930.00,,,,,,
9867,2017-12-31T04:40:10Z,-34.14000000,148.23791667,1929.00,,,,,,
9868,2017-12-31T04:40:11Z,-34.14010000,148.23798333,1928.00,,,,,,
9869,2017-12-31T04:40:12Z,-34.14020000,148.23806667,1925.00,,,,,,
9870,2017-12-31T04:40:13Z,-34.14031667,148.23816667,1922.00,,,,,,
9871,2017-12-31T04:40:14Z,-34.14043333,148.23828333,1920.00,,,,,,
9872,2017-12-31T04:40:15Z,-34.14058333,148.23841667,1918.00,,,,,,
9873,2017-12-31T04:40:16Z,-34.14071667,148.23853333,1915.00,,,,,,
9874,2017-12-31T04:40:17Z,-34.14085000,148.23865000,1914.00,,,,,,
9875,2017-12-31T04:40:18Z,-34.14100000,148.23876667,1915.00,,,,,,
9876,2017-12-31T04:40:19Z,-34.14115000,148.23886667,1917.00,,,,,,
9877,2017-12-31T04:40:20Z,-34.14130000,148.23895000,1918.00,,,,,,
9878,2017-12-31T04:40:21Z,-34.14141667,148.23901667,1918.00,,,,,,
9879,2017-12-31T04:40:22Z,-34.14153333,148.23910000,1919.00,,,,,,
9880,2017-12-31T04:40:23Z,-34.14165000,148.23916667,1918.00,,,,,,
9881,2017-12-31T04:40:24Z,-34.14175000,148.23923333,1913.00,,,,,,
9882,2017-12-31T04:40:25Z,-34.14186667,148.23931667,1907.00,,,,,,
9883,2017-12-31T04:40:26Z,-34.14200000,148.23940000,1903.00,,,,,,
9884,2017-12-31T04:40:27Z,-34.14215000,148.23950000,1901.00,,,,,,
9885,2017-12-31T04:40:28Z,-34.14230000,148.23960000,1901.00,,,,,,
9886,2017-12-31T04:40:29Z,-34.14245000,148.23971667,1903.00,,,,,,
9887,2017-12-31T04:40:30Z,-34.14260000,148.23985000,1902.00,,,,,,
9888,2017-12-31T04:40:31Z,-34.14273333,148.23998333,1902.00,,,,,,
9889,2017-12-31T04:40:32Z,-34.14288333,148.24010000,1901.00,,,,,,
9890,2017-12-31T04:40:33Z,-34.14301667,148.24025000,1899.00,,,,,,
9891,2017-12-31T04:40:34Z,-34.14315000,148.24038333,1899.00,,,,,,
9892,2017-12-31T04:40:35Z,-34.14330000,148.24051667,1899.00,,,,,,
9893,2017-12-31T04:40:36Z,-34.14343333,148.24063333,1898.00,,,,,,
9894,2017-12-31T04:40:37Z,-34.14358333,148.24075000,1898.00,,,,,,
9895,2017-12-31T04:40:38Z,-34.14373333,148.24086667,1896.00,,,,,,
9896,2017-12-31T04:40:39Z,-34.14386667,148.24096667,1894.00,,,,,,
9897,2017-12-31T04:40:40Z,-34.14403333,148.24108333,1892.00,,,,,,
9898,2017-12-31T04:40:41Z,-34.14418333,148.24120000,1890.00,,,,,,
9899,2017-12-31T04:40:42Z,-34.14433333,148.24130000,1888.00,,,,,,
9900,2017-12-31T04:40:43Z,-34.14450000,148.24141667,1887.00,,,,,,
9901,2017-12-31T04:40:44Z,-34.14465000,148.24151667,1886.00,,,,,,
9902,2017-12-31T04:40:45Z,-34.14481667,148.24163333,1886.00,,,,,,
9903,2017-12-31T04:40:46Z,-34.14498333,148.24173333,1885.00,,,,,,
9904,2017-12-31T04:40:47Z,-34.14513333,148.24183333,1885.00,,,,,,
9905,2017-12-31T04:40:48Z,-34.14530000,148.24195000,1884.00,,,,,,
9906,2017-12-31T04:40:49Z,-34.14545000,148.24205000,1881.00,,,,,,
9907,2017-12-31T04:40:50Z,-34.14561667,148.24215000,1880.00,,,,,,
9908,2017-12-31T04:40:51Z,-34.14576667,148.24226667,1879.00,,,,,,
9909,2017-12-31T04:40:52Z,-34.14593333,148.24238333,1877.00,,,,,,
9910,2017-12-31T04:40:53Z,-34.14610000,148.24250000,1877.00,,,,,,
9911,2017-12-31T04:40:54Z,-34.14626667,148.24260000,1877.00,,,,,,
9912,2017-12-31T04:40:55Z,-34.14641667,148.24270000,1877.00,,,,,,
9913,2017-12-31T04:40:56Z,-34.14656667,148.24278333,1874.00,,,,,,
9914,2017-12-31T04:40:57Z,-34.14670000,148.24288333,1870.00,,,,,,
9915,2017-12-31T04:40:58Z,-34.14685000,148.24296667,1867.00,,,,,,
9916,2017-12-31T04:40:59Z,-34.14698333,148.24305000,1861.00,,,,,,
9917,2017-12-31T04:41:00Z,-34.14716667,148.24313333,1858.00,,,,,,
9918,2017-12-31T04:41:01Z,-34.14733333,148.24323333,1855.00,,,,,,
9919,2017-12-31T04:41:02Z,-34.14750000,148.24331667,1852.00,,,,,,
9920,2017-12-31T04:41:03Z,-34.14766667,148.24340000,1851.00,,,,,,
9921,2017-12-31T04:41:04Z,-34.14785000,148.24348333,1848.00,,,,,,
9922,2017-12-31T04:41:05Z,-34.14803333,148.24356667,1846.00,,,,,,
9923,2017-12-31T04:41:06Z,-34.14821667,148.24361667,1843.00,,,,,,
9924,2017-12-31T04:41:07Z,-34.14838333,148.24368333,1841.00,,,,,,
9925,2017-12-31T04:41:08Z,-34.14856667,148.24373333,1838.00,,,,,,
9926,2017-12-31T04:41:09Z,-34.14873333,148.24378333,1836.00,,,,,,
9927,2017-12-31T04:41:10Z,-34.14891667,148.24385000,1835.00,,,,,,
9928,2017-12-31T04:41:11Z,-34.14908333,148.24391667,1832.00,,,,,,
9929,2017-12-31T04:41:12Z,-34.14926667,148.24398333,1829.00,,,,,,
9930,2017-12-31T04:41:13Z,-34.14943333,148.24403333,1826.00,,,,,,
9931,2017-12-31T04:41:14Z,-34.14961667,148.24411667,1822.00,,,,,,
9932,2017-12-31T04:41:15Z,-34.14980000,148.24418333,1819.00,,,,,,
9933,2017-12-31T04:41:16Z,-34.14996667,148.24426667,1816.00,,,,,,
9934,2017-12-31T04:41:17Z,-34.15015000,148.24436667,1813.00,,,,,,
9935,2017-12-31T04:41:18Z,-34.15031667,148.24446667,1811.00,,,,,,
9936,2017-12-31T04:41:19Z,-34.15050000,148.24456667,1808.00,,,,,,
9937,2017-12-31T04:41:20Z,-34.15068333,148.24466667,1808.00,,,,,,
9938,2017-12-31T04:41:21Z,-34.15086667,148.24475000,1807.00,,,,,,
9939,2017-12-31T04:41:22Z,-34.15105000,148.24485000,1806.00,,,,,,
9940,2017-12-31T04:41:23Z,-34.15121667,148.24493333,1806.00,,,,,,
9941,2017-12-31T04:41:24Z,-34.15138333,148.24501667,1804.00,,,,,,
9942,2017-12-31T04:41:25Z,-34.15153333,148.24510000,1803.00,,,,,,
9943,2017-12-31T04:41:26Z,-34.15168333,148.24516667,1801.00,,,,,,
9944,2017-12-31T04:41:27Z,-34.15185000,148.24525000,1799.00,,,,,,
9945,2017-12-31T04:41:28Z,-34.15201667,148.24531667,1798.00,,,,,,
9946,2017-12-31T04:41:29Z,-34.15216667,148.24540000,1793.00,,,,,,
9947,2017-12-31T04:41:30Z,-34.15233333,148.24550000,1791.00,,,,,,
9948,2017-12-31T04:41:31Z,-34.15250000,148.24558333,1791.00,,,,,,
9949,2017-12-31T04:41:32Z,-34.15266667,148.24568333,1791.00,,,,,,
9950,2017-12-31T04:41:33Z,-34.15281667,148.24578333,1790.00,,,,,,
9951,2017-12-31T04:41:34Z,-34.15298333,148.24590000,1788.00,,,,,,
9952,2017-12-31T04:41:35Z,-34.15313333,148.24600000,1785.00,,,,,,
9953,2017-12-31T04:41:36Z,-34.15330000,148.24610000,1783.00,,,,,,
9954,2017-12-31T04:41:37Z,-34.15346667,148.24621667,1782.00,,,,,,
9955,2017-12-31T04:41:38Z,-34.15363333,148.24631667,1782.00,,,,,,
9956,2017-12-31T04:41:39Z,-34.15381667,148.24643333,1781.00,,,,,,
9957,2017-12-31T04:41:40Z,-34.15398333,148.24655000,1780.00,,,,,,
9958,2017-12-31T04:41:41Z,-34.15415000,148.24666667,1777.00,,,,,,
9959,2017-12-31T04:41:42Z,-34.15430000,148.24678333,1774.00,,,,,,
9960,2017-12-31T04:41:43Z,-34.15446667,148.24691667,1772.00,,,,,,
9961,2017-12-31T04:41:44Z,-34.15463333,148.24703333,1769.00,,,,,,
9962,2017-12-31T04:41:45Z,-34.15478333,148.24718333,1767.00,,,,,,
9963,2017-12-31T04:41:46Z,-34.15495000,148.24730000,1765.00,,,,,,
9964,2017-12-31T04:41:47Z,-34.15511667,148.24743333,1763.00,,,,,,
9965,2017-12-31T04:41:48Z,-34.15526667,148.24755000,1761.00,,,,,,
9966,2017-12-31T04:41:49Z,-34.15543333,148.24766667,1759.00,,,,,,
9967,2017-12-31T04:41:50Z,-34.15558333,148.24778333,1756.00,,,,,,
9968,2017-12-31T04:41:51Z,-34.15575000,148.24788333,1753.00,,,,,,
9969,2017-12-31T04:41:52Z,-34.15590000,148.24798333,1750.00,,,,,,
9970,2017-12-31T04:41:53Z,-34.15606667,148.24808333,1743.00,,,,,,
9971,2017-12-31T04:41:54Z,-34.15621667,148.24820000,1735.00,,,,,,
9972,2017-12-31T04:41:55Z,-34.15640000,148.24831667,1734.00,,,,,,
9973,2017-12-31T04:41:56Z,-34.15658333,148.24845000,1734.00,,,,,,
9974,2017-12-31T04:41:57Z,-34.15675000,148.24856667,1733.00,,,,,,
9975,2017-12-31T04:41:58Z,-34.15693333,148.24868333,1732.00,,,,,,
9976,2017-12-31T04:41:59Z,-34.15710000,148.24876667,1731.00,,,,,,
9977,2017-12-31T04:42:00Z,-34.15725000,148.24886667,1729.00,,,,,,
9978,2017-12-31T04:42:01Z,-34.15740000,148.24895000,1727.00,,,,,,
9979,2017-12-31T04:42:02Z,-34.15756667,148.24903333,1724.00,,,,,,
9980,2017-12-31T04:42:03Z,-34.15773333,148.24913333,1721.00,,,,,,
9981,2017-12-31T04:42:04Z,-34.15790000,148.24923333,1719.00,,,,,,
9982,2017-12-31T04:42:05Z,-34.15805000,148.24933333,1717.00,,,,,,
9983,2017-12-31T04:42:06Z,-34.15821667,148.24945000,1717.00,,,,,,
9984,2017-12-31T04:42:07Z,-34.15836667,148.24956667,1717.00,,,,,,
9985,2017-12-31T04:42:08Z,-34.15851667,148.24970000,1715.00,,,,,,
9986,2017-12-31T04:42:09Z,-34.15866667,148.24981667,1711.00,,,,,,
9987,2017-12-31T04:42:10Z,-34.15881667,148.24991667,1707.00,,,,,,
9988,2017-12-31T04:42:11Z,-34.15896667,148.25003333,1704.00,,,,,,
9989,2017-12-31T04:42:12Z,-34.15913333,148.25015000,1702.00,,,,,,
9990,2017-12-31T04:42:13Z,-34.15930000,148.25026667,1700.00,,,,,,
9991,2017-12-31T04:42:14Z,-34.15945000,148.25040000,1701.00,,,,,,
9992,2017-12-31T04:42:15Z,-34.15960000,148.25051667,1701.00,,,,,,
9993,2017-12-31T04:42:16Z,-34.15975000,148.25061667,1700.00,,,,,,
9994,2017-12-31T04:42:17Z,-34.15988333,148.25073333,1697.00,,,,,,
9995,2017-12-31T04:42:18Z,-34.16003333,148.25085000,1696.00,,,,,,
9996,2017-12-31T04:42:19Z,-34.16016667,148.25096667,1696.00,,,,,,
9997,2017-12-31T04:42:20Z,-34.16031667,148.25110000,1695.00,,,,,,
9998,2017-12-31T04:42:21Z,-34.16046667,148.25123333,1695.00,,,,,,
9999,2017-12-31T04:42:22Z,-34.16061667,148.25138333,1694.00,,,,,,
10000,2017-12-31T04:42:23Z,-34.16076667,148.25151667,1694.00,,,,,,
10001,2017-12-31T04:42:24Z,-34.16091667,148.25166667,1695.00,,,,,,
10002,2017-12-31T04:42:25Z,-34.16106667,148.25180000,1697.00,,,,,,
10003,2017-12-31T04:42:26Z,-34.16121667,148.25191667,1697.00,,,,,,
10004,2017-12-31T04:42:27Z,-34.16136667,148.25205000,1698.00,,,,,,
10005,2017-12-31T04:42:28Z,-34.16150000,148.25216667,1696.00,,,,,,
10006,2017-12-31T04:42:29Z,-34.16165000,148.25228333,1693.00,,,,,,
10007,2017-12-31T04:42:30Z,-34.16181667,148.25238333,1692.00,,,,,,
10008,2017-12-31T04:42:31Z,-34.16196667,148.25248333,1691.00,,,,,,
10009,2017-12-31T04:42:32Z,-34.16213333,148.25258333,1691.00,,,,,,
10010,2017-12-31T04:42:33Z,-34.16230000,148.25268333,1690.00,,,,,,
10011,2017-12-31T04:42:34Z,-34.16246667,148.25278333,1685.00,,,,,,
10012,2017-12-31T04:42:35Z,-34.16263333,148.25288333,1683.00,,,,,,
10013,2017-12-31T04:42:36Z,-34.16281667,148.25298333,1684.00,,,,,,
10014,2017-12-31T04:42:37Z,-34.16300000,148.25308333,1678.00,,,,,,
10015,2017-12-31T04:42:38Z,-34.16316667,148.25318333,1675.00,,,,,,
10016,2017-12-31T04:42:39Z,-34.16333333,148.25328333,1673.00,,,,,,
10017,2017-12-31T04:42:40Z,-34.16350000,148.25343333,1673.00,,,,,,
10018,2017-12-31T04:42:41Z,-34.16366667,148.25358333,1673.00,,,,,,
10019,2017-12-31T04:42:42Z,-34.16381667,148.25375000,1671.00,,,,,,
10020,2017-12-31T04:42:43Z,-34.16396667,148.25390000,1668.00,,,,,,
10021,2017-12-31T04:42:44Z,-34.16411667,148.25405000,1666.00,,,,,,
10022,2017-12-31T04:42:45Z,-34.16425000,148.25418333,1666.00,,,,,,
10023,2017-12-31T04:42:46Z,-34.16440000,148.25430000,1665.00,,,,,,
10024,2017-12-31T04:42:47Z,-34.16455000,148.25441667,1660.00,,,,,,
10025,2017-12-31T04:42:48Z,-34.16470000,148.25451667,1656.00,,,,,,
10026,2017-12-31T04:42:49Z,-34.16486667,148.25463333,1651.00,,,,,,
10027,2017-12-31T04:42:50Z,-34.16501667,148.25475000,1650.00,,,,,,
10028,2017-12-31T04:42:51Z,-34.16520000,148.25486667,1650.00,,,,,,
10029,2017-12-31T04:42:52Z,-34.16536667,148.25498333,1648.00,,,,,,
10030,2017-12-31T04:42:53Z,-34.16553333,148.25510000,1646.00,,,,,,
10031,2017-12-31T04:42:54Z,-34.16570000,148.25523333,1648.00,,,,,,
10032,2017-12-31T04:42:55Z,-34.16586667,148.25535000,1649.00,,,,,,
10033,2017-12-31T04:42:56Z,-34.16601667,148.25546667,1651.00,,,,,,
10034,2017-12-31T04:42:57Z,-34.16616667,148.25560000,1651.00,,,,,,
10035,2017-12-31T04:42:58Z,-34.16631667,148.25573333,1652.00,,,,,,
10036,2017-12-31T04:42:59Z,-34.16646667,148.25588333,1653.00,,,,,,
10037,2017-12-31T04:43:00Z,-34.16661667,148.25601667,1652.00,,,,,,
10038,2017-12-31T04:43:01Z,-34.16676667,148.25613333,1652.00,,,,,,
10039,2017-12-31T04:43:02Z,-34.16693333,148.25625000,1653.00,,,,,,
10040,2017-12-31T04:43:03Z,-34.16710000,148.25636667,1656.00,,,,,,
10041,2017-12-31T04:43:04Z,-34.16725000,148.25646667,1658.00,,,,,,
10042,2017-12-31T04:43:05Z,-34.16738333,148.25656667,1658.00,,,,,,
10043,2017-12-31T04:43:06Z,-34.16753333,148.25665000,1656.00,,,,,,
10044,2017-12-31T04:43:07Z,-34.16768333,148.25671667,1654.00,,,,,,
10045,2017-12-31T04:43:08Z,-34.16785000,148.25680000,1652.00,,,,,,
10046,2017-12-31T04:43:09Z,-34.16801667,148.25688333,1648.00,,,,,,
10047,2017-12-31T04:43:10Z,-34.16818333,148.25698333,1645.00,,,,,,
10048,2017-12-31T04:43:11Z,-34.16835000,148.25706667,1644.00,,,,,,
10049,2017-12-31T04:43:12Z,-34.16851667,148.25718333,1644.00,,,,,,
10050,2017-12-31T04:43:13Z,-34.16870000,148.25728333,1645.00,,,,,,
10051,2017-12-31T04:43:14Z,-34.16886667,148.25740000,1644.00,,,,,,
10052,2017-12-31T04:43:15Z,-34.16905000,148.25751667,1642.00,,,,,,
10053,2017-12-31T04:43:16Z,-34.16920000,148.25765000,1640.00,,,,,,
10054,2017-12-31T04:43:17Z,-34.16938333,148.25776667,1638.00,,,,,,
10055,2017-12-31T04:43:18Z,-34.16955000,148.25788333,1637.00,,,,,,
10056,2017-12-31T04:43:19Z,-34.16971667,148.25801667,1636.00,,,,,,
10057,2017-12-31T04:43:20Z,-34.16988333,148.25815000,1634.00,,,,,,
10058,2017-12-31T04:43:21Z,-34.17005000,148.25828333,1633.00,,,,,,
10059,2017-12-31T04:43:22Z,-34.17023333,148.25841667,1631.00,,,,,,
10060,2017-12-31T04:43:23Z,-34.17040000,148.25855000,1626.00,,,,,,
10061,2017-12-31T04:43:24Z,-34.17058333,148.25868333,1621.00,,,,,,
10062,2017-12-31T04:43:25Z,-34.17078333,148.25883333,1619.00,,,,,,
10063,2017-12-31T04:43:26Z,-34.17096667,148.25898333,1618.00,,,,,,
10064,2017-12-31T04:43:27Z,-34.17116667,148.25915000,1616.00,,,,,,
10065,2017-12-31T04:43:28Z,-34.17135000,148.25931667,1616.00,,,,,,
10066,2017-12-31T04:43:29Z,-34.17153333,148.25948333,1616.00,,,,,,
10067,2017-12-31T04:43:30Z,-34.17170000,148.25963333,1616.00,,,,,,
10068,2017-12-31T04:43:31Z,-34.17188333,148.25980000,1613.00,,,,,,
10069,2017-12-31T04:43:32Z,-34.17205000,148.25993333,1609.00,,,,,,
10070,2017-12-31T04:43:33Z,-34.17221667,148.26008333,1608.00,,,,,,
10071,2017-12-31T04:43:34Z,-34.17240000,148.26021667,1606.00,,,,,,
10072,2017-12-31T04:43:35Z,-34.17256667,148.26035000,1604.00,,,,,,
10073,2017-12-31T04:43:36Z,-34.17273333,148.26048333,1601.00,,,,,,
10074,2017-12-31T04:43:37Z,-34.17291667,148.26061667,1598.00,,,,,,
10075,2017-12-31T04:43:38Z,-34.17308333,148.26076667,1596.00,,,,,,
10076,2017-12-31T04:43:39Z,-34.17325000,148.26091667,1592.00,,,,,,
10077,2017-12-31T04:43:40Z,-34.17343333,148.26108333,1589.00,,,,,,
10078,2017-12-31T04:43:41Z,-34.17360000,148.26123333,1587.00,,,,,,
10079,2017-12-31T04:43:42Z,-34.17376667,148.26138333,1586.00,,,,,,
10080,2017-12-31T04:43:43Z,-34.17395000,148.26153333,1583.00,,,,,,
10081,2017-12-31T04:43:44Z,-34.17410000,148.26168333,1582.00,,,,,,
10082,2017-12-31T04:43:45Z,-34.17426667,148.26185000,1582.00,,,,,,
10083,2017-12-31T04:43:46Z,-34.17441667,148.26201667,1580.00,,,,,,
10084,2017-12-31T04:43:47Z,-34.17456667,148.26216667,1578.00,,,,,,
10085,2017-12-31T04:43:48Z,-34.17471667,148.26231667,1576.00,,,,,,
10086,2017-12-31T04:43:49Z,-34.17488333,148.26246667,1571.00,,,,,,
10087,2017-12-31T04:43:50Z,-34.17505000,148.26260000,1567.00,,,,,,
10088,2017-12-31T04:43:51Z,-34.17523333,148.26271667,1563.00,,,,,,
10089,2017-12-31T04:43:52Z,-34.17541667,148.26285000,1560.00,,,,,,
10090,2017-12-31T04:43:53Z,-34.17560000,148.26295000,1559.00,,,,,,
10091,2017-12-31T04:43:54Z,-34.17578333,148.26305000,1557.00,,,,,,
10092,2017-12-31T04:43:55Z,-34.17596667,148.26313333,1556.00,,,,,,
10093,2017-12-31T04:43:56Z,-34.17615000,148.26321667,1555.00,,,,,,
10094,2017-12-31T04:43:57Z,-34.17635000,148.26330000,1555.00,,,,,,
10095,2017-12-31T04:43:58Z,-34.17653333,148.26336667,1554.00,,,,,,
10096,2017-12-31T04:43:59Z,-34.17671667,148.26345000,1547.00,,,,,,
10097,2017-12-31T04:44:00Z,-34.17690000,148.26351667,1545.00,,,,,,
10098,2017-12-31T04:44:01Z,-34.17710000,148.26360000,1540.00,,,,,,
10099,2017-12-31T04:44:02Z,-34.17728333,148.26370000,1539.00,,,,,,
10100,2017-12-31T04:44:03Z,-34.17748333,148.26380000,1536.00,,,,,,
10101,2017-12-31T04:44:04Z,-34.17766667,148.26390000,1535.00,,,,,,
10102,2017-12-31T04:44:05Z,-34.17785000,148.26400000,1534.00,,,,,,
10103,2017-12-31T04:44:06Z,-34.17803333,148.26411667,1532.00,,,,,,
10104,2017-12-31T04:44:07Z,-34.17821667,148.26423333,1529.00,,,,,,
10105,2017-12-31T04:44:08Z,-34.17840000,148.26435000,1526.00,,,,,,
10106,2017-12-31T04:44:09Z,-34.17856667,148.26448333,1525.00,,,,,,
10107,2017-12-31T04:44:10Z,-34.17875000,148.26461667,1524.00,,,,,,
10108,2017-12-31T04:44:11Z,-34.17891667,148.26473333,1523.00,,,,,,
10109,2017-12-31T04:44:12Z,-34.17906667,148.26485000,1522.00,,,,,,
10110,2017-12-31T04:44:13Z,-34.17923333,148.26496667,1519.00,,,,,,
10111,2017-12-31T04:44:14Z,-34.17938333,148.26508333,1516.00,,,,,,
10112,2017-12-31T04:44:15Z,-34.17953333,148.26520000,1514.00,,,,,,
10113,2017-12-31T04:44:16Z,-34.17968333,148.26531667,1508.00,,,,,,
10114,2017-12-31T04:44:17Z,-34.17983333,148.26543333,1503.00,,,,,,
10115,2017-12-31T04:44:18Z,-34.18001667,148.26556667,1500.00,,,,,,
10116,2017-12-31T04:44:19Z,-34.18018333,148.26568333,1500.00,,,,,,
10117,2017-12-31T04:44:20Z,-34.18035000,148.26581667,1500.00,,,,,,
10118,2017-12-31T04:44:21Z,-34.18050000,148.26593333,1498.00,,,,,,
10119,2017-12-31T04:44:22Z,-34.18066667,148.26606667,1496.00,,,,,,
10120,2017-12-31T04:44:23Z,-34.18081667,148.26618333,1492.00,,,,,,
10121,2017-12-31T04:44:24Z,-34.18096667,148.26630000,1488.00,,,,,,
10122,2017-12-31T04:44:25Z,-34.18111667,148.26643333,1486.00,,,,,,
10123,2017-12-31T04:44:26Z,-34.18128333,148.26655000,1484.00,,,,,,
10124,2017-12-31T04:44:27Z,-34.18143333,148.26668333,1480.00,,,,,,
10125,2017-12-31T04:44:28Z,-34.18160000,148.26678333,1477.00,,,,,,
10126,2017-12-31T04:44:29Z,-34.18176667,148.26690000,1475.00,,,,,,
10127,2017-12-31T04:44:30Z,-34.18191667,148.26701667,1472.00,,,,,,
10128,2017-12-31T04:44:31Z,-34.18208333,148.26713333,1469.00,,,,,,
10129,2017-12-31T04:44:32Z,-34.18225000,148.26723333,1467.00,,,,,,
10130,2017-12-31T04:44:33Z,-34.18240000,148.26735000,1465.00,,,,,,
10131,2017-12-31T04:44:34Z,-34.18256667,148.26746667,1462.00,,,,,,
10132,2017-12-31T04:44:35Z,-34.18270000,148.26756667,1459.00,,,,,,
10133,2017-12-31T04:44:36Z,-34.18286667,148.26766667,1455.00,,,,,,
10134,2017-12-31T04:44:37Z,-34.18303333,148.26776667,1451.00,,,,,,
10135,2017-12-31T04:44:38Z,-34.18320000,148.26785000,1448.00,,,,,,
10136,2017-12-31T04:44:39Z,-34.18338333,148.26793333,1443.00,,,,,,
10137,2017-12-31T04:44:40Z,-34.18355000,148.26803333,1441.00,,,,,,
10138,2017-12-31T04:44:41Z,-34.18373333,148.26811667,1438.00,,,,,,
10139,2017-12-31T04:44:42Z,-34.18391667,148.26820000,1434.00,,,,,,
10140,2017-12-31T04:44:43Z,-34.18410000,148.26826667,1432.00,,,,,,
10141,2017-12-31T04:44:44Z,-34.18426667,148.26835000,1428.00,,,,,,
10142,2017-12-31T04:44:45Z,-34.18443333,148.26843333,1425.00,,,,,,
10143,2017-12-31T04:44:46Z,-34.18460000,148.26853333,1418.00,,,,,,
10144,2017-12-31T04:44:47Z,-34.18476667,148.26861667,1417.00,,,,,,
10145,2017-12-31T04:44:48Z,-34.18495000,148.26871667,1418.00,,,,,,
10146,2017-12-31T04:44:49Z,-34.18513333,148.26883333,1419.00,,,,,,
10147,2017-12-31T04:44:50Z,-34.18530000,148.26893333,1420.00,,,,,,
10148,2017-12-31T04:44:51Z,-34.18546667,148.26903333,1415.00,,,,,,
10149,2017-12-31T04:44:52Z,-34.18563333,148.26913333,1413.00,,,,,,
10150,2017-12-31T04:44:53Z,-34.18580000,148.26921667,1413.00,,,,,,
10151,2017-12-31T04:44:54Z,-34.18596667,148.26930000,1411.00,,,,,,
10152,2017-12-31T04:44:55Z,-34.18611667,148.26936667,1410.00,,,,,,
10153,2017-12-31T04:44:56Z,-34.18628333,148.26945000,1410.00,,,,,,
10154,2017-12-31T04:44:57Z,-34.18645000,148.26953333,1407.00,,,,,,
10155,2017-12-31T04:44:58Z,-34.18660000,148.26963333,1404.00,,,,,,
10156,2017-12-31T04:44:59Z,-34.18676667,148.26973333,1400.00,,,,,,
10157,2017-12-31T04:45:00Z,-34.18693333,148.26985000,1398.00,,,,,,
10158,2017-12-31T04:45:01Z,-34.18711667,148.26995000,1398.00,,,,,,
10159,2017-12-31T04:45:02Z,-34.18731667,148.27005000,1397.00,,,,,,
10160,2017-12-31T04:45:03Z,-34.18750000,148.27015000,1394.00,,,,,,
10161,2017-12-31T04:45:04Z,-34.18770000,148.27023333,1395.00,,,,,,
10162,2017-12-31T04:45:05Z,-34.18786667,148.27030000,1396.00,,,,,,
10163,2017-12-31T04:45:06Z,-34.18806667,148.27038333,1396.00,,,,,,
10164,2017-12-31T04:45:07Z,-34.18825000,148.27046667,1393.00,,,,,,
10165,2017-12-31T04:45:08Z,-34.18843333,148.27053333,1390.00,,,,,,
10166,2017-12-31T04:45:09Z,-34.18860000,148.27060000,1389.00,,,,,,
10167,2017-12-31T04:45:10Z,-34.18878333,148.27068333,1388.00,,,,,,
10168,2017-12-31T04:45:11Z,-34.18896667,148.27075000,1385.00,,,,,,
10169,2017-12-31T04:45:12Z,-34.18913333,148.27083333,1380.00,,,,,,
10170,2017-12-31T04:45:13Z,-34.18931667,148.27090000,1376.00,,,,,,
10171,2017-12-31T04:45:14Z,-34.18948333,148.27098333,1374.00,,,,,,
10172,2017-12-31T04:45:15Z,-34.18966667,148.27106667,1370.00,,,,,,
10173,2017-12-31T04:45:16Z,-34.18985000,148.27113333,1366.00,,,,,,
10174,2017-12-31T04:45:17Z,-34.19001667,148.27121667,1361.00,,,,,,
10175,2017-12-31T04:45:18Z,-34.19018333,148.27128333,1357.00,,,,,,
10176,2017-12-31T04:45:19Z,-34.19036667,148.27136667,1354.00,,,,,,
10177,2017-12-31T04:45:20Z,-34.19055000,148.27146667,1351.00,,,,,,
10178,2017-12-31T04:45:21Z,-34.19071667,148.27158333,1346.00,,,,,,
10179,2017-12-31T04:45:22Z,-34.19090000,148.27168333,1342.00,,,,,,
10180,2017-12-31T04:45:23Z,-34.19108333,148.27180000,1339.00,,,,,,
10181,2017-12-31T04:45:24Z,-34.19128333,148.27191667,1336.00,,,,,,
10182,2017-12-31T04:45:25Z,-34.19146667,148.27203333,1333.00,,,,,,
10183,2017-12-31T04:45:26Z,-34.19166667,148.27215000,1328.00,,,,,,
10184,2017-12-31T04:45:27Z,-34.19185000,148.27225000,1322.00,,,,,,
10185,2017-12-31T04:45:28Z,-34.19206667,148.27235000,1318.00,,,,,,
10186,2017-12-31T04:45:29Z,-34.19228333,148.27245000,1317.00,,,,,,
10187,2017-12-31T04:45:30Z,-34.19246667,148.27251667,1318.00,,,,,,
10188,2017-12-31T04:45:31Z,-34.19268333,148.27260000,1318.00,,,,,,
10189,2017-12-31T04:45:32Z,-34.19288333,148.27270000,1316.00,,,,,,
10190,2017-12-31T04:45:33Z,-34.19306667,148.27278333,1315.00,,,,,,
10191,2017-12-31T04:45:34Z,-34.19323333,148.27288333,1314.00,,,,,,
10192,2017-12-31T04:45:35Z,-34.19341667,148.27298333,1313.00,,,,,,
10193,2017-12-31T04:45:36Z,-34.19356667,148.27308333,1309.00,,,,,,
10194,2017-12-31T04:45:37Z,-34.19373333,148.27320000,1305.00,,,,,,
10195,2017-12-31T04:45:38Z,-34.19390000,148.27331667,1299.00,,,,,,
10196,2017-12-31T04:45:39Z,-34.19408333,148.27341667,1297.00,,,,,,
10197,2017-12-31T04:45:40Z,-34.19426667,148.27353333,1295.00,,,,,,
10198,2017-12-31T04:45:41Z,-34.19445000,148.27365000,1291.00,,,,,,
10199,2017-12-31T04:45:42Z,-34.19463333,148.27376667,1287.00,,,,,,
10200,2017-12-31T04:45:43Z,-34.19481667,148.27388333,1286.00,,,,,,
10201,2017-12-31T04:45:44Z,-34.19498333,148.27401667,1286.00,,,,,,
10202,2017-12-31T04:45:45Z,-34.19516667,148.27411667,1285.00,,,,,,
10203,2017-12-31T04:45:46Z,-34.19533333,148.27421667,1282.00,,,,,,
10204,2017-12-31T04:45:47Z,-34.19550000,148.27431667,1280.00,,,,,,
10205,2017-12-31T04:45:48Z,-34.19566667,148.27440000,1278.00,,,,,,
10206,2017-12-31T04:45:49Z,-34.19581667,148.27448333,1274.00,,,,,,
10207,2017-12-31T04:45:50Z,-34.19598333,148.27456667,1271.00,,,,,,
10208,2017-12-31T04:45:51Z,-34.19615000,148.27465000,1268.00,,,,,,
10209,2017-12-31T04:45:52Z,-34.19631667,148.27471667,1264.00,,,,,,
10210,2017-12-31T04:45:53Z,-34.19650000,148.27478333,1260.00,,,,,,
10211,2017-12-31T04:45:54Z,-34.19668333,148.27483333,1256.00,,,,,,
10212,2017-12-31T04:45:55Z,-34.19686667,148.27488333,1252.00,,,,,,
10213,2017-12-31T04:45:56Z,-34.19705000,148.27493333,1248.00,,,,,,
10214,2017-12-31T04:45:57Z,-34.19725000,148.27498333,1244.00,,,,,,
10215,2017-12-31T04:45:58Z,-34.19743333,148.27501667,1241.00,,,,,,
10216,2017-12-31T04:45:59Z,-34.19763333,148.27506667,1240.00,,,,,,
10217,2017-12-31T04:46:00Z,-34.19783333,148.27511667,1239.00,,,,,,
10218,2017-12-31T04:46:01Z,-34.19801667,148.27515000,1237.00,,,,,,
10219,2017-12-31T04:46:02Z,-34.19821667,148.27520000,1232.00,,,,,,
10220,2017-12-31T04:46:03Z,-34.19840000,148.27525000,1228.00,,,,,,
10221,2017-12-31T04:46:04Z,-34.19860000,148.27530000,1227.00,,,,,,
10222,2017-12-31T04:46:05Z,-34.19880000,148.27536667,1227.00,,,,,,
10223,2017-12-31T04:46:06Z,-34.19900000,148.27541667,1227.00,,,,,,
10224,2017-12-31T04:46:07Z,-34.19918333,148.27548333,1225.00,,,,,,
10225,2017-12-31T04:46:08Z,-34.19938333,148.27553333,1222.00,,,,,,
10226,2017-12-31T04:46:09Z,-34.19956667,148.27558333,1222.00,,,,,,
10227,2017-12-31T04:46:10Z,-34.19975000,148.27565000,1223.00,,,,,,
10228,2017-12-31T04:46:11Z,-34.19995000,148.27573333,1224.00,,,,,,
10229,2017-12-31T04:46:12Z,-34.20015000,148.27581667,1226.00,,,,,,
10230,2017-12-31T04:46:13Z,-34.20033333,148.27591667,1225.00,,,,,,
10231,2017-12-31T04:46:14Z,-34.20051667,148.27601667,1224.00,,,,,,
10232,2017-12-31T04:46:15Z,-34.20066667,148.27611667,1225.00,,,,,,
10233,2017-12-31T04:46:16Z,-34.20081667,148.27623333,1226.00,,,,,,
10234,2017-12-31T04:46:17Z,-34.20098333,148.27633333,1225.00,,,,,,
10235,2017-12-31T04:46:18Z,-34.20113333,148.27645000,1224.00,,,,,,
10236,2017-12-31T04:46:19Z,-34.20128333,148.27656667,1220.00,,,,,,
10237,2017-12-31T04:46:20Z,-34.20143333,148.27666667,1219.00,,,,,,
10238,2017-12-31T04:46:21Z,-34.20158333,148.27678333,1220.00,,,,,,
10239,2017-12-31T04:46:22Z,-34.20175000,148.27690000,1221.00,,,,,,
10240,2017-12-31T04:46:23Z,-34.20191667,148.27698333,1223.00,,,,,,
10241,2017-12-31T04:46:24Z,-34.20206667,148.27708333,1223.00,,,,,,
10242,2017-12-31T04:46:25Z,-34.20221667,148.27715000,1222.00,,,,,,
10243,2017-12-31T04:46:26Z,-34.20238333,148.27721667,1220.00,,,,,,
10244,2017-12-31T04:46:27Z,-34.20255000,148.27728333,1217.00,,,,,,
10245,2017-12-31T04:46:28Z,-34.20271667,148.27733333,1214.00,,,,,,
10246,2017-12-31T04:46:29Z,-34.20288333,148.27738333,1211.00,,,,,,
10247,2017-12-31T04:46:30Z,-34.20306667,148.27743333,1210.00,,,,,,
10248,2017-12-31T04:46:31Z,-34.20325000,148.27750000,1209.00,,,,,,
10249,2017-12-31T04:46:32Z,-34.20343333,148.27755000,1207.00,,,,,,
10250,2017-12-31T04:46:33Z,-34.20361667,148.27760000,1205.00,,,,,,
10251,2017-12-31T04:46:34Z,-34.20381667,148.27765000,1207.00,,,,,,
10252,2017-12-31T04:46:35Z,-34.20398333,148.27766667,1209.00,,,,,,
10253,2017-12-31T04:46:36Z,-34.20416667,148.27768333,1209.00,,,,,,
10254,2017-12-31T04:46:37Z,-34.20435000,148.27770000,1206.00,,,,,,
10255,2017-12-31T04:46:38Z,-34.20451667,148.27771667,1203.00,,,,,,
10256,2017-12-31T04:46:39Z,-34.20466667,148.27771667,1199.00,,,,,,
10257,2017-12-31T04:46:40Z,-34.20481667,148.27773333,1197.00,,,,,,
10258,2017-12-31T04:46:41Z,-34.20500000,148.27775000,1196.00,,,,,,
10259,2017-12-31T04:46:42Z,-34.20516667,148.27775000,1195.00,,,,,,
10260,2017-12-31T04:46:43Z,-34.20533333,148.27776667,1192.00,,,,,,
10261,2017-12-31T04:46:44Z,-34.20550000,148.27780000,1190.00,,,,,,
10262,2017-12-31T04:46:45Z,-34.20566667,148.27783333,1190.00,,,,,,
10263,2017-12-31T04:46:46Z,-34.20583333,148.27786667,1188.00,,,,,,
10264,2017-12-31T04:46:47Z,-34.20601667,148.27790000,1186.00,,,,,,
10265,2017-12-31T04:46:48Z,-34.20620000,148.27793333,1185.00,,,,,,
10266,2017-12-31T04:46:49Z,-34.20636667,148.27796667,1183.00,,,,,,
10267,2017-12-31T04:46:50Z,-34.20655000,148.27800000,1181.00,,,,,,
10268,2017-12-31T04:46:51Z,-34.20673333,148.27801667,1179.00,,,,,,
10269,2017-12-31T04:46:52Z,-34.20693333,148.27801667,1180.00,,,,,,
10270,2017-12-31T04:46:53Z,-34.20711667,148.27803333,1181.00,,,,,,
10271,2017-12-31T04:46:54Z,-34.20730000,148.27803333,1178.00,,,,,,
10272,2017-12-31T04:46:55Z,-34.20750000,148.27806667,1176.00,,,,,,
10273,2017-12-31T04:46:56Z,-34.20768333,148.27808333,1174.00,,,,,,
10274,2017-12-31T04:46:57Z,-34.20788333,148.27810000,1175.00,,,,,,
10275,2017-12-31T04:46:58Z,-34.20808333,148.27810000,1177.00,,,,,,
10276,2017-12-31T04:46:59Z,-34.20828333,148.27810000,1177.00,,,,,,
10277,2017-12-31T04:47:00Z,-34.20846667,148.27810000,1175.00,,,,,,
10278,2017-12-31T04:47:01Z,-34.20865000,148.27810000,1174.00,,,,,,
10279,2017-12-31T04:47:02Z,-34.20881667,148.27811667,1175.00,,,,,,
10280,2017-12-31T04:47:03Z,-34.20900000,148.27815000,1177.00,,,,,,
10281,2017-12-31T04:47:04Z,-34.20920000,148.27818333,1180.00,,,,,,
10282,2017-12-31T04:47:05Z,-34.20938333,148.27821667,1183.00,,,,,,
10283,2017-12-31T04:47:06Z,-34.20956667,148.27821667,1185.00,,,,,,
10284,2017-12-31T04:47:07Z,-34.20973333,148.27820000,1186.00,,,,,,
10285,2017-12-31T04:47:08Z,-34.20988333,148.27816667,1186.00,,,,,,
10286,2017-12-31T04:47:09Z,-34.21003333,148.27811667,1188.00,,,,,,
10287,2017-12-31T04:47:10Z,-34.21015000,148.27805000,1189.00,,,,,,
10288,2017-12-31T04:47:11Z,-34.21025000,148.27798333,1190.00,,,,,,
10289,2017-12-31T04:47:12Z,-34.21035000,148.27790000,1190.00,,,,,,
10290,2017-12-31T04:47:13Z,-34.21040000,148.27780000,1189.00,,,,,,
10291,2017-12-31T04:47:14Z,-34.21046667,148.27770000,1185.00,,,,,,
10292,2017-12-31T04:47:15Z,-34.21050000,148.27758333,1182.00,,,,,,
10293,2017-12-31T04:47:16Z,-34.21050000,148.27745000,1180.00,,,,,,
10294,2017-12-31T04:47:17Z,-34.21053333,148.27731667,1179.00,,,,,,
10295,2017-12-31T04:47:18Z,-34.21056667,148.27716667,1181.00,,,,,,
10296,2017-12-31T04:47:19Z,-34.21060000,148.27705000,1183.00,,,,,,
10297,2017-12-31T04:47:20Z,-34.21065000,148.27693333,1184.00,,,,,,
10298,2017-12-31T04:47:21Z,-34.21071667,148.27683333,1180.00,,,,,,
10299,2017-12-31T04:47:22Z,-34.21080000,148.27670000,1177.00,,,,,,
10300,2017-12-31T04:47:23Z,-34.21088333,148.27656667,1179.00,,,,,,
10301,2017-12-31T04:47:24Z,-34.21100000,148.27643333,1182.00,,,,,,
10302,2017-12-31T04:47:25Z,-34.21111667,148.27635000,1183.00,,,,,,
10303,2017-12-31T04:47:26Z,-34.21126667,148.27625000,1181.00,,,,,,
10304,2017-12-31T04:47:27Z,-34.21141667,148.27616667,1177.00,,,,,,
10305,2017-12-31T04:47:28Z,-34.21156667,148.27606667,1175.00,,,,,,
10306,2017-12-31T04:47:29Z,-34.21171667,148.27596667,1174.00,,,,,,
10307,2017-12-31T04:47:30Z,-34.21188333,148.27588333,1175.00,,,,,,
10308,2017-12-31T04:47:31Z,-34.21205000,148.27578333,1178.00,,,,,,
10309,2017-12-31T04:47:32Z,-34.21220000,148.27570000,1177.00,,,,,,
10310,2017-12-31T04:47:33Z,-34.21235000,148.27561667,1173.00,,,,,,
10311,2017-12-31T04:47:34Z,-34.21250000,148.27555000,1170.00,,,,,,
10312,2017-12-31T04:47:35Z,-34.21263333,148.27550000,1168.00,,,,,,
10313,2017-12-31T04:47:36Z,-34.21278333,148.27545000,1166.00,,,,,,
10314,2017-12-31T04:47:37Z,-34.21293333,148.27541667,1163.00,,,,,,
10315,2017-12-31T04:47:38Z,-34.21310000,148.27536667,1160.00,,,,,,
10316,2017-12-31T04:47:39Z,-34.21325000,148.27533333,1158.00,,,,,,
10317,2017-12-31T04:47:40Z,-34.21340000,148.27533333,1157.00,,,,,,
10318,2017-12-31T04:47:41Z,-34.21356667,148.27531667,1155.00,,,,,,
10319,2017-12-31T04:47:42Z,-34.21373333,148.27531667,1153.00,,,,,,
10320,2017-12-31T04:47:43Z,-34.21388333,148.27531667,1151.00,,,,,,
10321,2017-12-31T04:47:44Z,-34.21405000,148.27531667,1151.00,,,,,,
10322,2017-12-31T04:47:45Z,-34.21420000,148.27531667,1150.00,,,,,,
10323,2017-12-31T04:47:46Z,-34.21436667,148.27533333,1148.00,,,,,,
10324,2017-12-31T04:47:47Z,-34.21451667,148.27535000,1144.00,,,,,,
10325,2017-12-31T04:47:48Z,-34.21468333,148.27535000,1140.00,,,,,,
10326,2017-12-31T04:47:49Z,-34.21485000,148.27536667,1134.00,,,,,,
10327,2017-12-31T04:47:50Z,-34.21503333,148.27538333,1131.00,,,,,,
10328,2017-12-31T04:47:51Z,-34.21520000,148.27541667,1128.00,,,,,,
10329,2017-12-31T04:47:52Z,-34.21538333,148.27543333,1127.00,,,,,,
10330,2017-12-31T04:47:53Z,-34.21558333,148.27545000,1125.00,,,,,,
10331,2017-12-31T04:47:54Z,-34.21576667,148.27548333,1124.00,,,,,,
10332,2017-12-31T04:47:55Z,-34.21591667,148.27550000,1124.00,,,,,,
10333,2017-12-31T04:47:56Z,-34.21608333,148.27553333,1123.00,,,,,,
10334,2017-12-31T04:47:57Z,-34.21625000,148.27556667,1123.00,,,,,,
10335,2017-12-31T04:47:58Z,-34.21641667,148.27558333,1120.00,,,,,,
10336,2017-12-31T04:47:59Z,-34.21658333,148.27561667,1117.00,,,,,,
10337,2017-12-31T04:48:00Z,-34.21675000,148.27565000,1114.00,,,,,,
10338,2017-12-31T04:48:01Z,-34.21691667,148.27568333,1112.00,,,,,,
10339,2017-12-31T04:48:02Z,-34.21708333,148.27573333,1110.00,,,,,,
10340,2017-12-31T04:48:03Z,-34.21726667,148.27580000,1107.00,,,,,,
10341,2017-12-31T04:48:04Z,-34.21745000,148.27586667,1105.00,,,,,,
10342,2017-12-31T04:48:05Z,-34.21763333,148.27595000,1106.00,,,,,,
10343,2017-12-31T04:48:06Z,-34.21783333,148.27603333,1105.00,,,,,,
10344,2017-12-31T04:48:07Z,-34.21803333,148.27610000,1105.00,,,,,,
10345,2017-12-31T04:48:08Z,-34.21820000,148.27616667,1106.00,,,,,,
10346,2017-12-31T04:48:09Z,-34.21838333,148.27621667,1107.00,,,,,,
10347,2017-12-31T04:48:10Z,-34.21853333,148.27626667,1106.00,,,,,,
10348,2017-12-31T04:48:11Z,-34.21868333,148.27631667,1104.00,,,,,,
10349,2017-12-31T04:48:12Z,-34.21885000,148.27635000,1103.00,,,,,,
10350,2017-12-31T04:48:13Z,-34.21900000,148.27638333,1102.00,,,,,,
10351,2017-12-31T04:48:14Z,-34.21915000,148.27641667,1100.00,,,,,,
10352,2017-12-31T04:48:15Z,-34.21930000,148.27646667,1099.00,,,,,,
10353,2017-12-31T04:48:16Z,-34.21946667,148.27651667,1098.00,,,,,,
10354,2017-12-31T04:48:17Z,-34.21963333,148.27658333,1098.00,,,,,,
10355,2017-12-31T04:48:18Z,-34.21980000,148.27663333,1098.00,,,,,,
10356,2017-12-31T04:48:19Z,-34.21996667,148.27668333,1099.00,,,,,,
10357,2017-12-31T04:48:20Z,-34.22013333,148.27675000,1099.00,,,,,,
10358,2017-12-31T04:48:21Z,-34.22030000,148.27681667,1100.00,,,,,,
10359,2017-12-31T04:48:22Z,-34.22045000,148.27686667,1101.00,,,,,,
10360,2017-12-31T04:48:23Z,-34.22061667,148.27691667,1101.00,,,,,,
10361,2017-12-31T04:48:24Z,-34.22076667,148.27695000,1102.00,,,,,,
10362,2017-12-31T04:48:25Z,-34.22088333,148.27700000,1102.00,,,,,,
10363,2017-12-31T04:48:26Z,-34.22103333,148.27703333,1103.00,,,,,,
10364,2017-12-31T04:48:27Z,-34.22116667,148.27706667,1103.00,,,,,,
10365,2017-12-31T04:48:28Z,-34.22131667,148.27710000,1103.00,,,,,,
10366,2017-12-31T04:48:29Z,-34.22145000,148.27713333,1103.00,,,,,,
10367,2017-12-31T04:48:30Z,-34.22160000,148.27716667,1105.00,,,,,,
10368,2017-12-31T04:48:31Z,-34.22173333,148.27718333,1105.00,,,,,,
10369,2017-12-31T04:48:32Z,-34.22188333,148.27721667,1105.00,,,,,,
10370,2017-12-31T04:48:33Z,-34.22201667,148.27721667,1106.00,,,,,,
10371,2017-12-31T04:48:34Z,-34.22216667,148.27723333,1109.00,,,,,,
10372,2017-12-31T04:48:35Z,-34.22228333,148.27725000,1110.00,,,,,,
10373,2017-12-31T04:48:36Z,-34.22241667,148.27728333,1111.00,,,,,,
10374,2017-12-31T04:48:37Z,-34.22255000,148.27731667,1110.00,,,,,,
10375,2017-12-31T04:48:38Z,-34.22268333,148.27736667,1110.00,,,,,,
10376,2017-12-31T04:48:39Z,-34.22280000,148.27745000,1110.00,,,,,,
10377,2017-12-31T04:48:40Z,-34.22291667,148.27753333,1111.00,,,,,,
10378,2017-12-31T04:48:41Z,-34.22303333,148.27763333,1112.00,,,,,,
10379,2017-12-31T04:48:42Z,-34.22315000,148.27771667,1112.00,,,,,,
10380,2017-12-31T04:48:43Z,-34.22326667,148.27781667,1113.00,,,,,,
10381,2017-12-31T04:48:44Z,-34.22338333,148.27791667,1114.00,,,,,,
10382,2017-12-31T04:48:45Z,-34.22350000,148.27800000,1114.00,,,,,,
10383,2017-12-31T04:48:46Z,-34.22363333,148.27806667,1117.00,,,,,,
10384,2017-12-31T04:48:47Z,-34.22376667,148.27813333,1120.00,,,,,,
10385,2017-12-31T04:48:48Z,-34.22390000,148.27820000,1121.00,,,,,,
10386,2017-12-31T04:48:49Z,-34.22401667,148.27826667,1123.00,,,,,,
10387,2017-12-31T04:48:50Z,-34.22410000,148.27830000,1123.00,,,,,,
10388,2017-12-31T04:48:51Z,-34.22421667,148.27831667,1126.00,,,,,,
10389,2017-12-31T04:48:52Z,-34.22431667,148.27833333,1128.00,,,,,,
10390,2017-12-31T04:48:53Z,-34.22440000,148.27831667,1129.00,,,,,,
10391,2017-12-31T04:48:54Z,-34.22446667,148.27826667,1128.00,,,,,,
10392,2017-12-31T04:48:55Z,-34.22448333,148.27816667,1129.00,,,,,,
10393,2017-12-31T04:48:56Z,-34.22450000,148.27805000,1129.00,,,,,,
10394,2017-12-31T04:48:57Z,-34.22446667,148.27795000,1128.00,,,,,,
10395,2017-12-31T04:48:58Z,-34.22441667,148.27786667,1128.00,,,,,,
10396,2017-12-31T04:48:59Z,-34.22430000,148.27780000,1128.00,,,,,,
10397,2017-12-31T04:49:00Z,-34.22416667,148.27780000,1127.00,,,,,,
10398,2017-12-31T04:49:01Z,-34.22401667,148.27781667,1128.00,,,,,,
10399,2017-12-31T04:49:02Z,-34.22388333,148.27788333,1130.00,,,,,,
10400,2017-12-31T04:49:03Z,-34.22375000,148.27800000,1133.00,,,,,,
10401,2017-12-31T04:49:04Z,-34.22365000,148.27816667,1134.00,,,,,,
10402,2017-12-31T04:49:05Z,-34.22356667,148.27833333,1134.00,,,,,,
10403,2017-12-31T04:49:06Z,-34.22351667,148.27850000,1134.00,,,,,,
10404,2017-12-31T04:49:07Z,-34.22350000,148.27870000,1132.00,,,,,,
10405,2017-12-31T04:49:08Z,-34.22351667,148.27890000,1129.00,,,,,,
10406,2017-12-31T04:49:09Z,-34.22356667,148.27908333,1129.00,,,,,,
10407,2017-12-31T04:49:10Z,-34.22365000,148.27925000,1130.00,,,,,,
10408,2017-12-31T04:49:11Z,-34.22373333,148.27941667,1130.00,,,,,,
10409,2017-12-31T04:49:12Z,-34.22381667,148.27956667,1130.00,,,,,,
10410,2017-12-31T04:49:13Z,-34.22391667,148.27970000,1131.00,,,,,,
10411,2017-12-31T04:49:14Z,-34.22401667,148.27985000,1131.00,,,,,,
10412,2017-12-31T04:49:15Z,-34.22413333,148.27998333,1130.00,,,,,,
10413,2017-12-31T04:49:16Z,-34.22425000,148.28011667,1132.00,,,,,,
10414,2017-12-31T04:49:17Z,-34.22438333,148.28025000,1136.00,,,,,,
10415,2017-12-31T04:49:18Z,-34.22451667,148.28036667,1138.00,,,,,,
10416,2017-12-31T04:49:19Z,-34.22463333,148.28045000,1140.00,,,,,,
10417,2017-12-31T04:49:20Z,-34.22473333,148.28053333,1141.00,,,,,,
10418,2017-12-31T04:49:21Z,-34.22483333,148.28060000,1142.00,,,,,,
10419,2017-12-31T04:49:22Z,-34.22493333,148.28068333,1142.00,,,,,,
10420,2017-12-31T04:49:23Z,-34.22505000,148.28075000,1142.00,,,,,,
10421,2017-12-31T04:49:24Z,-34.22516667,148.28080000,1143.00,,,,,,
10422,2017-12-31T04:49:25Z,-34.22528333,148.28083333,1145.00,,,,,,
10423,2017-12-31T04:49:26Z,-34.22540000,148.28088333,1147.00,,,,,,
10424,2017-12-31T04:49:27Z,-34.22551667,148.28090000,1148.00,,,,,,
10425,2017-12-31T04:49:28Z,-34.22565000,148.28091667,1149.00,,,,,,
10426,2017-12-31T04:49:29Z,-34.22576667,148.28091667,1152.00,,,,,,
10427,2017-12-31T04:49:30Z,-34.22586667,148.28091667,1152.00,,,,,,
10428,2017-12-31T04:49:31Z,-34.22596667,148.28090000,1150.00,,,,,,
10429,2017-12-31T04:49:32Z,-34.22606667,148.28088333,1147.00,,,,,,
10430,2017-12-31T04:49:33Z,-34.22618333,148.28083333,1146.00,,,,,,
10431,2017-12-31T04:49:34Z,-34.22626667,148.28073333,1148.00,,,,,,
10432,2017-12-31T04:49:35Z,-34.22633333,148.28063333,1148.00,,,,,,
10433,2017-12-31T04:49:36Z,-34.22640000,148.28053333,1148.00,,,,,,
10434,2017-12-31T04:49:37Z,-34.22646667,148.28041667,1149.00,,,,,,
10435,2017-12-31T04:49:38Z,-34.22646667,148.28026667,1150.00,,,,,,
10436,2017-12-31T04:49:39Z,-34.22645000,148.28013333,1151.00,,,,,,
10437,2017-12-31T04:49:40Z,-34.22638333,148.27998333,1152.00,,,,,,
10438,2017-12-31T04:49:41Z,-34.22631667,148.27986667,1154.00,,,,,,
10439,2017-12-31T04:49:42Z,-34.22623333,148.27975000,1156.00,,,,,,
10440,2017-12-31T04:49:43Z,-34.22613333,148.27966667,1156.00,,,,,,
10441,2017-12-31T04:49:44Z,-34.22601667,148.27960000,1156.00,,,,,,
10442,2017-12-31T04:49:45Z,-34.22586667,148.27960000,1156.00,,,,,,
10443,2017-12-31T04:49:46Z,-34.22573333,148.27961667,1158.00,,,,,,
10444,2017-12-31T04:49:47Z,-34.22560000,148.27965000,1159.00,,,,,,
10445,2017-12-31T04:49:48Z,-34.22546667,148.27975000,1160.00,,,,,,
10446,2017-12-31T04:49:49Z,-34.22536667,148.27986667,1162.00,,,,,,
10447,2017-12-31T04:49:50Z,-34.22528333,148.28005000,1163.00,,,,,,
10448,2017-12-31T04:49:51Z,-34.22521667,148.28021667,1163.00,,,,,,
10449,2017-12-31T04:49:52Z,-34.22516667,148.28038333,1165.00,,,,,,
10450,2017-12-31T04:49:53Z,-34.22515000,148.28056667,1166.00,,,,,,
10451,2017-12-31T04:49:54Z,-34.22515000,148.28073333,1167.00,,,,,,
10452,2017-12-31T04:49:55Z,-34.22518333,148.28090000,1169.00,,,,,,
10453,2017-12-31T04:49:56Z,-34.22521667,148.28106667,1170.00,,,,,,
10454,2017-12-31T04:49:57Z,-34.22528333,148.28121667,1171.00,,,,,,
10455,2017-12-31T04:49:58Z,-34.22535000,148.28135000,1173.00,,,,,,
10456,2017-12-31T04:49:59Z,-34.22543333,148.28146667,1175.00,,,,,,
10457,2017-12-31T04:50:00Z,-34.22553333,148.28156667,1176.00,,,,,,
10458,2017-12-31T04:50:01Z,-34.22563333,148.28165000,1176.00,,,,,,
10459,2017-12-31T04:50:02Z,-34.22575000,148.28166667,1176.00,,,,,,
10460,2017-12-31T04:50:03Z,-34.22586667,148.28166667,1177.00,,,,,,
10461,2017-12-31T04:50:04Z,-34.22598333,148.28165000,1180.00,,,,,,
10462,2017-12-31T04:50:05Z,-34.22608333,148.28158333,1182.00,,,,,,
10463,2017-12-31T04:50:06Z,-34.22616667,148.28153333,1183.00,,,,,,
10464,2017-12-31T04:50:07Z,-34.22625000,148.28146667,1184.00,,,,,,
10465,2017-12-31T04:50:08Z,-34.22630000,148.28136667,1184.00,,,,,,
10466,2017-12-31T04:50:09Z,-34.22633333,148.28126667,1185.00,,,,,,
10467,2017-12-31T04:50:10Z,-34.22625000,148.28111667,1187.00,,,,,,
10468,2017-12-31T04:50:11Z,-34.22621667,148.28101667,1189.00,,,,,,
10469,2017-12-31T04:50:12Z,-34.22613333,148.28093333,1189.00,,,,,,
10470,2017-12-31T04:50:13Z,-34.22603333,148.28085000,1190.00,,,,,,
10471,2017-12-31T04:50:14Z,-34.22590000,148.28080000,1191.00,,,,,,
10472,2017-12-31T04:50:15Z,-34.22576667,148.28078333,1193.00,,,,,,
10473,2017-12-31T04:50:16Z,-34.22563333,148.28080000,1195.00,,,,,,
10474,2017-12-31T04:50:17Z,-34.22551667,148.28083333,1196.00,,,,,,
10475,2017-12-31T04:50:18Z,-34.22540000,148.28088333,1195.00,,,,,,
10476,2017-12-31T04:50:19Z,-34.22526667,148.28095000,1195.00,,,,,,
10477,2017-12-31T04:50:20Z,-34.22515000,148.28106667,1197.00,,,,,,
10478,2017-12-31T04:50:21Z,-34.22505000,148.28120000,1198.00,,,,,,
10479,2017-12-31T04:50:22Z,-34.22495000,148.28135000,1200.00,,,,,,
10480,2017-12-31T04:50:23Z,-34.22490000,148.28153333,1199.00,,,,,,
10481,2017-12-31T04:50:24Z,-34.22485000,148.28170000,1200.00,,,,,,
10482,2017-12-31T04:50:25Z,-34.22485000,148.28190000,1202.00,,,,,,
10483,2017-12-31T04:50:26Z,-34.22486667,148.28208333,1203.00,,,,,,
10484,2017-12-31T04:50:27Z,-34.22490000,148.28226667,1206.00,,,,,,
10485,2017-12-31T04:50:28Z,-34.22495000,148.28245000,1210.00,,,,,,
10486,2017-12-31T04:50:29Z,-34.22500000,148.28261667,1212.00,,,,,,
10487,2017-12-31T04:50:30Z,-34.22510000,148.28275000,1214.00,,,,,,
10488,2017-12-31T04:50:31Z,-34.22518333,148.28286667,1217.00,,,,,,
10489,2017-12-31T04:50:32Z,-34.22528333,148.28296667,1218.00,,,,,,
10490,2017-12-31T04:50:33Z,-34.22538333,148.28300000,1218.00,,,,,,
10491,2017-12-31T04:50:34Z,-34.22550000,148.28300000,1218.00,,,,,,
10492,2017-12-31T04:50:35Z,-34.22560000,148.28296667,1218.00,,,,,,
10493,2017-12-31T04:50:36Z,-34.22570000,148.28291667,1218.00,,,,,,
10494,2017-12-31T04:50:37Z,-34.22578333,148.28283333,1220.00,,,,,,
10495,2017-12-31T04:50:38Z,-34.22583333,148.28273333,1220.00,,,,,,
10496,2017-12-31T04:50:39Z,-34.22586667,148.28263333,1220.00,,,,,,
10497,2017-12-31T04:50:40Z,-34.22571667,148.28246667,1221.00,,,,,,
10498,2017-12-31T04:50:41Z,-34.22565000,148.28235000,1224.00,,,,,,
10499,2017-12-31T04:50:42Z,-34.22555000,148.28225000,1227.00,,,,,,
10500,2017-12-31T04:50:43Z,-34.22545000,148.28218333,1229.00,,,,,,
10501,2017-12-31T04:50:44Z,-34.22531667,148.28215000,1230.00,,,,,,
10502,2017-12-31T04:50:45Z,-34.22518333,148.28213333,1231.00,,,,,,
10503,2017-12-31T04:50:46Z,-34.22506667,148.28215000,1232.00,,,,,,
10504,2017-12-31T04:50:47Z,-34.22493333,148.28221667,1234.00,,,,,,
10505,2017-12-31T04:50:48Z,-34.22483333,148.28231667,1234.00,,,,,,
10506,2017-12-31T04:50:49Z,-34.22473333,148.28245000,1235.00,,,,,,
10507,2017-12-31T04:50:50Z,-34.22466667,148.28263333,1236.00,,,,,,
10508,2017-12-31T04:50:51Z,-34.22463333,148.28283333,1239.00,,,,,,
10509,2017-12-31T04:50:52Z,-34.22461667,148.28301667,1242.00,,,,,,
10510,2017-12-31T04:50:53Z,-34.22465000,148.28320000,1244.00,,,,,,
10511,2017-12-31T04:50:54Z,-34.22470000,148.28338333,1247.00,,,,,,
10512,2017-12-31T04:50:55Z,-34.22476667,148.28353333,1249.00,,,,,,
10513,2017-12-31T04:50:56Z,-34.22485000,148.28368333,1252.00,,,,,,
10514,2017-12-31T04:50:57Z,-34.22495000,148.28378333,1256.00,,,,,,
10515,2017-12-31T04:50:58Z,-34.22505000,148.28385000,1255.00,,,,,,
10516,2017-12-31T04:50:59Z,-34.22516667,148.28386667,1255.00,,,,,,
10517,2017-12-31T04:51:00Z,-34.22530000,148.28383333,1256.00,,,,,,
10518,2017-12-31T04:51:01Z,-34.22540000,148.28380000,1259.00,,,,,,
10519,2017-12-31T04:51:02Z,-34.22550000,148.28373333,1262.00,,,,,,
10520,2017-12-31T04:51:03Z,-34.22556667,148.28363333,1263.00,,,,,,
10521,2017-12-31T04:51:04Z,-34.22561667,148.28353333,1265.00,,,,,,
10522,2017-12-31T04:51:05Z,-34.22556667,148.28338333,1265.00,,,,,,
10523,2017-12-31T04:51:06Z,-34.22551667,148.28328333,1265.00,,,,,,
10524,2017-12-31T04:51:07Z,-34.22541667,148.28323333,1266.00,,,,,,
10525,2017-12-31T04:51:08Z,-34.22530000,148.28320000,1266.00,,,,,,
10526,2017-12-31T04:51:09Z,-34.22516667,148.28320000,1267.00,,,,,,
10527,2017-12-31T04:51:10Z,-34.22503333,148.28325000,1269.00,,,,,,
10528,2017-12-31T04:51:11Z,-34.22490000,148.28330000,1271.00,,,,,,
10529,2017-12-31T04:51:12Z,-34.22478333,148.28341667,1272.00,,,,,,
10530,2017-12-31T04:51:13Z,-34.22468333,148.28355000,1273.00,,,,,,
10531,2017-12-31T04:51:14Z,-34.22458333,148.28368333,1276.00,,,,,,
10532,2017-12-31T04:51:15Z,-34.22456667,148.28388333,1280.00,,,,,,
10533,2017-12-31T04:51:16Z,-34.22453333,148.28408333,1284.00,,,,,,
10534,2017-12-31T04:51:17Z,-34.22453333,148.28425000,1284.00,,,,,,
10535,2017-12-31T04:51:18Z,-34.22455000,148.28443333,1285.00,,,,,,
10536,2017-12-31T04:51:19Z,-34.22461667,148.28458333,1287.00,,,,,,
10537,2017-12-31T04:51:20Z,-34.22471667,148.28473333,1289.00,,,,,,
10538,2017-12-31T04:51:21Z,-34.22480000,148.28483333,1290.00,,,,,,
10539,2017-12-31T04:51:22Z,-34.22490000,148.28493333,1293.00,,,,,,
10540,2017-12-31T04:51:23Z,-34.22501667,148.28500000,1296.00,,,,,,
10541,2017-12-31T04:51:24Z,-34.22513333,148.28503333,1301.00,,,,,,
10542,2017-12-31T04:51:25Z,-34.22525000,148.28500000,1303.00,,,,,,
10543,2017-12-31T04:51:26Z,-34.22535000,148.28498333,1305.00,,,,,,
10544,2017-12-31T04:51:27Z,-34.22543333,148.28493333,1309.00,,,,,,
10545,2017-12-31T04:51:28Z,-34.22548333,148.28485000,1310.00,,,,,,
10546,2017-12-31T04:51:29Z,-34.22550000,148.28476667,1312.00,,,,,,
10547,2017-12-31T04:51:30Z,-34.22543333,148.28460000,1316.00,,,,,,
10548,2017-12-31T04:51:31Z,-34.22535000,148.28453333,1319.00,,,,,,
10549,2017-12-31T04:51:32Z,-34.22525000,148.28448333,1319.00,,,,,,
10550,2017-12-31T04:51:33Z,-34.22515000,148.28445000,1319.00,,,,,,
10551,2017-12-31T04:51:34Z,-34.22503333,148.28446667,1320.00,,,,,,
10552,2017-12-31T04:51:35Z,-34.22493333,148.28456667,1320.00,,,,,,
10553,2017-12-31T04:51:36Z,-34.22483333,148.28466667,1321.00,,,,,,
10554,2017-12-31T04:51:37Z,-34.22476667,148.28481667,1322.00,,,,,,
10555,2017-12-31T04:51:38Z,-34.22471667,148.28496667,1324.00,,,,,,
10556,2017-12-31T04:51:39Z,-34.22470000,148.28513333,1325.00,,,,,,
10557,2017-12-31T04:51:40Z,-34.22473333,148.28528333,1328.00,,,,,,
10558,2017-12-31T04:51:41Z,-34.22476667,148.28545000,1331.00,,,,,,
10559,2017-12-31T04:51:42Z,-34.22483333,148.28560000,1331.00,,,,,,
10560,2017-12-31T04:51:43Z,-34.22490000,148.28573333,1333.00,,,,,,
10561,2017-12-31T04:51:44Z,-34.22498333,148.28585000,1337.00,,,,,,
10562,2017-12-31T04:51:45Z,-34.22508333,148.28593333,1339.00,,,,,,
10563,2017-12-31T04:51:46Z,-34.22520000,148.28600000,1341.00,,,,,,
10564,2017-12-31T04:51:47Z,-34.22530000,148.28603333,1343.00,,,,,,
10565,2017-12-31T04:51:48Z,-34.22540000,148.28603333,1345.00,,,,,,
10566,2017-12-31T04:51:49Z,-34.22550000,148.28600000,1348.00,,,,,,
10567,2017-12-31T04:51:50Z,-34.22558333,148.28593333,1352.00,,,,,,
10568,2017-12-31T04:51:51Z,-34.22566667,148.28585000,1357.00,,,,,,
10569,2017-12-31T04:51:52Z,-34.22571667,148.28575000,1359.00,,,,,,
10570,2017-12-31T04:51:53Z,-34.22573333,148.28565000,1359.00,,,,,,
10571,2017-12-31T04:51:54Z,-34.22571667,148.28555000,1361.00,,,,,,
10572,2017-12-31T04:51:55Z,-34.22566667,148.28543333,1363.00,,,,,,
10573,2017-12-31T04:51:56Z,-34.22560000,148.28536667,1365.00,,,,,,
10574,2017-12-31T04:51:57Z,-34.22550000,148.28533333,1366.00,,,,,,
10575,2017-12-31T04:51:58Z,-34.22540000,148.28533333,1368.00,,,,,,
10576,2017-12-31T04:51:59Z,-34.22530000,148.28535000,1370.00,,,,,,
10577,2017-12-31T04:52:00Z,-34.22518333,148.28546667,1370.00,,,,,,
10578,2017-12-31T04:52:01Z,-34.22508333,148.28556667,1370.00,,,,,,
10579,2017-12-31T04:52:02Z,-34.22500000,148.28570000,1372.00,,,,,,
10580,2017-12-31T04:52:03Z,-34.22493333,148.28585000,1376.00,,,,,,
10581,2017-12-31T04:52:04Z,-34.22488333,148.28600000,1380.00,,,,,,
10582,2017-12-31T04:52:05Z,-34.22500000,148.28616667,1381.00,,,,,,
10583,2017-12-31T04:52:06Z,-34.22506667,148.28631667,1382.00,,,,,,
10584,2017-12-31T04:52:07Z,-34.22516667,148.28643333,1385.00,,,,,,
10585,2017-12-31T04:52:08Z,-34.22528333,148.28655000,1390.00,,,,,,
10586,2017-12-31T04:52:09Z,-34.22540000,148.28665000,1394.00,,,,,,
10587,2017-12-31T04:52:10Z,-34.22553333,148.28673333,1395.00,,,,,,
10588,2017-12-31T04:52:11Z,-34.22565000,148.28681667,1396.00,,,,,,
10589,2017-12-31T04:52:12Z,-34.22576667,148.28686667,1399.00,,,,,,
10590,2017-12-31T04:52:13Z,-34.22590000,148.28688333,1403.00,,,,,,
10591,2017-12-31T04:52:14Z,-34.22601667,148.28690000,1409.00,,,,,,
10592,2017-12-31T04:52:15Z,-34.22613333,148.28688333,1412.00,,,,,,
10593,2017-12-31T04:52:16Z,-34.22626667,148.28686667,1417.00,,,,,,
10594,2017-12-31T04:52:17Z,-34.22638333,148.28683333,1422.00,,,,,,
10595,2017-12-31T04:52:18Z,-34.22651667,148.28681667,1426.00,,,,,,
10596,2017-12-31T04:52:19Z,-34.22663333,148.28678333,1431.00,,,,,,
10597,2017-12-31T04:52:20Z,-34.22671667,148.28668333,1434.00,,,,,,
10598,2017-12-31T04:52:21Z,-34.22681667,148.28660000,1441.00,,,,,,
10599,2017-12-31T04:52:22Z,-34.22685000,148.28651667,1443.00,,,,,,
10600,2017-12-31T04:52:23Z,-34.22681667,148.28643333,1443.00,,,,,,
10601,2017-12-31T04:52:24Z,-34.22673333,148.28636667,1447.00,,,,,,
10602,2017-12-31T04:52:25Z,-34.22666667,148.28630000,1448.00,,,,,,
10603,2017-12-31T04:52:26Z,-34.22655000,148.28635000,1448.00,,,,,,
10604,2017-12-31T04:52:27Z,-34.22640000,148.28643333,1452.00,,,,,,
10605,2017-12-31T04:52:28Z,-34.22630000,148.28656667,1456.00,,,,,,
10606,2017-12-31T04:52:29Z,-34.22618333,148.28673333,1458.00,,,,,,
10607,2017-12-31T04:52:30Z,-34.22613333,148.28690000,1460.00,,,,,,
10608,2017-12-31T04:52:31Z,-34.22610000,148.28708333,1461.00,,,,,,
10609,2017-12-31T04:52:32Z,-34.22613333,148.28726667,1463.00,,,,,,
10610,2017-12-31T04:52:33Z,-34.22620000,148.28745000,1470.00,,,,,,
10611,2017-12-31T04:52:34Z,-34.22628333,148.28761667,1478.00,,,,,,
10612,2017-12-31T04:52:35Z,-34.22638333,148.28771667,1483.00,,,,,,
10613,2017-12-31T04:52:36Z,-34.22648333,148.28783333,1487.00,,,,,,
10614,2017-12-31T04:52:37Z,-34.22658333,148.28791667,1488.00,,,,,,
10615,2017-12-31T04:52:38Z,-34.22668333,148.28795000,1487.00,,,,,,
10616,2017-12-31T04:52:39Z,-34.22678333,148.28796667,1488.00,,,,,,
10617,2017-12-31T04:52:40Z,-34.22691667,148.28793333,1489.00,,,,,,
10618,2017-12-31T04:52:41Z,-34.22701667,148.28793333,1489.00,,,,,,
10619,2017-12-31T04:52:42Z,-34.22710000,148.28795000,1490.00,,,,,,
10620,2017-12-31T04:52:43Z,-34.22720000,148.28791667,1488.00,,,,,,
10621,2017-12-31T04:52:44Z,-34.22726667,148.28785000,1490.00,,,,,,
10622,2017-12-31T04:52:45Z,-34.22721667,148.28765000,1493.00,,,,,,
10623,2017-12-31T04:52:46Z,-34.22721667,148.28755000,1496.00,,,,,,
10624,2017-12-31T04:52:47Z,-34.22716667,148.28746667,1497.00,,,,,,
10625,2017-12-31T04:52:48Z,-34.22713333,148.28740000,1497.00,,,,,,
10626,2017-12-31T04:52:49Z,-34.22706667,148.28731667,1499.00,,,,,,
10627,2017-12-31T04:52:50Z,-34.22698333,148.28725000,1500.00,,,,,,
10628,2017-12-31T04:52:51Z,-34.22686667,148.28720000,1499.00,,,,,,
10629,2017-12-31T04:52:52Z,-34.22673333,148.28718333,1499.00,,,,,,
10630,2017-12-31T04:52:53Z,-34.22660000,148.28720000,1500.00,,,,,,
10631,2017-12-31T04:52:54Z,-34.22646667,148.28728333,1503.00,,,,,,
10632,2017-12-31T04:52:55Z,-34.22633333,148.28743333,1505.00,,,,,,
10633,2017-12-31T04:52:56Z,-34.22621667,148.28758333,1508.00,,,,,,
10634,2017-12-31T04:52:57Z,-34.22613333,148.28776667,1510.00,,,,,,
10635,2017-12-31T04:52:58Z,-34.22605000,148.28795000,1512.00,,,,,,
10636,2017-12-31T04:52:59Z,-34.22598333,148.28811667,1516.00,,,,,,
10637,2017-12-31T04:53:00Z,-34.22595000,148.28830000,1516.00,,,,,,
10638,2017-12-31T04:53:01Z,-34.22595000,148.28848333,1515.00,,,,,,
10639,2017-12-31T04:53:02Z,-34.22596667,148.28868333,1517.00,,,,,,
10640,2017-12-31T04:53:03Z,-34.22601667,148.28886667,1520.00,,,,,,
10641,2017-12-31T04:53:04Z,-34.22606667,148.28906667,1525.00,,,,,,
10642,2017-12-31T04:53:05Z,-34.22613333,148.28925000,1527.00,,,,,,
10643,2017-12-31T04:53:06Z,-34.22611667,148.28943333,1528.00,,,,,,
10644,2017-12-31T04:53:07Z,-34.22606667,148.28958333,1528.00,,,,,,
10645,2017-12-31T04:53:08Z,-34.22598333,148.28968333,1528.00,,,,,,
10646,2017-12-31T04:53:09Z,-34.22590000,148.28970000,1529.00,,,,,,
10647,2017-12-31T04:53:10Z,-34.22581667,148.28961667,1531.00,,,,,,
10648,2017-12-31T04:53:11Z,-34.22575000,148.28953333,1533.00,,,,,,
10649,2017-12-31T04:53:12Z,-34.22571667,148.28941667,1534.00,,,,,,
10650,2017-12-31T04:53:13Z,-34.22575000,148.28928333,1535.00,,,,,,
10651,2017-12-31T04:53:14Z,-34.22580000,148.28916667,1537.00,,,,,,
10652,2017-12-31T04:53:15Z,-34.22590000,148.28905000,1541.00,,,,,,
10653,2017-12-31T04:53:16Z,-34.22601667,148.28900000,1545.00,,,,,,
10654,2017-12-31T04:53:17Z,-34.22613333,148.28898333,1549.00,,,,,,
10655,2017-12-31T04:53:18Z,-34.22625000,148.28900000,1552.00,,,,,,
10656,2017-12-31T04:53:19Z,-34.22636667,148.28905000,1553.00,,,,,,
10657,2017-12-31T04:53:20Z,-34.22648333,148.28925000,1555.00,,,,,,
10658,2017-12-31T04:53:21Z,-34.22656667,148.28940000,1556.00,,,,,,
10659,2017-12-31T04:53:22Z,-34.22661667,148.28958333,1559.00,,,,,,
10660,2017-12-31T04:53:23Z,-34.22660000,148.28981667,1563.00,,,,,,
10661,2017-12-31T04:53:24Z,-34.22658333,148.28998333,1564.00,,,,,,
10662,2017-12-31T04:53:25Z,-34.22655000,148.29023333,1563.00,,,,,,
10663,2017-12-31T04:53:26Z,-34.22651667,148.29041667,1562.00,,,,,,
10664,2017-12-31T04:53:27Z,-34.22645000,148.29056667,1562.00,,,,,,
10665,2017-12-31T04:53:28Z,-34.22638333,148.29066667,1565.00,,,,,,
10666,2017-12-31T04:53:29Z,-34.22631667,148.29076667,1569.00,,,,,,
10667,2017-12-31T04:53:30Z,-34.22625000,148.29070000,1571.00,,,,,,
10668,2017-12-31T04:53:31Z,-34.22618333,148.29075000,1573.00,,,,,,
10669,2017-12-31T04:53:32Z,-34.22613333,148.29081667,1574.00,,,,,,
10670,2017-12-31T04:53:33Z,-34.22610000,148.29081667,1575.00,,,,,,
10671,2017-12-31T04:53:34Z,-34.22610000,148.29070000,1578.00,,,,,,
10672,2017-12-31T04:53:35Z,-34.22618333,148.29048333,1579.00,,,,,,
10673,2017-12-31T04:53:36Z,-34.22623333,148.29036667,1582.00,,,,,,
10674,2017-12-31T04:53:37Z,-34.22635000,148.29023333,1584.00,,,,,,
10675,2017-12-31T04:53:38Z,-34.22641667,148.29015000,1585.00,,,,,,
10676,2017-12-31T04:53:39Z,-34.22651667,148.29015000,1587.00,,,,,,
10677,2017-12-31T04:53:40Z,-34.22665000,148.29015000,1588.00,,,,,,
10678,2017-12-31T04:53:41Z,-34.22676667,148.29018333,1590.00,,,,,,
10679,2017-12-31T04:53:42Z,-34.22690000,148.29028333,1591.00,,,,,,
10680,2017-12-31T04:53:43Z,-34.22698333,148.29038333,1593.00,,,,,,
10681,2017-12-31T04:53:44Z,-34.22710000,148.29061667,1594.00,,,,,,
10682,2017-12-31T04:53:45Z,-34.22715000,148.29081667,1595.00,,,,,,
10683,2017-12-31T04:53:46Z,-34.22720000,148.29098333,1596.00,,,,,,
10684,2017-12-31T04:53:47Z,-34.22720000,148.29116667,1595.00,,,,,,
10685,2017-12-31T04:53:48Z,-34.22718333,148.29135000,1594.00,,,,,,
10686,2017-12-31T04:53:49Z,-34.22716667,148.29151667,1593.00,,,,,,
10687,2017-12-31T04:53:50Z,-34.22711667,148.29168333,1593.00,,,,,,
10688,2017-12-31T04:53:51Z,-34.22703333,148.29180000,1594.00,,,,,,
10689,2017-12-31T04:53:52Z,-34.22695000,148.29190000,1597.00,,,,,,
10690,2017-12-31T04:53:53Z,-34.22683333,148.29196667,1599.00,,,,,,
10691,2017-12-31T04:53:54Z,-34.22673333,148.29200000,1602.00,,,,,,
10692,2017-12-31T04:53:55Z,-34.22663333,148.29196667,1603.00,,,,,,
10693,2017-12-31T04:53:56Z,-34.22655000,148.29191667,1607.00,,,,,,
10694,2017-12-31T04:53:57Z,-34.22650000,148.29183333,1610.00,,,,,,
10695,2017-12-31T04:53:58Z,-34.22648333,148.29170000,1613.00,,,,,,
10696,2017-12-31T04:53:59Z,-34.22648333,148.29160000,1615.00,,,,,,
10697,2017-12-31T04:54:00Z,-34.22655000,148.29145000,1616.00,,,,,,
10698,2017-12-31T04:54:01Z,-34.22663333,148.29131667,1617.00,,,,,,
10699,2017-12-31T04:54:02Z,-34.22673333,148.29118333,1619.00,,,,,,
10700,2017-12-31T04:54:03Z,-34.22685000,148.29108333,1620.00,,,,,,
10701,2017-12-31T04:54:04Z,-34.22701667,148.29105000,1621.00,,,,,,
10702,2017-12-31T04:54:05Z,-34.22718333,148.29101667,1622.00,,,,,,
10703,2017-12-31T04:54:06Z,-34.22731667,148.29106667,1624.00,,,,,,
10704,2017-12-31T04:54:07Z,-34.22743333,148.29116667,1626.00,,,,,,
10705,2017-12-31T04:54:08Z,-34.22755000,148.29130000,1627.00,,,,,,
10706,2017-12-31T04:54:09Z,-34.22763333,148.29145000,1630.00,,,,,,
10707,2017-12-31T04:54:10Z,-34.22768333,148.29163333,1631.00,,,,,,
10708,2017-12-31T04:54:11Z,-34.22770000,148.29180000,1632.00,,,,,,
10709,2017-12-31T04:54:12Z,-34.22771667,148.29196667,1631.00,,,,,,
10710,2017-12-31T04:54:13Z,-34.22771667,148.29210000,1628.00,,,,,,
10711,2017-12-31T04:54:14Z,-34.22768333,148.29221667,1627.00,,,,,,
10712,2017-12-31T04:54:15Z,-34.22758333,148.29231667,1628.00,,,,,,
10713,2017-12-31T04:54:16Z,-34.22750000,148.29241667,1631.00,,,,,,
10714,2017-12-31T04:54:17Z,-34.22741667,148.29248333,1634.00,,,,,,
10715,2017-12-31T04:54:18Z,-34.22731667,148.29253333,1636.00,,,,,,
10716,2017-12-31T04:54:19Z,-34.22720000,148.29253333,1638.00,,,,,,
10717,2017-12-31T04:54:20Z,-34.22710000,148.29246667,1640.00,,,,,,
10718,2017-12-31T04:54:21Z,-34.22701667,148.29245000,1642.00,,,,,,
10719,2017-12-31T04:54:22Z,-34.22693333,148.29241667,1644.00,,,,,,
10720,2017-12-31T04:54:23Z,-34.22686667,148.29235000,1647.00,,,,,,
10721,2017-12-31T04:54:24Z,-34.22680000,148.29231667,1648.00,,,,,,
10722,2017-12-31T04:54:25Z,-34.22678333,148.29220000,1650.00,,,,,,
10723,2017-12-31T04:54:26Z,-34.22680000,148.29210000,1651.00,,,,,,
10724,2017-12-31T04:54:27Z,-34.22681667,148.29200000,1651.00,,,,,,
10725,2017-12-31T04:54:28Z,-34.22686667,148.29190000,1651.00,,,,,,
10726,2017-12-31T04:54:29Z,-34.22695000,148.29181667,1653.00,,,,,,
10727,2017-12-31T04:54:30Z,-34.22706667,148.29170000,1655.00,,,,,,
10728,2017-12-31T04:54:31Z,-34.22718333,148.29161667,1659.00,,,,,,
10729,2017-12-31T04:54:32Z,-34.22731667,148.29156667,1663.00,,,,,,
10730,2017-12-31T04:54:33Z,-34.22741667,148.29153333,1667.00,,,,,,
10731,2017-12-31T04:54:34Z,-34.22755000,148.29160000,1671.00,,,,,,
10732,2017-12-31T04:54:35Z,-34.22768333,148.29180000,1674.00,,,,,,
10733,2017-12-31T04:54:36Z,-34.22776667,148.29195000,1675.00,,,,,,
10734,2017-12-31T04:54:37Z,-34.22783333,148.29210000,1675.00,,,,,,
10735,2017-12-31T04:54:38Z,-34.22786667,148.29225000,1677.00,,,,,,
10736,2017-12-31T04:54:39Z,-34.22786667,148.29243333,1680.00,,,,,,
10737,2017-12-31T04:54:40Z,-34.22780000,148.29265000,1681.00,,,,,,
10738,2017-12-31T04:54:41Z,-34.22771667,148.29278333,1683.00,,,,,,
10739,2017-12-31T04:54:42Z,-34.22763333,148.29290000,1685.00,,,,,,
10740,2017-12-31T04:54:43Z,-34.22753333,148.29296667,1688.00,,,,,,
10741,2017-12-31T04:54:44Z,-34.22741667,148.29296667,1692.00,,,,,,
10742,2017-12-31T04:54:45Z,-34.22733333,148.29290000,1693.00,,,,,,
10743,2017-12-31T04:54:46Z,-34.22726667,148.29285000,1694.00,,,,,,
10744,2017-12-31T04:54:47Z,-34.22723333,148.29278333,1695.00,,,,,,
10745,2017-12-31T04:54:48Z,-34.22721667,148.29268333,1695.00,,,,,,
10746,2017-12-31T04:54:49Z,-34.22723333,148.29256667,1697.00,,,,,,
10747,2017-12-31T04:54:50Z,-34.22730000,148.29245000,1697.00,,,,,,
10748,2017-12-31T04:54:51Z,-34.22740000,148.29238333,1698.00,,,,,,
10749,2017-12-31T04:54:52Z,-34.22751667,148.29233333,1699.00,,,,,,
10750,2017-12-31T04:54:53Z,-34.22763333,148.29226667,1700.00,,,,,,
10751,2017-12-31T04:54:54Z,-34.22775000,148.29223333,1704.00,,,,,,
10752,2017-12-31T04:54:55Z,-34.22788333,148.29230000,1705.00,,,,,,
10753,2017-12-31T04:54:56Z,-34.22800000,148.29235000,1706.00,,,,,,
10754,2017-12-31T04:54:57Z,-34.22811667,148.29243333,1708.00,,,,,,
10755,2017-12-31T04:54:58Z,-34.22823333,148.29255000,1709.00,,,,,,
10756,2017-12-31T04:54:59Z,-34.22835000,148.29266667,1711.00,,,,,,
10757,2017-12-31T04:55:00Z,-34.22843333,148.29283333,1712.00,,,,,,
10758,2017-12-31T04:55:01Z,-34.22853333,148.29296667,1712.00,,,,,,
10759,2017-12-31T04:55:02Z,-34.22863333,148.29311667,1714.00,,,,,,
10760,2017-12-31T04:55:03Z,-34.22871667,148.29326667,1715.00,,,,,,
10761,2017-12-31T04:55:04Z,-34.22878333,148.29345000,1714.00,,,,,,
10762,2017-12-31T04:55:05Z,-34.22881667,148.29363333,1712.00,,,,,,
10763,2017-12-31T04:55:06Z,-34.22886667,148.29380000,1710.00,,,,,,
10764,2017-12-31T04:55:07Z,-34.22888333,148.29400000,1708.00,,,,,,
10765,2017-12-31T04:55:08Z,-34.22881667,148.29420000,1709.00,,,,,,
10766,2017-12-31T04:55:09Z,-34.22873333,148.29435000,1713.00,,,,,,
10767,2017-12-31T04:55:10Z,-34.22861667,148.29446667,1715.00,,,,,,
10768,2017-12-31T04:55:11Z,-34.22851667,148.29453333,1719.00,,,,,,
10769,2017-12-31T04:55:12Z,-34.22841667,148.29458333,1721.00,,,,,,
10770,2017-12-31T04:55:13Z,-34.22833333,148.29463333,1722.00,,,,,,
10771,2017-12-31T04:55:14Z,-34.22825000,148.29463333,1725.00,,,,,,
10772,2017-12-31T04:55:15Z,-34.22816667,148.29465000,1726.00,,,,,,
10773,2017-12-31T04:55:16Z,-34.22808333,148.29463333,1727.00,,,,,,
10774,2017-12-31T04:55:17Z,-34.22801667,148.29460000,1729.00,,,,,,
10775,2017-12-31T04:55:18Z,-34.22796667,148.29455000,1730.00,,,,,,
10776,2017-12-31T04:55:19Z,-34.22791667,148.29450000,1732.00,,,,,,
10777,2017-12-31T04:55:20Z,-34.22795000,148.29440000,1734.00,,,,,,
10778,2017-12-31T04:55:21Z,-34.22800000,148.29430000,1737.00,,,,,,
10779,2017-12-31T04:55:22Z,-34.22805000,148.29420000,1738.00,,,,,,
10780,2017-12-31T04:55:23Z,-34.22811667,148.29411667,1738.00,,,,,,
10781,2017-12-31T04:55:24Z,-34.22820000,148.29403333,1740.00,,,,,,
10782,2017-12-31T04:55:25Z,-34.22826667,148.29390000,1742.00,,,,,,
10783,2017-12-31T04:55:26Z,-34.22836667,148.29381667,1746.00,,,,,,
10784,2017-12-31T04:55:27Z,-34.22848333,148.29378333,1749.00,,,,,,
10785,2017-12-31T04:55:28Z,-34.22860000,148.29380000,1751.00,,,,,,
10786,2017-12-31T04:55:29Z,-34.22875000,148.29390000,1754.00,,,,,,
10787,2017-12-31T04:55:30Z,-34.22891667,148.29418333,1755.00,,,,,,
10788,2017-12-31T04:55:31Z,-34.22905000,148.29435000,1757.00,,,,,,
10789,2017-12-31T04:55:32Z,-34.22915000,148.29450000,1759.00,,,,,,
10790,2017-12-31T04:55:33Z,-34.22915000,148.29473333,1761.00,,,,,,
10791,2017-12-31T04:55:34Z,-34.22915000,148.29496667,1763.00,,,,,,
10792,2017-12-31T04:55:35Z,-34.22913333,148.29523333,1763.00,,,,,,
10793,2017-12-31T04:55:36Z,-34.22908333,148.29541667,1762.00,,,,,,
10794,2017-12-31T04:55:37Z,-34.22898333,148.29555000,1762.00,,,,,,
10795,2017-12-31T04:55:38Z,-34.22888333,148.29563333,1765.00,,,,,,
10796,2017-12-31T04:55:39Z,-34.22878333,148.29570000,1769.00,,,,,,
10797,2017-12-31T04:55:40Z,-34.22871667,148.29571667,1770.00,,,,,,
10798,2017-12-31T04:55:41Z,-34.22863333,148.29573333,1770.00,,,,,,
10799,2017-12-31T04:55:42Z,-34.22856667,148.29571667,1770.00,,,,,,
10800,2017-12-31T04:55:43Z,-34.22851667,148.29566667,1772.00,,,,,,
10801,2017-12-31T04:55:44Z,-34.22848333,148.29561667,1775.00,,,,,,
10802,2017-12-31T04:55:45Z,-34.22846667,148.29553333,1779.00,,,,,,
10803,2017-12-31T04:55:46Z,-34.22846667,148.29546667,1781.00,,,,,,
10804,2017-12-31T04:55:47Z,-34.22850000,148.29538333,1783.00,,,,,,
10805,2017-12-31T04:55:48Z,-34.22856667,148.29526667,1782.00,,,,,,
10806,2017-12-31T04:55:49Z,-34.22863333,148.29518333,1782.00,,,,,,
10807,2017-12-31T04:55:50Z,-34.22870000,148.29513333,1781.00,,,,,,
10808,2017-12-31T04:55:51Z,-34.22881667,148.29511667,1782.00,,,,,,
10809,2017-12-31T04:55:52Z,-34.22896667,148.29511667,1785.00,,,,,,
10810,2017-12-31T04:55:53Z,-34.22911667,148.29518333,1788.00,,,,,,
10811,2017-12-31T04:55:54Z,-34.22928333,148.29528333,1791.00,,,,,,
10812,2017-12-31T04:55:55Z,-34.22943333,148.29538333,1793.00,,,,,,
10813,2017-12-31T04:55:56Z,-34.22961667,148.29551667,1793.00,,,,,,
10814,2017-12-31T04:55:57Z,-34.22975000,148.29561667,1793.00,,,,,,
10815,2017-12-31T04:55:58Z,-34.22990000,148.29571667,1792.00,,,,,,
10816,2017-12-31T04:55:59Z,-34.23003333,148.29583333,1790.00,,,,,,
10817,2017-12-31T04:56:00Z,-34.23016667,148.29601667,1788.00,,,,,,
10818,2017-12-31T04:56:01Z,-34.23033333,148.29616667,1789.00,,,,,,
10819,2017-12-31T04:56:02Z,-34.23048333,148.29631667,1789.00,,,,,,
10820,2017-12-31T04:56:03Z,-34.23065000,148.29643333,1790.00,,,,,,
10821,2017-12-31T04:56:04Z,-34.23080000,148.29655000,1788.00,,,,,,
10822,2017-12-31T04:56:05Z,-34.23096667,148.29671667,1785.00,,,,,,
10823,2017-12-31T04:56:06Z,-34.23111667,148.29681667,1783.00,,,,,,
10824,2017-12-31T04:56:07Z,-34.23130000,148.29688333,1782.00,,,,,,
10825,2017-12-31T04:56:08Z,-34.23146667,148.29696667,1780.00,,,,,,
10826,2017-12-31T04:56:09Z,-34.23161667,148.29703333,1778.00,,,,,,
10827,2017-12-31T04:56:10Z,-34.23181667,148.29710000,1777.00,,,,,,
10828,2017-12-31T04:56:11Z,-34.23196667,148.29715000,1771.00,,,,,,
10829,2017-12-31T04:56:12Z,-34.23213333,148.29720000,1768.00,,,,,,
10830,2017-12-31T04:56:13Z,-34.23230000,148.29723333,1768.00,,,,,,
10831,2017-12-31T04:56:14Z,-34.23248333,148.29728333,1770.00,,,,,,
10832,2017-12-31T04:56:15Z,-34.23271667,148.29733333,1771.00,,,,,,
10833,2017-12-31T04:56:16Z,-34.23291667,148.29738333,1770.00,,,,,,
10834,2017-12-31T04:56:17Z,-34.23308333,148.29745000,1768.00,,,,,,
10835,2017-12-31T04:56:18Z,-34.23323333,148.29751667,1764.00,,,,,,
10836,2017-12-31T04:56:19Z,-34.23341667,148.29758333,1759.00,,,,,,
10837,2017-12-31T04:56:20Z,-34.23361667,148.29766667,1756.00,,,,,,
10838,2017-12-31T04:56:21Z,-34.23378333,148.29776667,1755.00,,,,,,
10839,2017-12-31T04:56:22Z,-34.23398333,148.29785000,1753.00,,,,,,
10840,2017-12-31T04:56:23Z,-34.23416667,148.29795000,1751.00,,,,,,
10841,2017-12-31T04:56:24Z,-34.23438333,148.29805000,1747.00,,,,,,
10842,2017-12-31T04:56:25Z,-34.23458333,148.29815000,1745.00,,,,,,
10843,2017-12-31T04:56:26Z,-34.23475000,148.29825000,1745.00,,,,,,
10844,2017-12-31T04:56:27Z,-34.23493333,148.29835000,1743.00,,,,,,
10845,2017-12-31T04:56:28Z,-34.23513333,148.29846667,1738.00,,,,,,
10846,2017-12-31T04:56:29Z,-34.23530000,148.29858333,1734.00,,,,,,
10847,2017-12-31T04:56:30Z,-34.23553333,148.29871667,1732.00,,,,,,
10848,2017-12-31T04:56:31Z,-34.23571667,148.29885000,1729.00,,,,,,
10849,2017-12-31T04:56:32Z,-34.23588333,148.29896667,1727.00,,,,,,
10850,2017-12-31T04:56:33Z,-34.23605000,148.29908333,1725.00,,,,,,
10851,2017-12-31T04:56:34Z,-34.23621667,148.29920000,1724.00,,,,,,
10852,2017-12-31T04:56:35Z,-34.23638333,148.29933333,1724.00,,,,,,
10853,2017-12-31T04:56:36Z,-34.23653333,148.29946667,1723.00,,,,,,
10854,2017-12-31T04:56:37Z,-34.23668333,148.29958333,1720.00,,,,,,
10855,2017-12-31T04:56:38Z,-34.23683333,148.29970000,1716.00,,,,,,
10856,2017-12-31T04:56:39Z,-34.23698333,148.29980000,1711.00,,,,,,
10857,2017-12-31T04:56:40Z,-34.23716667,148.29993333,1707.00,,,,,,
10858,2017-12-31T04:56:41Z,-34.23735000,148.30005000,1703.00,,,,,,
10859,2017-12-31T04:56:42Z,-34.23751667,148.30016667,1700.00,,,,,,
10860,2017-12-31T04:56:43Z,-34.23768333,148.30026667,1697.00,,,,,,
10861,2017-12-31T04:56:44Z,-34.23783333,148.30036667,1693.00,,,,,,
10862,2017-12-31T04:56:45Z,-34.23801667,148.30046667,1690.00,,,,,,
10863,2017-12-31T04:56:46Z,-34.23818333,148.30055000,1685.00,,,,,,
10864,2017-12-31T04:56:47Z,-34.23835000,148.30063333,1682.00,,,,,,
10865,2017-12-31T04:56:48Z,-34.23851667,148.30071667,1681.00,,,,,,
10866,2017-12-31T04:56:49Z,-34.23868333,148.30081667,1679.00,,,,,,
10867,2017-12-31T04:56:50Z,-34.23885000,148.30090000,1677.00,,,,,,
10868,2017-12-31T04:56:51Z,-34.23901667,148.30100000,1674.00,,,,,,
10869,2017-12-31T04:56:52Z,-34.23916667,148.30110000,1672.00,,,,,,
10870,2017-12-31T04:56:53Z,-34.23931667,148.30120000,1669.00,,,,,,
10871,2017-12-31T04:56:54Z,-34.23948333,148.30131667,1666.00,,,,,,
10872,2017-12-31T04:56:55Z,-34.23965000,148.30143333,1665.00,,,,,,
10873,2017-12-31T04:56:56Z,-34.23981667,148.30153333,1664.00,,,,,,
10874,2017-12-31T04:56:57Z,-34.23998333,148.30165000,1659.00,,,,,,
10875,2017-12-31T04:56:58Z,-34.24015000,148.30175000,1655.00,,,,,,
10876,2017-12-31T04:56:59Z,-34.24030000,148.30186667,1652.00,,,,,,
10877,2017-12-31T04:57:00Z,-34.24046667,148.30200000,1650.00,,,,,,
10878,2017-12-31T04:57:01Z,-34.24063333,148.30211667,1646.00,,,,,,
10879,2017-12-31T04:57:02Z,-34.24078333,148.30225000,1645.00,,,,,,
10880,2017-12-31T04:57:03Z,-34.24095000,148.30238333,1644.00,,,,,,
10881,2017-12-31T04:57:04Z,-34.24110000,148.30253333,1642.00,,,,,,
10882,2017-12-31T04:57:05Z,-34.24128333,148.30268333,1641.00,,,,,,
10883,2017-12-31T04:57:06Z,-34.24143333,148.30281667,1638.00,,,,,,
10884,2017-12-31T04:57:07Z,-34.24156667,148.30295000,1636.00,,,,,,
10885,2017-12-31T04:57:08Z,-34.24171667,148.30308333,1635.00,,,,,,
10886,2017-12-31T04:57:09Z,-34.24185000,148.30320000,1633.00,,,,,,
10887,2017-12-31T04:57:10Z,-34.24200000,148.30333333,1631.00,,,,,,
10888,2017-12-31T04:57:11Z,-34.24213333,148.30345000,1628.00,,,,,,
10889,2017-12-31T04:57:12Z,-34.24228333,148.30356667,1625.00,,,,,,
10890,2017-12-31T04:57:13Z,-34.24245000,148.30368333,1623.00,,,,,,
10891,2017-12-31T04:57:14Z,-34.24260000,148.30381667,1622.00,,,,,,
10892,2017-12-31T04:57:15Z,-34.24275000,148.30393333,1621.00,,,,,,
10893,2017-12-31T04:57:16Z,-34.24290000,148.30403333,1619.00,,,,,,
10894,2017-12-31T04:57:17Z,-34.24305000,148.30411667,1615.00,,,,,,
10895,2017-12-31T04:57:18Z,-34.24320000,148.30421667,1613.00,,,,,,
10896,2017-12-31T04:57:19Z,-34.24335000,148.30431667,1611.00,,,,,,
10897,2017-12-31T04:57:20Z,-34.24350000,148.30443333,1610.00,,,,,,
10898,2017-12-31T04:57:21Z,-34.24363333,148.30455000,1609.00,,,,,,
10899,2017-12-31T04:57:22Z,-34.24378333,148.30468333,1607.00,,,,,,
10900,2017-12-31T04:57:23Z,-34.24393333,148.30481667,1604.00,,,,,,
10901,2017-12-31T04:57:24Z,-34.24406667,148.30495000,1601.00,,,,,,
10902,2017-12-31T04:57:25Z,-34.24421667,148.30508333,1600.00,,,,,,
10903,2017-12-31T04:57:26Z,-34.24436667,148.30521667,1600.00,,,,,,
10904,2017-12-31T04:57:27Z,-34.24451667,148.30535000,1600.00,,,,,,
10905,2017-12-31T04:57:28Z,-34.24465000,148.30546667,1598.00,,,,,,
10906,2017-12-31T04:57:29Z,-34.24480000,148.30558333,1595.00,,,,,,
10907,2017-12-31T04:57:30Z,-34.24495000,148.30570000,1590.00,,,,,,
10908,2017-12-31T04:57:31Z,-34.24510000,148.30583333,1586.00,,,,,,
10909,2017-12-31T04:57:32Z,-34.24525000,148.30595000,1583.00,,,,,,
10910,2017-12-31T04:57:33Z,-34.24541667,148.30606667,1581.00,,,,,,
10911,2017-12-31T04:57:34Z,-34.24558333,148.30618333,1576.00,,,,,,
10912,2017-12-31T04:57:35Z,-34.24576667,148.30628333,1573.00,,,,,,
10913,2017-12-31T04:57:36Z,-34.24595000,148.30636667,1570.00,,,,,,
10914,2017-12-31T04:57:37Z,-34.24615000,148.30645000,1569.00,,,,,,
10915,2017-12-31T04:57:38Z,-34.24633333,148.30653333,1570.00,,,,,,
10916,2017-12-31T04:57:39Z,-34.24651667,148.30661667,1569.00,,,,,,
10917,2017-12-31T04:57:40Z,-34.24668333,148.30670000,1567.00,,,,,,
10918,2017-12-31T04:57:41Z,-34.24683333,148.30678333,1563.00,,,,,,
10919,2017-12-31T04:57:42Z,-34.24700000,148.30685000,1558.00,,,,,,
10920,2017-12-31T04:57:43Z,-34.24716667,148.30690000,1554.00,,,,,,
10921,2017-12-31T04:57:44Z,-34.24733333,148.30693333,1550.00,,,,,,
10922,2017-12-31T04:57:45Z,-34.24753333,148.30696667,1546.00,,,,,,
10923,2017-12-31T04:57:46Z,-34.24770000,148.30696667,1542.00,,,,,,
10924,2017-12-31T04:57:47Z,-34.24788333,148.30698333,1537.00,,,,,,
10925,2017-12-31T04:57:48Z,-34.24806667,148.30698333,1533.00,,,,,,
10926,2017-12-31T04:57:49Z,-34.24825000,148.30698333,1528.00,,,,,,
10927,2017-12-31T04:57:50Z,-34.24843333,148.30698333,1526.00,,,,,,
10928,2017-12-31T04:57:51Z,-34.24863333,148.30700000,1524.00,,,,,,
10929,2017-12-31T04:57:52Z,-34.24881667,148.30703333,1520.00,,,,,,
10930,2017-12-31T04:57:53Z,-34.24900000,148.30705000,1516.00,,,,,,
10931,2017-12-31T04:57:54Z,-34.24918333,148.30706667,1513.00,,,,,,
10932,2017-12-31T04:57:55Z,-34.24936667,148.30710000,1510.00,,,,,,
10933,2017-12-31T04:57:56Z,-34.24955000,148.30711667,1506.00,,,,,,
10934,2017-12-31T04:57:57Z,-34.24973333,148.30715000,1502.00,,,,,,
10935,2017-12-31T04:57:58Z,-34.24991667,148.30718333,1501.00,,,,,,
10936,2017-12-31T04:57:59Z,-34.25010000,148.30721667,1500.00,,,,,,
10937,2017-12-31T04:58:00Z,-34.25030000,148.30725000,1499.00,,,,,,
10938,2017-12-31T04:58:01Z,-34.25050000,148.30730000,1496.00,,,,,,
10939,2017-12-31T04:58:02Z,-34.25068333,148.30733333,1493.00,,,,,,
10940,2017-12-31T04:58:03Z,-34.25088333,148.30738333,1494.00,,,,,,
10941,2017-12-31T04:58:04Z,-34.25110000,148.30743333,1496.00,,,,,,
10942,2017-12-31T04:58:05Z,-34.25128333,148.30748333,1497.00,,,,,,
10943,2017-12-31T04:58:06Z,-34.25148333,148.30755000,1500.00,,,,,,
10944,2017-12-31T04:58:07Z,-34.25168333,148.30760000,1500.00,,,,,,
10945,2017-12-31T04:58:08Z,-34.25188333,148.30763333,1503.00,,,,,,
10946,2017-12-31T04:58:09Z,-34.25208333,148.30766667,1505.00,,,,,,
10947,2017-12-31T04:58:10Z,-34.25223333,148.30768333,1507.00,,,,,,
10948,2017-12-31T04:58:11Z,-34.25240000,148.30768333,1508.00,,,,,,
10949,2017-12-31T04:58:12Z,-34.25256667,148.30768333,1509.00,,,,,,
10950,2017-12-31T04:58:13Z,-34.25273333,148.30766667,1511.00,,,,,,
10951,2017-12-31T04:58:14Z,-34.25286667,148.30763333,1512.00,,,,,,
10952,2017-12-31T04:58:15Z,-34.25300000,148.30758333,1513.00,,,,,,
10953,2017-12-31T04:58:16Z,-34.25313333,148.30751667,1515.00,,,,,,
10954,2017-12-31T04:58:17Z,-34.25323333,148.30743333,1516.00,,,,,,
10955,2017-12-31T04:58:18Z,-34.25333333,148.30735000,1516.00,,,,,,
10956,2017-12-31T04:58:19Z,-34.25341667,148.30723333,1518.00,,,,,,
10957,2017-12-31T04:58:20Z,-34.25346667,148.30713333,1520.00,,,,,,
10958,2017-12-31T04:58:21Z,-34.25351667,148.30701667,1523.00,,,,,,
10959,2017-12-31T04:58:22Z,-34.25355000,148.30690000,1527.00,,,,,,
10960,2017-12-31T04:58:23Z,-34.25356667,148.30678333,1530.00,,,,,,
10961,2017-12-31T04:58:24Z,-34.25356667,148.30666667,1530.00,,,,,,
10962,2017-12-31T04:58:25Z,-34.25351667,148.30655000,1532.00,,,,,,
10963,2017-12-31T04:58:26Z,-34.25348333,148.30646667,1533.00,,,,,,
10964,2017-12-31T04:58:27Z,-34.25343333,148.30635000,1530.00,,,,,,
10965,2017-12-31T04:58:28Z,-34.25336667,148.30621667,1522.00,,,,,,
10966,2017-12-31T04:58:29Z,-34.25325000,148.30618333,1521.00,,,,,,
10967,2017-12-31T04:58:30Z,-34.25310000,148.30635000,1524.00,,,,,,
10968,2017-12-31T04:58:31Z,-34.25298333,148.30650000,1528.00,,,,,,
10969,2017-12-31T04:58:32Z,-34.25291667,148.30666667,1527.00,,,,,,
10970,2017-12-31T04:58:33Z,-34.25285000,148.30685000,1525.00,,,,,,
10971,2017-12-31T04:58:34Z,-34.25283333,148.30708333,1523.00,,,,,,
10972,2017-12-31T04:58:35Z,-34.25285000,148.30731667,1522.00,,,,,,
10973,2017-12-31T04:58:36Z,-34.25290000,148.30751667,1522.00,,,,,,
10974,2017-12-31T04:58:37Z,-34.25298333,148.30770000,1522.00,,,,,,
10975,2017-12-31T04:58:38Z,-34.25310000,148.30786667,1522.00,,,,,,
10976,2017-12-31T04:58:39Z,-34.25321667,148.30796667,1523.00,,,,,,
10977,2017-12-31T04:58:40Z,-34.25335000,148.30806667,1525.00,,,,,,
10978,2017-12-31T04:58:41Z,-34.25350000,148.30815000,1527.00,,,,,,
10979,2017-12-31T04:58:42Z,-34.25363333,148.30823333,1529.00,,,,,,
10980,2017-12-31T04:58:43Z,-34.25376667,148.30833333,1529.00,,,,,,
10981,2017-12-31T04:58:44Z,-34.25391667,148.30841667,1529.00,,,,,,
10982,2017-12-31T04:58:45Z,-34.25403333,148.30851667,1528.00,,,,,,
10983,2017-12-31T04:58:46Z,-34.25416667,148.30863333,1529.00,,,,,,
10984,2017-12-31T04:58:47Z,-34.25430000,148.30873333,1531.00,,,,,,
10985,2017-12-31T04:58:48Z,-34.25441667,148.30881667,1533.00,,,,,,
10986,2017-12-31T04:58:49Z,-34.25455000,148.30888333,1528.00,,,,,,
10987,2017-12-31T04:58:50Z,-34.25471667,148.30893333,1525.00,,,,,,
10988,2017-12-31T04:58:51Z,-34.25486667,148.30895000,1523.00,,,,,,
10989,2017-12-31T04:58:52Z,-34.25503333,148.30895000,1524.00,,,,,,
10990,2017-12-31T04:58:53Z,-34.25518333,148.30896667,1526.00,,,,,,
10991,2017-12-31T04:58:54Z,-34.25535000,148.30898333,1528.00,,,,,,
10992,2017-12-31T04:58:55Z,-34.25548333,148.30901667,1529.00,,,,,,
10993,2017-12-31T04:58:56Z,-34.25563333,148.30906667,1530.00,,,,,,
10994,2017-12-31T04:58:57Z,-34.25578333,148.30911667,1529.00,,,,,,
10995,2017-12-31T04:58:58Z,-34.25593333,148.30920000,1527.00,,,,,,
10996,2017-12-31T04:58:59Z,-34.25608333,148.30931667,1528.00,,,,,,
10997,2017-12-31T04:59:00Z,-34.25620000,148.30948333,1531.00,,,,,,
10998,2017-12-31T04:59:01Z,-34.25633333,148.30961667,1532.00,,,,,,
10999,2017-12-31T04:59:02Z,-34.25645000,148.30973333,1532.00,,,,,,
11000,2017-12-31T04:59:03Z,-34.25658333,148.30983333,1531.00,,,,,,
11001,2017-12-31T04:59:04Z,-34.25671667,148.30995000,1533.00,,,,,,
11002,2017-12-31T04:59:05Z,-34.25686667,148.31005000,1535.00,,,,,,
11003,2017-12-31T04:59:06Z,-34.25700000,148.31015000,1536.00,,,,,,
11004,2017-12-31T04:59:07Z,-34.25713333,148.31026667,1538.00,,,,,,
11005,2017-12-31T04:59:08Z,-34.25728333,148.31038333,1542.00,,,,,,
11006,2017-12-31T04:59:09Z,-34.25740000,148.31050000,1546.00,,,,,,
11007,2017-12-31T04:59:10Z,-34.25753333,148.31060000,1549.00,,,,,,
11008,2017-12-31T04:59:11Z,-34.25766667,148.31068333,1550.00,,,,,,
11009,2017-12-31T04:59:12Z,-34.25778333,148.31073333,1549.00,,,,,,
11010,2017-12-31T04:59:13Z,-34.25793333,148.31076667,1547.00,,,,,,
11011,2017-12-31T04:59:14Z,-34.25808333,148.31078333,1546.00,,,,,,
11012,2017-12-31T04:59:15Z,-34.25821667,148.31078333,1546.00,,,,,,
11013,2017-12-31T04:59:16Z,-34.25835000,148.31073333,1548.00,,,,,,
11014,2017-12-31T04:59:17Z,-34.25848333,148.31070000,1551.00,,,,,,
11015,2017-12-31T04:59:18Z,-34.25861667,148.31070000,1553.00,,,,,,
11016,2017-12-31T04:59:19Z,-34.25876667,148.31071667,1554.00,,,,,,
11017,2017-12-31T04:59:20Z,-34.25890000,148.31076667,1554.00,,,,,,
11018,2017-12-31T04:59:21Z,-34.25901667,148.31085000,1553.00,,,,,,
11019,2017-12-31T04:59:22Z,-34.25915000,148.31095000,1552.00,,,,,,
11020,2017-12-31T04:59:23Z,-34.25925000,148.31110000,1552.00,,,,,,
11021,2017-12-31T04:59:24Z,-34.25935000,148.31126667,1553.00,,,,,,
11022,2017-12-31T04:59:25Z,-34.25945000,148.31143333,1553.00,,,,,,
11023,2017-12-31T04:59:26Z,-34.25953333,148.31160000,1554.00,,,,,,
11024,2017-12-31T04:59:27Z,-34.25963333,148.31175000,1554.00,,,,,,
11025,2017-12-31T04:59:28Z,-34.25975000,148.31190000,1554.00,,,,,,
11026,2017-12-31T04:59:29Z,-34.25985000,148.31206667,1556.00,,,,,,
11027,2017-12-31T04:59:30Z,-34.25996667,148.31225000,1558.00,,,,,,
11028,2017-12-31T04:59:31Z,-34.26006667,148.31241667,1559.00,,,,,,
11029,2017-12-31T04:59:32Z,-34.26018333,148.31260000,1561.00,,,,,,
11030,2017-12-31T04:59:33Z,-34.26030000,148.31276667,1563.00,,,,,,
11031,2017-12-31T04:59:34Z,-34.26040000,148.31293333,1565.00,,,,,,
11032,2017-12-31T04:59:35Z,-34.26051667,148.31310000,1566.00,,,,,,
11033,2017-12-31T04:59:36Z,-34.26061667,148.31325000,1566.00,,,,,,
11034,2017-12-31T04:59:37Z,-34.26071667,148.31338333,1567.00,,,,,,
11035,2017-12-31T04:59:38Z,-34.26083333,148.31350000,1567.00,,,,,,
11036,2017-12-31T04:59:39Z,-34.26093333,148.31361667,1566.00,,,,,,
11037,2017-12-31T04:59:40Z,-34.26105000,148.31373333,1565.00,,,,,,
11038,2017-12-31T04:59:41Z,-34.26116667,148.31385000,1565.00,,,,,,
11039,2017-12-31T04:59:42Z,-34.26128333,148.31398333,1563.00,,,,,,
11040,2017-12-31T04:59:43Z,-34.26141667,148.31410000,1560.00,,,,,,
11041,2017-12-31T04:59:44Z,-34.26155000,148.31423333,1557.00,,,,,,
11042,2017-12-31T04:59:45Z,-34.26168333,148.31436667,1558.00,,,,,,
11043,2017-12-31T04:59:46Z,-34.26181667,148.31453333,1560.00,,,,,,
11044,2017-12-31T04:59:47Z,-34.26195000,148.31470000,1561.00,,,,,,
11045,2017-12-31T04:59:48Z,-34.26206667,148.31486667,1559.00,,,,,,
11046,2017-12-31T04:59:49Z,-34.26218333,148.31505000,1557.00,,,,,,
11047,2017-12-31T04:59:50Z,-34.26228333,148.31526667,1556.00,,,,,,
11048,2017-12-31T04:59:51Z,-34.26236667,148.31550000,1557.00,,,,,,
11049,2017-12-31T04:59:52Z,-34.26246667,148.31575000,1559.00,,,,,,
11050,2017-12-31T04:59:53Z,-34.26255000,148.31596667,1561.00,,,,,,
11051,2017-12-31T04:59:54Z,-34.26263333,148.31615000,1560.00,,,,,,
11052,2017-12-31T04:59:55Z,-34.26273333,148.31633333,1559.00,,,,,,
11053,2017-12-31T04:59:56Z,-34.26283333,148.31650000,1555.00,,,,,,
11054,2017-12-31T04:59:57Z,-34.26293333,148.31668333,1551.00,,,,,,
11055,2017-12-31T04:59:58Z,-34.26308333,148.31683333,1550.00,,,,,,
11056,2017-12-31T04:59:59Z,-34.26323333,148.31700000,1553.00,,,,,,
11057,2017-12-31T05:00:00Z,-34.26340000,148.31715000,1553.00,,,,,,
11058,2017-12-31T05:00:01Z,-34.26355000,148.31731667,1554.00,,,,,,
11059,2017-12-31T05:00:02Z,-34.26371667,148.31745000,1557.00,,,,,,
11060,2017-12-31T05:00:03Z,-34.26386667,148.31758333,1560.00,,,,,,
11061,2017-12-31T05:00:04Z,-34.26401667,148.31771667,1561.00,,,,,,
11062,2017-12-31T05:00:05Z,-34.26416667,148.31783333,1562.00,,,,,,
11063,2017-12-31T05:00:06Z,-34.26430000,148.31795000,1562.00,,,,,,
11064,2017-12-31T05:00:07Z,-34.26443333,148.31808333,1562.00,,,,,,
11065,2017-12-31T05:00:08Z,-34.26455000,148.31823333,1563.00,,,,,,
11066,2017-12-31T05:00:09Z,-34.26466667,148.31838333,1563.00,,,,,,
11067,2017-12-31T05:00:10Z,-34.26476667,148.31856667,1563.00,,,,,,
11068,2017-12-31T05:00:11Z,-34.26488333,148.31873333,1563.00,,,,,,
11069,2017-12-31T05:00:12Z,-34.26496667,148.31890000,1562.00,,,,,,
11070,2017-12-31T05:00:13Z,-34.26506667,148.31906667,1559.00,,,,,,
11071,2017-12-31T05:00:14Z,-34.26516667,148.31925000,1558.00,,,,,,
11072,2017-12-31T05:00:15Z,-34.26528333,148.31943333,1558.00,,,,,,
11073,2017-12-31T05:00:16Z,-34.26538333,148.31963333,1558.00,,,,,,
11074,2017-12-31T05:00:17Z,-34.26550000,148.31983333,1557.00,,,,,,
11075,2017-12-31T05:00:18Z,-34.26560000,148.32003333,1555.00,,,,,,
11076,2017-12-31T05:00:19Z,-34.26571667,148.32023333,1553.00,,,,,,
11077,2017-12-31T05:00:20Z,-34.26583333,148.32045000,1554.00,,,,,,
11078,2017-12-31T05:00:21Z,-34.26595000,148.32066667,1554.00,,,,,,
11079,2017-12-31T05:00:22Z,-34.26606667,148.32086667,1553.00,,,,,,
11080,2017-12-31T05:00:23Z,-34.26618333,148.32106667,1552.00,,,,,,
11081,2017-12-31T05:00:24Z,-34.26630000,148.32123333,1552.00,,,,,,
11082,2017-12-31T05:00:25Z,-34.26641667,148.32141667,1552.00,,,,,,
11083,2017-12-31T05:00:26Z,-34.26653333,148.32158333,1552.00,,,,,,
11084,2017-12-31T05:00:27Z,-34.26665000,148.32175000,1550.00,,,,,,
11085,2017-12-31T05:00:28Z,-34.26676667,148.32190000,1548.00,,,,,,
11086,2017-12-31T05:00:29Z,-34.26690000,148.32208333,1548.00,,,,,,
11087,2017-12-31T05:00:30Z,-34.26701667,148.32225000,1548.00,,,,,,
11088,2017-12-31T05:00:31Z,-34.26713333,148.32243333,1549.00,,,,,,
11089,2017-12-31T05:00:32Z,-34.26723333,148.32260000,1547.00,,,,,,
11090,2017-12-31T05:00:33Z,-34.26735000,148.32278333,1544.00,,,,,,
11091,2017-12-31T05:00:34Z,-34.26746667,148.32296667,1542.00,,,,,,
11092,2017-12-31T05:00:35Z,-34.26758333,148.32316667,1540.00,,,,,,
11093,2017-12-31T05:00:36Z,-34.26770000,148.32335000,1539.00,,,,,,
11094,2017-12-31T05:00:37Z,-34.26781667,148.32355000,1536.00,,,,,,
11095,2017-12-31T05:00:38Z,-34.26791667,148.32373333,1534.00,,,,,,
11096,2017-12-31T05:00:39Z,-34.26803333,148.32391667,1533.00,,,,,,
11097,2017-12-31T05:00:40Z,-34.26815000,148.32408333,1531.00,,,,,,
11098,2017-12-31T05:00:41Z,-34.26826667,148.32426667,1529.00,,,,,,
11099,2017-12-31T05:00:42Z,-34.26838333,148.32443333,1528.00,,,,,,
11100,2017-12-31T05:00:43Z,-34.26850000,148.32461667,1527.00,,,,,,
11101,2017-12-31T05:00:44Z,-34.26861667,148.32478333,1526.00,,,,,,
11102,2017-12-31T05:00:45Z,-34.26873333,148.32495000,1525.00,,,,,,
11103,2017-12-31T05:00:46Z,-34.26885000,148.32510000,1524.00,,,,,,
11104,2017-12-31T05:00:47Z,-34.26895000,148.32526667,1521.00,,,,,,
11105,2017-12-31T05:00:48Z,-34.26906667,148.32543333,1517.00,,,,,,
11106,2017-12-31T05:00:49Z,-34.26916667,148.32560000,1514.00,,,,,,
11107,2017-12-31T05:00:50Z,-34.26928333,148.32576667,1511.00,,,,,,
11108,2017-12-31T05:00:51Z,-34.26941667,148.32593333,1509.00,,,,,,
11109,2017-12-31T05:00:52Z,-34.26953333,148.32611667,1507.00,,,,,,
11110,2017-12-31T05:00:53Z,-34.26965000,148.32628333,1505.00,,,,,,
11111,2017-12-31T05:00:54Z,-34.26975000,148.32645000,1503.00,,,,,,
11112,2017-12-31T05:00:55Z,-34.26986667,148.32661667,1501.00,,,,,,
11113,2017-12-31T05:00:56Z,-34.26998333,148.32678333,1497.00,,,,,,
11114,2017-12-31T05:00:57Z,-34.27010000,148.32695000,1493.00,,,,,,
11115,2017-12-31T05:00:58Z,-34.27023333,148.32711667,1491.00,,,,,,
11116,2017-12-31T05:00:59Z,-34.27035000,148.32730000,1489.00,,,,,,
11117,2017-12-31T05:01:00Z,-34.27046667,148.32748333,1488.00,,,,,,
11118,2017-12-31T05:01:01Z,-34.27060000,148.32768333,1486.00,,,,,,
11119,2017-12-31T05:01:02Z,-34.27071667,148.32788333,1486.00,,,,,,
11120,2017-12-31T05:01:03Z,-34.27081667,148.32808333,1485.00,,,,,,
11121,2017-12-31T05:01:04Z,-34.27091667,148.32826667,1481.00,,,,,,
11122,2017-12-31T05:01:05Z,-34.27101667,148.32846667,1478.00,,,,,,
11123,2017-12-31T05:01:06Z,-34.27113333,148.32865000,1476.00,,,,,,
11124,2017-12-31T05:01:07Z,-34.27123333,148.32885000,1475.00,,,,,,
11125,2017-12-31T05:01:08Z,-34.27135000,148.32905000,1474.00,,,,,,
11126,2017-12-31T05:01:09Z,-34.27145000,148.32925000,1469.00,,,,,,
11127,2017-12-31T05:01:10Z,-34.27156667,148.32943333,1465.00,,,,,,
11128,2017-12-31T05:01:11Z,-34.27166667,148.32963333,1463.00,,,,,,
11129,2017-12-31T05:01:12Z,-34.27178333,148.32986667,1464.00,,,,,,
11130,2017-12-31T05:01:13Z,-34.27186667,148.33008333,1463.00,,,,,,
11131,2017-12-31T05:01:14Z,-34.27196667,148.33030000,1462.00,,,,,,
11132,2017-12-31T05:01:15Z,-34.27206667,148.33050000,1461.00,,,,,,
11133,2017-12-31T05:01:16Z,-34.27216667,148.33071667,1461.00,,,,,,
11134,2017-12-31T05:01:17Z,-34.27226667,148.33090000,1458.00,,,,,,
11135,2017-12-31T05:01:18Z,-34.27236667,148.33110000,1454.00,,,,,,
11136,2017-12-31T05:01:19Z,-34.27248333,148.33126667,1451.00,,,,,,
11137,2017-12-31T05:01:20Z,-34.27260000,148.33143333,1450.00,,,,,,
11138,2017-12-31T05:01:21Z,-34.27271667,148.33160000,1448.00,,,,,,
11139,2017-12-31T05:01:22Z,-34.27283333,148.33176667,1444.00,,,,,,
11140,2017-12-31T05:01:23Z,-34.27295000,148.33193333,1441.00,,,,,,
11141,2017-12-31T05:01:24Z,-34.27308333,148.33208333,1438.00,,,,,,
11142,2017-12-31T05:01:25Z,-34.27321667,148.33225000,1435.00,,,,,,
11143,2017-12-31T05:01:26Z,-34.27336667,148.33240000,1432.00,,,,,,
11144,2017-12-31T05:01:27Z,-34.27350000,148.33256667,1431.00,,,,,,
11145,2017-12-31T05:01:28Z,-34.27363333,148.33273333,1431.00,,,,,,
11146,2017-12-31T05:01:29Z,-34.27376667,148.33291667,1431.00,,,,,,
11147,2017-12-31T05:01:30Z,-34.27388333,148.33308333,1431.00,,,,,,
11148,2017-12-31T05:01:31Z,-34.27400000,148.33323333,1430.00,,,,,,
11149,2017-12-31T05:01:32Z,-34.27410000,148.33340000,1430.00,,,,,,
11150,2017-12-31T05:01:33Z,-34.27420000,148.33356667,1430.00,,,,,,
11151,2017-12-31T05:01:34Z,-34.27428333,148.33373333,1429.00,,,,,,
11152,2017-12-31T05:01:35Z,-34.27435000,148.33393333,1427.00,,,,,,
11153,2017-12-31T05:01:36Z,-34.27441667,148.33413333,1426.00,,,,,,
11154,2017-12-31T05:01:37Z,-34.27446667,148.33436667,1425.00,,,,,,
11155,2017-12-31T05:01:38Z,-34.27450000,148.33461667,1423.00,,,,,,
11156,2017-12-31T05:01:39Z,-34.27453333,148.33486667,1423.00,,,,,,
11157,2017-12-31T05:01:40Z,-34.27456667,148.33513333,1422.00,,,,,,
11158,2017-12-31T05:01:41Z,-34.27461667,148.33540000,1422.00,,,,,,
11159,2017-12-31T05:01:42Z,-34.27466667,148.33565000,1423.00,,,,,,
11160,2017-12-31T05:01:43Z,-34.27471667,148.33591667,1426.00,,,,,,
11161,2017-12-31T05:01:44Z,-34.27478333,148.33616667,1429.00,,,,,,
11162,2017-12-31T05:01:45Z,-34.27483333,148.33638333,1430.00,,,,,,
11163,2017-12-31T05:01:46Z,-34.27488333,148.33661667,1429.00,,,,,,
11164,2017-12-31T05:01:47Z,-34.27491667,148.33688333,1430.00,,,,,,
11165,2017-12-31T05:01:48Z,-34.27495000,148.33713333,1433.00,,,,,,
11166,2017-12-31T05:01:49Z,-34.27498333,148.33740000,1433.00,,,,,,
11167,2017-12-31T05:01:50Z,-34.27498333,148.33766667,1436.00,,,,,,
11168,2017-12-31T05:01:51Z,-34.27500000,148.33791667,1440.00,,,,,,
11169,2017-12-31T05:01:52Z,-34.27501667,148.33816667,1444.00,,,,,,
11170,2017-12-31T05:01:53Z,-34.27500000,148.33843333,1450.00,,,,,,
11171,2017-12-31T05:01:54Z,-34.27501667,148.33865000,1453.00,,,,,,
11172,2017-12-31T05:01:55Z,-34.27503333,148.33888333,1457.00,,,,,,
11173,2017-12-31T05:01:56Z,-34.27508333,148.33906667,1462.00,,,,,,
11174,2017-12-31T05:01:57Z,-34.27518333,148.33916667,1467.00,,,,,,
11175,2017-12-31T05:01:58Z,-34.27528333,148.33925000,1469.00,,,,,,
11176,2017-12-31T05:01:59Z,-34.27541667,148.33925000,1471.00,,,,,,
11177,2017-12-31T05:02:00Z,-34.27553333,148.33918333,1473.00,,,,,,
11178,2017-12-31T05:02:01Z,-34.27563333,148.33910000,1474.00,,,,,,
11179,2017-12-31T05:02:02Z,-34.27568333,148.33896667,1478.00,,,,,,
11180,2017-12-31T05:02:03Z,-34.27566667,148.33885000,1483.00,,,,,,
11181,2017-12-31T05:02:04Z,-34.27560000,148.33873333,1483.00,,,,,,
11182,2017-12-31T05:02:05Z,-34.27548333,148.33868333,1485.00,,,,,,
11183,2017-12-31T05:02:06Z,-34.27535000,148.33868333,1489.00,,,,,,
11184,2017-12-31T05:02:07Z,-34.27521667,148.33875000,1490.00,,,,,,
11185,2017-12-31T05:02:08Z,-34.27510000,148.33886667,1492.00,,,,,,
11186,2017-12-31T05:02:09Z,-34.27501667,148.33903333,1497.00,,,,,,
11187,2017-12-31T05:02:10Z,-34.27495000,148.33921667,1499.00,,,,,,
11188,2017-12-31T05:02:11Z,-34.27490000,148.33940000,1502.00,,,,,,
11189,2017-12-31T05:02:12Z,-34.27486667,148.33958333,1503.00,,,,,,
11190,2017-12-31T05:02:13Z,-34.27486667,148.33978333,1502.00,,,,,,
11191,2017-12-31T05:02:14Z,-34.27493333,148.33993333,1504.00,,,,,,
11192,2017-12-31T05:02:15Z,-34.27506667,148.34003333,1506.00,,,,,,
11193,2017-12-31T05:02:16Z,-34.27520000,148.34008333,1513.00,,,,,,
11194,2017-12-31T05:02:17Z,-34.27533333,148.34010000,1518.00,,,,,,
11195,2017-12-31T05:02:18Z,-34.27545000,148.34008333,1520.00,,,,,,
11196,2017-12-31T05:02:19Z,-34.27553333,148.34001667,1521.00,,,,,,
11197,2017-12-31T05:02:20Z,-34.27560000,148.33991667,1524.00,,,,,,
11198,2017-12-31T05:02:21Z,-34.27563333,148.33981667,1527.00,,,,,,
11199,2017-12-31T05:02:22Z,-34.27563333,148.33971667,1532.00,,,,,,
11200,2017-12-31T05:02:23Z,-34.27551667,148.33968333,1536.00,,,,,,
11201,2017-12-31T05:02:24Z,-34.27538333,148.33968333,1540.00,,,,,,
11202,2017-12-31T05:02:25Z,-34.27525000,148.33971667,1543.00,,,,,,
11203,2017-12-31T05:02:26Z,-34.27513333,148.33983333,1545.00,,,,,,
11204,2017-12-31T05:02:27Z,-34.27500000,148.33996667,1547.00,,,,,,
11205,2017-12-31T05:02:28Z,-34.27490000,148.34013333,1552.00,,,,,,
11206,2017-12-31T05:02:29Z,-34.27488333,148.34036667,1558.00,,,,,,
11207,2017-12-31T05:02:30Z,-34.27490000,148.34056667,1560.00,,,,,,
11208,2017-12-31T05:02:31Z,-34.27493333,148.34075000,1560.00,,,,,,
11209,2017-12-31T05:02:32Z,-34.27500000,148.34090000,1562.00,,,,,,
11210,2017-12-31T05:02:33Z,-34.27511667,148.34101667,1564.00,,,,,,
11211,2017-12-31T05:02:34Z,-34.27523333,148.34108333,1564.00,,,,,,
11212,2017-12-31T05:02:35Z,-34.27535000,148.34110000,1564.00,,,,,,
11213,2017-12-31T05:02:36Z,-34.27546667,148.34103333,1566.00,,,,,,
11214,2017-12-31T05:02:37Z,-34.27556667,148.34095000,1572.00,,,,,,
11215,2017-12-31T05:02:38Z,-34.27563333,148.34083333,1575.00,,,,,,
11216,2017-12-31T05:02:39Z,-34.27566667,148.34071667,1579.00,,,,,,
11217,2017-12-31T05:02:40Z,-34.27566667,148.34060000,1581.00,,,,,,
11218,2017-12-31T05:02:41Z,-34.27563333,148.34050000,1581.00,,,,,,
11219,2017-12-31T05:02:42Z,-34.27551667,148.34045000,1582.00,,,,,,
11220,2017-12-31T05:02:43Z,-34.27541667,148.34046667,1587.00,,,,,,
11221,2017-12-31T05:02:44Z,-34.27526667,148.34048333,1595.00,,,,,,
11222,2017-12-31T05:02:45Z,-34.27516667,148.34065000,1598.00,,,,,,
11223,2017-12-31T05:02:46Z,-34.27506667,148.34080000,1602.00,,,,,,
11224,2017-12-31T05:02:47Z,-34.27498333,148.34096667,1606.00,,,,,,
11225,2017-12-31T05:02:48Z,-34.27493333,148.34115000,1608.00,,,,,,
11226,2017-12-31T05:02:49Z,-34.27491667,148.34133333,1609.00,,,,,,
11227,2017-12-31T05:02:50Z,-34.27493333,148.34150000,1612.00,,,,,,
11228,2017-12-31T05:02:51Z,-34.27500000,148.34163333,1615.00,,,,,,
11229,2017-12-31T05:02:52Z,-34.27508333,148.34175000,1616.00,,,,,,
11230,2017-12-31T05:02:53Z,-34.27518333,148.34181667,1616.00,,,,,,
11231,2017-12-31T05:02:54Z,-34.27530000,148.34188333,1617.00,,,,,,
11232,2017-12-31T05:02:55Z,-34.27543333,148.34190000,1620.00,,,,,,
11233,2017-12-31T05:02:56Z,-34.27556667,148.34188333,1624.00,,,,,,
11234,2017-12-31T05:02:57Z,-34.27568333,148.34183333,1625.00,,,,,,
11235,2017-12-31T05:02:58Z,-34.27576667,148.34175000,1625.00,,,,,,
11236,2017-12-31T05:02:59Z,-34.27581667,148.34165000,1628.00,,,,,,
11237,2017-12-31T05:03:00Z,-34.27580000,148.34148333,1631.00,,,,,,
11238,2017-12-31T05:03:01Z,-34.27578333,148.34136667,1637.00,,,,,,
11239,2017-12-31T05:03:02Z,-34.27575000,148.34128333,1640.00,,,,,,
11240,2017-12-31T05:03:03Z,-34.27568333,148.34118333,1641.00,,,,,,
11241,2017-12-31T05:03:04Z,-34.27560000,148.34111667,1644.00,,,,,,
11242,2017-12-31T05:03:05Z,-34.27548333,148.34108333,1648.00,,,,,,
11243,2017-12-31T05:03:06Z,-34.27535000,148.34108333,1651.00,,,,,,
11244,2017-12-31T05:03:07Z,-34.27521667,148.34116667,1654.00,,,,,,
11245,2017-12-31T05:03:08Z,-34.27516667,148.34143333,1658.00,,,,,,
11246,2017-12-31T05:03:09Z,-34.27513333,148.34163333,1660.00,,,,,,
11247,2017-12-31T05:03:10Z,-34.27513333,148.34181667,1663.00,,,,,,
11248,2017-12-31T05:03:11Z,-34.27516667,148.34200000,1665.00,,,,,,
11249,2017-12-31T05:03:12Z,-34.27520000,148.34216667,1669.00,,,,,,
11250,2017-12-31T05:03:13Z,-34.27523333,148.34233333,1672.00,,,,,,
11251,2017-12-31T05:03:14Z,-34.27526667,148.34246667,1673.00,,,,,,
11252,2017-12-31T05:03:15Z,-34.27551667,148.34235000,1675.00,,,,,,
11253,2017-12-31T05:03:16Z,-34.27561667,148.34230000,1676.00,,,,,,
11254,2017-12-31T05:03:17Z,-34.27570000,148.34223333,1678.00,,,,,,
11255,2017-12-31T05:03:18Z,-34.27576667,148.34215000,1680.00,,,,,,
11256,2017-12-31T05:03:19Z,-34.27581667,148.34203333,1682.00,,,,,,
11257,2017-12-31T05:03:20Z,-34.27581667,148.34190000,1683.00,,,,,,
11258,2017-12-31T05:03:21Z,-34.27581667,148.34180000,1687.00,,,,,,
11259,2017-12-31T05:03:22Z,-34.27576667,148.34170000,1692.00,,,,,,
11260,2017-12-31T05:03:23Z,-34.27565000,148.34153333,1697.00,,,,,,
11261,2017-12-31T05:03:24Z,-34.27556667,148.34146667,1703.00,,,,,,
11262,2017-12-31T05:03:25Z,-34.27541667,148.34141667,1706.00,,,,,,
11263,2017-12-31T05:03:26Z,-34.27531667,148.34140000,1711.00,,,,,,
11264,2017-12-31T05:03:27Z,-34.27516667,148.34143333,1714.00,,,,,,
11265,2017-12-31T05:03:28Z,-34.27503333,148.34151667,1716.00,,,,,,
11266,2017-12-31T05:03:29Z,-34.27491667,148.34165000,1719.00,,,,,,
11267,2017-12-31T05:03:30Z,-34.27483333,148.34190000,1722.00,,,,,,
11268,2017-12-31T05:03:31Z,-34.27476667,148.34203333,1726.00,,,,,,
11269,2017-12-31T05:03:32Z,-34.27475000,148.34225000,1731.00,,,,,,
11270,2017-12-31T05:03:33Z,-34.27475000,148.34241667,1734.00,,,,,,
11271,2017-12-31T05:03:34Z,-34.27483333,148.34256667,1734.00,,,,,,
11272,2017-12-31T05:03:35Z,-34.27493333,148.34263333,1735.00,,,,,,
11273,2017-12-31T05:03:36Z,-34.27505000,148.34268333,1736.00,,,,,,
11274,2017-12-31T05:03:37Z,-34.27515000,148.34268333,1739.00,,,,,,
11275,2017-12-31T05:03:38Z,-34.27528333,148.34265000,1742.00,,,,,,
11276,2017-12-31T05:03:39Z,-34.27540000,148.34260000,1746.00,,,,,,
11277,2017-12-31T05:03:40Z,-34.27550000,148.34246667,1747.00,,,,,,
11278,2017-12-31T05:03:41Z,-34.27555000,148.34236667,1749.00,,,,,,
11279,2017-12-31T05:03:42Z,-34.27560000,148.34226667,1751.00,,,,,,
11280,2017-12-31T05:03:43Z,-34.27563333,148.34215000,1753.00,,,,,,
11281,2017-12-31T05:03:44Z,-34.27566667,148.34206667,1757.00,,,,,,
11282,2017-12-31T05:03:45Z,-34.27560000,148.34193333,1759.00,,,,,,
11283,2017-12-31T05:03:46Z,-34.27555000,148.34181667,1762.00,,,,,,
11284,2017-12-31T05:03:47Z,-34.27546667,148.34178333,1767.00,,,,,,
11285,2017-12-31T05:03:48Z,-34.27533333,148.34180000,1771.00,,,,,,
11286,2017-12-31T05:03:49Z,-34.27513333,148.34195000,1777.00,,,,,,
11287,2017-12-31T05:03:50Z,-34.27498333,148.34233333,1781.00,,,,,,
11288,2017-12-31T05:03:51Z,-34.27490000,148.34255000,1785.00,,,,,,
11289,2017-12-31T05:03:52Z,-34.27485000,148.34273333,1787.00,,,,,,
11290,2017-12-31T05:03:53Z,-34.27485000,148.34293333,1788.00,,,,,,
11291,2017-12-31T05:03:54Z,-34.27488333,148.34311667,1791.00,,,,,,
11292,2017-12-31T05:03:55Z,-34.27495000,148.34326667,1794.00,,,,,,
11293,2017-12-31T05:03:56Z,-34.27503333,148.34340000,1797.00,,,,,,
11294,2017-12-31T05:03:57Z,-34.27513333,148.34348333,1797.00,,,,,,
11295,2017-12-31T05:03:58Z,-34.27525000,148.34350000,1797.00,,,,,,
11296,2017-12-31T05:03:59Z,-34.27535000,148.34348333,1800.00,,,,,,
11297,2017-12-31T05:04:00Z,-34.27546667,148.34341667,1801.00,,,,,,
11298,2017-12-31T05:04:01Z,-34.27556667,148.34335000,1802.00,,,,,,
11299,2017-12-31T05:04:02Z,-34.27565000,148.34325000,1804.00,,,,,,
11300,2017-12-31T05:04:03Z,-34.27570000,148.34311667,1805.00,,,,,,
11301,2017-12-31T05:04:04Z,-34.27573333,148.34296667,1807.00,,,,,,
11302,2017-12-31T05:04:05Z,-34.27573333,148.34281667,1810.00,,,,,,
11303,2017-12-31T05:04:06Z,-34.27571667,148.34266667,1815.00,,,,,,
11304,2017-12-31T05:04:07Z,-34.27568333,148.34253333,1820.00,,,,,,
11305,2017-12-31T05:04:08Z,-34.27565000,148.34238333,1823.00,,,,,,
11306,2017-12-31T05:04:09Z,-34.27561667,148.34225000,1830.00,,,,,,
11307,2017-12-31T05:04:10Z,-34.27558333,148.34213333,1834.00,,,,,,
11308,2017-12-31T05:04:11Z,-34.27553333,148.34200000,1839.00,,,,,,
11309,2017-12-31T05:04:12Z,-34.27550000,148.34186667,1843.00,,,,,,
11310,2017-12-31T05:04:13Z,-34.27545000,148.34175000,1845.00,,,,,,
11311,2017-12-31T05:04:14Z,-34.27538333,148.34165000,1845.00,,,,,,
11312,2017-12-31T05:04:15Z,-34.27526667,148.34155000,1844.00,,,,,,
11313,2017-12-31T05:04:16Z,-34.27516667,148.34150000,1842.00,,,,,,
11314,2017-12-31T05:04:17Z,-34.27505000,148.34155000,1838.00,,,,,,
11315,2017-12-31T05:04:18Z,-34.27491667,148.34166667,1839.00,,,,,,
11316,2017-12-31T05:04:19Z,-34.27481667,148.34185000,1842.00,,,,,,
11317,2017-12-31T05:04:20Z,-34.27473333,148.34205000,1845.00,,,,,,
11318,2017-12-31T05:04:21Z,-34.27470000,148.34223333,1847.00,,,,,,
11319,2017-12-31T05:04:22Z,-34.27465000,148.34243333,1847.00,,,,,,
11320,2017-12-31T05:04:23Z,-34.27463333,148.34263333,1842.00,,,,,,
11321,2017-12-31T05:04:24Z,-34.27465000,148.34285000,1842.00,,,,,,
11322,2017-12-31T05:04:25Z,-34.27470000,148.34305000,1848.00,,,,,,
11323,2017-12-31T05:04:26Z,-34.27475000,148.34328333,1860.00,,,,,,
11324,2017-12-31T05:04:27Z,-34.27483333,148.34348333,1869.00,,,,,,
11325,2017-12-31T05:04:28Z,-34.27493333,148.34360000,1874.00,,,,,,
11326,2017-12-31T05:04:29Z,-34.27505000,148.34363333,1874.00,,,,,,
11327,2017-12-31T05:04:30Z,-34.27521667,148.34353333,1875.00,,,,,,
11328,2017-12-31T05:04:31Z,-34.27533333,148.34351667,1878.00,,,,,,
11329,2017-12-31T05:04:32Z,-34.27543333,148.34345000,1880.00,,,,,,
11330,2017-12-31T05:04:33Z,-34.27556667,148.34338333,1882.00,,,,,,
11331,2017-12-31T05:04:34Z,-34.27566667,148.34330000,1886.00,,,,,,
11332,2017-12-31T05:04:35Z,-34.27578333,148.34320000,1887.00,,,,,,
11333,2017-12-31T05:04:36Z,-34.27586667,148.34308333,1888.00,,,,,,
11334,2017-12-31T05:04:37Z,-34.27590000,148.34296667,1891.00,,,,,,
11335,2017-12-31T05:04:38Z,-34.27591667,148.34285000,1891.00,,,,,,
11336,2017-12-31T05:04:39Z,-34.27590000,148.34271667,1890.00,,,,,,
11337,2017-12-31T05:04:40Z,-34.27578333,148.34253333,1894.00,,,,,,
11338,2017-12-31T05:04:41Z,-34.27571667,148.34241667,1899.00,,,,,,
11339,2017-12-31T05:04:42Z,-34.27563333,148.34236667,1901.00,,,,,,
11340,2017-12-31T05:04:43Z,-34.27551667,148.34230000,1903.00,,,,,,
11341,2017-12-31T05:04:44Z,-34.27543333,148.34225000,1901.00,,,,,,
11342,2017-12-31T05:04:45Z,-34.27533333,148.34220000,1898.00,,,,,,
11343,2017-12-31T05:04:46Z,-34.27523333,148.34215000,1894.00,,,,,,
11344,2017-12-31T05:04:47Z,-34.27511667,148.34215000,1894.00,,,,,,
11345,2017-12-31T05:04:48Z,-34.27496667,148.34223333,1895.00,,,,,,
11346,2017-12-31T05:04:49Z,-34.27485000,148.34240000,1896.00,,,,,,
11347,2017-12-31T05:04:50Z,-34.27470000,148.34263333,1896.00,,,,,,
11348,2017-12-31T05:04:51Z,-34.27461667,148.34283333,1896.00,,,,,,
11349,2017-12-31T05:04:52Z,-34.27456667,148.34298333,1894.00,,,,,,
11350,2017-12-31T05:04:53Z,-34.27455000,148.34313333,1892.00,,,,,,
11351,2017-12-31T05:04:54Z,-34.27453333,148.34331667,1889.00,,,,,,
11352,2017-12-31T05:04:55Z,-34.27450000,148.34361667,1887.00,,,,,,
11353,2017-12-31T05:04:56Z,-34.27451667,148.34385000,1885.00,,,,,,
11354,2017-12-31T05:04:57Z,-34.27455000,148.34408333,1885.00,,,,,,
11355,2017-12-31T05:04:58Z,-34.27460000,148.34428333,1888.00,,,,,,
11356,2017-12-31T05:04:59Z,-34.27465000,148.34448333,1894.00,,,,,,
11357,2017-12-31T05:05:00Z,-34.27468333,148.34470000,1899.00,,,,,,
11358,2017-12-31T05:05:01Z,-34.27476667,148.34486667,1901.00,,,,,,
11359,2017-12-31T05:05:02Z,-34.27485000,148.34500000,1904.00,,,,,,
11360,2017-12-31T05:05:03Z,-34.27495000,148.34508333,1906.00,,,,,,
11361,2017-12-31T05:05:04Z,-34.27506667,148.34508333,1911.00,,,,,,
11362,2017-12-31T05:05:05Z,-34.27521667,148.34505000,1916.00,,,,,,
11363,2017-12-31T05:05:06Z,-34.27533333,148.34513333,1919.00,,,,,,
11364,2017-12-31T05:05:07Z,-34.27546667,148.34525000,1923.00,,,,,,
11365,2017-12-31T05:05:08Z,-34.27555000,148.34540000,1925.00,,,,,,
11366,2017-12-31T05:05:09Z,-34.27561667,148.34555000,1925.00,,,,,,
11367,2017-12-31T05:05:10Z,-34.27561667,148.34576667,1925.00,,,,,,
11368,2017-12-31T05:05:11Z,-34.27555000,148.34591667,1928.00,,,,,,
11369,2017-12-31T05:05:12Z,-34.27543333,148.34600000,1932.00,,,,,,
11370,2017-12-31T05:05:13Z,-34.27533333,148.34608333,1936.00,,,,,,
11371,2017-12-31T05:05:14Z,-34.27523333,148.34611667,1937.00,,,,,,
11372,2017-12-31T05:05:15Z,-34.27518333,148.34615000,1937.00,,,,,,
11373,2017-12-31T05:05:16Z,-34.27511667,148.34616667,1938.00,,,,,,
11374,2017-12-31T05:05:17Z,-34.27508333,148.34606667,1940.00,,,,,,
11375,2017-12-31T05:05:18Z,-34.27503333,148.34590000,1943.00,,,,,,
11376,2017-12-31T05:05:19Z,-34.27506667,148.34580000,1949.00,,,,,,
11377,2017-12-31T05:05:20Z,-34.27513333,148.34570000,1953.00,,,,,,
11378,2017-12-31T05:05:21Z,-34.27525000,148.34565000,1957.00,,,,,,
11379,2017-12-31T05:05:22Z,-34.27535000,148.34560000,1959.00,,,,,,
11380,2017-12-31T05:05:23Z,-34.27546667,148.34555000,1961.00,,,,,,
11381,2017-12-31T05:05:24Z,-34.27560000,148.34551667,1966.00,,,,,,
11382,2017-12-31T05:05:25Z,-34.27573333,148.34546667,1971.00,,,,,,
11383,2017-12-31T05:05:26Z,-34.27586667,148.34545000,1976.00,,,,,,
11384,2017-12-31T05:05:27Z,-34.27601667,148.34555000,1978.00,,,,,,
11385,2017-12-31T05:05:28Z,-34.27608333,148.34553333,1980.00,,,,,,
11386,2017-12-31T05:05:29Z,-34.27616667,148.34563333,1982.00,,,,,,
11387,2017-12-31T05:05:30Z,-34.27620000,148.34590000,1983.00,,,,,,
11388,2017-12-31T05:05:31Z,-34.27621667,148.34608333,1985.00,,,,,,
11389,2017-12-31T05:05:32Z,-34.27616667,148.34623333,1988.00,,,,,,
11390,2017-12-31T05:05:33Z,-34.27608333,148.34636667,1991.00,,,,,,
11391,2017-12-31T05:05:34Z,-34.27596667,148.34646667,1992.00,,,,,,
11392,2017-12-31T05:05:35Z,-34.27585000,148.34646667,1993.00,,,,,,
11393,2017-12-31T05:05:36Z,-34.27573333,148.34640000,1996.00,,,,,,
11394,2017-12-31T05:05:37Z,-34.27565000,148.34631667,1999.00,,,,,,
11395,2017-12-31T05:05:38Z,-34.27558333,148.34621667,2001.00,,,,,,
11396,2017-12-31T05:05:39Z,-34.27556667,148.34608333,2003.00,,,,,,
11397,2017-12-31T05:05:40Z,-34.27558333,148.34600000,2007.00,,,,,,
11398,2017-12-31T05:05:41Z,-34.27561667,148.34590000,2011.00,,,,,,
11399,2017-12-31T05:05:42Z,-34.27570000,148.34581667,2015.00,,,,,,
11400,2017-12-31T05:05:43Z,-34.27583333,148.34580000,2017.00,,,,,,
11401,2017-12-31T05:05:44Z,-34.27596667,148.34581667,2020.00,,,,,,
11402,2017-12-31T05:05:45Z,-34.27608333,148.34590000,2022.00,,,,,,
11403,2017-12-31T05:05:46Z,-34.27620000,148.34600000,2025.00,,,,,,
11404,2017-12-31T05:05:47Z,-34.27626667,148.34611667,2026.00,,,,,,
11405,2017-12-31T05:05:48Z,-34.27635000,148.34623333,2025.00,,,,,,
11406,2017-12-31T05:05:49Z,-34.27636667,148.34645000,2025.00,,,,,,
11407,2017-12-31T05:05:50Z,-34.27633333,148.34660000,2027.00,,,,,,
11408,2017-12-31T05:05:51Z,-34.27628333,148.34675000,2030.00,,,,,,
11409,2017-12-31T05:05:52Z,-34.27621667,148.34688333,2032.00,,,,,,
11410,2017-12-31T05:05:53Z,-34.27611667,148.34698333,2034.00,,,,,,
11411,2017-12-31T05:05:54Z,-34.27601667,148.34706667,2037.00,,,,,,
11412,2017-12-31T05:05:55Z,-34.27590000,148.34710000,2039.00,,,,,,
11413,2017-12-31T05:05:56Z,-34.27578333,148.34711667,2041.00,,,,,,
11414,2017-12-31T05:05:57Z,-34.27568333,148.34706667,2043.00,,,,,,
11415,2017-12-31T05:05:58Z,-34.27561667,148.34698333,2044.00,,,,,,
11416,2017-12-31T05:05:59Z,-34.27555000,148.34691667,2045.00,,,,,,
11417,2017-12-31T05:06:00Z,-34.27551667,148.34680000,2045.00,,,,,,
11418,2017-12-31T05:06:01Z,-34.27551667,148.34665000,2045.00,,,,,,
11419,2017-12-31T05:06:02Z,-34.27553333,148.34650000,2046.00,,,,,,
11420,2017-12-31T05:06:03Z,-34.27558333,148.34636667,2049.00,,,,,,
11421,2017-12-31T05:06:04Z,-34.27565000,148.34623333,2052.00,,,,,,
11422,2017-12-31T05:06:05Z,-34.27573333,148.34611667,2053.00,,,,,,
11423,2017-12-31T05:06:06Z,-34.27583333,148.34601667,2053.00,,,,,,
11424,2017-12-31T05:06:07Z,-34.27595000,148.34591667,2053.00,,,,,,
11425,2017-12-31T05:06:08Z,-34.27606667,148.34585000,2054.00,,,,,,
11426,2017-12-31T05:06:09Z,-34.27620000,148.34581667,2054.00,,,,,,
11427,2017-12-31T05:06:10Z,-34.27633333,148.34583333,2053.00,,,,,,
11428,2017-12-31T05:06:11Z,-34.27646667,148.34585000,2053.00,,,,,,
11429,2017-12-31T05:06:12Z,-34.27660000,148.34595000,2053.00,,,,,,
11430,2017-12-31T05:06:13Z,-34.27671667,148.34605000,2054.00,,,,,,
11431,2017-12-31T05:06:14Z,-34.27680000,148.34618333,2054.00,,,,,,
11432,2017-12-31T05:06:15Z,-34.27688333,148.34633333,2054.00,,,,,,
11433,2017-12-31T05:06:16Z,-34.27695000,148.34648333,2055.00,,,,,,
11434,2017-12-31T05:06:17Z,-34.27701667,148.34663333,2056.00,,,,,,
11435,2017-12-31T05:06:18Z,-34.27710000,148.34676667,2058.00,,,,,,
11436,2017-12-31T05:06:19Z,-34.27716667,148.34690000,2060.00,,,,,,
11437,2017-12-31T05:06:20Z,-34.27723333,148.34703333,2061.00,,,,,,
11438,2017-12-31T05:06:21Z,-34.27730000,148.34718333,2061.00,,,,,,
11439,2017-12-31T05:06:22Z,-34.27735000,148.34733333,2063.00,,,,,,
11440,2017-12-31T05:06:23Z,-34.27740000,148.34750000,2066.00,,,,,,
11441,2017-12-31T05:06:24Z,-34.27743333,148.34765000,2069.00,,,,,,
11442,2017-12-31T05:06:25Z,-34.27750000,148.34783333,2071.00,,,,,,
11443,2017-12-31T05:06:26Z,-34.27756667,148.34800000,2074.00,,,,,,
11444,2017-12-31T05:06:27Z,-34.27763333,148.34815000,2078.00,,,,,,
11445,2017-12-31T05:06:28Z,-34.27771667,148.34828333,2082.00,,,,,,
11446,2017-12-31T05:06:29Z,-34.27780000,148.34841667,2086.00,,,,,,
11447,2017-12-31T05:06:30Z,-34.27788333,148.34855000,2089.00,,,,,,
11448,2017-12-31T05:06:31Z,-34.27796667,148.34868333,2092.00,,,,,,
11449,2017-12-31T05:06:32Z,-34.27805000,148.34885000,2096.00,,,,,,
11450,2017-12-31T05:06:33Z,-34.27808333,148.34901667,2100.00,,,,,,
11451,2017-12-31T05:06:34Z,-34.27811667,148.34918333,2103.00,,,,,,
11452,2017-12-31T05:06:35Z,-34.27815000,148.34940000,2104.00,,,,,,
11453,2017-12-31T05:06:36Z,-34.27810000,148.34953333,2105.00,,,,,,
11454,2017-12-31T05:06:37Z,-34.27801667,148.34958333,2108.00,,,,,,
11455,2017-12-31T05:06:38Z,-34.27790000,148.34961667,2110.00,,,,,,
11456,2017-12-31T05:06:39Z,-34.27780000,148.34961667,2114.00,,,,,,
11457,2017-12-31T05:06:40Z,-34.27771667,148.34953333,2116.00,,,,,,
11458,2017-12-31T05:06:41Z,-34.27765000,148.34946667,2118.00,,,,,,
11459,2017-12-31T05:06:42Z,-34.27761667,148.34935000,2120.00,,,,,,
11460,2017-12-31T05:06:43Z,-34.27763333,148.34923333,2121.00,,,,,,
11461,2017-12-31T05:06:44Z,-34.27766667,148.34911667,2123.00,,,,,,
11462,2017-12-31T05:06:45Z,-34.27780000,148.34906667,2125.00,,,,,,
11463,2017-12-31T05:06:46Z,-34.27793333,148.34901667,2126.00,,,,,,
11464,2017-12-31T05:06:47Z,-34.27806667,148.34898333,2128.00,,,,,,
11465,2017-12-31T05:06:48Z,-34.27818333,148.34898333,2132.00,,,,,,
11466,2017-12-31T05:06:49Z,-34.27831667,148.34900000,2138.00,,,,,,
11467,2017-12-31T05:06:50Z,-34.27843333,148.34910000,2142.00,,,,,,
11468,2017-12-31T05:06:51Z,-34.27853333,148.34918333,2145.00,,,,,,
11469,2017-12-31T05:06:52Z,-34.27865000,148.34938333,2147.00,,,,,,
11470,2017-12-31T05:06:53Z,-34.27873333,148.34953333,2148.00,,,,,,
11471,2017-12-31T05:06:54Z,-34.27881667,148.34966667,2151.00,,,,,,
11472,2017-12-31T05:06:55Z,-34.27888333,148.34981667,2152.00,,,,,,
11473,2017-12-31T05:06:56Z,-34.27891667,148.34998333,2154.00,,,,,,
11474,2017-12-31T05:06:57Z,-34.27895000,148.35015000,2156.00,,,,,,
11475,2017-12-31T05:06:58Z,-34.27895000,148.35031667,2157.00,,,,,,
11476,2017-12-31T05:06:59Z,-34.27890000,148.35046667,2159.00,,,,,,
11477,2017-12-31T05:07:00Z,-34.27881667,148.35060000,2162.00,,,,,,
11478,2017-12-31T05:07:01Z,-34.27871667,148.35070000,2166.00,,,,,,
11479,2017-12-31T05:07:02Z,-34.27861667,148.35078333,2168.00,,,,,,
11480,2017-12-31T05:07:03Z,-34.27853333,148.35083333,2169.00,,,,,,
11481,2017-12-31T05:07:04Z,-34.27843333,148.35085000,2171.00,,,,,,
11482,2017-12-31T05:07:05Z,-34.27835000,148.35075000,2173.00,,,,,,
11483,2017-12-31T05:07:06Z,-34.27826667,148.35068333,2177.00,,,,,,
11484,2017-12-31T05:07:07Z,-34.27821667,148.35058333,2180.00,,,,,,
11485,2017-12-31T05:07:08Z,-34.27818333,148.35048333,2181.00,,,,,,
11486,2017-12-31T05:07:09Z,-34.27820000,148.35036667,2182.00,,,,,,
11487,2017-12-31T05:07:10Z,-34.27828333,148.35021667,2183.00,,,,,,
11488,2017-12-31T05:07:11Z,-34.27836667,148.35011667,2185.00,,,,,,
11489,2017-12-31T05:07:12Z,-34.27848333,148.35003333,2188.00,,,,,,
11490,2017-12-31T05:07:13Z,-34.27860000,148.34996667,2191.00,,,,,,
11491,2017-12-31T05:07:14Z,-34.27871667,148.34991667,2195.00,,,,,,
11492,2017-12-31T05:07:15Z,-34.27883333,148.35000000,2198.00,,,,,,
11493,2017-12-31T05:07:16Z,-34.27895000,148.35005000,2201.00,,,,,,
11494,2017-12-31T05:07:17Z,-34.27905000,148.35015000,2202.00,,,,,,
11495,2017-12-31T05:07:18Z,-34.27915000,148.35031667,2204.00,,,,,,
11496,2017-12-31T05:07:19Z,-34.27921667,148.35048333,2205.00,,,,,,
11497,2017-12-31T05:07:20Z,-34.27925000,148.35065000,2206.00,,,,,,
11498,2017-12-31T05:07:21Z,-34.27928333,148.35083333,2207.00,,,,,,
11499,2017-12-31T05:07:22Z,-34.27928333,148.35101667,2207.00,,,,,,
11500,2017-12-31T05:07:23Z,-34.27925000,148.35116667,2208.00,,,,,,
11501,2017-12-31T05:07:24Z,-34.27918333,148.35130000,2208.00,,,,,,
11502,2017-12-31T05:07:25Z,-34.27911667,148.35141667,2210.00,,,,,,
11503,2017-12-31T05:07:26Z,-34.27900000,148.35153333,2211.00,,,,,,
11504,2017-12-31T05:07:27Z,-34.27890000,148.35161667,2214.00,,,,,,
11505,2017-12-31T05:07:28Z,-34.27878333,148.35168333,2217.00,,,,,,
11506,2017-12-31T05:07:29Z,-34.27865000,148.35173333,2221.00,,,,,,
11507,2017-12-31T05:07:30Z,-34.27855000,148.35171667,2223.00,,,,,,
11508,2017-12-31T05:07:31Z,-34.27845000,148.35171667,2224.00,,,,,,
11509,2017-12-31T05:07:32Z,-34.27838333,148.35166667,2224.00,,,,,,
11510,2017-12-31T05:07:33Z,-34.27830000,148.35161667,2224.00,,,,,,
11511,2017-12-31T05:07:34Z,-34.27821667,148.35153333,2224.00,,,,,,
11512,2017-12-31T05:07:35Z,-34.27811667,148.35138333,2224.00,,,,,,
11513,2017-12-31T05:07:36Z,-34.27808333,148.35125000,2223.00,,,,,,
11514,2017-12-31T05:07:37Z,-34.27806667,148.35111667,2224.00,,,,,,
11515,2017-12-31T05:07:38Z,-34.27810000,148.35098333,2227.00,,,,,,
11516,2017-12-31T05:07:39Z,-34.27811667,148.35085000,2232.00,,,,,,
11517,2017-12-31T05:07:40Z,-34.27825000,148.35076667,2234.00,,,,,,
11518,2017-12-31T05:07:41Z,-34.27833333,148.35068333,2235.00,,,,,,
11519,2017-12-31T05:07:42Z,-34.27841667,148.35060000,2235.00,,,,,,
11520,2017-12-31T05:07:43Z,-34.27853333,148.35053333,2236.00,,,,,,
11521,2017-12-31T05:07:44Z,-34.27865000,148.35046667,2237.00,,,,,,
11522,2017-12-31T05:07:45Z,-34.27880000,148.35045000,2239.00,,,,,,
11523,2017-12-31T05:07:46Z,-34.27893333,148.35043333,2242.00,,,,,,
11524,2017-12-31T05:07:47Z,-34.27908333,148.35043333,2244.00,,,,,,
11525,2017-12-31T05:07:48Z,-34.27925000,148.35053333,2246.00,,,,,,
11526,2017-12-31T05:07:49Z,-34.27938333,148.35060000,2247.00,,,,,,
11527,2017-12-31T05:07:50Z,-34.27951667,148.35073333,2248.00,,,,,,
11528,2017-12-31T05:07:51Z,-34.27963333,148.35083333,2249.00,,,,,,
11529,2017-12-31T05:07:52Z,-34.27975000,148.35096667,2251.00,,,,,,
11530,2017-12-31T05:07:53Z,-34.27985000,148.35110000,2252.00,,,,,,
11531,2017-12-31T05:07:54Z,-34.27993333,148.35123333,2254.00,,,,,,
11532,2017-12-31T05:07:55Z,-34.28000000,148.35145000,2255.00,,,,,,
11533,2017-12-31T05:07:56Z,-34.28005000,148.35161667,2254.00,,,,,,
11534,2017-12-31T05:07:57Z,-34.28010000,148.35176667,2253.00,,,,,,
11535,2017-12-31T05:07:58Z,-34.28015000,148.35193333,2250.00,,,,,,
11536,2017-12-31T05:07:59Z,-34.28016667,148.35211667,2249.00,,,,,,
11537,2017-12-31T05:08:00Z,-34.28016667,148.35235000,2249.00,,,,,,
11538,2017-12-31T05:08:01Z,-34.28018333,148.35253333,2251.00,,,,,,
11539,2017-12-31T05:08:02Z,-34.28020000,148.35270000,2250.00,,,,,,
11540,2017-12-31T05:08:03Z,-34.28021667,148.35286667,2245.00,,,,,,
11541,2017-12-31T05:08:04Z,-34.28026667,148.35300000,2244.00,,,,,,
11542,2017-12-31T05:08:05Z,-34.28030000,148.35315000,2246.00,,,,,,
11543,2017-12-31T05:08:06Z,-34.28035000,148.35325000,2249.00,,,,,,
11544,2017-12-31T05:08:07Z,-34.28041667,148.35335000,2251.00,,,,,,
11545,2017-12-31T05:08:08Z,-34.28053333,148.35340000,2253.00,,,,,,
11546,2017-12-31T05:08:09Z,-34.28068333,148.35343333,2254.00,,,,,,
11547,2017-12-31T05:08:10Z,-34.28078333,148.35350000,2254.00,,,,,,
11548,2017-12-31T05:08:11Z,-34.28090000,148.35356667,2253.00,,,,,,
11549,2017-12-31T05:08:12Z,-34.28101667,148.35361667,2252.00,,,,,,
11550,2017-12-31T05:08:13Z,-34.28115000,148.35368333,2252.00,,,,,,
11551,2017-12-31T05:08:14Z,-34.28126667,148.35373333,2255.00,,,,,,
11552,2017-12-31T05:08:15Z,-34.28143333,148.35381667,2259.00,,,,,,
11553,2017-12-31T05:08:16Z,-34.28160000,148.35390000,2261.00,,,,,,
11554,2017-12-31T05:08:17Z,-34.28175000,148.35398333,2263.00,,,,,,
11555,2017-12-31T05:08:18Z,-34.28190000,148.35411667,2264.00,,,,,,
11556,2017-12-31T05:08:19Z,-34.28203333,148.35425000,2262.00,,,,,,
11557,2017-12-31T05:08:20Z,-34.28216667,148.35438333,2261.00,,,,,,
11558,2017-12-31T05:08:21Z,-34.28228333,148.35451667,2260.00,,,,,,
11559,2017-12-31T05:08:22Z,-34.28240000,148.35465000,2257.00,,,,,,
11560,2017-12-31T05:08:23Z,-34.28253333,148.35480000,2254.00,,,,,,
11561,2017-12-31T05:08:24Z,-34.28268333,148.35495000,2251.00,,,,,,
11562,2017-12-31T05:08:25Z,-34.28291667,148.35515000,2248.00,,,,,,
11563,2017-12-31T05:08:26Z,-34.28310000,148.35533333,2244.00,,,,,,
11564,2017-12-31T05:08:27Z,-34.28325000,148.35553333,2241.00,,,,,,
11565,2017-12-31T05:08:28Z,-34.28340000,148.35570000,2239.00,,,,,,
11566,2017-12-31T05:08:29Z,-34.28356667,148.35590000,2236.00,,,,,,
11567,2017-12-31T05:08:30Z,-34.28370000,148.35610000,2235.00,,,,,,
11568,2017-12-31T05:08:31Z,-34.28383333,148.35631667,2233.00,,,,,,
11569,2017-12-31T05:08:32Z,-34.28398333,148.35648333,2230.00,,,,,,
11570,2017-12-31T05:08:33Z,-34.28411667,148.35665000,2227.00,,,,,,
11571,2017-12-31T05:08:34Z,-34.28426667,148.35680000,2226.00,,,,,,
11572,2017-12-31T05:08:35Z,-34.28443333,148.35698333,2224.00,,,,,,
11573,2017-12-31T05:08:36Z,-34.28456667,148.35713333,2222.00,,,,,,
11574,2017-12-31T05:08:37Z,-34.28470000,148.35730000,2219.00,,,,,,
11575,2017-12-31T05:08:38Z,-34.28485000,148.35746667,2217.00,,,,,,
11576,2017-12-31T05:08:39Z,-34.28500000,148.35765000,2216.00,,,,,,
11577,2017-12-31T05:08:40Z,-34.28513333,148.35781667,2214.00,,,,,,
11578,2017-12-31T05:08:41Z,-34.28526667,148.35798333,2210.00,,,,,,
11579,2017-12-31T05:08:42Z,-34.28540000,148.35816667,2204.00,,,,,,
11580,2017-12-31T05:08:43Z,-34.28555000,148.35835000,2201.00,,,,,,
11581,2017-12-31T05:08:44Z,-34.28571667,148.35855000,2200.00,,,,,,
11582,2017-12-31T05:08:45Z,-34.28586667,148.35876667,2200.00,,,,,,
11583,2017-12-31T05:08:46Z,-34.28600000,148.35896667,2202.00,,,,,,
11584,2017-12-31T05:08:47Z,-34.28613333,148.35915000,2202.00,,,,,,
11585,2017-12-31T05:08:48Z,-34.28628333,148.35933333,2199.00,,,,,,
11586,2017-12-31T05:08:49Z,-34.28643333,148.35950000,2196.00,,,,,,
11587,2017-12-31T05:08:50Z,-34.28656667,148.35966667,2195.00,,,,,,
11588,2017-12-31T05:08:51Z,-34.28671667,148.35983333,2195.00,,,,,,
11589,2017-12-31T05:08:52Z,-34.28685000,148.36001667,2192.00,,,,,,
11590,2017-12-31T05:08:53Z,-34.28700000,148.36021667,2190.00,,,,,,
11591,2017-12-31T05:08:54Z,-34.28713333,148.36040000,2187.00,,,,,,
11592,2017-12-31T05:08:55Z,-34.28728333,148.36058333,2186.00,,,,,,
11593,2017-12-31T05:08:56Z,-34.28743333,148.36078333,2184.00,,,,,,
11594,2017-12-31T05:08:57Z,-34.28756667,148.36096667,2179.00,,,,,,
11595,2017-12-31T05:08:58Z,-34.28771667,148.36115000,2178.00,,,,,,
11596,2017-12-31T05:08:59Z,-34.28786667,148.36136667,2171.00,,,,,,
11597,2017-12-31T05:09:00Z,-34.28803333,148.36158333,2167.00,,,,,,
11598,2017-12-31T05:09:01Z,-34.28816667,148.36180000,2166.00,,,,,,
11599,2017-12-31T05:09:02Z,-34.28831667,148.36203333,2164.00,,,,,,
11600,2017-12-31T05:09:03Z,-34.28845000,148.36225000,2162.00,,,,,,
11601,2017-12-31T05:09:04Z,-34.28860000,148.36246667,2159.00,,,,,,
11602,2017-12-31T05:09:05Z,-34.28873333,148.36268333,2159.00,,,,,,
11603,2017-12-31T05:09:06Z,-34.28888333,148.36288333,2159.00,,,,,,
11604,2017-12-31T05:09:07Z,-34.28901667,148.36310000,2161.00,,,,,,
11605,2017-12-31T05:09:08Z,-34.28915000,148.36330000,2158.00,,,,,,
11606,2017-12-31T05:09:09Z,-34.28928333,148.36351667,2155.00,,,,,,
11607,2017-12-31T05:09:10Z,-34.28941667,148.36368333,2154.00,,,,,,
11608,2017-12-31T05:09:11Z,-34.28956667,148.36386667,2155.00,,,,,,
11609,2017-12-31T05:09:12Z,-34.28971667,148.36405000,2156.00,,,,,,
11610,2017-12-31T05:09:13Z,-34.28985000,148.36423333,2156.00,,,,,,
11611,2017-12-31T05:09:14Z,-34.28998333,148.36440000,2154.00,,,,,,
11612,2017-12-31T05:09:15Z,-34.29011667,148.36458333,2153.00,,,,,,
11613,2017-12-31T05:09:16Z,-34.29023333,148.36475000,2151.00,,,,,,
11614,2017-12-31T05:09:17Z,-34.29036667,148.36491667,2149.00,,,,,,
11615,2017-12-31T05:09:18Z,-34.29050000,148.36510000,2147.00,,,,,,
11616,2017-12-31T05:09:19Z,-34.29063333,148.36528333,2146.00,,,,,,
11617,2017-12-31T05:09:20Z,-34.29076667,148.36545000,2146.00,,,,,,
11618,2017-12-31T05:09:21Z,-34.29090000,148.36561667,2145.00,,,,,,
11619,2017-12-31T05:09:22Z,-34.29103333,148.36578333,2144.00,,,,,,
11620,2017-12-31T05:09:23Z,-34.29116667,148.36593333,2142.00,,,,,,
11621,2017-12-31T05:09:24Z,-34.29131667,148.36610000,2140.00,,,,,,
11622,2017-12-31T05:09:25Z,-34.29146667,148.36626667,2138.00,,,,,,
11623,2017-12-31T05:09:26Z,-34.29160000,148.36643333,2138.00,,,,,,
11624,2017-12-31T05:09:27Z,-34.29171667,148.36660000,2138.00,,,,,,
11625,2017-12-31T05:09:28Z,-34.29185000,148.36676667,2138.00,,,,,,
11626,2017-12-31T05:09:29Z,-34.29196667,148.36693333,2136.00,,,,,,
11627,2017-12-31T05:09:30Z,-34.29210000,148.36708333,2135.00,,,,,,
11628,2017-12-31T05:09:31Z,-34.29221667,148.36723333,2134.00,,,,,,
11629,2017-12-31T05:09:32Z,-34.29236667,148.36740000,2133.00,,,,,,
11630,2017-12-31T05:09:33Z,-34.29250000,148.36756667,2132.00,,,,,,
11631,2017-12-31T05:09:34Z,-34.29263333,148.36773333,2133.00,,,,,,
11632,2017-12-31T05:09:35Z,-34.29276667,148.36786667,2133.00,,,,,,
11633,2017-12-31T05:09:36Z,-34.29290000,148.36801667,2132.00,,,,,,
11634,2017-12-31T05:09:37Z,-34.29303333,148.36816667,2130.00,,,,,,
11635,2017-12-31T05:09:38Z,-34.29316667,148.36831667,2128.00,,,,,,
11636,2017-12-31T05:09:39Z,-34.29331667,148.36848333,2128.00,,,,,,
11637,2017-12-31T05:09:40Z,-34.29346667,148.36863333,2129.00,,,,,,
11638,2017-12-31T05:09:41Z,-34.29360000,148.36876667,2129.00,,,,,,
11639,2017-12-31T05:09:42Z,-34.29375000,148.36891667,2130.00,,,,,,
11640,2017-12-31T05:09:43Z,-34.29391667,148.36905000,2130.00,,,,,,
11641,2017-12-31T05:09:44Z,-34.29406667,148.36920000,2128.00,,,,,,
11642,2017-12-31T05:09:45Z,-34.29421667,148.36933333,2127.00,,,,,,
11643,2017-12-31T05:09:46Z,-34.29436667,148.36946667,2127.00,,,,,,
11644,2017-12-31T05:09:47Z,-34.29451667,148.36961667,2128.00,,,,,,
11645,2017-12-31T05:09:48Z,-34.29465000,148.36976667,2129.00,,,,,,
11646,2017-12-31T05:09:49Z,-34.29478333,148.36991667,2127.00,,,,,,
11647,2017-12-31T05:09:50Z,-34.29493333,148.37005000,2127.00,,,,,,
11648,2017-12-31T05:09:51Z,-34.29506667,148.37018333,2126.00,,,,,,
11649,2017-12-31T05:09:52Z,-34.29521667,148.37031667,2126.00,,,,,,
11650,2017-12-31T05:09:53Z,-34.29538333,148.37045000,2125.00,,,,,,
11651,2017-12-31T05:09:54Z,-34.29553333,148.37058333,2124.00,,,,,,
11652,2017-12-31T05:09:55Z,-34.29570000,148.37071667,2124.00,,,,,,
11653,2017-12-31T05:09:56Z,-34.29586667,148.37085000,2124.00,,,,,,
11654,2017-12-31T05:09:57Z,-34.29600000,148.37096667,2125.00,,,,,,
11655,2017-12-31T05:09:58Z,-34.29615000,148.37108333,2125.00,,,,,,
11656,2017-12-31T05:09:59Z,-34.29628333,148.37121667,2125.00,,,,,,
11657,2017-12-31T05:10:00Z,-34.29643333,148.37135000,2124.00,,,,,,
11658,2017-12-31T05:10:01Z,-34.29655000,148.37146667,2124.00,,,,,,
11659,2017-12-31T05:10:02Z,-34.29668333,148.37160000,2123.00,,,,,,
11660,2017-12-31T05:10:03Z,-34.29681667,148.37171667,2121.00,,,,,,
11661,2017-12-31T05:10:04Z,-34.29695000,148.37185000,2120.00,,,,,,
11662,2017-12-31T05:10:05Z,-34.29708333,148.37198333,2120.00,,,,,,
11663,2017-12-31T05:10:06Z,-34.29721667,148.37213333,2122.00,,,,,,
11664,2017-12-31T05:10:07Z,-34.29735000,148.37228333,2120.00,,,,,,
11665,2017-12-31T05:10:08Z,-34.29748333,148.37241667,2118.00,,,,,,
11666,2017-12-31T05:10:09Z,-34.29760000,148.37255000,2117.00,,,,,,
11667,2017-12-31T05:10:10Z,-34.29776667,148.37266667,2117.00,,,,,,
11668,2017-12-31T05:10:11Z,-34.29791667,148.37280000,2117.00,,,,,,
11669,2017-12-31T05:10:12Z,-34.29806667,148.37293333,2116.00,,,,,,
11670,2017-12-31T05:10:13Z,-34.29821667,148.37306667,2117.00,,,,,,
11671,2017-12-31T05:10:14Z,-34.29836667,148.37320000,2114.00,,,,,,
11672,2017-12-31T05:10:15Z,-34.29851667,148.37331667,2112.00,,,,,,
11673,2017-12-31T05:10:16Z,-34.29868333,148.37343333,2110.00,,,,,,
11674,2017-12-31T05:10:17Z,-34.29883333,148.37356667,2109.00,,,,,,
11675,2017-12-31T05:10:18Z,-34.29898333,148.37370000,2109.00,,,,,,
11676,2017-12-31T05:10:19Z,-34.29915000,148.37383333,2108.00,,,,,,
11677,2017-12-31T05:10:20Z,-34.29931667,148.37396667,2107.00,,,,,,
11678,2017-12-31T05:10:21Z,-34.29946667,148.37410000,2106.00,,,,,,
11679,2017-12-31T05:10:22Z,-34.29960000,148.37421667,2103.00,,,,,,
11680,2017-12-31T05:10:23Z,-34.29975000,148.37435000,2102.00,,,,,,
11681,2017-12-31T05:10:24Z,-34.29990000,148.37448333,2101.00,,,,,,
11682,2017-12-31T05:10:25Z,-34.30005000,148.37461667,2100.00,,,,,,
11683,2017-12-31T05:10:26Z,-34.30018333,148.37475000,2099.00,,,,,,
11684,2017-12-31T05:10:27Z,-34.30031667,148.37488333,2098.00,,,,,,
11685,2017-12-31T05:10:28Z,-34.30045000,148.37500000,2097.00,,,,,,
11686,2017-12-31T05:10:29Z,-34.30056667,148.37513333,2095.00,,,,,,
11687,2017-12-31T05:10:30Z,-34.30070000,148.37525000,2093.00,,,,,,
11688,2017-12-31T05:10:31Z,-34.30081667,148.37538333,2091.00,,,,,,
11689,2017-12-31T05:10:32Z,-34.30095000,148.37551667,2089.00,,,,,,
11690,2017-12-31T05:10:33Z,-34.30106667,148.37565000,2088.00,,,,,,
11691,2017-12-31T05:10:34Z,-34.30118333,148.37578333,2087.00,,,,,,
11692,2017-12-31T05:10:35Z,-34.30130000,148.37593333,2085.00,,,,,,
11693,2017-12-31T05:10:36Z,-34.30143333,148.37606667,2083.00,,,,,,
11694,2017-12-31T05:10:37Z,-34.30155000,148.37620000,2081.00,,,,,,
11695,2017-12-31T05:10:38Z,-34.30168333,148.37635000,2077.00,,,,,,
11696,2017-12-31T05:10:39Z,-34.30181667,148.37648333,2074.00,,,,,,
11697,2017-12-31T05:10:40Z,-34.30196667,148.37660000,2072.00,,,,,,
11698,2017-12-31T05:10:41Z,-34.30211667,148.37671667,2070.00,,,,,,
11699,2017-12-31T05:10:42Z,-34.30226667,148.37680000,2069.00,,,,,,
11700,2017-12-31T05:10:43Z,-34.30241667,148.37690000,2067.00,,,,,,
11701,2017-12-31T05:10:44Z,-34.30258333,148.37696667,2065.00,,,,,,
11702,2017-12-31T05:10:45Z,-34.30273333,148.37703333,2062.00,,,,,,
11703,2017-12-31T05:10:46Z,-34.30291667,148.37710000,2061.00,,,,,,
11704,2017-12-31T05:10:47Z,-34.30308333,148.37715000,2060.00,,,,,,
11705,2017-12-31T05:10:48Z,-34.30325000,148.37721667,2056.00,,,,,,
11706,2017-12-31T05:10:49Z,-34.30343333,148.37728333,2052.00,,,,,,
11707,2017-12-31T05:10:50Z,-34.30360000,148.37733333,2050.00,,,,,,
11708,2017-12-31T05:10:51Z,-34.30378333,148.37741667,2047.00,,,,,,
11709,2017-12-31T05:10:52Z,-34.30395000,148.37748333,2046.00,,,,,,
11710,2017-12-31T05:10:53Z,-34.30413333,148.37758333,2044.00,,,,,,
11711,2017-12-31T05:10:54Z,-34.30431667,148.37766667,2041.00,,,,,,
11712,2017-12-31T05:10:55Z,-34.30450000,148.37775000,2039.00,,,,,,
11713,2017-12-31T05:10:56Z,-34.30468333,148.37786667,2036.00,,,,,,
11714,2017-12-31T05:10:57Z,-34.30485000,148.37796667,2035.00,,,,,,
11715,2017-12-31T05:10:58Z,-34.30503333,148.37808333,2034.00,,,,,,
11716,2017-12-31T05:10:59Z,-34.30520000,148.37821667,2031.00,,,,,,
11717,2017-12-31T05:11:00Z,-34.30536667,148.37835000,2028.00,,,,,,
11718,2017-12-31T05:11:01Z,-34.30553333,148.37850000,2026.00,,,,,,
11719,2017-12-31T05:11:02Z,-34.30571667,148.37863333,2025.00,,,,,,
11720,2017-12-31T05:11:03Z,-34.30586667,148.37878333,2024.00,,,,,,
11721,2017-12-31T05:11:04Z,-34.30603333,148.37893333,2022.00,,,,,,
11722,2017-12-31T05:11:05Z,-34.30620000,148.37910000,2021.00,,,,,,
11723,2017-12-31T05:11:06Z,-34.30636667,148.37925000,2020.00,,,,,,
11724,2017-12-31T05:11:07Z,-34.30651667,148.37941667,2018.00,,,,,,
11725,2017-12-31T05:11:08Z,-34.30668333,148.37956667,2016.00,,,,,,
11726,2017-12-31T05:11:09Z,-34.30685000,148.37971667,2013.00,,,,,,
11727,2017-12-31T05:11:10Z,-34.30701667,148.37986667,2013.00,,,,,,
11728,2017-12-31T05:11:11Z,-34.30718333,148.38000000,2013.00,,,,,,
11729,2017-12-31T05:11:12Z,-34.30735000,148.38013333,2011.00,,,,,,
11730,2017-12-31T05:11:13Z,-34.30751667,148.38026667,2009.00,,,,,,
11731,2017-12-31T05:11:14Z,-34.30768333,148.38040000,2006.00,,,,,,
11732,2017-12-31T05:11:15Z,-34.30783333,148.38055000,2005.00,,,,,,
11733,2017-12-31T05:11:16Z,-34.30800000,148.38070000,2003.00,,,,,,
11734,2017-12-31T05:11:17Z,-34.30816667,148.38085000,2001.00,,,,,,
11735,2017-12-31T05:11:18Z,-34.30835000,148.38098333,2000.00,,,,,,
11736,2017-12-31T05:11:19Z,-34.30851667,148.38113333,1999.00,,,,,,
11737,2017-12-31T05:11:20Z,-34.30868333,148.38126667,1999.00,,,,,,
11738,2017-12-31T05:11:21Z,-34.30885000,148.38141667,1998.00,,,,,,
11739,2017-12-31T05:11:22Z,-34.30900000,148.38155000,1998.00,,,,,,
11740,2017-12-31T05:11:23Z,-34.30916667,148.38170000,1997.00,,,,,,
11741,2017-12-31T05:11:24Z,-34.30933333,148.38183333,1995.00,,,,,,
11742,2017-12-31T05:11:25Z,-34.30950000,148.38198333,1994.00,,,,,,
11743,2017-12-31T05:11:26Z,-34.30966667,148.38213333,1995.00,,,,,,
11744,2017-12-31T05:11:27Z,-34.30983333,148.38228333,1997.00,,,,,,
11745,2017-12-31T05:11:28Z,-34.31000000,148.38243333,1997.00,,,,,,
11746,2017-12-31T05:11:29Z,-34.31016667,148.38258333,1996.00,,,,,,
11747,2017-12-31T05:11:30Z,-34.31031667,148.38271667,1994.00,,,,,,
11748,2017-12-31T05:11:31Z,-34.31048333,148.38286667,1993.00,,,,,,
11749,2017-12-31T05:11:32Z,-34.31063333,148.38303333,1990.00,,,,,,
11750,2017-12-31T05:11:33Z,-34.31080000,148.38318333,1989.00,,,,,,
11751,2017-12-31T05:11:34Z,-34.31095000,148.38336667,1988.00,,,,,,
11752,2017-12-31T05:11:35Z,-34.31110000,148.38356667,1988.00,,,,,,
11753,2017-12-31T05:11:36Z,-34.31125000,148.38376667,1987.00,,,,,,
11754,2017-12-31T05:11:37Z,-34.31140000,148.38398333,1985.00,,,,,,
11755,2017-12-31T05:11:38Z,-34.31155000,148.38420000,1983.00,,,,,,
11756,2017-12-31T05:11:39Z,-34.31171667,148.38440000,1979.00,,,,,,
11757,2017-12-31T05:11:40Z,-34.31190000,148.38461667,1978.00,,,,,,
11758,2017-12-31T05:11:41Z,-34.31206667,148.38480000,1978.00,,,,,,
11759,2017-12-31T05:11:42Z,-34.31225000,148.38496667,1977.00,,,,,,
11760,2017-12-31T05:11:43Z,-34.31243333,148.38513333,1979.00,,,,,,
11761,2017-12-31T05:11:44Z,-34.31261667,148.38530000,1978.00,,,,,,
11762,2017-12-31T05:11:45Z,-34.31278333,148.38545000,1977.00,,,,,,
11763,2017-12-31T05:11:46Z,-34.31295000,148.38560000,1976.00,,,,,,
11764,2017-12-31T05:11:47Z,-34.31311667,148.38575000,1974.00,,,,,,
11765,2017-12-31T05:11:48Z,-34.31330000,148.38590000,1972.00,,,,,,
11766,2017-12-31T05:11:49Z,-34.31345000,148.38605000,1970.00,,,,,,
11767,2017-12-31T05:11:50Z,-34.31361667,148.38620000,1968.00,,,,,,
11768,2017-12-31T05:11:51Z,-34.31378333,148.38636667,1966.00,,,,,,
11769,2017-12-31T05:11:52Z,-34.31395000,148.38651667,1963.00,,,,,,
11770,2017-12-31T05:11:53Z,-34.31411667,148.38668333,1961.00,,,,,,
11771,2017-12-31T05:11:54Z,-34.31426667,148.38685000,1959.00,,,,,,
11772,2017-12-31T05:11:55Z,-34.31443333,148.38703333,1958.00,,,,,,
11773,2017-12-31T05:11:56Z,-34.31460000,148.38721667,1954.00,,,,,,
11774,2017-12-31T05:11:57Z,-34.31476667,148.38738333,1951.00,,,,,,
11775,2017-12-31T05:11:58Z,-34.31493333,148.38755000,1949.00,,,,,,
11776,2017-12-31T05:11:59Z,-34.31510000,148.38771667,1948.00,,,,,,
11777,2017-12-31T05:12:00Z,-34.31528333,148.38786667,1948.00,,,,,,
11778,2017-12-31T05:12:01Z,-34.31543333,148.38803333,1948.00,,,,,,
11779,2017-12-31T05:12:02Z,-34.31561667,148.38820000,1946.00,,,,,,
11780,2017-12-31T05:12:03Z,-34.31578333,148.38836667,1945.00,,,,,,
11781,2017-12-31T05:12:04Z,-34.31595000,148.38851667,1942.00,,,,,,
11782,2017-12-31T05:12:05Z,-34.31611667,148.38868333,1940.00,,,,,,
11783,2017-12-31T05:12:06Z,-34.31626667,148.38885000,1938.00,,,,,,
11784,2017-12-31T05:12:07Z,-34.31643333,148.38901667,1937.00,,,,,,
11785,2017-12-31T05:12:08Z,-34.31658333,148.38920000,1934.00,,,,,,
11786,2017-12-31T05:12:09Z,-34.31673333,148.38936667,1932.00,,,,,,
11787,2017-12-31T05:12:10Z,-34.31688333,148.38953333,1930.00,,,,,,
11788,2017-12-31T05:12:11Z,-34.31703333,148.38971667,1926.00,,,,,,
11789,2017-12-31T05:12:12Z,-34.31718333,148.38991667,1923.00,,,,,,
11790,2017-12-31T05:12:13Z,-34.31735000,148.39010000,1921.00,,,,,,
11791,2017-12-31T05:12:14Z,-34.31751667,148.39028333,1921.00,,,,,,
11792,2017-12-31T05:12:15Z,-34.31768333,148.39048333,1919.00,,,,,,
11793,2017-12-31T05:12:16Z,-34.31785000,148.39066667,1916.00,,,,,,
11794,2017-12-31T05:12:17Z,-34.31801667,148.39085000,1914.00,,,,,,
11795,2017-12-31T05:12:18Z,-34.31820000,148.39101667,1913.00,,,,,,
11796,2017-12-31T05:12:19Z,-34.31836667,148.39118333,1913.00,,,,,,
11797,2017-12-31T05:12:20Z,-34.31855000,148.39136667,1913.00,,,,,,
11798,2017-12-31T05:12:21Z,-34.31873333,148.39153333,1911.00,,,,,,
11799,2017-12-31T05:12:22Z,-34.31891667,148.39170000,1913.00,,,,,,
11800,2017-12-31T05:12:23Z,-34.31908333,148.39185000,1908.00,,,,,,
11801,2017-12-31T05:12:24Z,-34.31926667,148.39200000,1905.00,,,,,,
11802,2017-12-31T05:12:25Z,-34.31943333,148.39213333,1904.00,,,,,,
11803,2017-12-31T05:12:26Z,-34.31961667,148.39228333,1903.00,,,,,,
11804,2017-12-31T05:12:27Z,-34.31978333,148.39241667,1904.00,,,,,,
11805,2017-12-31T05:12:28Z,-34.31995000,148.39255000,1904.00,,,,,,
11806,2017-12-31T05:12:29Z,-34.32011667,148.39268333,1903.00,,,,,,
11807,2017-12-31T05:12:30Z,-34.32026667,148.39281667,1902.00,,,,,,
11808,2017-12-31T05:12:31Z,-34.32041667,148.39293333,1897.00,,,,,,
11809,2017-12-31T05:12:32Z,-34.32056667,148.39306667,1893.00,,,,,,
11810,2017-12-31T05:12:33Z,-34.32071667,148.39321667,1892.00,,,,,,
11811,2017-12-31T05:12:34Z,-34.32088333,148.39336667,1891.00,,,,,,
11812,2017-12-31T05:12:35Z,-34.32103333,148.39353333,1889.00,,,,,,
11813,2017-12-31T05:12:36Z,-34.32120000,148.39366667,1886.00,,,,,,
11814,2017-12-31T05:12:37Z,-34.32136667,148.39383333,1883.00,,,,,,
11815,2017-12-31T05:12:38Z,-34.32153333,148.39398333,1881.00,,,,,,
11816,2017-12-31T05:12:39Z,-34.32168333,148.39415000,1878.00,,,,,,
11817,2017-12-31T05:12:40Z,-34.32186667,148.39431667,1877.00,,,,,,
11818,2017-12-31T05:12:41Z,-34.32203333,148.39446667,1875.00,,,,,,
11819,2017-12-31T05:12:42Z,-34.32220000,148.39461667,1873.00,,,,,,
11820,2017-12-31T05:12:43Z,-34.32236667,148.39476667,1870.00,,,,,,
11821,2017-12-31T05:12:44Z,-34.32251667,148.39491667,1867.00,,,,,,
11822,2017-12-31T05:12:45Z,-34.32268333,148.39505000,1865.00,,,,,,
11823,2017-12-31T05:12:46Z,-34.32285000,148.39520000,1865.00,,,,,,
11824,2017-12-31T05:12:47Z,-34.32300000,148.39536667,1864.00,,,,,,
11825,2017-12-31T05:12:48Z,-34.32315000,148.39551667,1863.00,,,,,,
11826,2017-12-31T05:12:49Z,-34.32330000,148.39565000,1861.00,,,,,,
11827,2017-12-31T05:12:50Z,-34.32345000,148.39580000,1860.00,,,,,,
11828,2017-12-31T05:12:51Z,-34.32360000,148.39595000,1858.00,,,,,,
11829,2017-12-31T05:12:52Z,-34.32375000,148.39610000,1858.00,,,,,,
11830,2017-12-31T05:12:53Z,-34.32388333,148.39623333,1858.00,,,,,,
11831,2017-12-31T05:12:54Z,-34.32403333,148.39638333,1855.00,,,,,,
11832,2017-12-31T05:12:55Z,-34.32416667,148.39651667,1854.00,,,,,,
11833,2017-12-31T05:12:56Z,-34.32430000,148.39665000,1850.00,,,,,,
11834,2017-12-31T05:12:57Z,-34.32445000,148.39680000,1847.00,,,,,,
11835,2017-12-31T05:12:58Z,-34.32458333,148.39695000,1843.00,,,,,,
11836,2017-12-31T05:12:59Z,-34.32470000,148.39710000,1840.00,,,,,,
11837,2017-12-31T05:13:00Z,-34.32483333,148.39726667,1838.00,,,,,,
11838,2017-12-31T05:13:01Z,-34.32496667,148.39743333,1837.00,,,,,,
11839,2017-12-31T05:13:02Z,-34.32510000,148.39760000,1835.00,,,,,,
11840,2017-12-31T05:13:03Z,-34.32523333,148.39776667,1833.00,,,,,,
11841,2017-12-31T05:13:04Z,-34.32538333,148.39793333,1828.00,,,,,,
11842,2017-12-31T05:13:05Z,-34.32553333,148.39808333,1826.00,,,,,,
11843,2017-12-31T05:13:06Z,-34.32568333,148.39825000,1827.00,,,,,,
11844,2017-12-31T05:13:07Z,-34.32583333,148.39840000,1827.00,,,,,,
11845,2017-12-31T05:13:08Z,-34.32598333,148.39855000,1825.00,,,,,,
11846,2017-12-31T05:13:09Z,-34.32613333,148.39868333,1820.00,,,,,,
11847,2017-12-31T05:13:10Z,-34.32628333,148.39883333,1817.00,,,,,,
11848,2017-12-31T05:13:11Z,-34.32643333,148.39898333,1815.00,,,,,,
11849,2017-12-31T05:13:12Z,-34.32660000,148.39911667,1815.00,,,,,,
11850,2017-12-31T05:13:13Z,-34.32676667,148.39926667,1814.00,,,,,,
11851,2017-12-31T05:13:14Z,-34.32693333,148.39940000,1811.00,,,,,,
11852,2017-12-31T05:13:15Z,-34.32710000,148.39955000,1810.00,,,,,,
11853,2017-12-31T05:13:16Z,-34.32726667,148.39970000,1811.00,,,,,,
11854,2017-12-31T05:13:17Z,-34.32741667,148.39983333,1811.00,,,,,,
11855,2017-12-31T05:13:18Z,-34.32756667,148.39998333,1811.00,,,,,,
11856,2017-12-31T05:13:19Z,-34.32771667,148.40011667,1809.00,,,,,,
11857,2017-12-31T05:13:20Z,-34.32785000,148.40023333,1808.00,,,,,,
11858,2017-12-31T05:13:21Z,-34.32800000,148.40036667,1807.00,,,,,,
11859,2017-12-31T05:13:22Z,-34.32813333,148.40048333,1805.00,,,,,,
11860,2017-12-31T05:13:23Z,-34.32828333,148.40061667,1803.00,,,,,,
11861,2017-12-31T05:13:24Z,-34.32841667,148.40073333,1802.00,,,,,,
11862,2017-12-31T05:13:25Z,-34.32855000,148.40086667,1801.00,,,,,,
11863,2017-12-31T05:13:26Z,-34.32868333,148.40100000,1802.00,,,,,,
11864,2017-12-31T05:13:27Z,-34.32880000,148.40111667,1803.00,,,,,,
11865,2017-12-31T05:13:28Z,-34.32893333,148.40123333,1798.00,,,,,,
11866,2017-12-31T05:13:29Z,-34.32906667,148.40135000,1788.00,,,,,,
11867,2017-12-31T05:13:30Z,-34.32923333,148.40146667,1785.00,,,,,,
11868,2017-12-31T05:13:31Z,-34.32940000,148.40156667,1785.00,,,,,,
11869,2017-12-31T05:13:32Z,-34.32955000,148.40166667,1787.00,,,,,,
11870,2017-12-31T05:13:33Z,-34.32971667,148.40176667,1786.00,,,,,,
11871,2017-12-31T05:13:34Z,-34.32986667,148.40186667,1784.00,,,,,,
11872,2017-12-31T05:13:35Z,-34.33001667,148.40196667,1783.00,,,,,,
11873,2017-12-31T05:13:36Z,-34.33016667,148.40208333,1780.00,,,,,,
11874,2017-12-31T05:13:37Z,-34.33031667,148.40220000,1777.00,,,,,,
11875,2017-12-31T05:13:38Z,-34.33046667,148.40233333,1774.00,,,,,,
11876,2017-12-31T05:13:39Z,-34.33061667,148.40246667,1775.00,,,,,,
11877,2017-12-31T05:13:40Z,-34.33075000,148.40263333,1775.00,,,,,,
11878,2017-12-31T05:13:41Z,-34.33090000,148.40278333,1771.00,,,,,,
11879,2017-12-31T05:13:42Z,-34.33105000,148.40293333,1767.00,,,,,,
11880,2017-12-31T05:13:43Z,-34.33118333,148.40308333,1764.00,,,,,,
11881,2017-12-31T05:13:44Z,-34.33133333,148.40323333,1761.00,,,,,,
11882,2017-12-31T05:13:45Z,-34.33148333,148.40336667,1758.00,,,,,,
11883,2017-12-31T05:13:46Z,-34.33163333,148.40351667,1757.00,,,,,,
11884,2017-12-31T05:13:47Z,-34.33180000,148.40365000,1754.00,,,,,,
11885,2017-12-31T05:13:48Z,-34.33195000,148.40380000,1749.00,,,,,,
11886,2017-12-31T05:13:49Z,-34.33210000,148.40395000,1744.00,,,,,,
11887,2017-12-31T05:13:50Z,-34.33225000,148.40410000,1743.00,,,,,,
11888,2017-12-31T05:13:51Z,-34.33240000,148.40426667,1741.00,,,,,,
11889,2017-12-31T05:13:52Z,-34.33253333,148.40443333,1739.00,,,,,,
11890,2017-12-31T05:13:53Z,-34.33268333,148.40460000,1739.00,,,,,,
11891,2017-12-31T05:13:54Z,-34.33281667,148.40476667,1737.00,,,,,,
11892,2017-12-31T05:13:55Z,-34.33295000,148.40491667,1734.00,,,,,,
11893,2017-12-31T05:13:56Z,-34.33308333,148.40505000,1731.00,,,,,,
11894,2017-12-31T05:13:57Z,-34.33321667,148.40520000,1728.00,,,,,,
11895,2017-12-31T05:13:58Z,-34.33335000,148.40535000,1726.00,,,,,,
11896,2017-12-31T05:13:59Z,-34.33350000,148.40551667,1726.00,,,,,,
11897,2017-12-31T05:14:00Z,-34.33363333,148.40566667,1724.00,,,,,,
11898,2017-12-31T05:14:01Z,-34.33376667,148.40581667,1723.00,,,,,,
11899,2017-12-31T05:14:02Z,-34.33391667,148.40595000,1720.00,,,,,,
11900,2017-12-31T05:14:03Z,-34.33406667,148.40610000,1718.00,,,,,,
11901,2017-12-31T05:14:04Z,-34.33421667,148.40625000,1715.00,,,,,,
11902,2017-12-31T05:14:05Z,-34.33436667,148.40640000,1714.00,,,,,,
11903,2017-12-31T05:14:06Z,-34.33450000,148.40656667,1711.00,,,,,,
11904,2017-12-31T05:14:07Z,-34.33465000,148.40671667,1709.00,,,,,,
11905,2017-12-31T05:14:08Z,-34.33480000,148.40686667,1709.00,,,,,,
11906,2017-12-31T05:14:09Z,-34.33493333,148.40701667,1708.00,,,,,,
11907,2017-12-31T05:14:10Z,-34.33506667,148.40716667,1707.00,,,,,,
11908,2017-12-31T05:14:11Z,-34.33518333,148.40730000,1703.00,,,,,,
11909,2017-12-31T05:14:12Z,-34.33531667,148.40745000,1699.00,,,,,,
11910,2017-12-31T05:14:13Z,-34.33546667,148.40761667,1694.00,,,,,,
11911,2017-12-31T05:14:14Z,-34.33561667,148.40778333,1691.00,,,,,,
11912,2017-12-31T05:14:15Z,-34.33578333,148.40793333,1688.00,,,,,,
11913,2017-12-31T05:14:16Z,-34.33595000,148.40810000,1685.00,,,,,,
11914,2017-12-31T05:14:17Z,-34.33610000,148.40825000,1684.00,,,,,,
11915,2017-12-31T05:14:18Z,-34.33626667,148.40840000,1682.00,,,,,,
11916,2017-12-31T05:14:19Z,-34.33643333,148.40855000,1678.00,,,,,,
11917,2017-12-31T05:14:20Z,-34.33660000,148.40870000,1676.00,,,,,,
11918,2017-12-31T05:14:21Z,-34.33676667,148.40883333,1674.00,,,,,,
11919,2017-12-31T05:14:22Z,-34.33691667,148.40900000,1672.00,,,,,,
11920,2017-12-31T05:14:23Z,-34.33706667,148.40915000,1671.00,,,,,,
11921,2017-12-31T05:14:24Z,-34.33723333,148.40931667,1669.00,,,,,,
11922,2017-12-31T05:14:25Z,-34.33736667,148.40950000,1667.00,,,,,,
11923,2017-12-31T05:14:26Z,-34.33751667,148.40966667,1666.00,,,,,,
11924,2017-12-31T05:14:27Z,-34.33766667,148.40985000,1666.00,,,,,,
11925,2017-12-31T05:14:28Z,-34.33781667,148.41001667,1665.00,,,,,,
11926,2017-12-31T05:14:29Z,-34.33796667,148.41020000,1664.00,,,,,,
11927,2017-12-31T05:14:30Z,-34.33810000,148.41036667,1663.00,,,,,,
11928,2017-12-31T05:14:31Z,-34.33823333,148.41053333,1660.00,,,,,,
11929,2017-12-31T05:14:32Z,-34.33838333,148.41070000,1654.00,,,,,,
11930,2017-12-31T05:14:33Z,-34.33853333,148.41088333,1651.00,,,,,,
11931,2017-12-31T05:14:34Z,-34.33868333,148.41106667,1652.00,,,,,,
11932,2017-12-31T05:14:35Z,-34.33883333,148.41126667,1651.00,,,,,,
11933,2017-12-31T05:14:36Z,-34.33896667,148.41146667,1651.00,,,,,,
11934,2017-12-31T05:14:37Z,-34.33911667,148.41165000,1650.00,,,,,,
11935,2017-12-31T05:14:38Z,-34.33928333,148.41181667,1648.00,,,,,,
11936,2017-12-31T05:14:39Z,-34.33943333,148.41196667,1645.00,,,,,,
11937,2017-12-31T05:14:40Z,-34.33960000,148.41211667,1646.00,,,,,,
11938,2017-12-31T05:14:41Z,-34.33975000,148.41228333,1646.00,,,,,,
11939,2017-12-31T05:14:42Z,-34.33990000,148.41245000,1645.00,,,,,,
11940,2017-12-31T05:14:43Z,-34.34005000,148.41260000,1642.00,,,,,,
11941,2017-12-31T05:14:44Z,-34.34018333,148.41276667,1633.00,,,,,,
11942,2017-12-31T05:14:45Z,-34.34031667,148.41295000,1627.00,,,,,,
11943,2017-12-31T05:14:46Z,-34.34046667,148.41310000,1625.00,,,,,,
11944,2017-12-31T05:14:47Z,-34.34061667,148.41328333,1623.00,,,,,,
11945,2017-12-31T05:14:48Z,-34.34076667,148.41348333,1625.00,,,,,,
11946,2017-12-31T05:14:49Z,-34.34091667,148.41370000,1625.00,,,,,,
11947,2017-12-31T05:14:50Z,-34.34106667,148.41391667,1623.00,,,,,,
11948,2017-12-31T05:14:51Z,-34.34121667,148.41411667,1621.00,,,,,,
11949,2017-12-31T05:14:52Z,-34.34136667,148.41433333,1621.00,,,,,,
11950,2017-12-31T05:14:53Z,-34.34151667,148.41453333,1624.00,,,,,,
11951,2017-12-31T05:14:54Z,-34.34168333,148.41471667,1622.00,,,,,,
11952,2017-12-31T05:14:55Z,-34.34181667,148.41490000,1621.00,,,,,,
11953,2017-12-31T05:14:56Z,-34.34195000,148.41506667,1619.00,,,,,,
11954,2017-12-31T05:14:57Z,-34.34208333,148.41525000,1617.00,,,,,,
11955,2017-12-31T05:14:58Z,-34.34221667,148.41543333,1613.00,,,,,,
11956,2017-12-31T05:14:59Z,-34.34233333,148.41560000,1609.00,,,,,,
11957,2017-12-31T05:15:00Z,-34.34246667,148.41576667,1607.00,,,,,,
11958,2017-12-31T05:15:01Z,-34.34260000,148.41593333,1606.00,,,,,,
11959,2017-12-31T05:15:02Z,-34.34271667,148.41611667,1603.00,,,,,,
11960,2017-12-31T05:15:03Z,-34.34283333,148.41631667,1601.00,,,,,,
11961,2017-12-31T05:15:04Z,-34.34293333,148.41653333,1598.00,,,,,,
11962,2017-12-31T05:15:05Z,-34.34303333,148.41675000,1595.00,,,,,,
11963,2017-12-31T05:15:06Z,-34.34311667,148.41696667,1591.00,,,,,,
11964,2017-12-31T05:15:07Z,-34.34321667,148.41716667,1589.00,,,,,,
11965,2017-12-31T05:15:08Z,-34.34333333,148.41735000,1586.00,,,,,,
11966,2017-12-31T05:15:09Z,-34.34345000,148.41751667,1583.00,,,,,,
11967,2017-12-31T05:15:10Z,-34.34356667,148.41766667,1581.00,,,,,,
11968,2017-12-31T05:15:11Z,-34.34368333,148.41783333,1577.00,,,,,,
11969,2017-12-31T05:15:12Z,-34.34380000,148.41800000,1575.00,,,,,,
11970,2017-12-31T05:15:13Z,-34.34391667,148.41816667,1576.00,,,,,,
11971,2017-12-31T05:15:14Z,-34.34401667,148.41835000,1573.00,,,,,,
11972,2017-12-31T05:15:15Z,-34.34411667,148.41855000,1568.00,,,,,,
11973,2017-12-31T05:15:16Z,-34.34423333,148.41873333,1567.00,,,,,,
11974,2017-12-31T05:15:17Z,-34.34433333,148.41893333,1569.00,,,,,,
11975,2017-12-31T05:15:18Z,-34.34443333,148.41911667,1571.00,,,,,,
11976,2017-12-31T05:15:19Z,-34.34451667,148.41931667,1572.00,,,,,,
11977,2017-12-31T05:15:20Z,-34.34461667,148.41948333,1573.00,,,,,,
11978,2017-12-31T05:15:21Z,-34.34471667,148.41966667,1574.00,,,,,,
11979,2017-12-31T05:15:22Z,-34.34481667,148.41988333,1578.00,,,,,,
11980,2017-12-31T05:15:23Z,-34.34491667,148.42010000,1585.00,,,,,,
11981,2017-12-31T05:15:24Z,-34.34500000,148.42031667,1590.00,,,,,,
11982,2017-12-31T05:15:25Z,-34.34513333,148.42051667,1593.00,,,,,,
11983,2017-12-31T05:15:26Z,-34.34526667,148.42071667,1599.00,,,,,,
11984,2017-12-31T05:15:27Z,-34.34538333,148.42091667,1606.00,,,,,,
11985,2017-12-31T05:15:28Z,-34.34546667,148.42111667,1611.00,,,,,,
11986,2017-12-31T05:15:29Z,-34.34546667,148.42133333,1618.00,,,,,,
11987,2017-12-31T05:15:30Z,-34.34541667,148.42150000,1624.00,,,,,,
11988,2017-12-31T05:15:31Z,-34.34533333,148.42165000,1628.00,,,,,,
11989,2017-12-31T05:15:32Z,-34.34521667,148.42171667,1631.00,,,,,,
11990,2017-12-31T05:15:33Z,-34.34511667,148.42170000,1636.00,,,,,,
11991,2017-12-31T05:15:34Z,-34.34503333,148.42161667,1641.00,,,,,,
11992,2017-12-31T05:15:35Z,-34.34498333,148.42150000,1647.00,,,,,,
11993,2017-12-31T05:15:36Z,-34.34500000,148.42140000,1654.00,,,,,,
11994,2017-12-31T05:15:37Z,-34.34506667,148.42131667,1659.00,,,,,,
11995,2017-12-31T05:15:38Z,-34.34516667,148.42128333,1665.00,,,,,,
11996,2017-12-31T05:15:39Z,-34.34528333,148.42128333,1670.00,,,,,,
11997,2017-12-31T05:15:40Z,-34.34540000,148.42130000,1672.00,,,,,,
11998,2017-12-31T05:15:41Z,-34.34551667,148.42138333,1674.00,,,,,,
11999,2017-12-31T05:15:42Z,-34.34560000,148.42148333,1677.00,,,,,,
12000,2017-12-31T05:15:43Z,-34.34565000,148.42163333,1682.00,,,,,,
12001,2017-12-31T05:15:44Z,-34.34563333,148.42183333,1688.00,,,,,,
12002,2017-12-31T05:15:45Z,-34.34558333,148.42200000,1692.00,,,,,,
12003,2017-12-31T05:15:46Z,-34.34550000,148.42215000,1695.00,,,,,,
12004,2017-12-31T05:15:47Z,-34.34541667,148.42228333,1699.00,,,,,,
12005,2017-12-31T05:15:48Z,-34.34530000,148.42240000,1703.00,,,,,,
12006,2017-12-31T05:15:49Z,-34.34520000,148.42245000,1707.00,,,,,,
12007,2017-12-31T05:15:50Z,-34.34510000,148.42243333,1709.00,,,,,,
12008,2017-12-31T05:15:51Z,-34.34500000,148.42241667,1713.00,,,,,,
12009,2017-12-31T05:15:52Z,-34.34491667,148.42236667,1720.00,,,,,,
12010,2017-12-31T05:15:53Z,-34.34485000,148.42228333,1726.00,,,,,,
12011,2017-12-31T05:15:54Z,-34.34480000,148.42221667,1732.00,,,,,,
12012,2017-12-31T05:15:55Z,-34.34488333,148.42211667,1735.00,,,,,,
12013,2017-12-31T05:15:56Z,-34.34488333,148.42205000,1739.00,,,,,,
12014,2017-12-31T05:15:57Z,-34.34493333,148.42201667,1742.00,,,,,,
12015,2017-12-31T05:15:58Z,-34.34510000,148.42206667,1747.00,,,,,,
12016,2017-12-31T05:15:59Z,-34.34520000,148.42213333,1753.00,,,,,,
12017,2017-12-31T05:16:00Z,-34.34526667,148.42223333,1757.00,,,,,,
12018,2017-12-31T05:16:01Z,-34.34531667,148.42236667,1760.00,,,,,,
12019,2017-12-31T05:16:02Z,-34.34535000,148.42250000,1761.00,,,,,,
12020,2017-12-31T05:16:03Z,-34.34536667,148.42265000,1762.00,,,,,,
12021,2017-12-31T05:16:04Z,-34.34538333,148.42281667,1766.00,,,,,,
12022,2017-12-31T05:16:05Z,-34.34533333,148.42300000,1771.00,,,,,,
12023,2017-12-31T05:16:06Z,-34.34523333,148.42313333,1777.00,,,,,,
12024,2017-12-31T05:16:07Z,-34.34511667,148.42321667,1781.00,,,,,,
12025,2017-12-31T05:16:08Z,-34.34501667,148.42328333,1784.00,,,,,,
12026,2017-12-31T05:16:09Z,-34.34491667,148.42326667,1788.00,,,,,,
12027,2017-12-31T05:16:10Z,-34.34483333,148.42326667,1792.00,,,,,,
12028,2017-12-31T05:16:11Z,-34.34473333,148.42320000,1796.00,,,,,,
12029,2017-12-31T05:16:12Z,-34.34465000,148.42311667,1803.00,,,,,,
12030,2017-12-31T05:16:13Z,-34.34458333,148.42305000,1810.00,,,,,,
12031,2017-12-31T05:16:14Z,-34.34451667,148.42301667,1816.00,,,,,,
12032,2017-12-31T05:16:15Z,-34.34451667,148.42291667,1819.00,,,,,,
12033,2017-12-31T05:16:16Z,-34.34458333,148.42285000,1822.00,,,,,,
12034,2017-12-31T05:16:17Z,-34.34458333,148.42283333,1823.00,,,,,,
12035,2017-12-31T05:16:18Z,-34.34461667,148.42283333,1826.00,,,,,,
12036,2017-12-31T05:16:19Z,-34.34461667,148.42285000,1831.00,,,,,,
12037,2017-12-31T05:16:20Z,-34.34463333,148.42305000,1834.00,,,,,,
12038,2017-12-31T05:16:21Z,-34.34463333,148.42321667,1838.00,,,,,,
12039,2017-12-31T05:16:22Z,-34.34460000,148.42336667,1841.00,,,,,,
12040,2017-12-31T05:16:23Z,-34.34456667,148.42351667,1844.00,,,,,,
12041,2017-12-31T05:16:24Z,-34.34455000,148.42361667,1850.00,,,,,,
12042,2017-12-31T05:16:25Z,-34.34455000,148.42366667,1855.00,,,,,,
12043,2017-12-31T05:16:26Z,-34.34446667,148.42363333,1860.00,,,,,,
12044,2017-12-31T05:16:27Z,-34.34436667,148.42358333,1864.00,,,,,,
12045,2017-12-31T05:16:28Z,-34.34430000,148.42348333,1867.00,,,,,,
12046,2017-12-31T05:16:29Z,-34.34428333,148.42338333,1872.00,,,,,,
12047,2017-12-31T05:16:30Z,-34.34446667,148.42323333,1876.00,,,,,,
12048,2017-12-31T05:16:31Z,-34.34453333,148.42313333,1882.00,,,,,,
12049,2017-12-31T05:16:32Z,-34.34461667,148.42308333,1886.00,,,,,,
12050,2017-12-31T05:16:33Z,-34.34471667,148.42310000,1888.00,,,,,,
12051,2017-12-31T05:16:34Z,-34.34483333,148.42315000,1888.00,,,,,,
12052,2017-12-31T05:16:35Z,-34.34498333,148.42326667,1888.00,,,,,,
12053,2017-12-31T05:16:36Z,-34.34508333,148.42338333,1890.00,,,,,,
12054,2017-12-31T05:16:37Z,-34.34516667,148.42355000,1895.00,,,,,,
12055,2017-12-31T05:16:38Z,-34.34523333,148.42373333,1900.00,,,,,,
12056,2017-12-31T05:16:39Z,-34.34525000,148.42391667,1907.00,,,,,,
12057,2017-12-31T05:16:40Z,-34.34523333,148.42413333,1913.00,,,,,,
12058,2017-12-31T05:16:41Z,-34.34521667,148.42431667,1917.00,,,,,,
12059,2017-12-31T05:16:42Z,-34.34510000,148.42446667,1922.00,,,,,,
12060,2017-12-31T05:16:43Z,-34.34503333,148.42461667,1923.00,,,,,,
12061,2017-12-31T05:16:44Z,-34.34490000,148.42471667,1928.00,,,,,,
12062,2017-12-31T05:16:45Z,-34.34475000,148.42461667,1932.00,,,,,,
12063,2017-12-31T05:16:46Z,-34.34463333,148.42456667,1938.00,,,,,,
12064,2017-12-31T05:16:47Z,-34.34455000,148.42448333,1942.00,,,,,,
12065,2017-12-31T05:16:48Z,-34.34451667,148.42438333,1945.00,,,,,,
12066,2017-12-31T05:16:49Z,-34.34453333,148.42428333,1948.00,,,,,,
12067,2017-12-31T05:16:50Z,-34.34456667,148.42416667,1948.00,,,,,,
12068,2017-12-31T05:16:51Z,-34.34461667,148.42405000,1948.00,,,,,,
12069,2017-12-31T05:16:52Z,-34.34470000,148.42395000,1952.00,,,,,,
12070,2017-12-31T05:16:53Z,-34.34480000,148.42385000,1958.00,,,,,,
12071,2017-12-31T05:16:54Z,-34.34490000,148.42378333,1964.00,,,,,,
12072,2017-12-31T05:16:55Z,-34.34500000,148.42386667,1966.00,,,,,,
12073,2017-12-31T05:16:56Z,-34.34508333,148.42391667,1968.00,,,,,,
12074,2017-12-31T05:16:57Z,-34.34516667,148.42400000,1971.00,,,,,,
12075,2017-12-31T05:16:58Z,-34.34525000,148.42416667,1976.00,,,,,,
12076,2017-12-31T05:16:59Z,-34.34531667,148.42433333,1985.00,,,,,,
12077,2017-12-31T05:17:00Z,-34.34526667,148.42451667,1991.00,,,,,,
12078,2017-12-31T05:17:01Z,-34.34526667,148.42470000,1996.00,,,,,,
12079,2017-12-31T05:17:02Z,-34.34513333,148.42485000,1997.00,,,,,,
12080,2017-12-31T05:17:03Z,-34.34500000,148.42491667,1998.00,,,,,,
12081,2017-12-31T05:17:04Z,-34.34485000,148.42491667,2004.00,,,,,,
12082,2017-12-31T05:17:05Z,-34.34471667,148.42485000,2012.00,,,,,,
12083,2017-12-31T05:17:06Z,-34.34461667,148.42476667,2017.00,,,,,,
12084,2017-12-31T05:17:07Z,-34.34456667,148.42466667,2018.00,,,,,,
12085,2017-12-31T05:17:08Z,-34.34458333,148.42456667,2020.00,,,,,,
12086,2017-12-31T05:17:09Z,-34.34465000,148.42448333,2025.00,,,,,,
12087,2017-12-31T05:17:10Z,-34.34475000,148.42441667,2028.00,,,,,,
12088,2017-12-31T05:17:11Z,-34.34485000,148.42436667,2031.00,,,,,,
12089,2017-12-31T05:17:12Z,-34.34495000,148.42438333,2032.00,,,,,,
12090,2017-12-31T05:17:13Z,-34.34505000,148.42443333,2032.00,,,,,,
12091,2017-12-31T05:17:14Z,-34.34516667,148.42448333,2034.00,,,,,,
12092,2017-12-31T05:17:15Z,-34.34528333,148.42465000,2036.00,,,,,,
12093,2017-12-31T05:17:16Z,-34.34535000,148.42473333,2042.00,,,,,,
12094,2017-12-31T05:17:17Z,-34.34541667,148.42485000,2047.00,,,,,,
12095,2017-12-31T05:17:18Z,-34.34548333,148.42506667,2052.00,,,,,,
12096,2017-12-31T05:17:19Z,-34.34546667,148.42536667,2058.00,,,,,,
12097,2017-12-31T05:17:20Z,-34.34518333,148.42560000,2060.00,,,,,,
12098,2017-12-31T05:17:21Z,-34.34508333,148.42571667,2062.00,,,,,,
12099,2017-12-31T05:17:22Z,-34.34495000,148.42576667,2066.00,,,,,,
12100,2017-12-31T05:17:23Z,-34.34481667,148.42575000,2070.00,,,,,,
12101,2017-12-31T05:17:24Z,-34.34470000,148.42568333,2075.00,,,,,,
12102,2017-12-31T05:17:25Z,-34.34460000,148.42558333,2079.00,,,,,,
12103,2017-12-31T05:17:26Z,-34.34453333,148.42550000,2081.00,,,,,,
12104,2017-12-31T05:17:27Z,-34.34448333,148.42538333,2082.00,,,,,,
12105,2017-12-31T05:17:28Z,-34.34450000,148.42530000,2084.00,,,,,,
12106,2017-12-31T05:17:29Z,-34.34456667,148.42521667,2087.00,,,,,,
12107,2017-12-31T05:17:30Z,-34.34476667,148.42523333,2089.00,,,,,,
12108,2017-12-31T05:17:31Z,-34.34486667,148.42521667,2092.00,,,,,,
12109,2017-12-31T05:17:32Z,-34.34500000,148.42525000,2095.00,,,,,,
12110,2017-12-31T05:17:33Z,-34.34511667,148.42531667,2097.00,,,,,,
12111,2017-12-31T05:17:34Z,-34.34523333,148.42541667,2101.00,,,,,,
12112,2017-12-31T05:17:35Z,-34.34535000,148.42566667,2105.00,,,,,,
12113,2017-12-31T05:17:36Z,-34.34541667,148.42585000,2111.00,,,,,,
12114,2017-12-31T05:17:37Z,-34.34546667,148.42603333,2115.00,,,,,,
12115,2017-12-31T05:17:38Z,-34.34550000,148.42621667,2118.00,,,,,,
12116,2017-12-31T05:17:39Z,-34.34550000,148.42638333,2121.00,,,,,,
12117,2017-12-31T05:17:40Z,-34.34550000,148.42655000,2123.00,,,,,,
12118,2017-12-31T05:17:41Z,-34.34546667,148.42671667,2126.00,,,,,,
12119,2017-12-31T05:17:42Z,-34.34540000,148.42688333,2129.00,,,,,,
12120,2017-12-31T05:17:43Z,-34.34530000,148.42700000,2133.00,,,,,,
12121,2017-12-31T05:17:44Z,-34.34516667,148.42711667,2136.00,,,,,,
12122,2017-12-31T05:17:45Z,-34.34500000,148.42715000,2139.00,,,,,,
12123,2017-12-31T05:17:46Z,-34.34486667,148.42718333,2143.00,,,,,,
12124,2017-12-31T05:17:47Z,-34.34475000,148.42716667,2147.00,,,,,,
12125,2017-12-31T05:17:48Z,-34.34465000,148.42708333,2152.00,,,,,,
12126,2017-12-31T05:17:49Z,-34.34458333,148.42698333,2159.00,,,,,,
12127,2017-12-31T05:17:50Z,-34.34455000,148.42683333,2161.00,,,,,,
12128,2017-12-31T05:17:51Z,-34.34455000,148.42671667,2163.00,,,,,,
12129,2017-12-31T05:17:52Z,-34.34458333,148.42661667,2164.00,,,,,,
12130,2017-12-31T05:17:53Z,-34.34465000,148.42653333,2165.00,,,,,,
12131,2017-12-31T05:17:54Z,-34.34471667,148.42643333,2167.00,,,,,,
12132,2017-12-31T05:17:55Z,-34.34483333,148.42640000,2169.00,,,,,,
12133,2017-12-31T05:17:56Z,-34.34493333,148.42635000,2173.00,,,,,,
12134,2017-12-31T05:17:57Z,-34.34503333,148.42635000,2176.00,,,,,,
12135,2017-12-31T05:17:58Z,-34.34513333,148.42643333,2178.00,,,,,,
12136,2017-12-31T05:17:59Z,-34.34523333,148.42653333,2181.00,,,,,,
12137,2017-12-31T05:18:00Z,-34.34535000,148.42680000,2183.00,,,,,,
12138,2017-12-31T05:18:01Z,-34.34540000,148.42691667,2184.00,,,,,,
12139,2017-12-31T05:18:02Z,-34.34526667,148.42723333,2185.00,,,,,,
12140,2017-12-31T05:18:03Z,-34.34518333,148.42741667,2187.00,,,,,,
12141,2017-12-31T05:18:04Z,-34.34506667,148.42755000,2191.00,,,,,,
12142,2017-12-31T05:18:05Z,-34.34495000,148.42761667,2196.00,,,,,,
12143,2017-12-31T05:18:06Z,-34.34481667,148.42773333,2199.00,,,,,,
12144,2017-12-31T05:18:07Z,-34.34468333,148.42780000,2200.00,,,,,,
12145,2017-12-31T05:18:08Z,-34.34455000,148.42785000,2202.00,,,,,,
12146,2017-12-31T05:18:09Z,-34.34443333,148.42786667,2204.00,,,,,,
12147,2017-12-31T05:18:10Z,-34.34428333,148.42766667,2207.00,,,,,,
12148,2017-12-31T05:18:11Z,-34.34420000,148.42758333,2213.00,,,,,,
12149,2017-12-31T05:18:12Z,-34.34415000,148.42748333,2218.00,,,,,,
12150,2017-12-31T05:18:13Z,-34.34415000,148.42740000,2221.00,,,,,,
12151,2017-12-31T05:18:14Z,-34.34413333,148.42730000,2220.00,,,,,,
12152,2017-12-31T05:18:15Z,-34.34416667,148.42721667,2219.00,,,,,,
12153,2017-12-31T05:18:16Z,-34.34423333,148.42713333,2220.00,,,,,,
12154,2017-12-31T05:18:17Z,-34.34435000,148.42710000,2224.00,,,,,,
12155,2017-12-31T05:18:18Z,-34.34445000,148.42711667,2229.00,,,,,,
12156,2017-12-31T05:18:19Z,-34.34456667,148.42715000,2236.00,,,,,,
12157,2017-12-31T05:18:20Z,-34.34466667,148.42720000,2238.00,,,,,,
12158,2017-12-31T05:18:21Z,-34.34476667,148.42726667,2238.00,,,,,,
12159,2017-12-31T05:18:22Z,-34.34486667,148.42735000,2238.00,,,,,,
12160,2017-12-31T05:18:23Z,-34.34496667,148.42745000,2238.00,,,,,,
12161,2017-12-31T05:18:24Z,-34.34505000,148.42758333,2241.00,,,,,,
12162,2017-12-31T05:18:25Z,-34.34511667,148.42780000,2243.00,,,,,,
12163,2017-12-31T05:18:26Z,-34.34516667,148.42796667,2244.00,,,,,,
12164,2017-12-31T05:18:27Z,-34.34516667,148.42816667,2247.00,,,,,,
12165,2017-12-31T05:18:28Z,-34.34510000,148.42835000,2252.00,,,,,,
12166,2017-12-31T05:18:29Z,-34.34501667,148.42851667,2255.00,,,,,,
12167,2017-12-31T05:18:30Z,-34.34490000,148.42863333,2256.00,,,,,,
12168,2017-12-31T05:18:31Z,-34.34478333,148.42873333,2257.00,,,,,,
12169,2017-12-31T05:18:32Z,-34.34463333,148.42880000,2259.00,,,,,,
12170,2017-12-31T05:18:33Z,-34.34448333,148.42883333,2262.00,,,,,,
12171,2017-12-31T05:18:34Z,-34.34433333,148.42883333,2269.00,,,,,,
12172,2017-12-31T05:18:35Z,-34.34421667,148.42870000,2272.00,,,,,,
12173,2017-12-31T05:18:36Z,-34.34411667,148.42865000,2274.00,,,,,,
12174,2017-12-31T05:18:37Z,-34.34400000,148.42858333,2274.00,,,,,,
12175,2017-12-31T05:18:38Z,-34.34390000,148.42848333,2274.00,,,,,,
12176,2017-12-31T05:18:39Z,-34.34383333,148.42840000,2274.00,,,,,,
12177,2017-12-31T05:18:40Z,-34.34385000,148.42825000,2275.00,,,,,,
12178,2017-12-31T05:18:41Z,-34.34385000,148.42815000,2278.00,,,,,,
12179,2017-12-31T05:18:42Z,-34.34386667,148.42803333,2283.00,,,,,,
12180,2017-12-31T05:18:43Z,-34.34391667,148.42791667,2286.00,,,,,,
12181,2017-12-31T05:18:44Z,-34.34396667,148.42780000,2288.00,,,,,,
12182,2017-12-31T05:18:45Z,-34.34401667,148.42770000,2290.00,,,,,,
12183,2017-12-31T05:18:46Z,-34.34408333,148.42760000,2293.00,,,,,,
12184,2017-12-31T05:18:47Z,-34.34416667,148.42750000,2294.00,,,,,,
12185,2017-12-31T05:18:48Z,-34.34425000,148.42746667,2296.00,,,,,,
12186,2017-12-31T05:18:49Z,-34.34433333,148.42748333,2298.00,,,,,,
12187,2017-12-31T05:18:50Z,-34.34450000,148.42763333,2299.00,,,,,,
12188,2017-12-31T05:18:51Z,-34.34461667,148.42771667,2301.00,,,,,,
12189,2017-12-31T05:18:52Z,-34.34471667,148.42783333,2304.00,,,,,,
12190,2017-12-31T05:18:53Z,-34.34478333,148.42798333,2307.00,,,,,,
12191,2017-12-31T05:18:54Z,-34.34481667,148.42816667,2310.00,,,,,,
12192,2017-12-31T05:18:55Z,-34.34481667,148.42835000,2311.00,,,,,,
12193,2017-12-31T05:18:56Z,-34.34478333,148.42851667,2312.00,,,,,,
12194,2017-12-31T05:18:57Z,-34.34471667,148.42868333,2312.00,,,,,,
12195,2017-12-31T05:18:58Z,-34.34463333,148.42885000,2311.00,,,,,,
12196,2017-12-31T05:18:59Z,-34.34451667,148.42895000,2311.00,,,,,,
12197,2017-12-31T05:19:00Z,-34.34430000,148.42883333,2313.00,,,,,,
12198,2017-12-31T05:19:01Z,-34.34415000,148.42883333,2316.00,,,,,,
12199,2017-12-31T05:19:02Z,-34.34400000,148.42878333,2317.00,,,,,,
12200,2017-12-31T05:19:03Z,-34.34390000,148.42870000,2317.00,,,,,,
12201,2017-12-31T05:19:04Z,-34.34380000,148.42860000,2318.00,,,,,,
12202,2017-12-31T05:19:05Z,-34.34371667,148.42843333,2318.00,,,,,,
12203,2017-12-31T05:19:06Z,-34.34366667,148.42830000,2320.00,,,,,,
12204,2017-12-31T05:19:07Z,-34.34361667,148.42816667,2322.00,,,,,,
12205,2017-12-31T05:19:08Z,-34.34360000,148.42805000,2324.00,,,,,,
12206,2017-12-31T05:19:09Z,-34.34360000,148.42793333,2325.00,,,,,,
12207,2017-12-31T05:19:10Z,-34.34361667,148.42781667,2326.00,,,,,,
12208,2017-12-31T05:19:11Z,-34.34365000,148.42771667,2325.00,,,,,,
12209,2017-12-31T05:19:12Z,-34.34366667,148.42761667,2321.00,,,,,,
12210,2017-12-31T05:19:13Z,-34.34371667,148.42751667,2318.00,,,,,,
12211,2017-12-31T05:19:14Z,-34.34376667,148.42740000,2319.00,,,,,,
12212,2017-12-31T05:19:15Z,-34.34385000,148.42730000,2322.00,,,,,,
12213,2017-12-31T05:19:16Z,-34.34393333,148.42720000,2324.00,,,,,,
12214,2017-12-31T05:19:17Z,-34.34401667,148.42713333,2325.00,,,,,,
12215,2017-12-31T05:19:18Z,-34.34413333,148.42708333,2326.00,,,,,,
12216,2017-12-31T05:19:19Z,-34.34425000,148.42708333,2327.00,,,,,,
12217,2017-12-31T05:19:20Z,-34.34436667,148.42713333,2327.00,,,,,,
12218,2017-12-31T05:19:21Z,-34.34448333,148.42715000,2326.00,,,,,,
12219,2017-12-31T05:19:22Z,-34.34460000,148.42721667,2327.00,,,,,,
12220,2017-12-31T05:19:23Z,-34.34473333,148.42730000,2328.00,,,,,,
12221,2017-12-31T05:19:24Z,-34.34486667,148.42740000,2329.00,,,,,,
12222,2017-12-31T05:19:25Z,-34.34501667,148.42750000,2329.00,,,,,,
12223,2017-12-31T05:19:26Z,-34.34515000,148.42761667,2329.00,,,,,,
12224,2017-12-31T05:19:27Z,-34.34526667,148.42778333,2331.00,,,,,,
12225,2017-12-31T05:19:28Z,-34.34538333,148.42793333,2336.00,,,,,,
12226,2017-12-31T05:19:29Z,-34.34550000,148.42808333,2343.00,,,,,,
12227,2017-12-31T05:19:30Z,-34.34558333,148.42826667,2346.00,,,,,,
12228,2017-12-31T05:19:31Z,-34.34568333,148.42841667,2349.00,,,,,,
12229,2017-12-31T05:19:32Z,-34.34575000,148.42856667,2352.00,,,,,,
12230,2017-12-31T05:19:33Z,-34.34583333,148.42870000,2356.00,,,,,,
12231,2017-12-31T05:19:34Z,-34.34590000,148.42885000,2360.00,,,,,,
12232,2017-12-31T05:19:35Z,-34.34600000,148.42900000,2362.00,,,,,,
12233,2017-12-31T05:19:36Z,-34.34606667,148.42915000,2366.00,,,,,,
12234,2017-12-31T05:19:37Z,-34.34613333,148.42928333,2369.00,,,,,,
12235,2017-12-31T05:19:38Z,-34.34620000,148.42943333,2371.00,,,,,,
12236,2017-12-31T05:19:39Z,-34.34623333,148.42960000,2376.00,,,,,,
12237,2017-12-31T05:19:40Z,-34.34625000,148.42980000,2378.00,,,,,,
12238,2017-12-31T05:19:41Z,-34.34625000,148.42998333,2381.00,,,,,,
12239,2017-12-31T05:19:42Z,-34.34620000,148.43016667,2385.00,,,,,,
12240,2017-12-31T05:19:43Z,-34.34611667,148.43033333,2387.00,,,,,,
12241,2017-12-31T05:19:44Z,-34.34603333,148.43045000,2389.00,,,,,,
12242,2017-12-31T05:19:45Z,-34.34591667,148.43051667,2392.00,,,,,,
12243,2017-12-31T05:19:46Z,-34.34580000,148.43056667,2395.00,,,,,,
12244,2017-12-31T05:19:47Z,-34.34568333,148.43060000,2398.00,,,,,,
12245,2017-12-31T05:19:48Z,-34.34556667,148.43056667,2401.00,,,,,,
12246,2017-12-31T05:19:49Z,-34.34548333,148.43048333,2404.00,,,,,,
12247,2017-12-31T05:19:50Z,-34.34538333,148.43021667,2406.00,,,,,,
12248,2017-12-31T05:19:51Z,-34.34533333,148.43011667,2407.00,,,,,,
12249,2017-12-31T05:19:52Z,-34.34533333,148.43001667,2407.00,,,,,,
12250,2017-12-31T05:19:53Z,-34.34533333,148.42990000,2407.00,,,,,,
12251,2017-12-31T05:19:54Z,-34.34535000,148.42980000,2406.00,,,,,,
12252,2017-12-31T05:19:55Z,-34.34541667,148.42970000,2407.00,,,,,,
12253,2017-12-31T05:19:56Z,-34.34551667,148.42961667,2412.00,,,,,,
12254,2017-12-31T05:19:57Z,-34.34565000,148.42953333,2417.00,,,,,,
12255,2017-12-31T05:19:58Z,-34.34575000,148.42945000,2421.00,,,,,,
12256,2017-12-31T05:19:59Z,-34.34588333,148.42945000,2423.00,,,,,,
12257,2017-12-31T05:20:00Z,-34.34605000,148.42960000,2423.00,,,,,,
12258,2017-12-31T05:20:01Z,-34.34615000,148.42961667,2424.00,,,,,,
12259,2017-12-31T05:20:02Z,-34.34628333,148.42970000,2425.00,,,,,,
12260,2017-12-31T05:20:03Z,-34.34640000,148.42978333,2427.00,,,,,,
12261,2017-12-31T05:20:04Z,-34.34651667,148.42991667,2429.00,,,,,,
12262,2017-12-31T05:20:05Z,-34.34666667,148.43013333,2429.00,,,,,,
12263,2017-12-31T05:20:06Z,-34.34676667,148.43026667,2430.00,,,,,,
12264,2017-12-31T05:20:07Z,-34.34688333,148.43041667,2433.00,,,,,,
12265,2017-12-31T05:20:08Z,-34.34700000,148.43055000,2435.00,,,,,,
12266,2017-12-31T05:20:09Z,-34.34711667,148.43071667,2435.00,,,,,,
12267,2017-12-31T05:20:10Z,-34.34725000,148.43086667,2436.00,,,,,,
12268,2017-12-31T05:20:11Z,-34.34736667,148.43101667,2440.00,,,,,,
12269,2017-12-31T05:20:12Z,-34.34748333,148.43116667,2445.00,,,,,,
12270,2017-12-31T05:20:13Z,-34.34758333,148.43130000,2448.00,,,,,,
12271,2017-12-31T05:20:14Z,-34.34770000,148.43143333,2451.00,,,,,,
12272,2017-12-31T05:20:15Z,-34.34781667,148.43156667,2453.00,,,,,,
12273,2017-12-31T05:20:16Z,-34.34791667,148.43168333,2453.00,,,,,,
12274,2017-12-31T05:20:17Z,-34.34800000,148.43181667,2454.00,,,,,,
12275,2017-12-31T05:20:18Z,-34.34808333,148.43195000,2455.00,,,,,,
12276,2017-12-31T05:20:19Z,-34.34815000,148.43211667,2458.00,,,,,,
12277,2017-12-31T05:20:20Z,-34.34818333,148.43228333,2461.00,,,,,,
12278,2017-12-31T05:20:21Z,-34.34820000,148.43245000,2463.00,,,,,,
12279,2017-12-31T05:20:22Z,-34.34821667,148.43261667,2465.00,,,,,,
12280,2017-12-31T05:20:23Z,-34.34820000,148.43276667,2465.00,,,,,,
12281,2017-12-31T05:20:24Z,-34.34818333,148.43290000,2464.00,,,,,,
12282,2017-12-31T05:20:25Z,-34.34806667,148.43301667,2463.00,,,,,,
12283,2017-12-31T05:20:26Z,-34.34800000,148.43316667,2462.00,,,,,,
12284,2017-12-31T05:20:27Z,-34.34793333,148.43333333,2467.00,,,,,,
12285,2017-12-31T05:20:28Z,-34.34785000,148.43350000,2474.00,,,,,,
12286,2017-12-31T05:20:29Z,-34.34778333,148.43368333,2481.00,,,,,,
12287,2017-12-31T05:20:30Z,-34.34775000,148.43385000,2482.00,,,,,,
12288,2017-12-31T05:20:31Z,-34.34773333,148.43401667,2481.00,,,,,,
12289,2017-12-31T05:20:32Z,-34.34771667,148.43418333,2477.00,,,,,,
12290,2017-12-31T05:20:33Z,-34.34773333,148.43435000,2473.00,,,,,,
12291,2017-12-31T05:20:34Z,-34.34775000,148.43451667,2477.00,,,,,,
12292,2017-12-31T05:20:35Z,-34.34778333,148.43470000,2484.00,,,,,,
12293,2017-12-31T05:20:36Z,-34.34781667,148.43490000,2490.00,,,,,,
12294,2017-12-31T05:20:37Z,-34.34788333,148.43510000,2492.00,,,,,,
12295,2017-12-31T05:20:38Z,-34.34795000,148.43526667,2492.00,,,,,,
12296,2017-12-31T05:20:39Z,-34.34805000,148.43543333,2489.00,,,,,,
12297,2017-12-31T05:20:40Z,-34.34815000,148.43561667,2489.00,,,,,,
12298,2017-12-31T05:20:41Z,-34.34825000,148.43578333,2492.00,,,,,,
12299,2017-12-31T05:20:42Z,-34.34833333,148.43595000,2492.00,,,,,,
12300,2017-12-31T05:20:43Z,-34.34843333,148.43611667,2492.00,,,,,,
12301,2017-12-31T05:20:44Z,-34.34851667,148.43628333,2491.00,,,,,,
12302,2017-12-31T05:20:45Z,-34.34860000,148.43645000,2489.00,,,,,,
12303,2017-12-31T05:20:46Z,-34.34868333,148.43660000,2488.00,,,,,,
12304,2017-12-31T05:20:47Z,-34.34876667,148.43676667,2489.00,,,,,,
12305,2017-12-31T05:20:48Z,-34.34886667,148.43693333,2489.00,,,,,,
12306,2017-12-31T05:20:49Z,-34.34895000,148.43710000,2487.00,,,,,,
12307,2017-12-31T05:20:50Z,-34.34906667,148.43728333,2485.00,,,,,,
12308,2017-12-31T05:20:51Z,-34.34916667,148.43745000,2483.00,,,,,,
12309,2017-12-31T05:20:52Z,-34.34926667,148.43766667,2486.00,,,,,,
12310,2017-12-31T05:20:53Z,-34.34938333,148.43785000,2484.00,,,,,,
12311,2017-12-31T05:20:54Z,-34.34950000,148.43806667,2482.00,,,,,,
12312,2017-12-31T05:20:55Z,-34.34958333,148.43833333,2481.00,,,,,,
12313,2017-12-31T05:20:56Z,-34.34970000,148.43851667,2480.00,,,,,,
12314,2017-12-31T05:20:57Z,-34.34981667,148.43871667,2481.00,,,,,,
12315,2017-12-31T05:20:58Z,-34.34993333,148.43891667,2483.00,,,,,,
12316,2017-12-31T05:20:59Z,-34.35003333,148.43910000,2483.00,,,,,,
12317,2017-12-31T05:21:00Z,-34.35013333,148.43930000,2481.00,,,,,,
12318,2017-12-31T05:21:01Z,-34.35023333,148.43948333,2478.00,,,,,,
12319,2017-12-31T05:21:02Z,-34.35033333,148.43966667,2477.00,,,,,,
12320,2017-12-31T05:21:03Z,-34.35045000,148.43985000,2475.00,,,,,,
12321,2017-12-31T05:21:04Z,-34.35056667,148.44005000,2474.00,,,,,,
12322,2017-12-31T05:21:05Z,-34.35075000,148.44028333,2473.00,,,,,,
12323,2017-12-31T05:21:06Z,-34.35088333,148.44048333,2470.00,,,,,,
12324,2017-12-31T05:21:07Z,-34.35103333,148.44066667,2469.00,,,,,,
12325,2017-12-31T05:21:08Z,-34.35118333,148.44085000,2467.00,,,,,,
12326,2017-12-31T05:21:09Z,-34.35133333,148.44103333,2463.00,,,,,,
12327,2017-12-31T05:21:10Z,-34.35148333,148.44121667,2459.00,,,,,,
12328,2017-12-31T05:21:11Z,-34.35163333,148.44138333,2455.00,,,,,,
12329,2017-12-31T05:21:12Z,-34.35180000,148.44156667,2453.00,,,,,,
12330,2017-12-31T05:21:13Z,-34.35195000,148.44175000,2451.00,,,,,,
12331,2017-12-31T05:21:14Z,-34.35210000,148.44193333,2447.00,,,,,,
12332,2017-12-31T05:21:15Z,-34.35225000,148.44215000,2444.00,,,,,,
12333,2017-12-31T05:21:16Z,-34.35240000,148.44235000,2440.00,,,,,,
12334,2017-12-31T05:21:17Z,-34.35253333,148.44253333,2435.00,,,,,,
12335,2017-12-31T05:21:18Z,-34.35268333,148.44273333,2432.00,,,,,,
12336,2017-12-31T05:21:19Z,-34.35281667,148.44296667,2427.00,,,,,,
12337,2017-12-31T05:21:20Z,-34.35296667,148.44318333,2424.00,,,,,,
12338,2017-12-31T05:21:21Z,-34.35310000,148.44340000,2420.00,,,,,,
12339,2017-12-31T05:21:22Z,-34.35325000,148.44361667,2417.00,,,,,,
12340,2017-12-31T05:21:23Z,-34.35340000,148.44383333,2416.00,,,,,,
12341,2017-12-31T05:21:24Z,-34.35356667,148.44403333,2414.00,,,,,,
12342,2017-12-31T05:21:25Z,-34.35371667,148.44423333,2410.00,,,,,,
12343,2017-12-31T05:21:26Z,-34.35388333,148.44441667,2407.00,,,,,,
12344,2017-12-31T05:21:27Z,-34.35405000,148.44460000,2403.00,,,,,,
12345,2017-12-31T05:21:28Z,-34.35420000,148.44480000,2399.00,,,,,,
12346,2017-12-31T05:21:29Z,-34.35436667,148.44498333,2389.00,,,,,,
12347,2017-12-31T05:21:30Z,-34.35450000,148.44520000,2385.00,,,,,,
12348,2017-12-31T05:21:31Z,-34.35466667,148.44538333,2379.00,,,,,,
12349,2017-12-31T05:21:32Z,-34.35483333,148.44556667,2374.00,,,,,,
12350,2017-12-31T05:21:33Z,-34.35500000,148.44576667,2371.00,,,,,,
12351,2017-12-31T05:21:34Z,-34.35520000,148.44595000,2370.00,,,,,,
12352,2017-12-31T05:21:35Z,-34.35538333,148.44611667,2369.00,,,,,,
12353,2017-12-31T05:21:36Z,-34.35556667,148.44628333,2369.00,,,,,,
12354,2017-12-31T05:21:37Z,-34.35573333,148.44646667,2369.00,,,,,,
12355,2017-12-31T05:21:38Z,-34.35591667,148.44666667,2368.00,,,,,,
12356,2017-12-31T05:21:39Z,-34.35608333,148.44683333,2365.00,,,,,,
12357,2017-12-31T05:21:40Z,-34.35623333,148.44701667,2363.00,,,,,,
12358,2017-12-31T05:21:41Z,-34.35640000,148.44721667,2362.00,,,,,,
12359,2017-12-31T05:21:42Z,-34.35656667,148.44741667,2359.00,,,,,,
12360,2017-12-31T05:21:43Z,-34.35673333,148.44761667,2357.00,,,,,,
12361,2017-12-31T05:21:44Z,-34.35690000,148.44785000,2353.00,,,,,,
12362,2017-12-31T05:21:45Z,-34.35705000,148.44806667,2354.00,,,,,,
12363,2017-12-31T05:21:46Z,-34.35723333,148.44828333,2353.00,,,,,,
12364,2017-12-31T05:21:47Z,-34.35740000,148.44850000,2352.00,,,,,,
12365,2017-12-31T05:21:48Z,-34.35756667,148.44870000,2350.00,,,,,,
12366,2017-12-31T05:21:49Z,-34.35773333,148.44890000,2349.00,,,,,,
12367,2017-12-31T05:21:50Z,-34.35790000,148.44908333,2351.00,,,,,,
12368,2017-12-31T05:21:51Z,-34.35806667,148.44926667,2352.00,,,,,,
12369,2017-12-31T05:21:52Z,-34.35821667,148.44945000,2352.00,,,,,,
12370,2017-12-31T05:21:53Z,-34.35835000,148.44963333,2350.00,,,,,,
12371,2017-12-31T05:21:54Z,-34.35848333,148.44983333,2345.00,,,,,,
12372,2017-12-31T05:21:55Z,-34.35863333,148.45001667,2341.00,,,,,,
12373,2017-12-31T05:21:56Z,-34.35880000,148.45020000,2338.00,,,,,,
12374,2017-12-31T05:21:57Z,-34.35895000,148.45038333,2337.00,,,,,,
12375,2017-12-31T05:21:58Z,-34.35910000,148.45058333,2337.00,,,,,,
12376,2017-12-31T05:21:59Z,-34.35926667,148.45078333,2336.00,,,,,,
12377,2017-12-31T05:22:00Z,-34.35941667,148.45096667,2336.00,,,,,,
12378,2017-12-31T05:22:01Z,-34.35956667,148.45116667,2334.00,,,,,,
12379,2017-12-31T05:22:02Z,-34.35971667,148.45135000,2331.00,,,,,,
12380,2017-12-31T05:22:03Z,-34.35986667,148.45155000,2327.00,,,,,,
12381,2017-12-31T05:22:04Z,-34.36003333,148.45173333,2325.00,,,,,,
12382,2017-12-31T05:22:05Z,-34.36018333,148.45190000,2324.00,,,,,,
12383,2017-12-31T05:22:06Z,-34.36033333,148.45210000,2324.00,,,,,,
12384,2017-12-31T05:22:07Z,-34.36048333,148.45230000,2323.00,,,,,,
12385,2017-12-31T05:22:08Z,-34.36063333,148.45248333,2321.00,,,,,,
12386,2017-12-31T05:22:09Z,-34.36078333,148.45268333,2320.00,,,,,,
12387,2017-12-31T05:22:10Z,-34.36093333,148.45286667,2319.00,,,,,,
12388,2017-12-31T05:22:11Z,-34.36108333,148.45305000,2318.00,,,,,,
12389,2017-12-31T05:22:12Z,-34.36123333,148.45321667,2318.00,,,,,,
12390,2017-12-31T05:22:13Z,-34.36140000,148.45338333,2317.00,,,,,,
12391,2017-12-31T05:22:14Z,-34.36155000,148.45355000,2315.00,,,,,,
12392,2017-12-31T05:22:15Z,-34.36171667,148.45371667,2313.00,,,,,,
12393,2017-12-31T05:22:16Z,-34.36188333,148.45388333,2311.00,,,,,,
12394,2017-12-31T05:22:17Z,-34.36205000,148.45405000,2309.00,,,,,,
12395,2017-12-31T05:22:18Z,-34.36223333,148.45420000,2307.00,,,,,,
12396,2017-12-31T05:22:19Z,-34.36240000,148.45435000,2305.00,,,,,,
12397,2017-12-31T05:22:20Z,-34.36258333,148.45450000,2302.00,,,,,,
12398,2017-12-31T05:22:21Z,-34.36276667,148.45465000,2302.00,,,,,,
12399,2017-12-31T05:22:22Z,-34.36295000,148.45480000,2302.00,,,,,,
12400,2017-12-31T05:22:23Z,-34.36313333,148.45493333,2302.00,,,,,,
12401,2017-12-31T05:22:24Z,-34.36330000,148.45506667,2301.00,,,,,,
12402,2017-12-31T05:22:25Z,-34.36348333,148.45520000,2300.00,,,,,,
12403,2017-12-31T05:22:26Z,-34.36365000,148.45533333,2298.00,,,,,,
12404,2017-12-31T05:22:27Z,-34.36381667,148.45545000,2297.00,,,,,,
12405,2017-12-31T05:22:28Z,-34.36398333,148.45560000,2296.00,,,,,,
12406,2017-12-31T05:22:29Z,-34.36413333,148.45575000,2294.00,,,,,,
12407,2017-12-31T05:22:30Z,-34.36430000,148.45590000,2292.00,,,,,,
12408,2017-12-31T05:22:31Z,-34.36445000,148.45605000,2290.00,,,,,,
12409,2017-12-31T05:22:32Z,-34.36460000,148.45621667,2289.00,,,,,,
12410,2017-12-31T05:22:33Z,-34.36475000,148.45640000,2287.00,,,,,,
12411,2017-12-31T05:22:34Z,-34.36488333,148.45656667,2287.00,,,,,,
12412,2017-12-31T05:22:35Z,-34.36503333,148.45675000,2287.00,,,,,,
12413,2017-12-31T05:22:36Z,-34.36516667,148.45691667,2286.00,,,,,,
12414,2017-12-31T05:22:37Z,-34.36531667,148.45710000,2284.00,,,,,,
12415,2017-12-31T05:22:38Z,-34.36545000,148.45728333,2283.00,,,,,,
12416,2017-12-31T05:22:39Z,-34.36558333,148.45746667,2280.00,,,,,,
12417,2017-12-31T05:22:40Z,-34.36573333,148.45765000,2278.00,,,,,,
12418,2017-12-31T05:22:41Z,-34.36586667,148.45785000,2276.00,,,,,,
12419,2017-12-31T05:22:42Z,-34.36601667,148.45803333,2274.00,,,,,,
12420,2017-12-31T05:22:43Z,-34.36616667,148.45823333,2274.00,,,,,,
12421,2017-12-31T05:22:44Z,-34.36630000,148.45843333,2275.00,,,,,,
12422,2017-12-31T05:22:45Z,-34.36645000,148.45861667,2275.00,,,,,,
12423,2017-12-31T05:22:46Z,-34.36658333,148.45881667,2276.00,,,,,,
12424,2017-12-31T05:22:47Z,-34.36671667,148.45900000,2276.00,,,,,,
12425,2017-12-31T05:22:48Z,-34.36685000,148.45918333,2273.00,,,,,,
12426,2017-12-31T05:22:49Z,-34.36698333,148.45935000,2270.00,,,,,,
12427,2017-12-31T05:22:50Z,-34.36710000,148.45951667,2269.00,,,,,,
12428,2017-12-31T05:22:51Z,-34.36723333,148.45970000,2266.00,,,,,,
12429,2017-12-31T05:22:52Z,-34.36738333,148.45990000,2264.00,,,,,,
12430,2017-12-31T05:22:53Z,-34.36751667,148.46011667,2264.00,,,,,,
12431,2017-12-31T05:22:54Z,-34.36765000,148.46031667,2263.00,,,,,,
12432,2017-12-31T05:22:55Z,-34.36778333,148.46053333,2262.00,,,,,,
12433,2017-12-31T05:22:56Z,-34.36791667,148.46073333,2262.00,,,,,,
12434,2017-12-31T05:22:57Z,-34.36803333,148.46093333,2261.00,,,,,,
12435,2017-12-31T05:22:58Z,-34.36818333,148.46113333,2260.00,,,,,,
12436,2017-12-31T05:22:59Z,-34.36831667,148.46130000,2259.00,,,,,,
12437,2017-12-31T05:23:00Z,-34.36846667,148.46148333,2259.00,,,,,,
12438,2017-12-31T05:23:01Z,-34.36861667,148.46165000,2257.00,,,,,,
12439,2017-12-31T05:23:02Z,-34.36875000,148.46180000,2256.00,,,,,,
12440,2017-12-31T05:23:03Z,-34.36890000,148.46196667,2256.00,,,,,,
12441,2017-12-31T05:23:04Z,-34.36906667,148.46211667,2253.00,,,,,,
12442,2017-12-31T05:23:05Z,-34.36923333,148.46226667,2251.00,,,,,,
12443,2017-12-31T05:23:06Z,-34.36938333,148.46241667,2249.00,,,,,,
12444,2017-12-31T05:23:07Z,-34.36955000,148.46256667,2248.00,,,,,,
12445,2017-12-31T05:23:08Z,-34.36970000,148.46271667,2248.00,,,,,,
12446,2017-12-31T05:23:09Z,-34.36986667,148.46288333,2247.00,,,,,,
12447,2017-12-31T05:23:10Z,-34.37001667,148.46301667,2246.00,,,,,,
12448,2017-12-31T05:23:11Z,-34.37018333,148.46316667,2245.00,,,,,,
12449,2017-12-31T05:23:12Z,-34.37033333,148.46331667,2245.00,,,,,,
12450,2017-12-31T05:23:13Z,-34.37048333,148.46348333,2243.00,,,,,,
12451,2017-12-31T05:23:14Z,-34.37061667,148.46363333,2240.00,,,,,,
12452,2017-12-31T05:23:15Z,-34.37076667,148.46380000,2239.00,,,,,,
12453,2017-12-31T05:23:16Z,-34.37091667,148.46395000,2238.00,,,,,,
12454,2017-12-31T05:23:17Z,-34.37106667,148.46411667,2236.00,,,,,,
12455,2017-12-31T05:23:18Z,-34.37121667,148.46428333,2234.00,,,,,,
12456,2017-12-31T05:23:19Z,-34.37136667,148.46443333,2232.00,,,,,,
12457,2017-12-31T05:23:20Z,-34.37151667,148.46460000,2231.00,,,,,,
12458,2017-12-31T05:23:21Z,-34.37166667,148.46475000,2229.00,,,,,,
12459,2017-12-31T05:23:22Z,-34.37183333,148.46490000,2227.00,,,,,,
12460,2017-12-31T05:23:23Z,-34.37198333,148.46506667,2225.00,,,,,,
12461,2017-12-31T05:23:24Z,-34.37215000,148.46521667,2225.00,,,,,,
12462,2017-12-31T05:23:25Z,-34.37231667,148.46536667,2224.00,,,,,,
12463,2017-12-31T05:23:26Z,-34.37248333,148.46553333,2223.00,,,,,,
12464,2017-12-31T05:23:27Z,-34.37266667,148.46568333,2222.00,,,,,,
12465,2017-12-31T05:23:28Z,-34.37283333,148.46583333,2222.00,,,,,,
12466,2017-12-31T05:23:29Z,-34.37300000,148.46598333,2222.00,,,,,,
12467,2017-12-31T05:23:30Z,-34.37315000,148.46615000,2222.00,,,,,,
12468,2017-12-31T05:23:31Z,-34.37331667,148.46630000,2222.00,,,,,,
12469,2017-12-31T05:23:32Z,-34.37346667,148.46645000,2220.00,,,,,,
12470,2017-12-31T05:23:33Z,-34.37363333,148.46660000,2219.00,,,,,,
12471,2017-12-31T05:23:34Z,-34.37378333,148.46676667,2220.00,,,,,,
12472,2017-12-31T05:23:35Z,-34.37395000,148.46695000,2220.00,,,,,,
12473,2017-12-31T05:23:36Z,-34.37410000,148.46711667,2219.00,,,,,,
12474,2017-12-31T05:23:37Z,-34.37425000,148.46728333,2218.00,,,,,,
12475,2017-12-31T05:23:38Z,-34.37440000,148.46746667,2217.00,,,,,,
12476,2017-12-31T05:23:39Z,-34.37455000,148.46763333,2216.00,,,,,,
12477,2017-12-31T05:23:40Z,-34.37470000,148.46781667,2217.00,,,,,,
12478,2017-12-31T05:23:41Z,-34.37485000,148.46798333,2218.00,,,,,,
12479,2017-12-31T05:23:42Z,-34.37500000,148.46815000,2215.00,,,,,,
12480,2017-12-31T05:23:43Z,-34.37515000,148.46833333,2214.00,,,,,,
12481,2017-12-31T05:23:44Z,-34.37530000,148.46850000,2214.00,,,,,,
12482,2017-12-31T05:23:45Z,-34.37545000,148.46866667,2214.00,,,,,,
12483,2017-12-31T05:23:46Z,-34.37560000,148.46885000,2213.00,,,,,,
12484,2017-12-31T05:23:47Z,-34.37575000,148.46901667,2211.00,,,,,,
12485,2017-12-31T05:23:48Z,-34.37590000,148.46918333,2209.00,,,,,,
12486,2017-12-31T05:23:49Z,-34.37603333,148.46935000,2207.00,,,,,,
12487,2017-12-31T05:23:50Z,-34.37618333,148.46953333,2206.00,,,,,,
12488,2017-12-31T05:23:51Z,-34.37631667,148.46971667,2205.00,,,,,,
12489,2017-12-31T05:23:52Z,-34.37646667,148.46990000,2205.00,,,,,,
12490,2017-12-31T05:23:53Z,-34.37660000,148.47010000,2206.00,,,,,,
12491,2017-12-31T05:23:54Z,-34.37673333,148.47028333,2204.00,,,,,,
12492,2017-12-31T05:23:55Z,-34.37688333,148.47046667,2201.00,,,,,,
12493,2017-12-31T05:23:56Z,-34.37701667,148.47063333,2199.00,,,,,,
12494,2017-12-31T05:23:57Z,-34.37713333,148.47081667,2197.00,,,,,,
12495,2017-12-31T05:23:58Z,-34.37726667,148.47101667,2195.00,,,,,,
12496,2017-12-31T05:23:59Z,-34.37740000,148.47120000,2195.00,,,,,,
12497,2017-12-31T05:24:00Z,-34.37753333,148.47140000,2194.00,,,,,,
12498,2017-12-31T05:24:01Z,-34.37768333,148.47158333,2192.00,,,,,,
12499,2017-12-31T05:24:02Z,-34.37781667,148.47175000,2190.00,,,,,,
12500,2017-12-31T05:24:03Z,-34.37796667,148.47193333,2188.00,,,,,,
12501,2017-12-31T05:24:04Z,-34.37810000,148.47210000,2186.00,,,,,,
12502,2017-12-31T05:24:05Z,-34.37825000,148.47228333,2184.00,,,,,,
12503,2017-12-31T05:24:06Z,-34.37840000,148.47246667,2183.00,,,,,,
12504,2017-12-31T05:24:07Z,-34.37855000,148.47263333,2184.00,,,,,,
12505,2017-12-31T05:24:08Z,-34.37870000,148.47281667,2183.00,,,,,,
12506,2017-12-31T05:24:09Z,-34.37885000,148.47298333,2180.00,,,,,,
12507,2017-12-31T05:24:10Z,-34.37900000,148.47315000,2180.00,,,,,,
12508,2017-12-31T05:24:11Z,-34.37913333,148.47331667,2178.00,,,,,,
12509,2017-12-31T05:24:12Z,-34.37928333,148.47348333,2176.00,,,,,,
12510,2017-12-31T05:24:13Z,-34.37941667,148.47366667,2174.00,,,,,,
12511,2017-12-31T05:24:14Z,-34.37955000,148.47383333,2173.00,,,,,,
12512,2017-12-31T05:24:15Z,-34.37968333,148.47401667,2170.00,,,,,,
12513,2017-12-31T05:24:16Z,-34.37981667,148.47420000,2165.00,,,,,,
12514,2017-12-31T05:24:17Z,-34.37996667,148.47438333,2161.00,,,,,,
12515,2017-12-31T05:24:18Z,-34.38010000,148.47458333,2160.00,,,,,,
12516,2017-12-31T05:24:19Z,-34.38025000,148.47480000,2161.00,,,,,,
12517,2017-12-31T05:24:20Z,-34.38041667,148.47501667,2160.00,,,,,,
12518,2017-12-31T05:24:21Z,-34.38056667,148.47521667,2160.00,,,,,,
12519,2017-12-31T05:24:22Z,-34.38073333,148.47540000,2160.00,,,,,,
12520,2017-12-31T05:24:23Z,-34.38088333,148.47558333,2158.00,,,,,,
12521,2017-12-31T05:24:24Z,-34.38105000,148.47576667,2158.00,,,,,,
12522,2017-12-31T05:24:25Z,-34.38121667,148.47593333,2156.00,,,,,,
12523,2017-12-31T05:24:26Z,-34.38138333,148.47610000,2154.00,,,,,,
12524,2017-12-31T05:24:27Z,-34.38155000,148.47626667,2153.00,,,,,,
12525,2017-12-31T05:24:28Z,-34.38173333,148.47643333,2152.00,,,,,,
12526,2017-12-31T05:24:29Z,-34.38190000,148.47660000,2153.00,,,,,,
12527,2017-12-31T05:24:30Z,-34.38206667,148.47676667,2152.00,,,,,,
12528,2017-12-31T05:24:31Z,-34.38223333,148.47691667,2149.00,,,,,,
12529,2017-12-31T05:24:32Z,-34.38241667,148.47706667,2146.00,,,,,,
12530,2017-12-31T05:24:33Z,-34.38260000,148.47723333,2146.00,,,,,,
12531,2017-12-31T05:24:34Z,-34.38280000,148.47738333,2147.00,,,,,,
12532,2017-12-31T05:24:35Z,-34.38300000,148.47753333,2147.00,,,,,,
12533,2017-12-31T05:24:36Z,-34.38318333,148.47770000,2148.00,,,,,,
12534,2017-12-31T05:24:37Z,-34.38338333,148.47785000,2147.00,,,,,,
12535,2017-12-31T05:24:38Z,-34.38356667,148.47800000,2147.00,,,,,,
12536,2017-12-31T05:24:39Z,-34.38376667,148.47816667,2149.00,,,,,,
12537,2017-12-31T05:24:40Z,-34.38395000,148.47831667,2149.00,,,,,,
12538,2017-12-31T05:24:41Z,-34.38413333,148.47846667,2146.00,,,,,,
12539,2017-12-31T05:24:42Z,-34.38433333,148.47861667,2145.00,,,,,,
12540,2017-12-31T05:24:43Z,-34.38451667,148.47880000,2145.00,,,,,,
12541,2017-12-31T05:24:44Z,-34.38468333,148.47898333,2149.00,,,,,,
12542,2017-12-31T05:24:45Z,-34.38486667,148.47916667,2149.00,,,,,,
12543,2017-12-31T05:24:46Z,-34.38503333,148.47936667,2149.00,,,,,,
12544,2017-12-31T05:24:47Z,-34.38518333,148.47953333,2149.00,,,,,,
12545,2017-12-31T05:24:48Z,-34.38533333,148.47971667,2147.00,,,,,,
12546,2017-12-31T05:24:49Z,-34.38550000,148.47988333,2144.00,,,,,,
12547,2017-12-31T05:24:50Z,-34.38565000,148.48005000,2141.00,,,,,,
12548,2017-12-31T05:24:51Z,-34.38580000,148.48023333,2140.00,,,,,,
12549,2017-12-31T05:24:52Z,-34.38595000,148.48040000,2140.00,,,,,,
12550,2017-12-31T05:24:53Z,-34.38608333,148.48058333,2140.00,,,,,,
12551,2017-12-31T05:24:54Z,-34.38623333,148.48075000,2139.00,,,,,,
12552,2017-12-31T05:24:55Z,-34.38636667,148.48090000,2139.00,,,,,,
12553,2017-12-31T05:24:56Z,-34.38650000,148.48106667,2137.00,,,,,,
12554,2017-12-31T05:24:57Z,-34.38665000,148.48121667,2132.00,,,,,,
12555,2017-12-31T05:24:58Z,-34.38680000,148.48136667,2127.00,,,,,,
12556,2017-12-31T05:24:59Z,-34.38696667,148.48150000,2125.00,,,,,,
12557,2017-12-31T05:25:00Z,-34.38713333,148.48166667,2122.00,,,,,,
12558,2017-12-31T05:25:01Z,-34.38730000,148.48181667,2119.00,,,,,,
12559,2017-12-31T05:25:02Z,-34.38746667,148.48198333,2115.00,,,,,,
12560,2017-12-31T05:25:03Z,-34.38763333,148.48213333,2113.00,,,,,,
12561,2017-12-31T05:25:04Z,-34.38780000,148.48230000,2110.00,,,,,,
12562,2017-12-31T05:25:05Z,-34.38796667,148.48245000,2108.00,,,,,,
12563,2017-12-31T05:25:06Z,-34.38813333,148.48260000,2105.00,,,,,,
12564,2017-12-31T05:25:07Z,-34.38830000,148.48275000,2102.00,,,,,,
12565,2017-12-31T05:25:08Z,-34.38846667,148.48288333,2099.00,,,,,,
12566,2017-12-31T05:25:09Z,-34.38863333,148.48301667,2097.00,,,,,,
12567,2017-12-31T05:25:10Z,-34.38880000,148.48316667,2095.00,,,,,,
12568,2017-12-31T05:25:11Z,-34.38896667,148.48330000,2093.00,,,,,,
12569,2017-12-31T05:25:12Z,-34.38913333,148.48343333,2090.00,,,,,,
12570,2017-12-31T05:25:13Z,-34.38930000,148.48356667,2088.00,,,,,,
12571,2017-12-31T05:25:14Z,-34.38945000,148.48368333,2087.00,,,,,,
12572,2017-12-31T05:25:15Z,-34.38960000,148.48380000,2086.00,,,,,,
12573,2017-12-31T05:25:16Z,-34.38975000,148.48391667,2083.00,,,,,,
12574,2017-12-31T05:25:17Z,-34.38990000,148.48405000,2078.00,,,,,,
12575,2017-12-31T05:25:18Z,-34.39006667,148.48418333,2074.00,,,,,,
12576,2017-12-31T05:25:19Z,-34.39023333,148.48433333,2070.00,,,,,,
12577,2017-12-31T05:25:20Z,-34.39040000,148.48448333,2070.00,,,,,,
12578,2017-12-31T05:25:21Z,-34.39058333,148.48465000,2069.00,,,,,,
12579,2017-12-31T05:25:22Z,-34.39075000,148.48481667,2067.00,,,,,,
12580,2017-12-31T05:25:23Z,-34.39090000,148.48496667,2065.00,,,,,,
12581,2017-12-31T05:25:24Z,-34.39105000,148.48515000,2063.00,,,,,,
12582,2017-12-31T05:25:25Z,-34.39121667,148.48531667,2062.00,,,,,,
12583,2017-12-31T05:25:26Z,-34.39136667,148.48550000,2059.00,,,,,,
12584,2017-12-31T05:25:27Z,-34.39151667,148.48566667,2059.00,,,,,,
12585,2017-12-31T05:25:28Z,-34.39165000,148.48583333,2060.00,,,,,,
12586,2017-12-31T05:25:29Z,-34.39178333,148.48600000,2058.00,,,,,,
12587,2017-12-31T05:25:30Z,-34.39191667,148.48618333,2054.00,,,,,,
12588,2017-12-31T05:25:31Z,-34.39205000,148.48633333,2050.00,,,,,,
12589,2017-12-31T05:25:32Z,-34.39220000,148.48650000,2046.00,,,,,,
12590,2017-12-31T05:25:33Z,-34.39235000,148.48666667,2043.00,,,,,,
12591,2017-12-31T05:25:34Z,-34.39250000,148.48683333,2043.00,,,,,,
12592,2017-12-31T05:25:35Z,-34.39265000,148.48701667,2042.00,,,,,,
12593,2017-12-31T05:25:36Z,-34.39280000,148.48718333,2042.00,,,,,,
12594,2017-12-31T05:25:37Z,-34.39295000,148.48735000,2041.00,,,,,,
12595,2017-12-31T05:25:38Z,-34.39308333,148.48751667,2040.00,,,,,,
12596,2017-12-31T05:25:39Z,-34.39323333,148.48768333,2038.00,,,,,,
12597,2017-12-31T05:25:40Z,-34.39338333,148.48783333,2036.00,,,,,,
12598,2017-12-31T05:25:41Z,-34.39353333,148.48800000,2034.00,,,,,,
12599,2017-12-31T05:25:42Z,-34.39368333,148.48816667,2034.00,,,,,,
12600,2017-12-31T05:25:43Z,-34.39385000,148.48831667,2033.00,,,,,,
12601,2017-12-31T05:25:44Z,-34.39400000,148.48848333,2033.00,,,,,,
12602,2017-12-31T05:25:45Z,-34.39413333,148.48865000,2033.00,,,,,,
12603,2017-12-31T05:25:46Z,-34.39428333,148.48881667,2030.00,,,,,,
12604,2017-12-31T05:25:47Z,-34.39441667,148.48898333,2025.00,,,,,,
12605,2017-12-31T05:25:48Z,-34.39456667,148.48916667,2022.00,,,,,,
12606,2017-12-31T05:25:49Z,-34.39470000,148.48935000,2020.00,,,,,,
12607,2017-12-31T05:25:50Z,-34.39483333,148.48953333,2020.00,,,,,,
12608,2017-12-31T05:25:51Z,-34.39498333,148.48973333,2020.00,,,,,,
12609,2017-12-31T05:25:52Z,-34.39511667,148.48991667,2018.00,,,,,,
12610,2017-12-31T05:25:53Z,-34.39525000,148.49010000,2017.00,,,,,,
12611,2017-12-31T05:25:54Z,-34.39538333,148.49028333,2017.00,,,,,,
12612,2017-12-31T05:25:55Z,-34.39553333,148.49045000,2016.00,,,,,,
12613,2017-12-31T05:25:56Z,-34.39566667,148.49061667,2013.00,,,,,,
12614,2017-12-31T05:25:57Z,-34.39581667,148.49078333,2010.00,,,,,,
12615,2017-12-31T05:25:58Z,-34.39595000,148.49093333,2008.00,,,,,,
12616,2017-12-31T05:25:59Z,-34.39610000,148.49108333,2006.00,,,,,,
12617,2017-12-31T05:26:00Z,-34.39625000,148.49123333,2006.00,,,,,,
12618,2017-12-31T05:26:01Z,-34.39640000,148.49138333,2003.00,,,,,,
12619,2017-12-31T05:26:02Z,-34.39653333,148.49151667,1999.00,,,,,,
12620,2017-12-31T05:26:03Z,-34.39668333,148.49166667,1995.00,,,,,,
12621,2017-12-31T05:26:04Z,-34.39681667,148.49181667,1991.00,,,,,,
12622,2017-12-31T05:26:05Z,-34.39696667,148.49195000,1989.00,,,,,,
12623,2017-12-31T05:26:06Z,-34.39711667,148.49211667,1985.00,,,,,,
12624,2017-12-31T05:26:07Z,-34.39726667,148.49226667,1981.00,,,,,,
12625,2017-12-31T05:26:08Z,-34.39741667,148.49243333,1977.00,,,,,,
12626,2017-12-31T05:26:09Z,-34.39756667,148.49258333,1974.00,,,,,,
12627,2017-12-31T05:26:10Z,-34.39771667,148.49276667,1973.00,,,,,,
12628,2017-12-31T05:26:11Z,-34.39786667,148.49293333,1971.00,,,,,,
12629,2017-12-31T05:26:12Z,-34.39801667,148.49310000,1970.00,,,,,,
12630,2017-12-31T05:26:13Z,-34.39815000,148.49325000,1969.00,,,,,,
12631,2017-12-31T05:26:14Z,-34.39830000,148.49341667,1965.00,,,,,,
12632,2017-12-31T05:26:15Z,-34.39843333,148.49360000,1960.00,,,,,,
12633,2017-12-31T05:26:16Z,-34.39856667,148.49378333,1954.00,,,,,,
12634,2017-12-31T05:26:17Z,-34.39873333,148.49395000,1952.00,,,,,,
12635,2017-12-31T05:26:18Z,-34.39888333,148.49415000,1949.00,,,,,,
12636,2017-12-31T05:26:19Z,-34.39905000,148.49435000,1945.00,,,,,,
12637,2017-12-31T05:26:20Z,-34.39921667,148.49456667,1942.00,,,,,,
12638,2017-12-31T05:26:21Z,-34.39938333,148.49478333,1938.00,,,,,,
12639,2017-12-31T05:26:22Z,-34.39956667,148.49498333,1936.00,,,,,,
12640,2017-12-31T05:26:23Z,-34.39973333,148.49520000,1936.00,,,,,,
12641,2017-12-31T05:26:24Z,-34.39990000,148.49538333,1933.00,,,,,,
12642,2017-12-31T05:26:25Z,-34.40008333,148.49556667,1929.00,,,,,,
12643,2017-12-31T05:26:26Z,-34.40026667,148.49575000,1927.00,,,,,,
12644,2017-12-31T05:26:27Z,-34.40045000,148.49591667,1923.00,,,,,,
12645,2017-12-31T05:26:28Z,-34.40061667,148.49608333,1922.00,,,,,,
12646,2017-12-31T05:26:29Z,-34.40078333,148.49625000,1919.00,,,,,,
12647,2017-12-31T05:26:30Z,-34.40095000,148.49641667,1916.00,,,,,,
12648,2017-12-31T05:26:31Z,-34.40111667,148.49658333,1914.00,,,,,,
12649,2017-12-31T05:26:32Z,-34.40126667,148.49675000,1914.00,,,,,,
12650,2017-12-31T05:26:33Z,-34.40143333,148.49693333,1911.00,,,,,,
12651,2017-12-31T05:26:34Z,-34.40158333,148.49710000,1908.00,,,,,,
12652,2017-12-31T05:26:35Z,-34.40173333,148.49728333,1907.00,,,,,,
12653,2017-12-31T05:26:36Z,-34.40188333,148.49746667,1904.00,,,,,,
12654,2017-12-31T05:26:37Z,-34.40203333,148.49763333,1903.00,,,,,,
12655,2017-12-31T05:26:38Z,-34.40218333,148.49780000,1901.00,,,,,,
12656,2017-12-31T05:26:39Z,-34.40233333,148.49796667,1897.00,,,,,,
12657,2017-12-31T05:26:40Z,-34.40248333,148.49815000,1894.00,,,,,,
12658,2017-12-31T05:26:41Z,-34.40263333,148.49831667,1891.00,,,,,,
12659,2017-12-31T05:26:42Z,-34.40280000,148.49848333,1890.00,,,,,,
12660,2017-12-31T05:26:43Z,-34.40295000,148.49865000,1888.00,,,,,,
12661,2017-12-31T05:26:44Z,-34.40311667,148.49883333,1885.00,,,,,,
12662,2017-12-31T05:26:45Z,-34.40328333,148.49898333,1882.00,,,,,,
12663,2017-12-31T05:26:46Z,-34.40345000,148.49915000,1880.00,,,,,,
12664,2017-12-31T05:26:47Z,-34.40363333,148.49931667,1879.00,,,,,,
12665,2017-12-31T05:26:48Z,-34.40381667,148.49946667,1876.00,,,,,,
12666,2017-12-31T05:26:49Z,-34.40400000,148.49963333,1871.00,,,,,,
12667,2017-12-31T05:26:50Z,-34.40420000,148.49978333,1869.00,,,,,,
12668,2017-12-31T05:26:51Z,-34.40438333,148.49995000,1867.00,,,,,,
12669,2017-12-31T05:26:52Z,-34.40458333,148.50010000,1865.00,,,,,,
12670,2017-12-31T05:26:53Z,-34.40478333,148.50026667,1864.00,,,,,,
12671,2017-12-31T05:26:54Z,-34.40496667,148.50041667,1863.00,,,,,,
12672,2017-12-31T05:26:55Z,-34.40515000,148.50055000,1862.00,,,,,,
12673,2017-12-31T05:26:56Z,-34.40533333,148.50071667,1859.00,,,,,,
12674,2017-12-31T05:26:57Z,-34.40551667,148.50086667,1857.00,,,,,,
12675,2017-12-31T05:26:58Z,-34.40570000,148.50101667,1854.00,,,,,,
12676,2017-12-31T05:26:59Z,-34.40588333,148.50116667,1851.00,,,,,,
12677,2017-12-31T05:27:00Z,-34.40605000,148.50131667,1849.00,,,,,,
12678,2017-12-31T05:27:01Z,-34.40623333,148.50148333,1846.00,,,,,,
12679,2017-12-31T05:27:02Z,-34.40641667,148.50161667,1843.00,,,,,,
12680,2017-12-31T05:27:03Z,-34.40658333,148.50176667,1842.00,,,,,,
12681,2017-12-31T05:27:04Z,-34.40676667,148.50193333,1842.00,,,,,,
12682,2017-12-31T05:27:05Z,-34.40693333,148.50208333,1841.00,,,,,,
12683,2017-12-31T05:27:06Z,-34.40710000,148.50223333,1837.00,,,,,,
12684,2017-12-31T05:27:07Z,-34.40728333,148.50236667,1834.00,,,,,,
12685,2017-12-31T05:27:08Z,-34.40745000,148.50251667,1831.00,,,,,,
12686,2017-12-31T05:27:09Z,-34.40761667,148.50266667,1827.00,,,,,,
12687,2017-12-31T05:27:10Z,-34.40780000,148.50281667,1824.00,,,,,,
12688,2017-12-31T05:27:11Z,-34.40798333,148.50296667,1820.00,,,,,,
12689,2017-12-31T05:27:12Z,-34.40816667,148.50313333,1817.00,,,,,,
12690,2017-12-31T05:27:13Z,-34.40835000,148.50330000,1816.00,,,,,,
12691,2017-12-31T05:27:14Z,-34.40851667,148.50348333,1816.00,,,,,,
12692,2017-12-31T05:27:15Z,-34.40870000,148.50365000,1816.00,,,,,,
12693,2017-12-31T05:27:16Z,-34.40886667,148.50383333,1814.00,,,,,,
12694,2017-12-31T05:27:17Z,-34.40903333,148.50401667,1811.00,,,,,,
12695,2017-12-31T05:27:18Z,-34.40920000,148.50420000,1808.00,,,,,,
12696,2017-12-31T05:27:19Z,-34.40936667,148.50438333,1805.00,,,,,,
12697,2017-12-31T05:27:20Z,-34.40953333,148.50458333,1803.00,,,,,,
12698,2017-12-31T05:27:21Z,-34.40968333,148.50478333,1801.00,,,,,,
12699,2017-12-31T05:27:22Z,-34.40985000,148.50496667,1800.00,,,,,,
12700,2017-12-31T05:27:23Z,-34.41000000,148.50516667,1799.00,,,,,,
12701,2017-12-31T05:27:24Z,-34.41013333,148.50535000,1798.00,,,,,,
12702,2017-12-31T05:27:25Z,-34.41026667,148.50553333,1797.00,,,,,,
12703,2017-12-31T05:27:26Z,-34.41041667,148.50571667,1794.00,,,,,,
12704,2017-12-31T05:27:27Z,-34.41055000,148.50590000,1791.00,,,,,,
12705,2017-12-31T05:27:28Z,-34.41070000,148.50608333,1789.00,,,,,,
12706,2017-12-31T05:27:29Z,-34.41083333,148.50626667,1785.00,,,,,,
12707,2017-12-31T05:27:30Z,-34.41096667,148.50646667,1782.00,,,,,,
12708,2017-12-31T05:27:31Z,-34.41111667,148.50666667,1780.00,,,,,,
12709,2017-12-31T05:27:32Z,-34.41126667,148.50686667,1778.00,,,,,,
12710,2017-12-31T05:27:33Z,-34.41140000,148.50708333,1776.00,,,,,,
12711,2017-12-31T05:27:34Z,-34.41151667,148.50731667,1774.00,,,,,,
12712,2017-12-31T05:27:35Z,-34.41163333,148.50751667,1773.00,,,,,,
12713,2017-12-31T05:27:36Z,-34.41175000,148.50775000,1773.00,,,,,,
12714,2017-12-31T05:27:37Z,-34.41186667,148.50798333,1771.00,,,,,,
12715,2017-12-31T05:27:38Z,-34.41196667,148.50820000,1768.00,,,,,,
12716,2017-12-31T05:27:39Z,-34.41208333,148.50843333,1764.00,,,,,,
12717,2017-12-31T05:27:40Z,-34.41218333,148.50866667,1762.00,,,,,,
12718,2017-12-31T05:27:41Z,-34.41230000,148.50890000,1761.00,,,,,,
12719,2017-12-31T05:27:42Z,-34.41241667,148.50913333,1759.00,,,,,,
12720,2017-12-31T05:27:43Z,-34.41253333,148.50935000,1757.00,,,,,,
12721,2017-12-31T05:27:44Z,-34.41265000,148.50956667,1755.00,,,,,,
12722,2017-12-31T05:27:45Z,-34.41276667,148.50978333,1754.00,,,,,,
12723,2017-12-31T05:27:46Z,-34.41288333,148.51000000,1751.00,,,,,,
12724,2017-12-31T05:27:47Z,-34.41300000,148.51021667,1748.00,,,,,,
12725,2017-12-31T05:27:48Z,-34.41311667,148.51043333,1747.00,,,,,,
12726,2017-12-31T05:27:49Z,-34.41323333,148.51066667,1745.00,,,,,,
12727,2017-12-31T05:27:50Z,-34.41333333,148.51088333,1746.00,,,,,,
12728,2017-12-31T05:27:51Z,-34.41343333,148.51110000,1743.00,,,,,,
12729,2017-12-31T05:27:52Z,-34.41353333,148.51131667,1738.00,,,,,,
12730,2017-12-31T05:27:53Z,-34.41365000,148.51155000,1733.00,,,,,,
12731,2017-12-31T05:27:54Z,-34.41376667,148.51178333,1728.00,,,,,,
12732,2017-12-31T05:27:55Z,-34.41386667,148.51201667,1726.00,,,,,,
12733,2017-12-31T05:27:56Z,-34.41398333,148.51226667,1723.00,,,,,,
12734,2017-12-31T05:27:57Z,-34.41410000,148.51251667,1722.00,,,,,,
12735,2017-12-31T05:27:58Z,-34.41421667,148.51276667,1720.00,,,,,,
12736,2017-12-31T05:27:59Z,-34.41431667,148.51301667,1716.00,,,,,,
12737,2017-12-31T05:28:00Z,-34.41443333,148.51326667,1714.00,,,,,,
12738,2017-12-31T05:28:01Z,-34.41453333,148.51350000,1711.00,,,,,,
12739,2017-12-31T05:28:02Z,-34.41465000,148.51375000,1708.00,,,,,,
12740,2017-12-31T05:28:03Z,-34.41475000,148.51398333,1707.00,,,,,,
12741,2017-12-31T05:28:04Z,-34.41486667,148.51421667,1707.00,,,,,,
12742,2017-12-31T05:28:05Z,-34.41498333,148.51446667,1708.00,,,,,,
12743,2017-12-31T05:28:06Z,-34.41508333,148.51470000,1708.00,,,,,,
12744,2017-12-31T05:28:07Z,-34.41518333,148.51493333,1704.00,,,,,,
12745,2017-12-31T05:28:08Z,-34.41528333,148.51516667,1704.00,,,,,,
12746,2017-12-31T05:28:09Z,-34.41538333,148.51540000,1705.00,,,,,,
12747,2017-12-31T05:28:10Z,-34.41546667,148.51561667,1704.00,,,,,,
12748,2017-12-31T05:28:11Z,-34.41555000,148.51585000,1701.00,,,,,,
12749,2017-12-31T05:28:12Z,-34.41563333,148.51606667,1698.00,,,,,,
12750,2017-12-31T05:28:13Z,-34.41571667,148.51630000,1697.00,,,,,,
12751,2017-12-31T05:28:14Z,-34.41580000,148.51653333,1693.00,,,,,,
12752,2017-12-31T05:28:15Z,-34.41586667,148.51675000,1690.00,,,,,,
12753,2017-12-31T05:28:16Z,-34.41595000,148.51698333,1688.00,,,,,,
12754,2017-12-31T05:28:17Z,-34.41603333,148.51721667,1686.00,,,,,,
12755,2017-12-31T05:28:18Z,-34.41611667,148.51745000,1682.00,,,,,,
12756,2017-12-31T05:28:19Z,-34.41620000,148.51770000,1679.00,,,,,,
12757,2017-12-31T05:28:20Z,-34.41628333,148.51793333,1679.00,,,,,,
12758,2017-12-31T05:28:21Z,-34.41636667,148.51818333,1677.00,,,,,,
12759,2017-12-31T05:28:22Z,-34.41645000,148.51841667,1675.00,,,,,,
12760,2017-12-31T05:28:23Z,-34.41651667,148.51865000,1672.00,,,,,,
12761,2017-12-31T05:28:24Z,-34.41660000,148.51888333,1669.00,,,,,,
12762,2017-12-31T05:28:25Z,-34.41668333,148.51910000,1666.00,,,,,,
12763,2017-12-31T05:28:26Z,-34.41676667,148.51935000,1663.00,,,,,,
12764,2017-12-31T05:28:27Z,-34.41685000,148.51958333,1660.00,,,,,,
12765,2017-12-31T05:28:28Z,-34.41695000,148.51983333,1658.00,,,,,,
12766,2017-12-31T05:28:29Z,-34.41703333,148.52006667,1658.00,,,,,,
12767,2017-12-31T05:28:30Z,-34.41711667,148.52030000,1658.00,,,,,,
12768,2017-12-31T05:28:31Z,-34.41718333,148.52055000,1655.00,,,,,,
12769,2017-12-31T05:28:32Z,-34.41726667,148.52078333,1652.00,,,,,,
12770,2017-12-31T05:28:33Z,-34.41733333,148.52103333,1649.00,,,,,,
12771,2017-12-31T05:28:34Z,-34.41741667,148.52128333,1647.00,,,,,,
12772,2017-12-31T05:28:35Z,-34.41750000,148.52153333,1647.00,,,,,,
12773,2017-12-31T05:28:36Z,-34.41756667,148.52178333,1648.00,,,,,,
12774,2017-12-31T05:28:37Z,-34.41765000,148.52203333,1649.00,,,,,,
12775,2017-12-31T05:28:38Z,-34.41771667,148.52228333,1648.00,,,,,,
12776,2017-12-31T05:28:39Z,-34.41778333,148.52253333,1646.00,,,,,,
12777,2017-12-31T05:28:40Z,-34.41785000,148.52276667,1645.00,,,,,,
12778,2017-12-31T05:28:41Z,-34.41791667,148.52301667,1642.00,,,,,,
12779,2017-12-31T05:28:42Z,-34.41796667,148.52325000,1639.00,,,,,,
12780,2017-12-31T05:28:43Z,-34.41803333,148.52350000,1636.00,,,,,,
12781,2017-12-31T05:28:44Z,-34.41808333,148.52373333,1636.00,,,,,,
12782,2017-12-31T05:28:45Z,-34.41813333,148.52396667,1636.00,,,,,,
12783,2017-12-31T05:28:46Z,-34.41818333,148.52421667,1635.00,,,,,,
12784,2017-12-31T05:28:47Z,-34.41823333,148.52445000,1633.00,,,,,,
12785,2017-12-31T05:28:48Z,-34.41828333,148.52468333,1632.00,,,,,,
12786,2017-12-31T05:28:49Z,-34.41833333,148.52493333,1630.00,,,,,,
12787,2017-12-31T05:28:50Z,-34.41836667,148.52516667,1629.00,,,,,,
12788,2017-12-31T05:28:51Z,-34.41841667,148.52540000,1628.00,,,,,,
12789,2017-12-31T05:28:52Z,-34.41846667,148.52565000,1627.00,,,,,,
12790,2017-12-31T05:28:53Z,-34.41853333,148.52588333,1627.00,,,,,,
12791,2017-12-31T05:28:54Z,-34.41858333,148.52610000,1623.00,,,,,,
12792,2017-12-31T05:28:55Z,-34.41865000,148.52633333,1620.00,,,,,,
12793,2017-12-31T05:28:56Z,-34.41871667,148.52656667,1617.00,,,,,,
12794,2017-12-31T05:28:57Z,-34.41876667,148.52680000,1613.00,,,,,,
12795,2017-12-31T05:28:58Z,-34.41883333,148.52703333,1610.00,,,,,,
12796,2017-12-31T05:28:59Z,-34.41888333,148.52726667,1609.00,,,,,,
12797,2017-12-31T05:29:00Z,-34.41895000,148.52751667,1608.00,,,,,,
12798,2017-12-31T05:29:01Z,-34.41900000,148.52776667,1606.00,,,,,,
12799,2017-12-31T05:29:02Z,-34.41906667,148.52801667,1604.00,,,,,,
12800,2017-12-31T05:29:03Z,-34.41913333,148.52825000,1603.00,,,,,,
12801,2017-12-31T05:29:04Z,-34.41920000,148.52850000,1602.00,,,,,,
12802,2017-12-31T05:29:05Z,-34.41926667,148.52875000,1600.00,,,,,,
12803,2017-12-31T05:29:06Z,-34.41933333,148.52898333,1597.00,,,,,,
12804,2017-12-31T05:29:07Z,-34.41941667,148.52923333,1594.00,,,,,,
12805,2017-12-31T05:29:08Z,-34.41950000,148.52946667,1591.00,,,,,,
12806,2017-12-31T05:29:09Z,-34.41958333,148.52973333,1588.00,,,,,,
12807,2017-12-31T05:29:10Z,-34.41965000,148.52998333,1588.00,,,,,,
12808,2017-12-31T05:29:11Z,-34.41975000,148.53021667,1589.00,,,,,,
12809,2017-12-31T05:29:12Z,-34.41981667,148.53046667,1590.00,,,,,,
12810,2017-12-31T05:29:13Z,-34.41990000,148.53070000,1588.00,,,,,,
12811,2017-12-31T05:29:14Z,-34.41996667,148.53093333,1583.00,,,,,,
12812,2017-12-31T05:29:15Z,-34.42005000,148.53116667,1581.00,,,,,,
12813,2017-12-31T05:29:16Z,-34.42011667,148.53140000,1580.00,,,,,,
12814,2017-12-31T05:29:17Z,-34.42020000,148.53163333,1579.00,,,,,,
12815,2017-12-31T05:29:18Z,-34.42028333,148.53185000,1578.00,,,,,,
12816,2017-12-31T05:29:19Z,-34.42036667,148.53208333,1575.00,,,,,,
12817,2017-12-31T05:29:20Z,-34.42046667,148.53230000,1572.00,,,,,,
12818,2017-12-31T05:29:21Z,-34.42055000,148.53253333,1569.00,,,,,,
12819,2017-12-31T05:29:22Z,-34.42065000,148.53275000,1568.00,,,,,,
12820,2017-12-31T05:29:23Z,-34.42073333,148.53296667,1567.00,,,,,,
12821,2017-12-31T05:29:24Z,-34.42081667,148.53318333,1564.00,,,,,,
12822,2017-12-31T05:29:25Z,-34.42090000,148.53341667,1561.00,,,,,,
12823,2017-12-31T05:29:26Z,-34.42096667,148.53365000,1557.00,,,,,,
12824,2017-12-31T05:29:27Z,-34.42103333,148.53388333,1553.00,,,,,,
12825,2017-12-31T05:29:28Z,-34.42110000,148.53413333,1550.00,,,,,,
12826,2017-12-31T05:29:29Z,-34.42116667,148.53440000,1548.00,,,,,,
12827,2017-12-31T05:29:30Z,-34.42123333,148.53465000,1548.00,,,,,,
12828,2017-12-31T05:29:31Z,-34.42130000,148.53490000,1548.00,,,,,,
12829,2017-12-31T05:29:32Z,-34.42135000,148.53513333,1548.00,,,,,,
12830,2017-12-31T05:29:33Z,-34.42141667,148.53535000,1546.00,,,,,,
12831,2017-12-31T05:29:34Z,-34.42146667,148.53556667,1539.00,,,,,,
12832,2017-12-31T05:29:35Z,-34.42153333,148.53578333,1535.00,,,,,,
12833,2017-12-31T05:29:36Z,-34.42158333,148.53601667,1529.00,,,,,,
12834,2017-12-31T05:29:37Z,-34.42165000,148.53625000,1526.00,,,,,,
12835,2017-12-31T05:29:38Z,-34.42171667,148.53648333,1524.00,,,,,,
12836,2017-12-31T05:29:39Z,-34.42178333,148.53671667,1520.00,,,,,,
12837,2017-12-31T05:29:40Z,-34.42185000,148.53693333,1518.00,,,,,,
12838,2017-12-31T05:29:41Z,-34.42190000,148.53716667,1515.00,,,,,,
12839,2017-12-31T05:29:42Z,-34.42195000,148.53740000,1513.00,,,,,,
12840,2017-12-31T05:29:43Z,-34.42201667,148.53761667,1511.00,,,,,,
12841,2017-12-31T05:29:44Z,-34.42206667,148.53783333,1507.00,,,,,,
12842,2017-12-31T05:29:45Z,-34.42211667,148.53803333,1504.00,,,,,,
12843,2017-12-31T05:29:46Z,-34.42216667,148.53825000,1501.00,,,,,,
12844,2017-12-31T05:29:47Z,-34.42221667,148.53848333,1497.00,,,,,,
12845,2017-12-31T05:29:48Z,-34.42226667,148.53870000,1495.00,,,,,,
12846,2017-12-31T05:29:49Z,-34.42231667,148.53893333,1490.00,,,,,,
12847,2017-12-31T05:29:50Z,-34.42235000,148.53916667,1486.00,,,,,,
12848,2017-12-31T05:29:51Z,-34.42238333,148.53940000,1483.00,,,,,,
12849,2017-12-31T05:29:52Z,-34.42241667,148.53965000,1480.00,,,,,,
12850,2017-12-31T05:29:53Z,-34.42245000,148.53988333,1478.00,,,,,,
12851,2017-12-31T05:29:54Z,-34.42250000,148.54013333,1477.00,,,,,,
12852,2017-12-31T05:29:55Z,-34.42253333,148.54036667,1475.00,,,,,,
12853,2017-12-31T05:29:56Z,-34.42256667,148.54061667,1472.00,,,,,,
12854,2017-12-31T05:29:57Z,-34.42260000,148.54085000,1469.00,,,,,,
12855,2017-12-31T05:29:58Z,-34.42263333,148.54108333,1466.00,,,,,,
12856,2017-12-31T05:29:59Z,-34.42265000,148.54133333,1463.00,,,,,,
12857,2017-12-31T05:30:00Z,-34.42268333,148.54156667,1461.00,,,,,,
12858,2017-12-31T05:30:01Z,-34.42271667,148.54181667,1461.00,,,,,,
12859,2017-12-31T05:30:02Z,-34.42276667,148.54205000,1460.00,,,,,,
12860,2017-12-31T05:30:03Z,-34.42280000,148.54228333,1458.00,,,,,,
12861,2017-12-31T05:30:04Z,-34.42285000,148.54250000,1452.00,,,,,,
12862,2017-12-31T05:30:05Z,-34.42290000,148.54271667,1450.00,,,,,,
12863,2017-12-31T05:30:06Z,-34.42295000,148.54296667,1447.00,,,,,,
12864,2017-12-31T05:30:07Z,-34.42298333,148.54320000,1444.00,,,,,,
12865,2017-12-31T05:30:08Z,-34.42303333,148.54345000,1441.00,,,,,,
12866,2017-12-31T05:30:09Z,-34.42306667,148.54370000,1440.00,,,,,,
12867,2017-12-31T05:30:10Z,-34.42310000,148.54393333,1438.00,,,,,,
12868,2017-12-31T05:30:11Z,-34.42313333,148.54416667,1435.00,,,,,,
12869,2017-12-31T05:30:12Z,-34.42315000,148.54441667,1431.00,,,,,,
12870,2017-12-31T05:30:13Z,-34.42318333,148.54466667,1428.00,,,,,,
12871,2017-12-31T05:30:14Z,-34.42320000,148.54490000,1425.00,,,,,,
12872,2017-12-31T05:30:15Z,-34.42321667,148.54515000,1422.00,,,,,,
12873,2017-12-31T05:30:16Z,-34.42321667,148.54540000,1419.00,,,,,,
12874,2017-12-31T05:30:17Z,-34.42323333,148.54565000,1414.00,,,,,,
12875,2017-12-31T05:30:18Z,-34.42323333,148.54591667,1413.00,,,,,,
12876,2017-12-31T05:30:19Z,-34.42325000,148.54616667,1412.00,,,,,,
12877,2017-12-31T05:30:20Z,-34.42326667,148.54641667,1411.00,,,,,,
12878,2017-12-31T05:30:21Z,-34.42328333,148.54666667,1410.00,,,,,,
12879,2017-12-31T05:30:22Z,-34.42328333,148.54688333,1409.00,,,,,,
12880,2017-12-31T05:30:23Z,-34.42330000,148.54711667,1407.00,,,,,,
12881,2017-12-31T05:30:24Z,-34.42330000,148.54733333,1401.00,,,,,,
12882,2017-12-31T05:30:25Z,-34.42331667,148.54751667,1399.00,,,,,,
12883,2017-12-31T05:30:26Z,-34.42333333,148.54773333,1396.00,,,,,,
12884,2017-12-31T05:30:27Z,-34.42333333,148.54795000,1395.00,,,,,,
12885,2017-12-31T05:30:28Z,-34.42335000,148.54818333,1391.00,,,,,,
12886,2017-12-31T05:30:29Z,-34.42336667,148.54840000,1392.00,,,,,,
12887,2017-12-31T05:30:30Z,-34.42338333,148.54861667,1392.00,,,,,,
12888,2017-12-31T05:30:31Z,-34.42343333,148.54883333,1390.00,,,,,,
12889,2017-12-31T05:30:32Z,-34.42346667,148.54906667,1385.00,,,,,,
12890,2017-12-31T05:30:33Z,-34.42353333,148.54928333,1379.00,,,,,,
12891,2017-12-31T05:30:34Z,-34.42360000,148.54951667,1374.00,,,,,,
12892,2017-12-31T05:30:35Z,-34.42370000,148.54973333,1372.00,,,,,,
12893,2017-12-31T05:30:36Z,-34.42378333,148.54996667,1370.00,,,,,,
12894,2017-12-31T05:30:37Z,-34.42386667,148.55018333,1368.00,,,,,,
12895,2017-12-31T05:30:38Z,-34.42393333,148.55041667,1368.00,,,,,,
12896,2017-12-31T05:30:39Z,-34.42400000,148.55063333,1366.00,,,,,,
12897,2017-12-31T05:30:40Z,-34.42403333,148.55083333,1363.00,,,,,,
12898,2017-12-31T05:30:41Z,-34.42406667,148.55103333,1359.00,,,,,,
12899,2017-12-31T05:30:42Z,-34.42411667,148.55126667,1353.00,,,,,,
12900,2017-12-31T05:30:43Z,-34.42415000,148.55150000,1347.00,,,,,,
12901,2017-12-31T05:30:44Z,-34.42418333,148.55175000,1344.00,,,,,,
12902,2017-12-31T05:30:45Z,-34.42420000,148.55201667,1343.00,,,,,,
12903,2017-12-31T05:30:46Z,-34.42423333,148.55226667,1340.00,,,,,,
12904,2017-12-31T05:30:47Z,-34.42425000,148.55251667,1338.00,,,,,,
12905,2017-12-31T05:30:48Z,-34.42426667,148.55276667,1338.00,,,,,,
12906,2017-12-31T05:30:49Z,-34.42430000,148.55300000,1339.00,,,,,,
12907,2017-12-31T05:30:50Z,-34.42435000,148.55325000,1337.00,,,,,,
12908,2017-12-31T05:30:51Z,-34.42440000,148.55348333,1333.00,,,,,,
12909,2017-12-31T05:30:52Z,-34.42446667,148.55373333,1330.00,,,,,,
12910,2017-12-31T05:30:53Z,-34.42455000,148.55398333,1330.00,,,,,,
12911,2017-12-31T05:30:54Z,-34.42463333,148.55421667,1330.00,,,,,,
12912,2017-12-31T05:30:55Z,-34.42471667,148.55443333,1331.00,,,,,,
12913,2017-12-31T05:30:56Z,-34.42478333,148.55466667,1332.00,,,,,,
12914,2017-12-31T05:30:57Z,-34.42485000,148.55490000,1333.00,,,,,,
12915,2017-12-31T05:30:58Z,-34.42488333,148.55513333,1329.00,,,,,,
12916,2017-12-31T05:30:59Z,-34.42490000,148.55536667,1323.00,,,,,,
12917,2017-12-31T05:31:00Z,-34.42491667,148.55556667,1321.00,,,,,,
12918,2017-12-31T05:31:01Z,-34.42491667,148.55580000,1321.00,,,,,,
12919,2017-12-31T05:31:02Z,-34.42491667,148.55603333,1321.00,,,,,,
12920,2017-12-31T05:31:03Z,-34.42493333,148.55625000,1319.00,,,,,,
12921,2017-12-31T05:31:04Z,-34.42493333,148.55648333,1315.00,,,,,,
12922,2017-12-31T05:31:05Z,-34.42493333,148.55671667,1312.00,,,,,,
12923,2017-12-31T05:31:06Z,-34.42495000,148.55696667,1308.00,,,,,,
12924,2017-12-31T05:31:07Z,-34.42498333,148.55720000,1305.00,,,,,,
12925,2017-12-31T05:31:08Z,-34.42500000,148.55743333,1302.00,,,,,,
12926,2017-12-31T05:31:09Z,-34.42503333,148.55768333,1296.00,,,,,,
12927,2017-12-31T05:31:10Z,-34.42506667,148.55793333,1292.00,,,,,,
12928,2017-12-31T05:31:11Z,-34.42510000,148.55820000,1288.00,,,,,,
12929,2017-12-31T05:31:12Z,-34.42513333,148.55845000,1285.00,,,,,,
12930,2017-12-31T05:31:13Z,-34.42518333,148.55870000,1284.00,,,,,,
12931,2017-12-31T05:31:14Z,-34.42521667,148.55893333,1287.00,,,,,,
12932,2017-12-31T05:31:15Z,-34.42528333,148.55913333,1287.00,,,,,,
12933,2017-12-31T05:31:16Z,-34.42531667,148.55935000,1285.00,,,,,,
12934,2017-12-31T05:31:17Z,-34.42538333,148.55956667,1284.00,,,,,,
12935,2017-12-31T05:31:18Z,-34.42543333,148.55978333,1284.00,,,,,,
12936,2017-12-31T05:31:19Z,-34.42550000,148.56000000,1283.00,,,,,,
12937,2017-12-31T05:31:20Z,-34.42556667,148.56021667,1283.00,,,,,,
12938,2017-12-31T05:31:21Z,-34.42563333,148.56041667,1282.00,,,,,,
12939,2017-12-31T05:31:22Z,-34.42568333,148.56063333,1279.00,,,,,,
12940,2017-12-31T05:31:23Z,-34.42573333,148.56085000,1278.00,,,,,,
12941,2017-12-31T05:31:24Z,-34.42576667,148.56106667,1274.00,,,,,,
12942,2017-12-31T05:31:25Z,-34.42576667,148.56131667,1269.00,,,,,,
12943,2017-12-31T05:31:26Z,-34.42578333,148.56155000,1266.00,,,,,,
12944,2017-12-31T05:31:27Z,-34.42578333,148.56178333,1266.00,,,,,,
12945,2017-12-31T05:31:28Z,-34.42578333,148.56200000,1265.00,,,,,,
12946,2017-12-31T05:31:29Z,-34.42578333,148.56223333,1263.00,,,,,,
12947,2017-12-31T05:31:30Z,-34.42576667,148.56243333,1261.00,,,,,,
12948,2017-12-31T05:31:31Z,-34.42576667,148.56265000,1257.00,,,,,,
12949,2017-12-31T05:31:32Z,-34.42575000,148.56290000,1253.00,,,,,,
12950,2017-12-31T05:31:33Z,-34.42575000,148.56313333,1253.00,,,,,,
12951,2017-12-31T05:31:34Z,-34.42575000,148.56336667,1253.00,,,,,,
12952,2017-12-31T05:31:35Z,-34.42575000,148.56358333,1252.00,,,,,,
12953,2017-12-31T05:31:36Z,-34.42573333,148.56381667,1251.00,,,,,,
12954,2017-12-31T05:31:37Z,-34.42573333,148.56405000,1248.00,,,,,,
12955,2017-12-31T05:31:38Z,-34.42571667,148.56430000,1244.00,,,,,,
12956,2017-12-31T05:31:39Z,-34.42571667,148.56453333,1244.00,,,,,,
12957,2017-12-31T05:31:40Z,-34.42571667,148.56476667,1243.00,,,,,,
12958,2017-12-31T05:31:41Z,-34.42571667,148.56501667,1241.00,,,,,,
12959,2017-12-31T05:31:42Z,-34.42571667,148.56523333,1241.00,,,,,,
12960,2017-12-31T05:31:43Z,-34.42573333,148.56543333,1240.00,,,,,,
12961,2017-12-31T05:31:44Z,-34.42576667,148.56563333,1238.00,,,,,,
12962,2017-12-31T05:31:45Z,-34.42580000,148.56585000,1235.00,,,,,,
12963,2017-12-31T05:31:46Z,-34.42583333,148.56605000,1233.00,,,,,,
12964,2017-12-31T05:31:47Z,-34.42588333,148.56626667,1229.00,,,,,,
12965,2017-12-31T05:31:48Z,-34.42593333,148.56648333,1226.00,,,,,,
12966,2017-12-31T05:31:49Z,-34.42598333,148.56670000,1224.00,,,,,,
12967,2017-12-31T05:31:50Z,-34.42603333,148.56691667,1223.00,,,,,,
12968,2017-12-31T05:31:51Z,-34.42608333,148.56715000,1219.00,,,,,,
12969,2017-12-31T05:31:52Z,-34.42611667,148.56740000,1218.00,,,,,,
12970,2017-12-31T05:31:53Z,-34.42615000,148.56765000,1219.00,,,,,,
12971,2017-12-31T05:31:54Z,-34.42620000,148.56788333,1221.00,,,,,,
12972,2017-12-31T05:31:55Z,-34.42623333,148.56811667,1219.00,,,,,,
12973,2017-12-31T05:31:56Z,-34.42625000,148.56835000,1216.00,,,,,,
12974,2017-12-31T05:31:57Z,-34.42628333,148.56858333,1216.00,,,,,,
12975,2017-12-31T05:31:58Z,-34.42631667,148.56880000,1217.00,,,,,,
12976,2017-12-31T05:31:59Z,-34.42636667,148.56900000,1215.00,,,,,,
12977,2017-12-31T05:32:00Z,-34.42645000,148.56920000,1214.00,,,,,,
12978,2017-12-31T05:32:01Z,-34.42651667,148.56940000,1213.00,,,,,,
12979,2017-12-31T05:32:02Z,-34.42660000,148.56960000,1214.00,,,,,,
12980,2017-12-31T05:32:03Z,-34.42668333,148.56978333,1214.00,,,,,,
12981,2017-12-31T05:32:04Z,-34.42678333,148.56996667,1213.00,,,,,,
12982,2017-12-31T05:32:05Z,-34.42688333,148.57013333,1212.00,,,,,,
12983,2017-12-31T05:32:06Z,-34.42696667,148.57031667,1211.00,,,,,,
12984,2017-12-31T05:32:07Z,-34.42703333,148.57053333,1210.00,,,,,,
12985,2017-12-31T05:32:08Z,-34.42711667,148.57075000,1209.00,,,,,,
12986,2017-12-31T05:32:09Z,-34.42720000,148.57096667,1211.00,,,,,,
12987,2017-12-31T05:32:10Z,-34.42726667,148.57116667,1215.00,,,,,,
12988,2017-12-31T05:32:11Z,-34.42733333,148.57138333,1217.00,,,,,,
12989,2017-12-31T05:32:12Z,-34.42741667,148.57158333,1216.00,,,,,,
12990,2017-12-31T05:32:13Z,-34.42748333,148.57178333,1216.00,,,,,,
12991,2017-12-31T05:32:14Z,-34.42753333,148.57198333,1217.00,,,,,,
12992,2017-12-31T05:32:15Z,-34.42758333,148.57220000,1217.00,,,,,,
12993,2017-12-31T05:32:16Z,-34.42761667,148.57240000,1218.00,,,,,,
12994,2017-12-31T05:32:17Z,-34.42761667,148.57260000,1218.00,,,,,,
12995,2017-12-31T05:32:18Z,-34.42760000,148.57280000,1217.00,,,,,,
12996,2017-12-31T05:32:19Z,-34.42758333,148.57298333,1217.00,,,,,,
12997,2017-12-31T05:32:20Z,-34.42753333,148.57316667,1217.00,,,,,,
12998,2017-12-31T05:32:21Z,-34.42751667,148.57338333,1216.00,,,,,,
12999,2017-12-31T05:32:22Z,-34.42748333,148.57358333,1217.00,,,,,,
13000,2017-12-31T05:32:23Z,-34.42748333,148.57376667,1217.00,,,,,,
13001,2017-12-31T05:32:24Z,-34.42748333,148.57396667,1215.00,,,,,,
13002,2017-12-31T05:32:25Z,-34.42750000,148.57415000,1214.00,,,,,,
13003,2017-12-31T05:32:26Z,-34.42751667,148.57433333,1211.00,,,,,,
13004,2017-12-31T05:32:27Z,-34.42756667,148.57453333,1208.00,,,,,,
13005,2017-12-31T05:32:28Z,-34.42761667,148.57471667,1205.00,,,,,,
13006,2017-12-31T05:32:29Z,-34.42770000,148.57490000,1204.00,,,,,,
13007,2017-12-31T05:32:30Z,-34.42780000,148.57506667,1205.00,,,,,,
13008,2017-12-31T05:32:31Z,-34.42788333,148.57523333,1205.00,,,,,,
13009,2017-12-31T05:32:32Z,-34.42796667,148.57540000,1205.00,,,,,,
13010,2017-12-31T05:32:33Z,-34.42805000,148.57556667,1203.00,,,,,,
13011,2017-12-31T05:32:34Z,-34.42813333,148.57571667,1200.00,,,,,,
13012,2017-12-31T05:32:35Z,-34.42821667,148.57588333,1199.00,,,,,,
13013,2017-12-31T05:32:36Z,-34.42831667,148.57606667,1198.00,,,,,,
13014,2017-12-31T05:32:37Z,-34.42840000,148.57623333,1198.00,,,,,,
13015,2017-12-31T05:32:38Z,-34.42850000,148.57640000,1199.00,,,,,,
13016,2017-12-31T05:32:39Z,-34.42858333,148.57656667,1202.00,,,,,,
13017,2017-12-31T05:32:40Z,-34.42866667,148.57673333,1203.00,,,,,,
13018,2017-12-31T05:32:41Z,-34.42875000,148.57690000,1203.00,,,,,,
13019,2017-12-31T05:32:42Z,-34.42883333,148.57706667,1202.00,,,,,,
13020,2017-12-31T05:32:43Z,-34.42890000,148.57725000,1204.00,,,,,,
13021,2017-12-31T05:32:44Z,-34.42896667,148.57743333,1206.00,,,,,,
13022,2017-12-31T05:32:45Z,-34.42901667,148.57765000,1207.00,,,,,,
13023,2017-12-31T05:32:46Z,-34.42906667,148.57785000,1209.00,,,,,,
13024,2017-12-31T05:32:47Z,-34.42910000,148.57805000,1210.00,,,,,,
13025,2017-12-31T05:32:48Z,-34.42911667,148.57825000,1209.00,,,,,,
13026,2017-12-31T05:32:49Z,-34.42911667,148.57845000,1209.00,,,,,,
13027,2017-12-31T05:32:50Z,-34.42908333,148.57865000,1209.00,,,,,,
13028,2017-12-31T05:32:51Z,-34.42905000,148.57885000,1208.00,,,,,,
13029,2017-12-31T05:32:52Z,-34.42900000,148.57905000,1207.00,,,,,,
13030,2017-12-31T05:32:53Z,-34.42893333,148.57926667,1206.00,,,,,,
13031,2017-12-31T05:32:54Z,-34.42886667,148.57948333,1208.00,,,,,,
13032,2017-12-31T05:32:55Z,-34.42881667,148.57970000,1210.00,,,,,,
13033,2017-12-31T05:32:56Z,-34.42878333,148.57988333,1210.00,,,,,,
13034,2017-12-31T05:32:57Z,-34.42876667,148.58006667,1211.00,,,,,,
13035,2017-12-31T05:32:58Z,-34.42873333,148.58026667,1212.00,,,,,,
13036,2017-12-31T05:32:59Z,-34.42868333,148.58045000,1212.00,,,,,,
13037,2017-12-31T05:33:00Z,-34.42861667,148.58061667,1212.00,,,,,,
13038,2017-12-31T05:33:01Z,-34.42853333,148.58078333,1211.00,,,,,,
13039,2017-12-31T05:33:02Z,-34.42841667,148.58091667,1210.00,,,,,,
13040,2017-12-31T05:33:03Z,-34.42828333,148.58101667,1209.00,,,,,,
13041,2017-12-31T05:33:04Z,-34.42815000,148.58108333,1209.00,,,,,,
13042,2017-12-31T05:33:05Z,-34.42801667,148.58108333,1209.00,,,,,,
13043,2017-12-31T05:33:06Z,-34.42788333,148.58108333,1208.00,,,,,,
13044,2017-12-31T05:33:07Z,-34.42776667,148.58105000,1205.00,,,,,,
13045,2017-12-31T05:33:08Z,-34.42766667,148.58098333,1203.00,,,,,,
13046,2017-12-31T05:33:09Z,-34.42758333,148.58091667,1204.00,,,,,,
13047,2017-12-31T05:33:10Z,-34.42753333,148.58078333,1204.00,,,,,,
13048,2017-12-31T05:33:11Z,-34.42750000,148.58066667,1205.00,,,,,,
13049,2017-12-31T05:33:12Z,-34.42748333,148.58056667,1204.00,,,,,,
13050,2017-12-31T05:33:13Z,-34.42748333,148.58046667,1202.00,,,,,,
13051,2017-12-31T05:33:14Z,-34.42751667,148.58035000,1198.00,,,,,,
13052,2017-12-31T05:33:15Z,-34.42761667,148.58023333,1196.00,,,,,,
13053,2017-12-31T05:33:16Z,-34.42770000,148.58015000,1195.00,,,,,,
13054,2017-12-31T05:33:17Z,-34.42780000,148.58008333,1195.00,,,,,,
13055,2017-12-31T05:33:18Z,-34.42791667,148.58003333,1197.00,,,,,,
13056,2017-12-31T05:33:19Z,-34.42806667,148.58005000,1201.00,,,,,,
13057,2017-12-31T05:33:20Z,-34.42821667,148.58008333,1204.00,,,,,,
13058,2017-12-31T05:33:21Z,-34.42833333,148.58011667,1206.00,,,,,,
13059,2017-12-31T05:33:22Z,-34.42846667,148.58016667,1207.00,,,,,,
13060,2017-12-31T05:33:23Z,-34.42856667,148.58025000,1207.00,,,,,,
13061,2017-12-31T05:33:24Z,-34.42866667,148.58033333,1208.00,,,,,,
13062,2017-12-31T05:33:25Z,-34.42876667,148.58046667,1207.00,,,,,,
13063,2017-12-31T05:33:26Z,-34.42885000,148.58058333,1207.00,,,,,,
13064,2017-12-31T05:33:27Z,-34.42891667,148.58071667,1207.00,,,,,,
13065,2017-12-31T05:33:28Z,-34.42900000,148.58088333,1206.00,,,,,,
13066,2017-12-31T05:33:29Z,-34.42905000,148.58108333,1206.00,,,,,,
13067,2017-12-31T05:33:30Z,-34.42910000,148.58130000,1206.00,,,,,,
13068,2017-12-31T05:33:31Z,-34.42916667,148.58148333,1208.00,,,,,,
13069,2017-12-31T05:33:32Z,-34.42923333,148.58166667,1209.00,,,,,,
13070,2017-12-31T05:33:33Z,-34.42930000,148.58183333,1209.00,,,,,,
13071,2017-12-31T05:33:34Z,-34.42938333,148.58200000,1207.00,,,,,,
13072,2017-12-31T05:33:35Z,-34.42945000,148.58218333,1206.00,,,,,,
13073,2017-12-31T05:33:36Z,-34.42953333,148.58236667,1206.00,,,,,,
13074,2017-12-31T05:33:37Z,-34.42961667,148.58255000,1206.00,,,,,,
13075,2017-12-31T05:33:38Z,-34.42968333,148.58271667,1207.00,,,,,,
13076,2017-12-31T05:33:39Z,-34.42975000,148.58290000,1206.00,,,,,,
13077,2017-12-31T05:33:40Z,-34.42981667,148.58306667,1205.00,,,,,,
13078,2017-12-31T05:33:41Z,-34.42986667,148.58325000,1202.00,,,,,,
13079,2017-12-31T05:33:42Z,-34.42991667,148.58343333,1201.00,,,,,,
13080,2017-12-31T05:33:43Z,-34.42998333,148.58363333,1203.00,,,,,,
13081,2017-12-31T05:33:44Z,-34.43005000,148.58381667,1208.00,,,,,,
13082,2017-12-31T05:33:45Z,-34.43010000,148.58400000,1209.00,,,,,,
13083,2017-12-31T05:33:46Z,-34.43016667,148.58413333,1210.00,,,,,,
13084,2017-12-31T05:33:47Z,-34.43025000,148.58428333,1209.00,,,,,,
13085,2017-12-31T05:33:48Z,-34.43035000,148.58438333,1209.00,,,,,,
13086,2017-12-31T05:33:49Z,-34.43045000,148.58450000,1211.00,,,,,,
13087,2017-12-31T05:33:50Z,-34.43056667,148.58456667,1212.00,,,,,,
13088,2017-12-31T05:33:51Z,-34.43068333,148.58463333,1214.00,,,,,,
13089,2017-12-31T05:33:52Z,-34.43080000,148.58470000,1214.00,,,,,,
13090,2017-12-31T05:33:53Z,-34.43091667,148.58475000,1215.00,,,,,,
13091,2017-12-31T05:33:54Z,-34.43105000,148.58478333,1218.00,,,,,,
13092,2017-12-31T05:33:55Z,-34.43120000,148.58480000,1220.00,,,,,,
13093,2017-12-31T05:33:56Z,-34.43131667,148.58480000,1221.00,,,,,,
13094,2017-12-31T05:33:57Z,-34.43145000,148.58480000,1222.00,,,,,,
13095,2017-12-31T05:33:58Z,-34.43155000,148.58476667,1223.00,,,,,,
13096,2017-12-31T05:33:59Z,-34.43163333,148.58470000,1224.00,,,,,,
13097,2017-12-31T05:34:00Z,-34.43166667,148.58460000,1224.00,,,,,,
13098,2017-12-31T05:34:01Z,-34.43168333,148.58448333,1226.00,,,,,,
13099,2017-12-31T05:34:02Z,-34.43166667,148.58436667,1228.00,,,,,,
13100,2017-12-31T05:34:03Z,-34.43160000,148.58428333,1230.00,,,,,,
13101,2017-12-31T05:34:04Z,-34.43153333,148.58420000,1232.00,,,,,,
13102,2017-12-31T05:34:05Z,-34.43140000,148.58418333,1232.00,,,,,,
13103,2017-12-31T05:34:06Z,-34.43128333,148.58416667,1231.00,,,,,,
13104,2017-12-31T05:34:07Z,-34.43115000,148.58418333,1231.00,,,,,,
13105,2017-12-31T05:34:08Z,-34.43101667,148.58426667,1232.00,,,,,,
13106,2017-12-31T05:34:09Z,-34.43088333,148.58436667,1235.00,,,,,,
13107,2017-12-31T05:34:10Z,-34.43078333,148.58453333,1238.00,,,,,,
13108,2017-12-31T05:34:11Z,-34.43071667,148.58473333,1238.00,,,,,,
13109,2017-12-31T05:34:12Z,-34.43065000,148.58493333,1241.00,,,,,,
13110,2017-12-31T05:34:13Z,-34.43063333,148.58511667,1244.00,,,,,,
13111,2017-12-31T05:34:14Z,-34.43061667,148.58531667,1248.00,,,,,,
13112,2017-12-31T05:34:15Z,-34.43061667,148.58555000,1249.00,,,,,,
13113,2017-12-31T05:34:16Z,-34.43061667,148.58575000,1251.00,,,,,,
13114,2017-12-31T05:34:17Z,-34.43065000,148.58593333,1250.00,,,,,,
13115,2017-12-31T05:34:18Z,-34.43076667,148.58605000,1251.00,,,,,,
13116,2017-12-31T05:34:19Z,-34.43088333,148.58613333,1253.00,,,,,,
13117,2017-12-31T05:34:20Z,-34.43100000,148.58615000,1254.00,,,,,,
13118,2017-12-31T05:34:21Z,-34.43110000,148.58613333,1255.00,,,,,,
13119,2017-12-31T05:34:22Z,-34.43116667,148.58608333,1256.00,,,,,,
13120,2017-12-31T05:34:23Z,-34.43121667,148.58600000,1256.00,,,,,,
13121,2017-12-31T05:34:24Z,-34.43125000,148.58590000,1257.00,,,,,,
13122,2017-12-31T05:34:25Z,-34.43123333,148.58580000,1258.00,,,,,,
13123,2017-12-31T05:34:26Z,-34.43120000,148.58571667,1258.00,,,,,,
13124,2017-12-31T05:34:27Z,-34.43115000,148.58563333,1258.00,,,,,,
13125,2017-12-31T05:34:28Z,-34.43106667,148.58556667,1257.00,,,,,,
13126,2017-12-31T05:34:29Z,-34.43098333,148.58551667,1257.00,,,,,,
13127,2017-12-31T05:34:30Z,-34.43080000,148.58555000,1258.00,,,,,,
13128,2017-12-31T05:34:31Z,-34.43065000,148.58558333,1260.00,,,,,,
13129,2017-12-31T05:34:32Z,-34.43051667,148.58566667,1261.00,,,,,,
13130,2017-12-31T05:34:33Z,-34.43040000,148.58578333,1260.00,,,,,,
13131,2017-12-31T05:34:34Z,-34.43028333,148.58590000,1263.00,,,,,,
13132,2017-12-31T05:34:35Z,-34.43020000,148.58606667,1266.00,,,,,,
13133,2017-12-31T05:34:36Z,-34.43013333,148.58623333,1269.00,,,,,,
13134,2017-12-31T05:34:37Z,-34.43008333,148.58640000,1271.00,,,,,,
13135,2017-12-31T05:34:38Z,-34.43005000,148.58656667,1270.00,,,,,,
13136,2017-12-31T05:34:39Z,-34.43003333,148.58671667,1269.00,,,,,,
13137,2017-12-31T05:34:40Z,-34.43005000,148.58690000,1267.00,,,,,,
13138,2017-12-31T05:34:41Z,-34.43006667,148.58706667,1266.00,,,,,,
13139,2017-12-31T05:34:42Z,-34.43008333,148.58725000,1267.00,,,,,,
13140,2017-12-31T05:34:43Z,-34.43011667,148.58743333,1266.00,,,,,,
13141,2017-12-31T05:34:44Z,-34.43018333,148.58761667,1266.00,,,,,,
13142,2017-12-31T05:34:45Z,-34.43028333,148.58776667,1267.00,,,,,,
13143,2017-12-31T05:34:46Z,-34.43038333,148.58790000,1270.00,,,,,,
13144,2017-12-31T05:34:47Z,-34.43050000,148.58800000,1272.00,,,,,,
13145,2017-12-31T05:34:48Z,-34.43061667,148.58808333,1273.00,,,,,,
13146,2017-12-31T05:34:49Z,-34.43071667,148.58815000,1275.00,,,,,,
13147,2017-12-31T05:34:50Z,-34.43085000,148.58816667,1276.00,,,,,,
13148,2017-12-31T05:34:51Z,-34.43095000,148.58818333,1278.00,,,,,,
13149,2017-12-31T05:34:52Z,-34.43105000,148.58818333,1278.00,,,,,,
13150,2017-12-31T05:34:53Z,-34.43115000,148.58816667,1276.00,,,,,,
13151,2017-12-31T05:34:54Z,-34.43125000,148.58811667,1277.00,,,,,,
13152,2017-12-31T05:34:55Z,-34.43131667,148.58798333,1278.00,,,,,,
13153,2017-12-31T05:34:56Z,-34.43136667,148.58786667,1279.00,,,,,,
13154,2017-12-31T05:34:57Z,-34.43138333,148.58775000,1282.00,,,,,,
13155,2017-12-31T05:34:58Z,-34.43136667,148.58763333,1284.00,,,,,,
13156,2017-12-31T05:34:59Z,-34.43131667,148.58753333,1283.00,,,,,,
13157,2017-12-31T05:35:00Z,-34.43121667,148.58745000,1282.00,,,,,,
13158,2017-12-31T05:35:01Z,-34.43111667,148.58738333,1283.00,,,,,,
13159,2017-12-31T05:35:02Z,-34.43100000,148.58735000,1283.00,,,,,,
13160,2017-12-31T05:35:03Z,-34.43086667,148.58735000,1282.00,,,,,,
13161,2017-12-31T05:35:04Z,-34.43071667,148.58740000,1281.00,,,,,,
13162,2017-12-31T05:35:05Z,-34.43058333,148.58748333,1283.00,,,,,,
13163,2017-12-31T05:35:06Z,-34.43045000,148.58758333,1287.00,,,,,,
13164,2017-12-31T05:35:07Z,-34.43035000,148.58770000,1290.00,,,,,,
13165,2017-12-31T05:35:08Z,-34.43028333,148.58783333,1290.00,,,,,,
13166,2017-12-31T05:35:09Z,-34.43021667,148.58798333,1290.00,,,,,,
13167,2017-12-31T05:35:10Z,-34.43015000,148.58813333,1290.00,,,,,,
13168,2017-12-31T05:35:11Z,-34.43010000,148.58828333,1290.00,,,,,,
13169,2017-12-31T05:35:12Z,-34.43005000,148.58843333,1290.00,,,,,,
13170,2017-12-31T05:35:13Z,-34.43000000,148.58860000,1288.00,,,,,,
13171,2017-12-31T05:35:14Z,-34.42998333,148.58878333,1285.00,,,,,,
13172,2017-12-31T05:35:15Z,-34.42995000,148.58898333,1283.00,,,,,,
13173,2017-12-31T05:35:16Z,-34.42995000,148.58916667,1282.00,,,,,,
13174,2017-12-31T05:35:17Z,-34.42995000,148.58936667,1282.00,,,,,,
13175,2017-12-31T05:35:18Z,-34.42996667,148.58956667,1281.00,,,,,,
13176,2017-12-31T05:35:19Z,-34.43000000,148.58976667,1282.00,,,,,,
13177,2017-12-31T05:35:20Z,-34.43001667,148.58996667,1284.00,,,,,,
13178,2017-12-31T05:35:21Z,-34.43005000,148.59016667,1287.00,,,,,,
13179,2017-12-31T05:35:22Z,-34.43006667,148.59036667,1287.00,,,,,,
13180,2017-12-31T05:35:23Z,-34.43010000,148.59055000,1286.00,,,,,,
13181,2017-12-31T05:35:24Z,-34.43015000,148.59075000,1285.00,,,,,,
13182,2017-12-31T05:35:25Z,-34.43020000,148.59095000,1284.00,,,,,,
13183,2017-12-31T05:35:26Z,-34.43026667,148.59113333,1281.00,,,,,,
13184,2017-12-31T05:35:27Z,-34.43036667,148.59133333,1281.00,,,,,,
13185,2017-12-31T05:35:28Z,-34.43046667,148.59153333,1285.00,,,,,,
13186,2017-12-31T05:35:29Z,-34.43056667,148.59173333,1288.00,,,,,,
13187,2017-12-31T05:35:30Z,-34.43066667,148.59191667,1290.00,,,,,,
13188,2017-12-31T05:35:31Z,-34.43075000,148.59210000,1291.00,,,,,,
13189,2017-12-31T05:35:32Z,-34.43083333,148.59230000,1291.00,,,,,,
13190,2017-12-31T05:35:33Z,-34.43090000,148.59246667,1291.00,,,,,,
13191,2017-12-31T05:35:34Z,-34.43096667,148.59265000,1290.00,,,,,,
13192,2017-12-31T05:35:35Z,-34.43101667,148.59283333,1289.00,,,,,,
13193,2017-12-31T05:35:36Z,-34.43105000,148.59303333,1287.00,,,,,,
13194,2017-12-31T05:35:37Z,-34.43110000,148.59325000,1286.00,,,,,,
13195,2017-12-31T05:35:38Z,-34.43113333,148.59346667,1286.00,,,,,,
13196,2017-12-31T05:35:39Z,-34.43116667,148.59370000,1285.00,,,,,,
13197,2017-12-31T05:35:40Z,-34.43121667,148.59390000,1285.00,,,,,,
13198,2017-12-31T05:35:41Z,-34.43126667,148.59411667,1284.00,,,,,,
13199,2017-12-31T05:35:42Z,-34.43131667,148.59431667,1285.00,,,,,,
13200,2017-12-31T05:35:43Z,-34.43136667,148.59451667,1286.00,,,,,,
13201,2017-12-31T05:35:44Z,-34.43143333,148.59470000,1283.00,,,,,,
13202,2017-12-31T05:35:45Z,-34.43148333,148.59490000,1281.00,,,,,,
13203,2017-12-31T05:35:46Z,-34.43153333,148.59510000,1280.00,,,,,,
13204,2017-12-31T05:35:47Z,-34.43160000,148.59531667,1281.00,,,,,,
13205,2017-12-31T05:35:48Z,-34.43165000,148.59553333,1280.00,,,,,,
13206,2017-12-31T05:35:49Z,-34.43171667,148.59575000,1279.00,,,,,,
13207,2017-12-31T05:35:50Z,-34.43176667,148.59595000,1277.00,,,,,,
13208,2017-12-31T05:35:51Z,-34.43181667,148.59616667,1275.00,,,,,,
13209,2017-12-31T05:35:52Z,-34.43188333,148.59638333,1275.00,,,,,,
13210,2017-12-31T05:35:53Z,-34.43193333,148.59660000,1275.00,,,,,,
13211,2017-12-31T05:35:54Z,-34.43200000,148.59681667,1273.00,,,,,,
13212,2017-12-31T05:35:55Z,-34.43205000,148.59703333,1272.00,,,,,,
13213,2017-12-31T05:35:56Z,-34.43210000,148.59725000,1271.00,,,,,,
13214,2017-12-31T05:35:57Z,-34.43216667,148.59746667,1270.00,,,,,,
13215,2017-12-31T05:35:58Z,-34.43221667,148.59766667,1271.00,,,,,,
13216,2017-12-31T05:35:59Z,-34.43226667,148.59788333,1269.00,,,,,,
13217,2017-12-31T05:36:00Z,-34.43231667,148.59810000,1267.00,,,,,,
13218,2017-12-31T05:36:01Z,-34.43236667,148.59831667,1264.00,,,,,,
13219,2017-12-31T05:36:02Z,-34.43240000,148.59853333,1262.00,,,,,,
13220,2017-12-31T05:36:03Z,-34.43246667,148.59876667,1261.00,,,,,,
13221,2017-12-31T05:36:04Z,-34.43253333,148.59900000,1260.00,,,,,,
13222,2017-12-31T05:36:05Z,-34.43260000,148.59923333,1259.00,,,,,,
13223,2017-12-31T05:36:06Z,-34.43266667,148.59946667,1258.00,,,,,,
13224,2017-12-31T05:36:07Z,-34.43271667,148.59968333,1259.00,,,,,,
13225,2017-12-31T05:36:08Z,-34.43278333,148.59988333,1259.00,,,,,,
13226,2017-12-31T05:36:09Z,-34.43283333,148.60010000,1259.00,,,,,,
13227,2017-12-31T05:36:10Z,-34.43288333,148.60031667,1258.00,,,,,,
13228,2017-12-31T05:36:11Z,-34.43293333,148.60055000,1257.00,,,,,,
13229,2017-12-31T05:36:12Z,-34.43298333,148.60078333,1258.00,,,,,,
13230,2017-12-31T05:36:13Z,-34.43303333,148.60101667,1259.00,,,,,,
13231,2017-12-31T05:36:14Z,-34.43306667,148.60123333,1259.00,,,,,,
13232,2017-12-31T05:36:15Z,-34.43311667,148.60146667,1260.00,,,,,,
13233,2017-12-31T05:36:16Z,-34.43318333,148.60170000,1259.00,,,,,,
13234,2017-12-31T05:36:17Z,-34.43323333,148.60191667,1260.00,,,,,,
13235,2017-12-31T05:36:18Z,-34.43330000,148.60211667,1260.00,,,,,,
13236,2017-12-31T05:36:19Z,-34.43336667,148.60233333,1260.00,,,,,,
13237,2017-12-31T05:36:20Z,-34.43341667,148.60255000,1259.00,,,,,,
13238,2017-12-31T05:36:21Z,-34.43346667,148.60275000,1257.00,,,,,,
13239,2017-12-31T05:36:22Z,-34.43351667,148.60296667,1253.00,,,,,,
13240,2017-12-31T05:36:23Z,-34.43356667,148.60318333,1250.00,,,,,,
13241,2017-12-31T05:36:24Z,-34.43361667,148.60340000,1249.00,,,,,,
13242,2017-12-31T05:36:25Z,-34.43366667,148.60361667,1248.00,,,,,,
13243,2017-12-31T05:36:26Z,-34.43371667,148.60383333,1247.00,,,,,,
13244,2017-12-31T05:36:27Z,-34.43375000,148.60403333,1245.00,,,,,,
13245,2017-12-31T05:36:28Z,-34.43380000,148.60425000,1243.00,,,,,,
13246,2017-12-31T05:36:29Z,-34.43383333,148.60446667,1241.00,,,,,,
13247,2017-12-31T05:36:30Z,-34.43386667,148.60468333,1240.00,,,,,,
13248,2017-12-31T05:36:31Z,-34.43391667,148.60490000,1239.00,,,,,,
13249,2017-12-31T05:36:32Z,-34.43395000,148.60511667,1238.00,,,,,,
13250,2017-12-31T05:36:33Z,-34.43400000,148.60533333,1236.00,,,,,,
13251,2017-12-31T05:36:34Z,-34.43405000,148.60555000,1233.00,,,,,,
13252,2017-12-31T05:36:35Z,-34.43410000,148.60578333,1234.00,,,,,,
13253,2017-12-31T05:36:36Z,-34.43416667,148.60600000,1233.00,,,,,,
13254,2017-12-31T05:36:37Z,-34.43421667,148.60621667,1233.00,,,,,,
13255,2017-12-31T05:36:38Z,-34.43426667,148.60643333,1233.00,,,,,,
13256,2017-12-31T05:36:39Z,-34.43431667,148.60665000,1233.00,,,,,,
13257,2017-12-31T05:36:40Z,-34.43436667,148.60686667,1233.00,,,,,,
13258,2017-12-31T05:36:41Z,-34.43440000,148.60708333,1234.00,,,,,,
13259,2017-12-31T05:36:42Z,-34.43445000,148.60728333,1235.00,,,,,,
13260,2017-12-31T05:36:43Z,-34.43448333,148.60748333,1234.00,,,,,,
13261,2017-12-31T05:36:44Z,-34.43453333,148.60770000,1233.00,,,,,,
13262,2017-12-31T05:36:45Z,-34.43458333,148.60791667,1232.00,,,,,,
13263,2017-12-31T05:36:46Z,-34.43463333,148.60815000,1232.00,,,,,,
13264,2017-12-31T05:36:47Z,-34.43468333,148.60836667,1231.00,,,,,,
13265,2017-12-31T05:36:48Z,-34.43475000,148.60858333,1232.00,,,,,,
13266,2017-12-31T05:36:49Z,-34.43481667,148.60880000,1233.00,,,,,,
13267,2017-12-31T05:36:50Z,-34.43490000,148.60900000,1234.00,,,,,,
13268,2017-12-31T05:36:51Z,-34.43495000,148.60921667,1235.00,,,,,,
13269,2017-12-31T05:36:52Z,-34.43501667,148.60941667,1235.00,,,,,,
13270,2017-12-31T05:36:53Z,-34.43508333,148.60963333,1236.00,,,,,,
13271,2017-12-31T05:36:54Z,-34.43513333,148.60983333,1238.00,,,,,,
13272,2017-12-31T05:36:55Z,-34.43520000,148.61003333,1238.00,,,,,,
13273,2017-12-31T05:36:56Z,-34.43525000,148.61025000,1239.00,,,,,,
13274,2017-12-31T05:36:57Z,-34.43528333,148.61046667,1241.00,,,,,,
13275,2017-12-31T05:36:58Z,-34.43531667,148.61070000,1244.00,,,,,,
13276,2017-12-31T05:36:59Z,-34.43533333,148.61093333,1246.00,,,,,,
13277,2017-12-31T05:37:00Z,-34.43533333,148.61115000,1247.00,,,,,,
13278,2017-12-31T05:37:01Z,-34.43535000,148.61138333,1247.00,,,,,,
13279,2017-12-31T05:37:02Z,-34.43533333,148.61158333,1247.00,,,,,,
13280,2017-12-31T05:37:03Z,-34.43528333,148.61176667,1247.00,,,,,,
13281,2017-12-31T05:37:04Z,-34.43520000,148.61191667,1250.00,,,,,,
13282,2017-12-31T05:37:05Z,-34.43510000,148.61203333,1252.00,,,,,,
13283,2017-12-31T05:37:06Z,-34.43500000,148.61213333,1254.00,,,,,,
13284,2017-12-31T05:37:07Z,-34.43490000,148.61221667,1256.00,,,,,,
13285,2017-12-31T05:37:08Z,-34.43480000,148.61228333,1258.00,,,,,,
13286,2017-12-31T05:37:09Z,-34.43470000,148.61233333,1258.00,,,,,,
13287,2017-12-31T05:37:10Z,-34.43461667,148.61228333,1257.00,,,,,,
13288,2017-12-31T05:37:11Z,-34.43456667,148.61223333,1254.00,,,,,,
13289,2017-12-31T05:37:12Z,-34.43455000,148.61213333,1253.00,,,,,,
13290,2017-12-31T05:37:13Z,-34.43456667,148.61201667,1255.00,,,,,,
13291,2017-12-31T05:37:14Z,-34.43463333,148.61190000,1257.00,,,,,,
13292,2017-12-31T05:37:15Z,-34.43475000,148.61180000,1259.00,,,,,,
13293,2017-12-31T05:37:16Z,-34.43488333,148.61173333,1262.00,,,,,,
13294,2017-12-31T05:37:17Z,-34.43503333,148.61170000,1266.00,,,,,,
13295,2017-12-31T05:37:18Z,-34.43518333,148.61168333,1267.00,,,,,,
13296,2017-12-31T05:37:19Z,-34.43533333,148.61171667,1268.00,,,,,,
13297,2017-12-31T05:37:20Z,-34.43548333,148.61180000,1270.00,,,,,,
13298,2017-12-31T05:37:21Z,-34.43561667,148.61191667,1272.00,,,,,,
13299,2017-12-31T05:37:22Z,-34.43573333,148.61205000,1274.00,,,,,,
13300,2017-12-31T05:37:23Z,-34.43583333,148.61221667,1274.00,,,,,,
13301,2017-12-31T05:37:24Z,-34.43586667,148.61236667,1273.00,,,,,,
13302,2017-12-31T05:37:25Z,-34.43578333,148.61263333,1271.00,,,,,,
13303,2017-12-31T05:37:26Z,-34.43570000,148.61281667,1271.00,,,,,,
13304,2017-12-31T05:37:27Z,-34.43560000,148.61296667,1273.00,,,,,,
13305,2017-12-31T05:37:28Z,-34.43548333,148.61305000,1276.00,,,,,,
13306,2017-12-31T05:37:29Z,-34.43538333,148.61308333,1273.00,,,,,,
13307,2017-12-31T05:37:30Z,-34.43528333,148.61310000,1272.00,,,,,,
13308,2017-12-31T05:37:31Z,-34.43520000,148.61308333,1273.00,,,,,,
13309,2017-12-31T05:37:32Z,-34.43513333,148.61305000,1276.00,,,,,,
13310,2017-12-31T05:37:33Z,-34.43506667,148.61300000,1279.00,,,,,,
13311,2017-12-31T05:37:34Z,-34.43501667,148.61293333,1284.00,,,,,,
13312,2017-12-31T05:37:35Z,-34.43496667,148.61286667,1288.00,,,,,,
13313,2017-12-31T05:37:36Z,-34.43491667,148.61280000,1290.00,,,,,,
13314,2017-12-31T05:37:37Z,-34.43488333,148.61273333,1291.00,,,,,,
13315,2017-12-31T05:37:38Z,-34.43486667,148.61266667,1293.00,,,,,,
13316,2017-12-31T05:37:39Z,-34.43488333,148.61258333,1294.00,,,,,,
13317,2017-12-31T05:37:40Z,-34.43500000,148.61251667,1295.00,,,,,,
13318,2017-12-31T05:37:41Z,-34.43513333,148.61250000,1296.00,,,,,,
13319,2017-12-31T05:37:42Z,-34.43526667,148.61255000,1296.00,,,,,,
13320,2017-12-31T05:37:43Z,-34.43541667,148.61266667,1296.00,,,,,,
13321,2017-12-31T05:37:44Z,-34.43555000,148.61281667,1299.00,,,,,,
13322,2017-12-31T05:37:45Z,-34.43566667,148.61300000,1302.00,,,,,,
13323,2017-12-31T05:37:46Z,-34.43571667,148.61318333,1308.00,,,,,,
13324,2017-12-31T05:37:47Z,-34.43573333,148.61336667,1311.00,,,,,,
13325,2017-12-31T05:37:48Z,-34.43570000,148.61353333,1311.00,,,,,,
13326,2017-12-31T05:37:49Z,-34.43565000,148.61368333,1309.00,,,,,,
13327,2017-12-31T05:37:50Z,-34.43555000,148.61378333,1310.00,,,,,,
13328,2017-12-31T05:37:51Z,-34.43545000,148.61386667,1314.00,,,,,,
13329,2017-12-31T05:37:52Z,-34.43535000,148.61393333,1319.00,,,,,,
13330,2017-12-31T05:37:53Z,-34.43526667,148.61398333,1322.00,,,,,,
13331,2017-12-31T05:37:54Z,-34.43518333,148.61403333,1323.00,,,,,,
13332,2017-12-31T05:37:55Z,-34.43510000,148.61401667,1322.00,,,,,,
13333,2017-12-31T05:37:56Z,-34.43501667,148.61400000,1323.00,,,,,,
13334,2017-12-31T05:37:57Z,-34.43495000,148.61395000,1325.00,,,,,,
13335,2017-12-31T05:37:58Z,-34.43495000,148.61385000,1328.00,,,,,,
13336,2017-12-31T05:37:59Z,-34.43498333,148.61375000,1331.00,,,,,,
13337,2017-12-31T05:38:00Z,-34.43510000,148.61368333,1332.00,,,,,,
13338,2017-12-31T05:38:01Z,-34.43521667,148.61361667,1333.00,,,,,,
13339,2017-12-31T05:38:02Z,-34.43535000,148.61361667,1333.00,,,,,,
13340,2017-12-31T05:38:03Z,-34.43551667,148.61365000,1334.00,,,,,,
13341,2017-12-31T05:38:04Z,-34.43565000,148.61375000,1334.00,,,,,,
13342,2017-12-31T05:38:05Z,-34.43578333,148.61388333,1335.00,,,,,,
13343,2017-12-31T05:38:06Z,-34.43590000,148.61405000,1335.00,,,,,,
13344,2017-12-31T05:38:07Z,-34.43600000,148.61421667,1335.00,,,,,,
13345,2017-12-31T05:38:08Z,-34.43608333,148.61440000,1336.00,,,,,,
13346,2017-12-31T05:38:09Z,-34.43613333,148.61461667,1340.00,,,,,,
13347,2017-12-31T05:38:10Z,-34.43610000,148.61483333,1343.00,,,,,,
13348,2017-12-31T05:38:11Z,-34.43606667,148.61503333,1348.00,,,,,,
13349,2017-12-31T05:38:12Z,-34.43601667,148.61520000,1351.00,,,,,,
13350,2017-12-31T05:38:13Z,-34.43596667,148.61536667,1353.00,,,,,,
13351,2017-12-31T05:38:14Z,-34.43590000,148.61550000,1353.00,,,,,,
13352,2017-12-31T05:38:15Z,-34.43581667,148.61560000,1353.00,,,,,,
13353,2017-12-31T05:38:16Z,-34.43573333,148.61568333,1351.00,,,,,,
13354,2017-12-31T05:38:17Z,-34.43565000,148.61575000,1349.00,,,,,,
13355,2017-12-31T05:38:18Z,-34.43556667,148.61576667,1348.00,,,,,,
13356,2017-12-31T05:38:19Z,-34.43548333,148.61566667,1351.00,,,,,,
13357,2017-12-31T05:38:20Z,-34.43546667,148.61556667,1351.00,,,,,,
13358,2017-12-31T05:38:21Z,-34.43545000,148.61545000,1353.00,,,,,,
13359,2017-12-31T05:38:22Z,-34.43548333,148.61535000,1356.00,,,,,,
13360,2017-12-31T05:38:23Z,-34.43555000,148.61526667,1358.00,,,,,,
13361,2017-12-31T05:38:24Z,-34.43563333,148.61520000,1361.00,,,,,,
13362,2017-12-31T05:38:25Z,-34.43575000,148.61515000,1361.00,,,,,,
13363,2017-12-31T05:38:26Z,-34.43590000,148.61520000,1363.00,,,,,,
13364,2017-12-31T05:38:27Z,-34.43603333,148.61530000,1365.00,,,,,,
13365,2017-12-31T05:38:28Z,-34.43615000,148.61543333,1367.00,,,,,,
13366,2017-12-31T05:38:29Z,-34.43625000,148.61560000,1369.00,,,,,,
13367,2017-12-31T05:38:30Z,-34.43633333,148.61576667,1370.00,,,,,,
13368,2017-12-31T05:38:31Z,-34.43641667,148.61595000,1371.00,,,,,,
13369,2017-12-31T05:38:32Z,-34.43645000,148.61613333,1373.00,,,,,,
13370,2017-12-31T05:38:33Z,-34.43648333,148.61633333,1376.00,,,,,,
13371,2017-12-31T05:38:34Z,-34.43645000,148.61651667,1378.00,,,,,,
13372,2017-12-31T05:38:35Z,-34.43638333,148.61670000,1379.00,,,,,,
13373,2017-12-31T05:38:36Z,-34.43631667,148.61685000,1377.00,,,,,,
13374,2017-12-31T05:38:37Z,-34.43625000,148.61695000,1377.00,,,,,,
13375,2017-12-31T05:38:38Z,-34.43616667,148.61700000,1376.00,,,,,,
13376,2017-12-31T05:38:39Z,-34.43605000,148.61698333,1376.00,,,,,,
13377,2017-12-31T05:38:40Z,-34.43598333,148.61693333,1376.00,,,,,,
13378,2017-12-31T05:38:41Z,-34.43595000,148.61685000,1376.00,,,,,,
13379,2017-12-31T05:38:42Z,-34.43595000,148.61675000,1377.00,,,,,,
13380,2017-12-31T05:38:43Z,-34.43596667,148.61665000,1379.00,,,,,,
13381,2017-12-31T05:38:44Z,-34.43600000,148.61655000,1379.00,,,,,,
13382,2017-12-31T05:38:45Z,-34.43608333,148.61646667,1380.00,,,,,,
13383,2017-12-31T05:38:46Z,-34.43616667,148.61640000,1380.00,,,,,,
13384,2017-12-31T05:38:47Z,-34.43628333,148.61635000,1382.00,,,,,,
13385,2017-12-31T05:38:48Z,-34.43643333,148.61635000,1384.00,,,,,,
13386,2017-12-31T05:38:49Z,-34.43656667,148.61635000,1386.00,,,,,,
13387,2017-12-31T05:38:50Z,-34.43670000,148.61640000,1385.00,,,,,,
13388,2017-12-31T05:38:51Z,-34.43683333,148.61650000,1383.00,,,,,,
13389,2017-12-31T05:38:52Z,-34.43696667,148.61661667,1382.00,,,,,,
13390,2017-12-31T05:38:53Z,-34.43708333,148.61678333,1383.00,,,,,,
13391,2017-12-31T05:38:54Z,-34.43720000,148.61696667,1385.00,,,,,,
13392,2017-12-31T05:38:55Z,-34.43728333,148.61718333,1386.00,,,,,,
13393,2017-12-31T05:38:56Z,-34.43736667,148.61736667,1388.00,,,,,,
13394,2017-12-31T05:38:57Z,-34.43743333,148.61756667,1389.00,,,,,,
13395,2017-12-31T05:38:58Z,-34.43748333,148.61778333,1389.00,,,,,,
13396,2017-12-31T05:38:59Z,-34.43750000,148.61796667,1390.00,,,,,,
13397,2017-12-31T05:39:00Z,-34.43748333,148.61818333,1391.00,,,,,,
13398,2017-12-31T05:39:01Z,-34.43746667,148.61836667,1393.00,,,,,,
13399,2017-12-31T05:39:02Z,-34.43743333,148.61853333,1395.00,,,,,,
13400,2017-12-31T05:39:03Z,-34.43738333,148.61868333,1395.00,,,,,,
13401,2017-12-31T05:39:04Z,-34.43733333,148.61883333,1396.00,,,,,,
13402,2017-12-31T05:39:05Z,-34.43726667,148.61898333,1397.00,,,,,,
13403,2017-12-31T05:39:06Z,-34.43720000,148.61910000,1399.00,,,,,,
13404,2017-12-31T05:39:07Z,-34.43711667,148.61921667,1400.00,,,,,,
13405,2017-12-31T05:39:08Z,-34.43701667,148.61928333,1400.00,,,,,,
13406,2017-12-31T05:39:09Z,-34.43691667,148.61933333,1402.00,,,,,,
13407,2017-12-31T05:39:10Z,-34.43681667,148.61928333,1404.00,,,,,,
13408,2017-12-31T05:39:11Z,-34.43675000,148.61925000,1407.00,,,,,,
13409,2017-12-31T05:39:12Z,-34.43666667,148.61920000,1408.00,,,,,,
13410,2017-12-31T05:39:13Z,-34.43661667,148.61913333,1407.00,,,,,,
13411,2017-12-31T05:39:14Z,-34.43655000,148.61905000,1409.00,,,,,,
13412,2017-12-31T05:39:15Z,-34.43648333,148.61895000,1410.00,,,,,,
13413,2017-12-31T05:39:16Z,-34.43643333,148.61886667,1412.00,,,,,,
13414,2017-12-31T05:39:17Z,-34.43641667,148.61876667,1414.00,,,,,,
13415,2017-12-31T05:39:18Z,-34.43640000,148.61868333,1414.00,,,,,,
13416,2017-12-31T05:39:19Z,-34.43641667,148.61858333,1412.00,,,,,,
13417,2017-12-31T05:39:20Z,-34.43651667,148.61846667,1412.00,,,,,,
13418,2017-12-31T05:39:21Z,-34.43660000,148.61838333,1412.00,,,,,,
13419,2017-12-31T05:39:22Z,-34.43673333,148.61831667,1412.00,,,,,,
13420,2017-12-31T05:39:23Z,-34.43688333,148.61831667,1411.00,,,,,,
13421,2017-12-31T05:39:24Z,-34.43705000,148.61833333,1410.00,,,,,,
13422,2017-12-31T05:39:25Z,-34.43723333,148.61838333,1411.00,,,,,,
13423,2017-12-31T05:39:26Z,-34.43740000,148.61845000,1412.00,,,,,,
13424,2017-12-31T05:39:27Z,-34.43756667,148.61853333,1415.00,,,,,,
13425,2017-12-31T05:39:28Z,-34.43773333,148.61863333,1417.00,,,,,,
13426,2017-12-31T05:39:29Z,-34.43788333,148.61875000,1418.00,,,,,,
13427,2017-12-31T05:39:30Z,-34.43800000,148.61891667,1418.00,,,,,,
13428,2017-12-31T05:39:31Z,-34.43813333,148.61906667,1418.00,,,,,,
13429,2017-12-31T05:39:32Z,-34.43823333,148.61923333,1418.00,,,,,,
13430,2017-12-31T05:39:33Z,-34.43833333,148.61940000,1417.00,,,,,,
13431,2017-12-31T05:39:34Z,-34.43843333,148.61958333,1416.00,,,,,,
13432,2017-12-31T05:39:35Z,-34.43853333,148.61978333,1415.00,,,,,,
13433,2017-12-31T05:39:36Z,-34.43863333,148.61998333,1413.00,,,,,,
13434,2017-12-31T05:39:37Z,-34.43871667,148.62020000,1413.00,,,,,,
13435,2017-12-31T05:39:38Z,-34.43880000,148.62041667,1413.00,,,,,,
13436,2017-12-31T05:39:39Z,-34.43888333,148.62063333,1411.00,,,,,,
13437,2017-12-31T05:39:40Z,-34.43895000,148.62086667,1409.00,,,,,,
13438,2017-12-31T05:39:41Z,-34.43903333,148.62108333,1409.00,,,,,,
13439,2017-12-31T05:39:42Z,-34.43911667,148.62130000,1409.00,,,,,,
13440,2017-12-31T05:39:43Z,-34.43921667,148.62151667,1406.00,,,,,,
13441,2017-12-31T05:39:44Z,-34.43931667,148.62170000,1402.00,,,,,,
13442,2017-12-31T05:39:45Z,-34.43943333,148.62190000,1401.00,,,,,,
13443,2017-12-31T05:39:46Z,-34.43955000,148.62210000,1403.00,,,,,,
13444,2017-12-31T05:39:47Z,-34.43968333,148.62226667,1408.00,,,,,,
13445,2017-12-31T05:39:48Z,-34.43981667,148.62243333,1408.00,,,,,,
13446,2017-12-31T05:39:49Z,-34.43993333,148.62260000,1407.00,,,,,,
13447,2017-12-31T05:39:50Z,-34.44006667,148.62273333,1407.00,,,,,,
13448,2017-12-31T05:39:51Z,-34.44020000,148.62286667,1407.00,,,,,,
13449,2017-12-31T05:39:52Z,-34.44031667,148.62300000,1408.00,,,,,,
13450,2017-12-31T05:39:53Z,-34.44045000,148.62311667,1403.00,,,,,,
13451,2017-12-31T05:39:54Z,-34.44060000,148.62323333,1398.00,,,,,,
13452,2017-12-31T05:39:55Z,-34.44075000,148.62336667,1397.00,,,,,,
13453,2017-12-31T05:39:56Z,-34.44088333,148.62350000,1396.00,,,,,,
13454,2017-12-31T05:39:57Z,-34.44101667,148.62363333,1393.00,,,,,,
13455,2017-12-31T05:39:58Z,-34.44115000,148.62380000,1391.00,,,,,,
13456,2017-12-31T05:39:59Z,-34.44126667,148.62395000,1388.00,,,,,,
13457,2017-12-31T05:40:00Z,-34.44138333,148.62411667,1387.00,,,,,,
13458,2017-12-31T05:40:01Z,-34.44148333,148.62426667,1385.00,,,,,,
13459,2017-12-31T05:40:02Z,-34.44160000,148.62441667,1382.00,,,,,,
13460,2017-12-31T05:40:03Z,-34.44171667,148.62456667,1380.00,,,,,,
13461,2017-12-31T05:40:04Z,-34.44185000,148.62473333,1373.00,,,,,,
13462,2017-12-31T05:40:05Z,-34.44196667,148.62491667,1370.00,,,,,,
13463,2017-12-31T05:40:06Z,-34.44210000,148.62508333,1367.00,,,,,,
13464,2017-12-31T05:40:07Z,-34.44223333,148.62526667,1366.00,,,,,,
13465,2017-12-31T05:40:08Z,-34.44236667,148.62543333,1365.00,,,,,,
13466,2017-12-31T05:40:09Z,-34.44250000,148.62558333,1362.00,,,,,,
13467,2017-12-31T05:40:10Z,-34.44263333,148.62573333,1361.00,,,,,,
13468,2017-12-31T05:40:11Z,-34.44275000,148.62588333,1359.00,,,,,,
13469,2017-12-31T05:40:12Z,-34.44288333,148.62605000,1357.00,,,,,,
13470,2017-12-31T05:40:13Z,-34.44300000,148.62620000,1355.00,,,,,,
13471,2017-12-31T05:40:14Z,-34.44313333,148.62633333,1353.00,,,,,,
13472,2017-12-31T05:40:15Z,-34.44325000,148.62648333,1352.00,,,,,,
13473,2017-12-31T05:40:16Z,-34.44338333,148.62661667,1351.00,,,,,,
13474,2017-12-31T05:40:17Z,-34.44350000,148.62676667,1349.00,,,,,,
13475,2017-12-31T05:40:18Z,-34.44363333,148.62690000,1345.00,,,,,,
13476,2017-12-31T05:40:19Z,-34.44376667,148.62703333,1344.00,,,,,,
13477,2017-12-31T05:40:20Z,-34.44390000,148.62716667,1343.00,,,,,,
13478,2017-12-31T05:40:21Z,-34.44403333,148.62730000,1341.00,,,,,,
13479,2017-12-31T05:40:22Z,-34.44416667,148.62741667,1339.00,,,,,,
13480,2017-12-31T05:40:23Z,-34.44431667,148.62753333,1338.00,,,,,,
13481,2017-12-31T05:40:24Z,-34.44446667,148.62763333,1337.00,,,,,,
13482,2017-12-31T05:40:25Z,-34.44461667,148.62771667,1337.00,,,,,,
13483,2017-12-31T05:40:26Z,-34.44475000,148.62781667,1336.00,,,,,,
13484,2017-12-31T05:40:27Z,-34.44490000,148.62793333,1334.00,,,,,,
13485,2017-12-31T05:40:28Z,-34.44503333,148.62806667,1333.00,,,,,,
13486,2017-12-31T05:40:29Z,-34.44516667,148.62820000,1334.00,,,,,,
13487,2017-12-31T05:40:30Z,-34.44530000,148.62835000,1333.00,,,,,,
13488,2017-12-31T05:40:31Z,-34.44543333,148.62850000,1331.00,,,,,,
13489,2017-12-31T05:40:32Z,-34.44555000,148.62865000,1328.00,,,,,,
13490,2017-12-31T05:40:33Z,-34.44566667,148.62880000,1325.00,,,,,,
13491,2017-12-31T05:40:34Z,-34.44580000,148.62896667,1323.00,,,,,,
13492,2017-12-31T05:40:35Z,-34.44591667,148.62915000,1321.00,,,,,,
13493,2017-12-31T05:40:36Z,-34.44605000,148.62933333,1319.00,,,,,,
13494,2017-12-31T05:40:37Z,-34.44618333,148.62951667,1317.00,,,,,,
13495,2017-12-31T05:40:38Z,-34.44631667,148.62970000,1316.00,,,,,,
13496,2017-12-31T05:40:39Z,-34.44645000,148.62988333,1314.00,,,,,,
13497,2017-12-31T05:40:40Z,-34.44658333,148.63006667,1313.00,,,,,,
13498,2017-12-31T05:40:41Z,-34.44671667,148.63023333,1310.00,,,,,,
13499,2017-12-31T05:40:42Z,-34.44685000,148.63040000,1308.00,,,,,,
13500,2017-12-31T05:40:43Z,-34.44698333,148.63056667,1307.00,,,,,,
13501,2017-12-31T05:40:44Z,-34.44711667,148.63075000,1305.00,,,,,,
13502,2017-12-31T05:40:45Z,-34.44725000,148.63093333,1305.00,,,,,,
13503,2017-12-31T05:40:46Z,-34.44738333,148.63113333,1304.00,,,,,,
13504,2017-12-31T05:40:47Z,-34.44751667,148.63131667,1303.00,,,,,,
13505,2017-12-31T05:40:48Z,-34.44765000,148.63148333,1303.00,,,,,,
13506,2017-12-31T05:40:49Z,-34.44776667,148.63166667,1301.00,,,,,,
13507,2017-12-31T05:40:50Z,-34.44790000,148.63185000,1300.00,,,,,,
13508,2017-12-31T05:40:51Z,-34.44803333,148.63205000,1298.00,,,,,,
13509,2017-12-31T05:40:52Z,-34.44815000,148.63223333,1297.00,,,,,,
13510,2017-12-31T05:40:53Z,-34.44828333,148.63241667,1296.00,,,,,,
13511,2017-12-31T05:40:54Z,-34.44840000,148.63260000,1296.00,,,,,,
13512,2017-12-31T05:40:55Z,-34.44851667,148.63278333,1294.00,,,,,,
13513,2017-12-31T05:40:56Z,-34.44865000,148.63296667,1293.00,,,,,,
13514,2017-12-31T05:40:57Z,-34.44876667,148.63315000,1291.00,,,,,,
13515,2017-12-31T05:40:58Z,-34.44888333,148.63333333,1289.00,,,,,,
13516,2017-12-31T05:40:59Z,-34.44901667,148.63350000,1289.00,,,,,,
13517,2017-12-31T05:41:00Z,-34.44913333,148.63368333,1289.00,,,,,,
13518,2017-12-31T05:41:01Z,-34.44926667,148.63385000,1289.00,,,,,,
13519,2017-12-31T05:41:02Z,-34.44940000,148.63401667,1289.00,,,,,,
13520,2017-12-31T05:41:03Z,-34.44951667,148.63416667,1289.00,,,,,,
13521,2017-12-31T05:41:04Z,-34.44965000,148.63433333,1288.00,,,,,,
13522,2017-12-31T05:41:05Z,-34.44978333,148.63448333,1287.00,,,,,,
13523,2017-12-31T05:41:06Z,-34.44991667,148.63463333,1287.00,,,,,,
13524,2017-12-31T05:41:07Z,-34.45006667,148.63480000,1287.00,,,,,,
13525,2017-12-31T05:41:08Z,-34.45020000,148.63495000,1288.00,,,,,,
13526,2017-12-31T05:41:09Z,-34.45031667,148.63511667,1287.00,,,,,,
13527,2017-12-31T05:41:10Z,-34.45045000,148.63526667,1286.00,,,,,,
13528,2017-12-31T05:41:11Z,-34.45058333,148.63543333,1285.00,,,,,,
13529,2017-12-31T05:41:12Z,-34.45070000,148.63560000,1285.00,,,,,,
13530,2017-12-31T05:41:13Z,-34.45083333,148.63576667,1286.00,,,,,,
13531,2017-12-31T05:41:14Z,-34.45096667,148.63593333,1288.00,,,,,,
13532,2017-12-31T05:41:15Z,-34.45108333,148.63608333,1288.00,,,,,,
13533,2017-12-31T05:41:16Z,-34.45120000,148.63623333,1286.00,,,,,,
13534,2017-12-31T05:41:17Z,-34.45131667,148.63636667,1284.00,,,,,,
13535,2017-12-31T05:41:18Z,-34.45143333,148.63651667,1282.00,,,,,,
13536,2017-12-31T05:41:19Z,-34.45155000,148.63666667,1281.00,,,,,,
13537,2017-12-31T05:41:20Z,-34.45166667,148.63683333,1281.00,,,,,,
13538,2017-12-31T05:41:21Z,-34.45178333,148.63700000,1280.00,,,,,,
13539,2017-12-31T05:41:22Z,-34.45188333,148.63716667,1280.00,,,,,,
13540,2017-12-31T05:41:23Z,-34.45198333,148.63733333,1279.00,,,,,,
13541,2017-12-31T05:41:24Z,-34.45208333,148.63750000,1277.00,,,,,,
13542,2017-12-31T05:41:25Z,-34.45216667,148.63768333,1275.00,,,,,,
13543,2017-12-31T05:41:26Z,-34.45226667,148.63785000,1272.00,,,,,,
13544,2017-12-31T05:41:27Z,-34.45236667,148.63801667,1270.00,,,,,,
13545,2017-12-31T05:41:28Z,-34.45248333,148.63818333,1269.00,,,,,,
13546,2017-12-31T05:41:29Z,-34.45258333,148.63835000,1268.00,,,,,,
13547,2017-12-31T05:41:30Z,-34.45268333,148.63851667,1267.00,,,,,,
13548,2017-12-31T05:41:31Z,-34.45280000,148.63868333,1266.00,,,,,,
13549,2017-12-31T05:41:32Z,-34.45290000,148.63883333,1263.00,,,,,,
13550,2017-12-31T05:41:33Z,-34.45301667,148.63900000,1261.00,,,,,,
13551,2017-12-31T05:41:34Z,-34.45311667,148.63916667,1260.00,,,,,,
13552,2017-12-31T05:41:35Z,-34.45323333,148.63933333,1259.00,,,,,,
13553,2017-12-31T05:41:36Z,-34.45333333,148.63951667,1256.00,,,,,,
13554,2017-12-31T05:41:37Z,-34.45345000,148.63968333,1255.00,,,,,,
13555,2017-12-31T05:41:38Z,-34.45355000,148.63986667,1254.00,,,,,,
13556,2017-12-31T05:41:39Z,-34.45366667,148.64003333,1254.00,,,,,,
13557,2017-12-31T05:41:40Z,-34.45376667,148.64020000,1253.00,,,,,,
13558,2017-12-31T05:41:41Z,-34.45386667,148.64036667,1253.00,,,,,,
13559,2017-12-31T05:41:42Z,-34.45398333,148.64053333,1253.00,,,,,,
13560,2017-12-31T05:41:43Z,-34.45408333,148.64068333,1251.00,,,,,,
13561,2017-12-31T05:41:44Z,-34.45416667,148.64083333,1247.00,,,,,,
13562,2017-12-31T05:41:45Z,-34.45428333,148.64098333,1245.00,,,,,,
13563,2017-12-31T05:41:46Z,-34.45436667,148.64115000,1242.00,,,,,,
13564,2017-12-31T05:41:47Z,-34.45448333,148.64131667,1238.00,,,,,,
13565,2017-12-31T05:41:48Z,-34.45458333,148.64150000,1235.00,,,,,,
13566,2017-12-31T05:41:49Z,-34.45470000,148.64166667,1232.00,,,,,,
13567,2017-12-31T05:41:50Z,-34.45481667,148.64183333,1231.00,,,,,,
13568,2017-12-31T05:41:51Z,-34.45491667,148.64198333,1231.00,,,,,,
13569,2017-12-31T05:41:52Z,-34.45503333,148.64213333,1230.00,,,,,,
13570,2017-12-31T05:41:53Z,-34.45513333,148.64230000,1228.00,,,,,,
13571,2017-12-31T05:41:54Z,-34.45521667,148.64246667,1222.00,,,,,,
13572,2017-12-31T05:41:55Z,-34.45531667,148.64263333,1219.00,,,,,,
13573,2017-12-31T05:41:56Z,-34.45541667,148.64281667,1217.00,,,,,,
13574,2017-12-31T05:41:57Z,-34.45551667,148.64300000,1216.00,,,,,,
13575,2017-12-31T05:41:58Z,-34.45561667,148.64318333,1215.00,,,,,,
13576,2017-12-31T05:41:59Z,-34.45571667,148.64336667,1212.00,,,,,,
13577,2017-12-31T05:42:00Z,-34.45581667,148.64353333,1210.00,,,,,,
13578,2017-12-31T05:42:01Z,-34.45590000,148.64371667,1208.00,,,,,,
13579,2017-12-31T05:42:02Z,-34.45600000,148.64390000,1206.00,,,,,,
13580,2017-12-31T05:42:03Z,-34.45610000,148.64408333,1203.00,,,,,,
13581,2017-12-31T05:42:04Z,-34.45618333,148.64426667,1200.00,,,,,,
13582,2017-12-31T05:42:05Z,-34.45628333,148.64445000,1197.00,,,,,,
13583,2017-12-31T05:42:06Z,-34.45638333,148.64463333,1193.00,,,,,,
13584,2017-12-31T05:42:07Z,-34.45646667,148.64483333,1190.00,,,,,,
13585,2017-12-31T05:42:08Z,-34.45656667,148.64501667,1187.00,,,,,,
13586,2017-12-31T05:42:09Z,-34.45666667,148.64521667,1184.00,,,,,,
13587,2017-12-31T05:42:10Z,-34.45676667,148.64540000,1182.00,,,,,,
13588,2017-12-31T05:42:11Z,-34.45686667,148.64558333,1179.00,,,,,,
13589,2017-12-31T05:42:12Z,-34.45696667,148.64576667,1176.00,,,,,,
13590,2017-12-31T05:42:13Z,-34.45706667,148.64595000,1174.00,,,,,,
13591,2017-12-31T05:42:14Z,-34.45716667,148.64613333,1171.00,,,,,,
13592,2017-12-31T05:42:15Z,-34.45726667,148.64633333,1168.00,,,,,,
13593,2017-12-31T05:42:16Z,-34.45736667,148.64653333,1166.00,,,,,,
13594,2017-12-31T05:42:17Z,-34.45745000,148.64671667,1163.00,,,,,,
13595,2017-12-31T05:42:18Z,-34.45755000,148.64691667,1160.00,,,,,,
13596,2017-12-31T05:42:19Z,-34.45765000,148.64711667,1156.00,,,,,,
13597,2017-12-31T05:42:20Z,-34.45775000,148.64731667,1153.00,,,,,,
13598,2017-12-31T05:42:21Z,-34.45785000,148.64751667,1150.00,,,,,,
13599,2017-12-31T05:42:22Z,-34.45795000,148.64771667,1149.00,,,,,,
13600,2017-12-31T05:42:23Z,-34.45805000,148.64790000,1147.00,,,,,,
13601,2017-12-31T05:42:24Z,-34.45816667,148.64808333,1144.00,,,,,,
13602,2017-12-31T05:42:25Z,-34.45826667,148.64828333,1142.00,,,,,,
13603,2017-12-31T05:42:26Z,-34.45836667,148.64846667,1138.00,,,,,,
13604,2017-12-31T05:42:27Z,-34.45846667,148.64865000,1133.00,,,,,,
13605,2017-12-31T05:42:28Z,-34.45858333,148.64885000,1129.00,,,,,,
13606,2017-12-31T05:42:29Z,-34.45868333,148.64905000,1125.00,,,,,,
13607,2017-12-31T05:42:30Z,-34.45878333,148.64926667,1124.00,,,,,,
13608,2017-12-31T05:42:31Z,-34.45890000,148.64946667,1123.00,,,,,,
13609,2017-12-31T05:42:32Z,-34.45900000,148.64966667,1120.00,,,,,,
13610,2017-12-31T05:42:33Z,-34.45910000,148.64986667,1116.00,,,,,,
13611,2017-12-31T05:42:34Z,-34.45920000,148.65006667,1110.00,,,,,,
13612,2017-12-31T05:42:35Z,-34.45930000,148.65026667,1107.00,,,,,,
13613,2017-12-31T05:42:36Z,-34.45940000,148.65048333,1105.00,,,,,,
13614,2017-12-31T05:42:37Z,-34.45951667,148.65071667,1103.00,,,,,,
13615,2017-12-31T05:42:38Z,-34.45961667,148.65093333,1102.00,,,,,,
13616,2017-12-31T05:42:39Z,-34.45973333,148.65113333,1102.00,,,,,,
13617,2017-12-31T05:42:40Z,-34.45985000,148.65133333,1102.00,,,,,,
13618,2017-12-31T05:42:41Z,-34.45995000,148.65151667,1101.00,,,,,,
13619,2017-12-31T05:42:42Z,-34.46006667,148.65170000,1099.00,,,,,,
13620,2017-12-31T05:42:43Z,-34.46016667,148.65188333,1096.00,,,,,,
13621,2017-12-31T05:42:44Z,-34.46026667,148.65205000,1094.00,,,,,,
13622,2017-12-31T05:42:45Z,-34.46035000,148.65221667,1093.00,,,,,,
13623,2017-12-31T05:42:46Z,-34.46045000,148.65240000,1090.00,,,,,,
13624,2017-12-31T05:42:47Z,-34.46055000,148.65256667,1087.00,,,,,,
13625,2017-12-31T05:42:48Z,-34.46065000,148.65275000,1083.00,,,,,,
13626,2017-12-31T05:42:49Z,-34.46075000,148.65295000,1080.00,,,,,,
13627,2017-12-31T05:42:50Z,-34.46086667,148.65315000,1079.00,,,,,,
13628,2017-12-31T05:42:51Z,-34.46098333,148.65335000,1077.00,,,,,,
13629,2017-12-31T05:42:52Z,-34.46108333,148.65355000,1077.00,,,,,,
13630,2017-12-31T05:42:53Z,-34.46120000,148.65373333,1074.00,,,,,,
13631,2017-12-31T05:42:54Z,-34.46131667,148.65393333,1070.00,,,,,,
13632,2017-12-31T05:42:55Z,-34.46143333,148.65411667,1069.00,,,,,,
13633,2017-12-31T05:42:56Z,-34.46155000,148.65430000,1066.00,,,,,,
13634,2017-12-31T05:42:57Z,-34.46166667,148.65448333,1062.00,,,,,,
13635,2017-12-31T05:42:58Z,-34.46180000,148.65470000,1059.00,,,,,,
13636,2017-12-31T05:42:59Z,-34.46191667,148.65488333,1059.00,,,,,,
13637,2017-12-31T05:43:00Z,-34.46203333,148.65510000,1059.00,,,,,,
13638,2017-12-31T05:43:01Z,-34.46215000,148.65528333,1058.00,,,,,,
13639,2017-12-31T05:43:02Z,-34.46225000,148.65546667,1057.00,,,,,,
13640,2017-12-31T05:43:03Z,-34.46235000,148.65565000,1055.00,,,,,,
13641,2017-12-31T05:43:04Z,-34.46243333,148.65583333,1051.00,,,,,,
13642,2017-12-31T05:43:05Z,-34.46253333,148.65600000,1048.00,,,,,,
13643,2017-12-31T05:43:06Z,-34.46261667,148.65620000,1045.00,,,,,,
13644,2017-12-31T05:43:07Z,-34.46271667,148.65638333,1043.00,,,,,,
13645,2017-12-31T05:43:08Z,-34.46281667,148.65656667,1042.00,,,,,,
13646,2017-12-31T05:43:09Z,-34.46291667,148.65675000,1041.00,,,,,,
13647,2017-12-31T05:43:10Z,-34.46303333,148.65691667,1039.00,,,,,,
13648,2017-12-31T05:43:11Z,-34.46313333,148.65710000,1035.00,,,,,,
13649,2017-12-31T05:43:12Z,-34.46323333,148.65728333,1033.00,,,,,,
13650,2017-12-31T05:43:13Z,-34.46333333,148.65748333,1032.00,,,,,,
13651,2017-12-31T05:43:14Z,-34.46343333,148.65766667,1030.00,,,,,,
13652,2017-12-31T05:43:15Z,-34.46353333,148.65786667,1028.00,,,,,,
13653,2017-12-31T05:43:16Z,-34.46365000,148.65805000,1026.00,,,,,,
13654,2017-12-31T05:43:17Z,-34.46375000,148.65823333,1024.00,,,,,,
13655,2017-12-31T05:43:18Z,-34.46386667,148.65840000,1025.00,,,,,,
13656,2017-12-31T05:43:19Z,-34.46398333,148.65858333,1025.00,,,,,,
13657,2017-12-31T05:43:20Z,-34.46408333,148.65873333,1023.00,,,,,,
13658,2017-12-31T05:43:21Z,-34.46416667,148.65890000,1018.00,,,,,,
13659,2017-12-31T05:43:22Z,-34.46426667,148.65908333,1011.00,,,,,,
13660,2017-12-31T05:43:23Z,-34.46436667,148.65928333,1008.00,,,,,,
13661,2017-12-31T05:43:24Z,-34.46446667,148.65948333,1006.00,,,,,,
13662,2017-12-31T05:43:25Z,-34.46460000,148.65966667,1005.00,,,,,,
13663,2017-12-31T05:43:26Z,-34.46470000,148.65988333,1003.00,,,,,,
13664,2017-12-31T05:43:27Z,-34.46481667,148.66010000,1002.00,,,,,,
13665,2017-12-31T05:43:28Z,-34.46493333,148.66030000,1000.00,,,,,,
13666,2017-12-31T05:43:29Z,-34.46505000,148.66050000,998.00,,,,,,
13667,2017-12-31T05:43:30Z,-34.46515000,148.66070000,996.00,,,,,,
13668,2017-12-31T05:43:31Z,-34.46525000,148.66090000,993.00,,,,,,
13669,2017-12-31T05:43:32Z,-34.46536667,148.66110000,988.00,,,,,,
13670,2017-12-31T05:43:33Z,-34.46546667,148.66131667,983.00,,,,,,
13671,2017-12-31T05:43:34Z,-34.46556667,148.66155000,980.00,,,,,,
13672,2017-12-31T05:43:35Z,-34.46568333,148.66178333,979.00,,,,,,
13673,2017-12-31T05:43:36Z,-34.46578333,148.66201667,978.00,,,,,,
13674,2017-12-31T05:43:37Z,-34.46590000,148.66225000,977.00,,,,,,
13675,2017-12-31T05:43:38Z,-34.46601667,148.66246667,975.00,,,,,,
13676,2017-12-31T05:43:39Z,-34.46611667,148.66270000,973.00,,,,,,
13677,2017-12-31T05:43:40Z,-34.46623333,148.66291667,970.00,,,,,,
13678,2017-12-31T05:43:41Z,-34.46633333,148.66311667,967.00,,,,,,
13679,2017-12-31T05:43:42Z,-34.46643333,148.66333333,966.00,,,,,,
13680,2017-12-31T05:43:43Z,-34.46655000,148.66353333,965.00,,,,,,
13681,2017-12-31T05:43:44Z,-34.46665000,148.66375000,963.00,,,,,,
13682,2017-12-31T05:43:45Z,-34.46675000,148.66395000,960.00,,,,,,
13683,2017-12-31T05:43:46Z,-34.46683333,148.66416667,957.00,,,,,,
13684,2017-12-31T05:43:47Z,-34.46693333,148.66438333,955.00,,,,,,
13685,2017-12-31T05:43:48Z,-34.46703333,148.66460000,953.00,,,,,,
13686,2017-12-31T05:43:49Z,-34.46713333,148.66481667,951.00,,,,,,
13687,2017-12-31T05:43:50Z,-34.46721667,148.66501667,950.00,,,,,,
13688,2017-12-31T05:43:51Z,-34.46731667,148.66521667,948.00,,,,,,
13689,2017-12-31T05:43:52Z,-34.46740000,148.66541667,948.00,,,,,,
13690,2017-12-31T05:43:53Z,-34.46748333,148.66561667,946.00,,,,,,
13691,2017-12-31T05:43:54Z,-34.46756667,148.66581667,942.00,,,,,,
13692,2017-12-31T05:43:55Z,-34.46765000,148.66603333,938.00,,,,,,
13693,2017-12-31T05:43:56Z,-34.46773333,148.66625000,935.00,,,,,,
13694,2017-12-31T05:43:57Z,-34.46781667,148.66646667,936.00,,,,,,
13695,2017-12-31T05:43:58Z,-34.46791667,148.66668333,936.00,,,,,,
13696,2017-12-31T05:43:59Z,-34.46801667,148.66690000,937.00,,,,,,
13697,2017-12-31T05:44:00Z,-34.46813333,148.66708333,939.00,,,,,,
13698,2017-12-31T05:44:01Z,-34.46823333,148.66728333,937.00,,,,,,
13699,2017-12-31T05:44:02Z,-34.46833333,148.66748333,933.00,,,,,,
13700,2017-12-31T05:44:03Z,-34.46843333,148.66768333,931.00,,,,,,
13701,2017-12-31T05:44:04Z,-34.46855000,148.66788333,930.00,,,,,,
13702,2017-12-31T05:44:05Z,-34.46866667,148.66808333,927.00,,,,,,
13703,2017-12-31T05:44:06Z,-34.46876667,148.66830000,923.00,,,,,,
13704,2017-12-31T05:44:07Z,-34.46888333,148.66851667,919.00,,,,,,
13705,2017-12-31T05:44:08Z,-34.46898333,148.66873333,917.00,,,,,,
13706,2017-12-31T05:44:09Z,-34.46910000,148.66895000,917.00,,,,,,
13707,2017-12-31T05:44:10Z,-34.46921667,148.66915000,916.00,,,,,,
13708,2017-12-31T05:44:11Z,-34.46933333,148.66935000,914.00,,,,,,
13709,2017-12-31T05:44:12Z,-34.46945000,148.66951667,914.00,,,,,,
13710,2017-12-31T05:44:13Z,-34.46956667,148.66970000,913.00,,,,,,
13711,2017-12-31T05:44:14Z,-34.46968333,148.66986667,909.00,,,,,,
13712,2017-12-31T05:44:15Z,-34.46980000,148.67003333,908.00,,,,,,
13713,2017-12-31T05:44:16Z,-34.46993333,148.67020000,906.00,,,,,,
13714,2017-12-31T05:44:17Z,-34.47008333,148.67036667,906.00,,,,,,
13715,2017-12-31T05:44:18Z,-34.47023333,148.67053333,904.00,,,,,,
13716,2017-12-31T05:44:19Z,-34.47038333,148.67070000,902.00,,,,,,
13717,2017-12-31T05:44:20Z,-34.47053333,148.67086667,903.00,,,,,,
13718,2017-12-31T05:44:21Z,-34.47068333,148.67105000,906.00,,,,,,
13719,2017-12-31T05:44:22Z,-34.47085000,148.67121667,909.00,,,,,,
13720,2017-12-31T05:44:23Z,-34.47100000,148.67136667,909.00,,,,,,
13721,2017-12-31T05:44:24Z,-34.47115000,148.67151667,907.00,,,,,,
13722,2017-12-31T05:44:25Z,-34.47128333,148.67166667,903.00,,,,,,
13723,2017-12-31T05:44:26Z,-34.47141667,148.67180000,899.00,,,,,,
13724,2017-12-31T05:44:27Z,-34.47158333,148.67193333,895.00,,,,,,
13725,2017-12-31T05:44:28Z,-34.47175000,148.67205000,891.00,,,,,,
13726,2017-12-31T05:44:29Z,-34.47195000,148.67215000,890.00,,,,,,
13727,2017-12-31T05:44:30Z,-34.47213333,148.67220000,892.00,,,,,,
13728,2017-12-31T05:44:31Z,-34.47231667,148.67228333,894.00,,,,,,
13729,2017-12-31T05:44:32Z,-34.47250000,148.67238333,894.00,,,,,,
13730,2017-12-31T05:44:33Z,-34.47266667,148.67248333,895.00,,,,,,
13731,2017-12-31T05:44:34Z,-34.47281667,148.67258333,894.00,,,,,,
13732,2017-12-31T05:44:35Z,-34.47296667,148.67270000,891.00,,,,,,
13733,2017-12-31T05:44:36Z,-34.47310000,148.67281667,888.00,,,,,,
13734,2017-12-31T05:44:37Z,-34.47325000,148.67293333,887.00,,,,,,
13735,2017-12-31T05:44:38Z,-34.47341667,148.67303333,887.00,,,,,,
13736,2017-12-31T05:44:39Z,-34.47358333,148.67311667,889.00,,,,,,
13737,2017-12-31T05:44:40Z,-34.47375000,148.67320000,890.00,,,,,,
13738,2017-12-31T05:44:41Z,-34.47391667,148.67326667,890.00,,,,,,
13739,2017-12-31T05:44:42Z,-34.47406667,148.67328333,890.00,,,,,,
13740,2017-12-31T05:44:43Z,-34.47421667,148.67330000,888.00,,,,,,
13741,2017-12-31T05:44:44Z,-34.47435000,148.67328333,884.00,,,,,,
13742,2017-12-31T05:44:45Z,-34.47446667,148.67323333,883.00,,,,,,
13743,2017-12-31T05:44:46Z,-34.47460000,148.67316667,884.00,,,,,,
13744,2017-12-31T05:44:47Z,-34.47471667,148.67310000,885.00,,,,,,
13745,2017-12-31T05:44:48Z,-34.47485000,148.67305000,885.00,,,,,,
13746,2017-12-31T05:44:49Z,-34.47496667,148.67300000,885.00,,,,,,
13747,2017-12-31T05:44:50Z,-34.47508333,148.67296667,884.00,,,,,,
13748,2017-12-31T05:44:51Z,-34.47521667,148.67293333,882.00,,,,,,
13749,2017-12-31T05:44:52Z,-34.47535000,148.67293333,880.00,,,,,,
13750,2017-12-31T05:44:53Z,-34.47548333,148.67293333,878.00,,,,,,
13751,2017-12-31T05:44:54Z,-34.47563333,148.67296667,875.00,,,,,,
13752,2017-12-31T05:44:55Z,-34.47578333,148.67303333,875.00,,,,,,
13753,2017-12-31T05:44:56Z,-34.47595000,148.67311667,874.00,,,,,,
13754,2017-12-31T05:44:57Z,-34.47611667,148.67321667,875.00,,,,,,
13755,2017-12-31T05:44:58Z,-34.47628333,148.67331667,876.00,,,,,,
13756,2017-12-31T05:44:59Z,-34.47643333,148.67341667,875.00,,,,,,
13757,2017-12-31T05:45:00Z,-34.47656667,148.67353333,874.00,,,,,,
13758,2017-12-31T05:45:01Z,-34.47671667,148.67363333,874.00,,,,,,
13759,2017-12-31T05:45:02Z,-34.47685000,148.67373333,873.00,,,,,,
13760,2017-12-31T05:45:03Z,-34.47700000,148.67381667,872.00,,,,,,
13761,2017-12-31T05:45:04Z,-34.47713333,148.67391667,873.00,,,,,,
13762,2017-12-31T05:45:05Z,-34.47728333,148.67400000,873.00,,,,,,
13763,2017-12-31T05:45:06Z,-34.47741667,148.67408333,871.00,,,,,,
13764,2017-12-31T05:45:07Z,-34.47758333,148.67415000,868.00,,,,,,
13765,2017-12-31T05:45:08Z,-34.47773333,148.67420000,868.00,,,,,,
13766,2017-12-31T05:45:09Z,-34.47791667,148.67426667,871.00,,,,,,
13767,2017-12-31T05:45:10Z,-34.47808333,148.67431667,871.00,,,,,,
13768,2017-12-31T05:45:11Z,-34.47826667,148.67438333,872.00,,,,,,
13769,2017-12-31T05:45:12Z,-34.47843333,148.67445000,875.00,,,,,,
13770,2017-12-31T05:45:13Z,-34.47860000,148.67455000,878.00,,,,,,
13771,2017-12-31T05:45:14Z,-34.47875000,148.67465000,880.00,,,,,,
13772,2017-12-31T05:45:15Z,-34.47888333,148.67478333,881.00,,,,,,
13773,2017-12-31T05:45:16Z,-34.47900000,148.67491667,880.00,,,,,,
13774,2017-12-31T05:45:17Z,-34.47910000,148.67508333,878.00,,,,,,
13775,2017-12-31T05:45:18Z,-34.47918333,148.67528333,876.00,,,,,,
13776,2017-12-31T05:45:19Z,-34.47925000,148.67551667,877.00,,,,,,
13777,2017-12-31T05:45:20Z,-34.47926667,148.67575000,878.00,,,,,,
13778,2017-12-31T05:45:21Z,-34.47926667,148.67598333,881.00,,,,,,
13779,2017-12-31T05:45:22Z,-34.47923333,148.67620000,883.00,,,,,,
13780,2017-12-31T05:45:23Z,-34.47920000,148.67640000,884.00,,,,,,
13781,2017-12-31T05:45:24Z,-34.47913333,148.67658333,883.00,,,,,,
13782,2017-12-31T05:45:25Z,-34.47903333,148.67671667,881.00,,,,,,
13783,2017-12-31T05:45:26Z,-34.47895000,148.67681667,877.00,,,,,,
13784,2017-12-31T05:45:27Z,-34.47886667,148.67688333,873.00,,,,,,
13785,2017-12-31T05:45:28Z,-34.47876667,148.67686667,872.00,,,,,,
13786,2017-12-31T05:45:29Z,-34.47868333,148.67680000,873.00,,,,,,
13787,2017-12-31T05:45:30Z,-34.47861667,148.67671667,874.00,,,,,,
13788,2017-12-31T05:45:31Z,-34.47855000,148.67665000,876.00,,,,,,
13789,2017-12-31T05:45:32Z,-34.47851667,148.67656667,877.00,,,,,,
13790,2017-12-31T05:45:33Z,-34.47848333,148.67646667,877.00,,,,,,
13791,2017-12-31T05:45:34Z,-34.47846667,148.67640000,878.00,,,,,,
13792,2017-12-31T05:45:35Z,-34.47841667,148.67630000,880.00,,,,,,
13793,2017-12-31T05:45:36Z,-34.47840000,148.67623333,882.00,,,,,,
13794,2017-12-31T05:45:37Z,-34.47838333,148.67615000,881.00,,,,,,
13795,2017-12-31T05:45:38Z,-34.47838333,148.67606667,881.00,,,,,,
13796,2017-12-31T05:45:39Z,-34.47838333,148.67598333,883.00,,,,,,
13797,2017-12-31T05:45:40Z,-34.47840000,148.67590000,885.00,,,,,,
13798,2017-12-31T05:45:41Z,-34.47843333,148.67583333,886.00,,,,,,
13799,2017-12-31T05:45:42Z,-34.47846667,148.67578333,887.00,,,,,,
13800,2017-12-31T05:45:43Z,-34.47851667,148.67571667,887.00,,,,,,
13801,2017-12-31T05:45:44Z,-34.47856667,148.67568333,886.00,,,,,,
13802,2017-12-31T05:45:45Z,-34.47868333,148.67566667,885.00,,,,,,
13803,2017-12-31T05:45:46Z,-34.47878333,148.67565000,885.00,,,,,,
13804,2017-12-31T05:45:47Z,-34.47890000,148.67565000,886.00,,,,,,
13805,2017-12-31T05:45:48Z,-34.47903333,148.67566667,888.00,,,,,,
13806,2017-12-31T05:45:49Z,-34.47916667,148.67571667,890.00,,,,,,
13807,2017-12-31T05:45:50Z,-34.47931667,148.67581667,890.00,,,,,,
13808,2017-12-31T05:45:51Z,-34.47945000,148.67591667,891.00,,,,,,
13809,2017-12-31T05:45:52Z,-34.47958333,148.67605000,892.00,,,,,,
13810,2017-12-31T05:45:53Z,-34.47970000,148.67620000,893.00,,,,,,
13811,2017-12-31T05:45:54Z,-34.47980000,148.67638333,894.00,,,,,,
13812,2017-12-31T05:45:55Z,-34.47978333,148.67671667,895.00,,,,,,
13813,2017-12-31T05:45:56Z,-34.47978333,148.67693333,897.00,,,,,,
13814,2017-12-31T05:45:57Z,-34.47973333,148.67715000,898.00,,,,,,
13815,2017-12-31T05:45:58Z,-34.47966667,148.67735000,900.00,,,,,,
13816,2017-12-31T05:45:59Z,-34.47958333,148.67753333,902.00,,,,,,
13817,2017-12-31T05:46:00Z,-34.47946667,148.67770000,903.00,,,,,,
13818,2017-12-31T05:46:01Z,-34.47935000,148.67783333,905.00,,,,,,
13819,2017-12-31T05:46:02Z,-34.47925000,148.67793333,905.00,,,,,,
13820,2017-12-31T05:46:03Z,-34.47913333,148.67798333,906.00,,,,,,
13821,2017-12-31T05:46:04Z,-34.47903333,148.67800000,907.00,,,,,,
13822,2017-12-31T05:46:05Z,-34.47895000,148.67795000,908.00,,,,,,
13823,2017-12-31T05:46:06Z,-34.47888333,148.67791667,908.00,,,,,,
13824,2017-12-31T05:46:07Z,-34.47888333,148.67783333,909.00,,,,,,
13825,2017-12-31T05:46:08Z,-34.47888333,148.67775000,908.00,,,,,,
13826,2017-12-31T05:46:09Z,-34.47890000,148.67768333,909.00,,,,,,
13827,2017-12-31T05:46:10Z,-34.47903333,148.67765000,911.00,,,,,,
13828,2017-12-31T05:46:11Z,-34.47913333,148.67761667,914.00,,,,,,
13829,2017-12-31T05:46:12Z,-34.47923333,148.67760000,916.00,,,,,,
13830,2017-12-31T05:46:13Z,-34.47936667,148.67765000,917.00,,,,,,
13831,2017-12-31T05:46:14Z,-34.47948333,148.67771667,919.00,,,,,,
13832,2017-12-31T05:46:15Z,-34.47958333,148.67788333,921.00,,,,,,
13833,2017-12-31T05:46:16Z,-34.47965000,148.67805000,924.00,,,,,,
13834,2017-12-31T05:46:17Z,-34.47968333,148.67823333,925.00,,,,,,
13835,2017-12-31T05:46:18Z,-34.47968333,148.67843333,925.00,,,,,,
13836,2017-12-31T05:46:19Z,-34.47963333,148.67861667,926.00,,,,,,
13837,2017-12-31T05:46:20Z,-34.47955000,148.67878333,927.00,,,,,,
13838,2017-12-31T05:46:21Z,-34.47943333,148.67891667,928.00,,,,,,
13839,2017-12-31T05:46:22Z,-34.47933333,148.67903333,929.00,,,,,,
13840,2017-12-31T05:46:23Z,-34.47921667,148.67911667,930.00,,,,,,
13841,2017-12-31T05:46:24Z,-34.47913333,148.67911667,932.00,,,,,,
13842,2017-12-31T05:46:25Z,-34.47905000,148.67913333,932.00,,,,,,
13843,2017-12-31T05:46:26Z,-34.47900000,148.67910000,932.00,,,,,,
13844,2017-12-31T05:46:27Z,-34.47896667,148.67905000,931.00,,,,,,
13845,2017-12-31T05:46:28Z,-34.47896667,148.67898333,931.00,,,,,,
13846,2017-12-31T05:46:29Z,-34.47903333,148.67890000,930.00,,,,,,
13847,2017-12-31T05:46:30Z,-34.47911667,148.67881667,929.00,,,,,,
13848,2017-12-31T05:46:31Z,-34.47918333,148.67873333,930.00,,,,,,
13849,2017-12-31T05:46:32Z,-34.47926667,148.67866667,932.00,,,,,,
13850,2017-12-31T05:46:33Z,-34.47940000,148.67868333,934.00,,,,,,
13851,2017-12-31T05:46:34Z,-34.47955000,148.67873333,937.00,,,,,,
13852,2017-12-31T05:46:35Z,-34.47971667,148.67881667,940.00,,,,,,
13853,2017-12-31T05:46:36Z,-34.47983333,148.67895000,942.00,,,,,,
13854,2017-12-31T05:46:37Z,-34.47991667,148.67911667,945.00,,,,,,
13855,2017-12-31T05:46:38Z,-34.47996667,148.67931667,949.00,,,,,,
13856,2017-12-31T05:46:39Z,-34.47998333,148.67953333,952.00,,,,,,
13857,2017-12-31T05:46:40Z,-34.47995000,148.67973333,950.00,,,,,,
13858,2017-12-31T05:46:41Z,-34.47988333,148.67991667,948.00,,,,,,
13859,2017-12-31T05:46:42Z,-34.47976667,148.68001667,949.00,,,,,,
13860,2017-12-31T05:46:43Z,-34.47966667,148.68006667,949.00,,,,,,
13861,2017-12-31T05:46:44Z,-34.47956667,148.68006667,951.00,,,,,,
13862,2017-12-31T05:46:45Z,-34.47951667,148.68001667,951.00,,,,,,
13863,2017-12-31T05:46:46Z,-34.47948333,148.67995000,952.00,,,,,,
13864,2017-12-31T05:46:47Z,-34.47946667,148.67988333,952.00,,,,,,
13865,2017-12-31T05:46:48Z,-34.47948333,148.67980000,955.00,,,,,,
13866,2017-12-31T05:46:49Z,-34.47953333,148.67975000,956.00,,,,,,
13867,2017-12-31T05:46:50Z,-34.47965000,148.67970000,957.00,,,,,,
13868,2017-12-31T05:46:51Z,-34.47973333,148.67966667,959.00,,,,,,
13869,2017-12-31T05:46:52Z,-34.47983333,148.67963333,961.00,,,,,,
13870,2017-12-31T05:46:53Z,-34.47993333,148.67961667,962.00,,,,,,
13871,2017-12-31T05:46:54Z,-34.48006667,148.67970000,964.00,,,,,,
13872,2017-12-31T05:46:55Z,-34.48016667,148.67976667,964.00,,,,,,
13873,2017-12-31T05:46:56Z,-34.48028333,148.67990000,963.00,,,,,,
13874,2017-12-31T05:46:57Z,-34.48038333,148.68005000,964.00,,,,,,
13875,2017-12-31T05:46:58Z,-34.48046667,148.68023333,969.00,,,,,,
13876,2017-12-31T05:46:59Z,-34.48051667,148.68045000,975.00,,,,,,
13877,2017-12-31T05:47:00Z,-34.48051667,148.68068333,978.00,,,,,,
13878,2017-12-31T05:47:01Z,-34.48050000,148.68088333,980.00,,,,,,
13879,2017-12-31T05:47:02Z,-34.48045000,148.68106667,982.00,,,,,,
13880,2017-12-31T05:47:03Z,-34.48035000,148.68120000,983.00,,,,,,
13881,2017-12-31T05:47:04Z,-34.48025000,148.68128333,985.00,,,,,,
13882,2017-12-31T05:47:05Z,-34.48011667,148.68131667,987.00,,,,,,
13883,2017-12-31T05:47:06Z,-34.48005000,148.68128333,989.00,,,,,,
13884,2017-12-31T05:47:07Z,-34.48001667,148.68121667,992.00,,,,,,
13885,2017-12-31T05:47:08Z,-34.48005000,148.68120000,993.00,,,,,,
13886,2017-12-31T05:47:09Z,-34.48010000,148.68116667,995.00,,,,,,
13887,2017-12-31T05:47:10Z,-34.48020000,148.68118333,995.00,,,,,,
13888,2017-12-31T05:47:11Z,-34.48030000,148.68120000,996.00,,,,,,
13889,2017-12-31T05:47:12Z,-34.48041667,148.68126667,997.00,,,,,,
13890,2017-12-31T05:47:13Z,-34.48053333,148.68136667,1000.00,,,,,,
13891,2017-12-31T05:47:14Z,-34.48061667,148.68155000,1003.00,,,,,,
13892,2017-12-31T05:47:15Z,-34.48063333,148.68176667,1005.00,,,,,,
13893,2017-12-31T05:47:16Z,-34.48065000,148.68196667,1008.00,,,,,,
13894,2017-12-31T05:47:17Z,-34.48061667,148.68215000,1010.00,,,,,,
13895,2017-12-31T05:47:18Z,-34.48055000,148.68233333,1012.00,,,,,,
13896,2017-12-31T05:47:19Z,-34.48046667,148.68250000,1016.00,,,,,,
13897,2017-12-31T05:47:20Z,-34.48035000,148.68261667,1018.00,,,,,,
13898,2017-12-31T05:47:21Z,-34.48023333,148.68268333,1018.00,,,,,,
13899,2017-12-31T05:47:22Z,-34.48013333,148.68270000,1019.00,,,,,,
13900,2017-12-31T05:47:23Z,-34.48006667,148.68268333,1020.00,,,,,,
13901,2017-12-31T05:47:24Z,-34.48001667,148.68265000,1022.00,,,,,,
13902,2017-12-31T05:47:25Z,-34.47998333,148.68261667,1023.00,,,,,,
13903,2017-12-31T05:47:26Z,-34.47998333,148.68256667,1024.00,,,,,,
13904,2017-12-31T05:47:27Z,-34.48001667,148.68253333,1026.00,,,,,,
13905,2017-12-31T05:47:28Z,-34.48008333,148.68251667,1028.00,,,,,,
13906,2017-12-31T05:47:29Z,-34.48018333,148.68251667,1030.00,,,,,,
13907,2017-12-31T05:47:30Z,-34.48031667,148.68253333,1030.00,,,,,,
13908,2017-12-31T05:47:31Z,-34.48041667,148.68258333,1030.00,,,,,,
13909,2017-12-31T05:47:32Z,-34.48053333,148.68268333,1030.00,,,,,,
13910,2017-12-31T05:47:33Z,-34.48065000,148.68280000,1034.00,,,,,,
13911,2017-12-31T05:47:34Z,-34.48075000,148.68296667,1038.00,,,,,,
13912,2017-12-31T05:47:35Z,-34.48083333,148.68315000,1040.00,,,,,,
13913,2017-12-31T05:47:36Z,-34.48086667,148.68333333,1041.00,,,,,,
13914,2017-12-31T05:47:37Z,-34.48088333,148.68353333,1043.00,,,,,,
13915,2017-12-31T05:47:38Z,-34.48085000,148.68371667,1045.00,,,,,,
13916,2017-12-31T05:47:39Z,-34.48078333,148.68390000,1049.00,,,,,,
13917,2017-12-31T05:47:40Z,-34.48068333,148.68403333,1051.00,,,,,,
13918,2017-12-31T05:47:41Z,-34.48058333,148.68413333,1054.00,,,,,,
13919,2017-12-31T05:47:42Z,-34.48048333,148.68420000,1055.00,,,,,,
13920,2017-12-31T05:47:43Z,-34.48040000,148.68423333,1056.00,,,,,,
13921,2017-12-31T05:47:44Z,-34.48031667,148.68421667,1057.00,,,,,,
13922,2017-12-31T05:47:45Z,-34.48026667,148.68418333,1057.00,,,,,,
13923,2017-12-31T05:47:46Z,-34.48023333,148.68413333,1060.00,,,,,,
13924,2017-12-31T05:47:47Z,-34.48021667,148.68406667,1061.00,,,,,,
13925,2017-12-31T05:47:48Z,-34.48023333,148.68401667,1063.00,,,,,,
13926,2017-12-31T05:47:49Z,-34.48026667,148.68396667,1064.00,,,,,,
13927,2017-12-31T05:47:50Z,-34.48038333,148.68395000,1064.00,,,,,,
13928,2017-12-31T05:47:51Z,-34.48048333,148.68396667,1066.00,,,,,,
13929,2017-12-31T05:47:52Z,-34.48060000,148.68400000,1068.00,,,,,,
13930,2017-12-31T05:47:53Z,-34.48070000,148.68405000,1070.00,,,,,,
13931,2017-12-31T05:47:54Z,-34.48080000,148.68415000,1072.00,,,,,,
13932,2017-12-31T05:47:55Z,-34.48090000,148.68440000,1073.00,,,,,,
13933,2017-12-31T05:47:56Z,-34.48096667,148.68460000,1073.00,,,,,,
13934,2017-12-31T05:47:57Z,-34.48100000,148.68480000,1074.00,,,,,,
13935,2017-12-31T05:47:58Z,-34.48098333,148.68501667,1077.00,,,,,,
13936,2017-12-31T05:47:59Z,-34.48093333,148.68523333,1080.00,,,,,,
13937,2017-12-31T05:48:00Z,-34.48085000,148.68540000,1082.00,,,,,,
13938,2017-12-31T05:48:01Z,-34.48075000,148.68555000,1085.00,,,,,,
13939,2017-12-31T05:48:02Z,-34.48065000,148.68565000,1087.00,,,,,,
13940,2017-12-31T05:48:03Z,-34.48055000,148.68575000,1088.00,,,,,,
13941,2017-12-31T05:48:04Z,-34.48043333,148.68581667,1090.00,,,,,,
13942,2017-12-31T05:48:05Z,-34.48033333,148.68583333,1091.00,,,,,,
13943,2017-12-31T05:48:06Z,-34.48025000,148.68580000,1093.00,,,,,,
13944,2017-12-31T05:48:07Z,-34.48020000,148.68576667,1095.00,,,,,,
13945,2017-12-31T05:48:08Z,-34.48020000,148.68570000,1098.00,,,,,,
13946,2017-12-31T05:48:09Z,-34.48020000,148.68566667,1100.00,,,,,,
13947,2017-12-31T05:48:10Z,-34.48033333,148.68563333,1101.00,,,,,,
13948,2017-12-31T05:48:11Z,-34.48043333,148.68561667,1102.00,,,,,,
13949,2017-12-31T05:48:12Z,-34.48056667,148.68561667,1103.00,,,,,,
13950,2017-12-31T05:48:13Z,-34.48068333,148.68566667,1105.00,,,,,,
13951,2017-12-31T05:48:14Z,-34.48080000,148.68576667,1107.00,,,,,,
13952,2017-12-31T05:48:15Z,-34.48091667,148.68593333,1108.00,,,,,,
13953,2017-12-31T05:48:16Z,-34.48098333,148.68611667,1109.00,,,,,,
13954,2017-12-31T05:48:17Z,-34.48100000,148.68633333,1111.00,,,,,,
13955,2017-12-31T05:48:18Z,-34.48100000,148.68655000,1114.00,,,,,,
13956,2017-12-31T05:48:19Z,-34.48095000,148.68675000,1119.00,,,,,,
13957,2017-12-31T05:48:20Z,-34.48088333,148.68696667,1123.00,,,,,,
13958,2017-12-31T05:48:21Z,-34.48081667,148.68713333,1124.00,,,,,,
13959,2017-12-31T05:48:22Z,-34.48073333,148.68728333,1126.00,,,,,,
13960,2017-12-31T05:48:23Z,-34.48065000,148.68738333,1128.00,,,,,,
13961,2017-12-31T05:48:24Z,-34.48055000,148.68743333,1129.00,,,,,,
13962,2017-12-31T05:48:25Z,-34.48045000,148.68745000,1130.00,,,,,,
13963,2017-12-31T05:48:26Z,-34.48040000,148.68741667,1132.00,,,,,,
13964,2017-12-31T05:48:27Z,-34.48038333,148.68738333,1134.00,,,,,,
13965,2017-12-31T05:48:28Z,-34.48040000,148.68733333,1136.00,,,,,,
13966,2017-12-31T05:48:29Z,-34.48046667,148.68730000,1138.00,,,,,,
13967,2017-12-31T05:48:30Z,-34.48060000,148.68730000,1139.00,,,,,,
13968,2017-12-31T05:48:31Z,-34.48070000,148.68735000,1141.00,,,,,,
13969,2017-12-31T05:48:32Z,-34.48081667,148.68743333,1144.00,,,,,,
13970,2017-12-31T05:48:33Z,-34.48093333,148.68756667,1146.00,,,,,,
13971,2017-12-31T05:48:34Z,-34.48101667,148.68770000,1148.00,,,,,,
13972,2017-12-31T05:48:35Z,-34.48110000,148.68786667,1148.00,,,,,,
13973,2017-12-31T05:48:36Z,-34.48115000,148.68805000,1151.00,,,,,,
13974,2017-12-31T05:48:37Z,-34.48118333,148.68825000,1155.00,,,,,,
13975,2017-12-31T05:48:38Z,-34.48111667,148.68845000,1158.00,,,,,,
13976,2017-12-31T05:48:39Z,-34.48105000,148.68860000,1160.00,,,,,,
13977,2017-12-31T05:48:40Z,-34.48093333,148.68871667,1161.00,,,,,,
13978,2017-12-31T05:48:41Z,-34.48083333,148.68881667,1162.00,,,,,,
13979,2017-12-31T05:48:42Z,-34.48073333,148.68886667,1164.00,,,,,,
13980,2017-12-31T05:48:43Z,-34.48061667,148.68890000,1167.00,,,,,,
13981,2017-12-31T05:48:44Z,-34.48055000,148.68888333,1169.00,,,,,,
13982,2017-12-31T05:48:45Z,-34.48051667,148.68883333,1171.00,,,,,,
13983,2017-12-31T05:48:46Z,-34.48050000,148.68878333,1174.00,,,,,,
13984,2017-12-31T05:48:47Z,-34.48053333,148.68875000,1174.00,,,,,,
13985,2017-12-31T05:48:48Z,-34.48061667,148.68873333,1176.00,,,,,,
13986,2017-12-31T05:48:49Z,-34.48071667,148.68871667,1178.00,,,,,,
13987,2017-12-31T05:48:50Z,-34.48083333,148.68875000,1179.00,,,,,,
13988,2017-12-31T05:48:51Z,-34.48095000,148.68885000,1179.00,,,,,,
13989,2017-12-31T05:48:52Z,-34.48106667,148.68900000,1180.00,,,,,,
13990,2017-12-31T05:48:53Z,-34.48115000,148.68918333,1183.00,,,,,,
13991,2017-12-31T05:48:54Z,-34.48120000,148.68938333,1187.00,,,,,,
13992,2017-12-31T05:48:55Z,-34.48123333,148.68956667,1188.00,,,,,,
13993,2017-12-31T05:48:56Z,-34.48125000,148.68975000,1190.00,,,,,,
13994,2017-12-31T05:48:57Z,-34.48121667,148.68993333,1192.00,,,,,,
13995,2017-12-31T05:48:58Z,-34.48116667,148.69010000,1194.00,,,,,,
13996,2017-12-31T05:48:59Z,-34.48108333,148.69025000,1195.00,,,,,,
13997,2017-12-31T05:49:00Z,-34.48098333,148.69036667,1196.00,,,,,,
13998,2017-12-31T05:49:01Z,-34.48088333,148.69046667,1199.00,,,,,,
13999,2017-12-31T05:49:02Z,-34.48078333,148.69053333,1201.00,,,,,,
14000,2017-12-31T05:49:03Z,-34.48066667,148.69053333,1204.00,,,,,,
14001,2017-12-31T05:49:04Z,-34.48060000,148.69051667,1207.00,,,,,,
14002,2017-12-31T05:49:05Z,-34.48058333,148.69046667,1208.00,,,,,,
14003,2017-12-31T05:49:06Z,-34.48058333,148.69041667,1210.00,,,,,,
14004,2017-12-31T05:49:07Z,-34.48061667,148.69036667,1212.00,,,,,,
14005,2017-12-31T05:49:08Z,-34.48070000,148.69033333,1213.00,,,,,,
14006,2017-12-31T05:49:09Z,-34.48080000,148.69033333,1216.00,,,,,,
14007,2017-12-31T05:49:10Z,-34.48095000,148.69040000,1217.00,,,,,,
14008,2017-12-31T05:49:11Z,-34.48108333,148.69050000,1220.00,,,,,,
14009,2017-12-31T05:49:12Z,-34.48118333,148.69065000,1223.00,,,,,,
14010,2017-12-31T05:49:13Z,-34.48128333,148.69083333,1226.00,,,,,,
14011,2017-12-31T05:49:14Z,-34.48133333,148.69101667,1231.00,,,,,,
14012,2017-12-31T05:49:15Z,-34.48135000,148.69121667,1234.00,,,,,,
14013,2017-12-31T05:49:16Z,-34.48133333,148.69138333,1236.00,,,,,,
14014,2017-12-31T05:49:17Z,-34.48130000,148.69156667,1238.00,,,,,,
14015,2017-12-31T05:49:18Z,-34.48125000,148.69171667,1241.00,,,,,,
14016,2017-12-31T05:49:19Z,-34.48116667,148.69186667,1244.00,,,,,,
14017,2017-12-31T05:49:20Z,-34.48106667,148.69198333,1246.00,,,,,,
14018,2017-12-31T05:49:21Z,-34.48096667,148.69208333,1248.00,,,,,,
14019,2017-12-31T05:49:22Z,-34.48086667,148.69215000,1252.00,,,,,,
14020,2017-12-31T05:49:23Z,-34.48076667,148.69218333,1256.00,,,,,,
14021,2017-12-31T05:49:24Z,-34.48068333,148.69215000,1257.00,,,,,,
14022,2017-12-31T05:49:25Z,-34.48063333,148.69208333,1257.00,,,,,,
14023,2017-12-31T05:49:26Z,-34.48058333,148.69203333,1259.00,,,,,,
14024,2017-12-31T05:49:27Z,-34.48056667,148.69196667,1263.00,,,,,,
14025,2017-12-31T05:49:28Z,-34.48056667,148.69190000,1266.00,,,,,,
14026,2017-12-31T05:49:29Z,-34.48075000,148.69186667,1269.00,,,,,,
14027,2017-12-31T05:49:30Z,-34.48090000,148.69183333,1271.00,,,,,,
14028,2017-12-31T05:49:31Z,-34.48101667,148.69188333,1273.00,,,,,,
14029,2017-12-31T05:49:32Z,-34.48115000,148.69195000,1274.00,,,,,,
14030,2017-12-31T05:49:33Z,-34.48126667,148.69205000,1276.00,,,,,,
14031,2017-12-31T05:49:34Z,-34.48141667,148.69216667,1279.00,,,,,,
14032,2017-12-31T05:49:35Z,-34.48151667,148.69231667,1281.00,,,,,,
14033,2017-12-31T05:49:36Z,-34.48160000,148.69250000,1284.00,,,,,,
14034,2017-12-31T05:49:37Z,-34.48165000,148.69270000,1288.00,,,,,,
14035,2017-12-31T05:49:38Z,-34.48163333,148.69291667,1293.00,,,,,,
14036,2017-12-31T05:49:39Z,-34.48158333,148.69308333,1298.00,,,,,,
14037,2017-12-31T05:49:40Z,-34.48151667,148.69321667,1300.00,,,,,,
14038,2017-12-31T05:49:41Z,-34.48143333,148.69333333,1300.00,,,,,,
14039,2017-12-31T05:49:42Z,-34.48133333,148.69340000,1300.00,,,,,,
14040,2017-12-31T05:49:43Z,-34.48121667,148.69345000,1303.00,,,,,,
14041,2017-12-31T05:49:44Z,-34.48111667,148.69341667,1308.00,,,,,,
14042,2017-12-31T05:49:45Z,-34.48106667,148.69335000,1312.00,,,,,,
14043,2017-12-31T05:49:46Z,-34.48105000,148.69328333,1314.00,,,,,,
14044,2017-12-31T05:49:47Z,-34.48105000,148.69321667,1316.00,,,,,,
14045,2017-12-31T05:49:48Z,-34.48110000,148.69316667,1317.00,,,,,,
14046,2017-12-31T05:49:49Z,-34.48116667,148.69313333,1320.00,,,,,,
14047,2017-12-31T05:49:50Z,-34.48131667,148.69313333,1321.00,,,,,,
14048,2017-12-31T05:49:51Z,-34.48145000,148.69315000,1323.00,,,,,,
14049,2017-12-31T05:49:52Z,-34.48156667,148.69318333,1326.00,,,,,,
14050,2017-12-31T05:49:53Z,-34.48170000,148.69328333,1328.00,,,,,,
14051,2017-12-31T05:49:54Z,-34.48181667,148.69340000,1331.00,,,,,,
14052,2017-12-31T05:49:55Z,-34.48191667,148.69355000,1333.00,,,,,,
14053,2017-12-31T05:49:56Z,-34.48200000,148.69373333,1336.00,,,,,,
14054,2017-12-31T05:49:57Z,-34.48205000,148.69393333,1341.00,,,,,,
14055,2017-12-31T05:49:58Z,-34.48206667,148.69410000,1344.00,,,,,,
14056,2017-12-31T05:49:59Z,-34.48205000,148.69428333,1346.00,,,,,,
14057,2017-12-31T05:50:00Z,-34.48198333,148.69445000,1348.00,,,,,,
14058,2017-12-31T05:50:01Z,-34.48190000,148.69458333,1350.00,,,,,,
14059,2017-12-31T05:50:02Z,-34.48181667,148.69471667,1353.00,,,,,,
14060,2017-12-31T05:50:03Z,-34.48171667,148.69480000,1355.00,,,,,,
14061,2017-12-31T05:50:04Z,-34.48161667,148.69488333,1359.00,,,,,,
14062,2017-12-31T05:50:05Z,-34.48148333,148.69488333,1361.00,,,,,,
14063,2017-12-31T05:50:06Z,-34.48138333,148.69486667,1364.00,,,,,,
14064,2017-12-31T05:50:07Z,-34.48133333,148.69481667,1367.00,,,,,,
14065,2017-12-31T05:50:08Z,-34.48131667,148.69476667,1369.00,,,,,,
14066,2017-12-31T05:50:09Z,-34.48130000,148.69473333,1371.00,,,,,,
14067,2017-12-31T05:50:10Z,-34.48140000,148.69471667,1372.00,,,,,,
14068,2017-12-31T05:50:11Z,-34.48148333,148.69468333,1375.00,,,,,,
14069,2017-12-31T05:50:12Z,-34.48158333,148.69466667,1377.00,,,,,,
14070,2017-12-31T05:50:13Z,-34.48168333,148.69465000,1378.00,,,,,,
14071,2017-12-31T05:50:14Z,-34.48180000,148.69468333,1382.00,,,,,,
14072,2017-12-31T05:50:15Z,-34.48191667,148.69471667,1384.00,,,,,,
14073,2017-12-31T05:50:16Z,-34.48201667,148.69483333,1386.00,,,,,,
14074,2017-12-31T05:50:17Z,-34.48213333,148.69500000,1387.00,,,,,,
14075,2017-12-31T05:50:18Z,-34.48221667,148.69513333,1391.00,,,,,,
14076,2017-12-31T05:50:19Z,-34.48228333,148.69526667,1396.00,,,,,,
14077,2017-12-31T05:50:20Z,-34.48225000,148.69546667,1398.00,,,,,,
14078,2017-12-31T05:50:21Z,-34.48220000,148.69561667,1400.00,,,,,,
14079,2017-12-31T05:50:22Z,-34.48213333,148.69578333,1402.00,,,,,,
14080,2017-12-31T05:50:23Z,-34.48206667,148.69593333,1404.00,,,,,,
14081,2017-12-31T05:50:24Z,-34.48196667,148.69605000,1405.00,,,,,,
14082,2017-12-31T05:50:25Z,-34.48185000,148.69611667,1406.00,,,,,,
14083,2017-12-31T05:50:26Z,-34.48173333,148.69616667,1408.00,,,,,,
14084,2017-12-31T05:50:27Z,-34.48163333,148.69616667,1410.00,,,,,,
14085,2017-12-31T05:50:28Z,-34.48156667,148.69616667,1412.00,,,,,,
14086,2017-12-31T05:50:29Z,-34.48151667,148.69608333,1416.00,,,,,,
14087,2017-12-31T05:50:30Z,-34.48150000,148.69603333,1418.00,,,,,,
14088,2017-12-31T05:50:31Z,-34.48151667,148.69596667,1422.00,,,,,,
14089,2017-12-31T05:50:32Z,-34.48156667,148.69593333,1423.00,,,,,,
14090,2017-12-31T05:50:33Z,-34.48165000,148.69593333,1424.00,,,,,,
14091,2017-12-31T05:50:34Z,-34.48173333,148.69593333,1425.00,,,,,,
14092,2017-12-31T05:50:35Z,-34.48188333,148.69595000,1426.00,,,,,,
14093,2017-12-31T05:50:36Z,-34.48201667,148.69601667,1429.00,,,,,,
14094,2017-12-31T05:50:37Z,-34.48215000,148.69611667,1431.00,,,,,,
14095,2017-12-31T05:50:38Z,-34.48225000,148.69626667,1433.00,,,,,,
14096,2017-12-31T05:50:39Z,-34.48235000,148.69645000,1438.00,,,,,,
14097,2017-12-31T05:50:40Z,-34.48243333,148.69660000,1441.00,,,,,,
14098,2017-12-31T05:50:41Z,-34.48246667,148.69680000,1445.00,,,,,,
14099,2017-12-31T05:50:42Z,-34.48248333,148.69696667,1447.00,,,,,,
14100,2017-12-31T05:50:43Z,-34.48250000,148.69713333,1448.00,,,,,,
14101,2017-12-31T05:50:44Z,-34.48246667,148.69731667,1450.00,,,,,,
14102,2017-12-31T05:50:45Z,-34.48241667,148.69753333,1451.00,,,,,,
14103,2017-12-31T05:50:46Z,-34.48235000,148.69770000,1454.00,,,,,,
14104,2017-12-31T05:50:47Z,-34.48226667,148.69783333,1457.00,,,,,,
14105,2017-12-31T05:50:48Z,-34.48216667,148.69791667,1458.00,,,,,,
14106,2017-12-31T05:50:49Z,-34.48206667,148.69795000,1460.00,,,,,,
14107,2017-12-31T05:50:50Z,-34.48195000,148.69795000,1461.00,,,,,,
14108,2017-12-31T05:50:51Z,-34.48188333,148.69791667,1462.00,,,,,,
14109,2017-12-31T05:50:52Z,-34.48183333,148.69783333,1464.00,,,,,,
14110,2017-12-31T05:50:53Z,-34.48183333,148.69775000,1467.00,,,,,,
14111,2017-12-31T05:50:54Z,-34.48181667,148.69768333,1472.00,,,,,,
14112,2017-12-31T05:50:55Z,-34.48190000,148.69758333,1475.00,,,,,,
14113,2017-12-31T05:50:56Z,-34.48196667,148.69756667,1475.00,,,,,,
14114,2017-12-31T05:50:57Z,-34.48208333,148.69758333,1475.00,,,,,,
14115,2017-12-31T05:50:58Z,-34.48223333,148.69765000,1475.00,,,,,,
14116,2017-12-31T05:50:59Z,-34.48238333,148.69771667,1479.00,,,,,,
14117,2017-12-31T05:51:00Z,-34.48256667,148.69778333,1483.00,,,,,,
14118,2017-12-31T05:51:01Z,-34.48270000,148.69788333,1488.00,,,,,,
14119,2017-12-31T05:51:02Z,-34.48281667,148.69800000,1492.00,,,,,,
14120,2017-12-31T05:51:03Z,-34.48293333,148.69811667,1494.00,,,,,,
14121,2017-12-31T05:51:04Z,-34.48301667,148.69825000,1499.00,,,,,,
14122,2017-12-31T05:51:05Z,-34.48306667,148.69840000,1501.00,,,,,,
14123,2017-12-31T05:51:06Z,-34.48308333,148.69856667,1500.00,,,,,,
14124,2017-12-31T05:51:07Z,-34.48308333,148.69875000,1497.00,,,,,,
14125,2017-12-31T05:51:08Z,-34.48303333,148.69893333,1495.00,,,,,,
14126,2017-12-31T05:51:09Z,-34.48295000,148.69908333,1497.00,,,,,,
14127,2017-12-31T05:51:10Z,-34.48283333,148.69923333,1499.00,,,,,,
14128,2017-12-31T05:51:11Z,-34.48273333,148.69935000,1501.00,,,,,,
14129,2017-12-31T05:51:12Z,-34.48263333,148.69945000,1502.00,,,,,,
14130,2017-12-31T05:51:13Z,-34.48251667,148.69953333,1503.00,,,,,,
14131,2017-12-31T05:51:14Z,-34.48241667,148.69956667,1503.00,,,,,,
14132,2017-12-31T05:51:15Z,-34.48226667,148.69950000,1504.00,,,,,,
14133,2017-12-31T05:51:16Z,-34.48218333,148.69945000,1508.00,,,,,,
14134,2017-12-31T05:51:17Z,-34.48210000,148.69941667,1511.00,,,,,,
14135,2017-12-31T05:51:18Z,-34.48203333,148.69936667,1514.00,,,,,,
14136,2017-12-31T05:51:19Z,-34.48198333,148.69930000,1516.00,,,,,,
14137,2017-12-31T05:51:20Z,-34.48206667,148.69918333,1516.00,,,,,,
14138,2017-12-31T05:51:21Z,-34.48210000,148.69911667,1517.00,,,,,,
14139,2017-12-31T05:51:22Z,-34.48215000,148.69906667,1519.00,,,,,,
14140,2017-12-31T05:51:23Z,-34.48225000,148.69900000,1520.00,,,,,,
14141,2017-12-31T05:51:24Z,-34.48235000,148.69895000,1522.00,,,,,,
14142,2017-12-31T05:51:25Z,-34.48248333,148.69896667,1523.00,,,,,,
14143,2017-12-31T05:51:26Z,-34.48261667,148.69898333,1524.00,,,,,,
14144,2017-12-31T05:51:27Z,-34.48273333,148.69905000,1526.00,,,,,,
14145,2017-12-31T05:51:28Z,-34.48285000,148.69911667,1529.00,,,,,,
14146,2017-12-31T05:51:29Z,-34.48296667,148.69928333,1531.00,,,,,,
14147,2017-12-31T05:51:30Z,-34.48310000,148.69938333,1533.00,,,,,,
14148,2017-12-31T05:51:31Z,-34.48320000,148.69953333,1534.00,,,,,,
14149,2017-12-31T05:51:32Z,-34.48326667,148.69966667,1535.00,,,,,,
14150,2017-12-31T05:51:33Z,-34.48331667,148.69981667,1537.00,,,,,,
14151,2017-12-31T05:51:34Z,-34.48331667,148.69998333,1537.00,,,,,,
14152,2017-12-31T05:51:35Z,-34.48321667,148.70023333,1536.00,,,,,,
14153,2017-12-31T05:51:36Z,-34.48316667,148.70041667,1536.00,,,,,,
14154,2017-12-31T05:51:37Z,-34.48306667,148.70055000,1537.00,,,,,,
14155,2017-12-31T05:51:38Z,-34.48291667,148.70063333,1539.00,,,,,,
14156,2017-12-31T05:51:39Z,-34.48280000,148.70070000,1543.00,,,,,,
14157,2017-12-31T05:51:40Z,-34.48261667,148.70068333,1545.00,,,,,,
14158,2017-12-31T05:51:41Z,-34.48251667,148.70066667,1546.00,,,,,,
14159,2017-12-31T05:51:42Z,-34.48243333,148.70066667,1547.00,,,,,,
14160,2017-12-31T05:51:43Z,-34.48238333,148.70061667,1549.00,,,,,,
14161,2017-12-31T05:51:44Z,-34.48233333,148.70058333,1552.00,,,,,,
14162,2017-12-31T05:51:45Z,-34.48228333,148.70050000,1553.00,,,,,,
14163,2017-12-31T05:51:46Z,-34.48226667,148.70043333,1554.00,,,,,,
14164,2017-12-31T05:51:47Z,-34.48226667,148.70036667,1554.00,,,,,,
14165,2017-12-31T05:51:48Z,-34.48230000,148.70030000,1555.00,,,,,,
14166,2017-12-31T05:51:49Z,-34.48235000,148.70023333,1557.00,,,,,,
14167,2017-12-31T05:51:50Z,-34.48246667,148.70018333,1559.00,,,,,,
14168,2017-12-31T05:51:51Z,-34.48258333,148.70016667,1562.00,,,,,,
14169,2017-12-31T05:51:52Z,-34.48270000,148.70021667,1563.00,,,,,,
14170,2017-12-31T05:51:53Z,-34.48281667,148.70030000,1565.00,,,,,,
14171,2017-12-31T05:51:54Z,-34.48293333,148.70038333,1568.00,,,,,,
14172,2017-12-31T05:51:55Z,-34.48315000,148.70053333,1569.00,,,,,,
14173,2017-12-31T05:51:56Z,-34.48325000,148.70066667,1570.00,,,,,,
14174,2017-12-31T05:51:57Z,-34.48331667,148.70078333,1570.00,,,,,,
14175,2017-12-31T05:51:58Z,-34.48320000,148.70110000,1571.00,,,,,,
14176,2017-12-31T05:51:59Z,-34.48315000,148.70130000,1572.00,,,,,,
14177,2017-12-31T05:52:00Z,-34.48310000,148.70150000,1573.00,,,,,,
14178,2017-12-31T05:52:01Z,-34.48301667,148.70163333,1574.00,,,,,,
14179,2017-12-31T05:52:02Z,-34.48291667,148.70175000,1574.00,,,,,,
14180,2017-12-31T05:52:03Z,-34.48281667,148.70186667,1574.00,,,,,,
14181,2017-12-31T05:52:04Z,-34.48270000,148.70195000,1578.00,,,,,,
14182,2017-12-31T05:52:05Z,-34.48253333,148.70201667,1580.00,,,,,,
14183,2017-12-31T05:52:06Z,-34.48240000,148.70208333,1582.00,,,,,,
14184,2017-12-31T05:52:07Z,-34.48228333,148.70215000,1584.00,,,,,,
14185,2017-12-31T05:52:08Z,-34.48216667,148.70220000,1585.00,,,,,,
14186,2017-12-31T05:52:09Z,-34.48205000,148.70223333,1588.00,,,,,,
14187,2017-12-31T05:52:10Z,-34.48188333,148.70230000,1590.00,,,,,,
14188,2017-12-31T05:52:11Z,-34.48178333,148.70233333,1593.00,,,,,,
14189,2017-12-31T05:52:12Z,-34.48168333,148.70235000,1595.00,,,,,,
14190,2017-12-31T05:52:13Z,-34.48160000,148.70236667,1597.00,,,,,,
14191,2017-12-31T05:52:14Z,-34.48155000,148.70236667,1599.00,,,,,,
14192,2017-12-31T05:52:15Z,-34.48150000,148.70233333,1600.00,,,,,,
14193,2017-12-31T05:52:16Z,-34.48146667,148.70226667,1602.00,,,,,,
14194,2017-12-31T05:52:17Z,-34.48145000,148.70221667,1603.00,,,,,,
14195,2017-12-31T05:52:18Z,-34.48146667,148.70216667,1605.00,,,,,,
14196,2017-12-31T05:52:19Z,-34.48151667,148.70213333,1608.00,,,,,,
14197,2017-12-31T05:52:20Z,-34.48176667,148.70206667,1610.00,,,,,,
14198,2017-12-31T05:52:21Z,-34.48190000,148.70211667,1612.00,,,,,,
14199,2017-12-31T05:52:22Z,-34.48203333,148.70221667,1615.00,,,,,,
14200,2017-12-31T05:52:23Z,-34.48213333,148.70236667,1617.00,,,,,,
14201,2017-12-31T05:52:24Z,-34.48220000,148.70256667,1620.00,,,,,,
14202,2017-12-31T05:52:25Z,-34.48225000,148.70275000,1621.00,,,,,,
14203,2017-12-31T05:52:26Z,-34.48228333,148.70295000,1622.00,,,,,,
14204,2017-12-31T05:52:27Z,-34.48230000,148.70311667,1624.00,,,,,,
14205,2017-12-31T05:52:28Z,-34.48226667,148.70330000,1626.00,,,,,,
14206,2017-12-31T05:52:29Z,-34.48223333,148.70350000,1628.00,,,,,,
14207,2017-12-31T05:52:30Z,-34.48216667,148.70373333,1631.00,,,,,,
14208,2017-12-31T05:52:31Z,-34.48206667,148.70391667,1633.00,,,,,,
14209,2017-12-31T05:52:32Z,-34.48198333,148.70408333,1635.00,,,,,,
14210,2017-12-31T05:52:33Z,-34.48188333,148.70423333,1636.00,,,,,,
14211,2017-12-31T05:52:34Z,-34.48180000,148.70433333,1635.00,,,,,,
14212,2017-12-31T05:52:35Z,-34.48168333,148.70440000,1635.00,,,,,,
14213,2017-12-31T05:52:36Z,-34.48158333,148.70445000,1637.00,,,,,,
14214,2017-12-31T05:52:37Z,-34.48148333,148.70450000,1641.00,,,,,,
14215,2017-12-31T05:52:38Z,-34.48140000,148.70450000,1643.00,,,,,,
14216,2017-12-31T05:52:39Z,-34.48131667,148.70448333,1644.00,,,,,,
14217,2017-12-31T05:52:40Z,-34.48125000,148.70446667,1645.00,,,,,,
14218,2017-12-31T05:52:41Z,-34.48120000,148.70445000,1646.00,,,,,,
14219,2017-12-31T05:52:42Z,-34.48116667,148.70443333,1647.00,,,,,,
14220,2017-12-31T05:52:43Z,-34.48115000,148.70438333,1649.00,,,,,,
14221,2017-12-31T05:52:44Z,-34.48118333,148.70431667,1652.00,,,,,,
14222,2017-12-31T05:52:45Z,-34.48130000,148.70421667,1653.00,,,,,,
14223,2017-12-31T05:52:46Z,-34.48138333,148.70418333,1656.00,,,,,,
14224,2017-12-31T05:52:47Z,-34.48150000,148.70415000,1657.00,,,,,,
14225,2017-12-31T05:52:48Z,-34.48165000,148.70418333,1658.00,,,,,,
14226,2017-12-31T05:52:49Z,-34.48178333,148.70431667,1660.00,,,,,,
14227,2017-12-31T05:52:50Z,-34.48188333,148.70448333,1662.00,,,,,,
14228,2017-12-31T05:52:51Z,-34.48195000,148.70468333,1664.00,,,,,,
14229,2017-12-31T05:52:52Z,-34.48201667,148.70485000,1667.00,,,,,,
14230,2017-12-31T05:52:53Z,-34.48205000,148.70503333,1668.00,,,,,,
14231,2017-12-31T05:52:54Z,-34.48203333,148.70521667,1671.00,,,,,,
14232,2017-12-31T05:52:55Z,-34.48200000,148.70541667,1674.00,,,,,,
14233,2017-12-31T05:52:56Z,-34.48193333,148.70558333,1675.00,,,,,,
14234,2017-12-31T05:52:57Z,-34.48186667,148.70575000,1677.00,,,,,,
14235,2017-12-31T05:52:58Z,-34.48178333,148.70590000,1678.00,,,,,,
14236,2017-12-31T05:52:59Z,-34.48168333,148.70603333,1679.00,,,,,,
14237,2017-12-31T05:53:00Z,-34.48155000,148.70608333,1680.00,,,,,,
14238,2017-12-31T05:53:01Z,-34.48143333,148.70613333,1681.00,,,,,,
14239,2017-12-31T05:53:02Z,-34.48133333,148.70611667,1683.00,,,,,,
14240,2017-12-31T05:53:03Z,-34.48125000,148.70610000,1684.00,,,,,,
14241,2017-12-31T05:53:04Z,-34.48120000,148.70608333,1685.00,,,,,,
14242,2017-12-31T05:53:05Z,-34.48113333,148.70593333,1685.00,,,,,,
14243,2017-12-31T05:53:06Z,-34.48113333,148.70586667,1686.00,,,,,,
14244,2017-12-31T05:53:07Z,-34.48111667,148.70580000,1688.00,,,,,,
14245,2017-12-31T05:53:08Z,-34.48115000,148.70573333,1690.00,,,,,,
14246,2017-12-31T05:53:09Z,-34.48121667,148.70568333,1692.00,,,,,,
14247,2017-12-31T05:53:10Z,-34.48135000,148.70563333,1693.00,,,,,,
14248,2017-12-31T05:53:11Z,-34.48146667,148.70560000,1693.00,,,,,,
14249,2017-12-31T05:53:12Z,-34.48163333,148.70560000,1694.00,,,,,,
14250,2017-12-31T05:53:13Z,-34.48176667,148.70566667,1696.00,,,,,,
14251,2017-12-31T05:53:14Z,-34.48190000,148.70576667,1698.00,,,,,,
14252,2017-12-31T05:53:15Z,-34.48203333,148.70590000,1701.00,,,,,,
14253,2017-12-31T05:53:16Z,-34.48215000,148.70603333,1703.00,,,,,,
14254,2017-12-31T05:53:17Z,-34.48223333,148.70620000,1705.00,,,,,,
14255,2017-12-31T05:53:18Z,-34.48228333,148.70636667,1706.00,,,,,,
14256,2017-12-31T05:53:19Z,-34.48231667,148.70651667,1707.00,,,,,,
14257,2017-12-31T05:53:20Z,-34.48228333,148.70678333,1708.00,,,,,,
14258,2017-12-31T05:53:21Z,-34.48221667,148.70696667,1710.00,,,,,,
14259,2017-12-31T05:53:22Z,-34.48215000,148.70713333,1714.00,,,,,,
14260,2017-12-31T05:53:23Z,-34.48206667,148.70728333,1715.00,,,,,,
14261,2017-12-31T05:53:24Z,-34.48196667,148.70740000,1717.00,,,,,,
14262,2017-12-31T05:53:25Z,-34.48185000,148.70751667,1719.00,,,,,,
14263,2017-12-31T05:53:26Z,-34.48173333,148.70760000,1720.00,,,,,,
14264,2017-12-31T05:53:27Z,-34.48163333,148.70763333,1722.00,,,,,,
14265,2017-12-31T05:53:28Z,-34.48151667,148.70763333,1723.00,,,,,,
14266,2017-12-31T05:53:29Z,-34.48145000,148.70760000,1724.00,,,,,,
14267,2017-12-31T05:53:30Z,-34.48140000,148.70755000,1723.00,,,,,,
14268,2017-12-31T05:53:31Z,-34.48138333,148.70750000,1722.00,,,,,,
14269,2017-12-31T05:53:32Z,-34.48136667,148.70743333,1722.00,,,,,,
14270,2017-12-31T05:53:33Z,-34.48138333,148.70736667,1724.00,,,,,,
14271,2017-12-31T05:53:34Z,-34.48141667,148.70733333,1728.00,,,,,,
14272,2017-12-31T05:53:35Z,-34.48150000,148.70726667,1729.00,,,,,,
14273,2017-12-31T05:53:36Z,-34.48160000,148.70723333,1729.00,,,,,,
14274,2017-12-31T05:53:37Z,-34.48171667,148.70720000,1728.00,,,,,,
14275,2017-12-31T05:53:38Z,-34.48185000,148.70721667,1729.00,,,,,,
14276,2017-12-31T05:53:39Z,-34.48198333,148.70723333,1730.00,,,,,,
14277,2017-12-31T05:53:40Z,-34.48205000,148.70731667,1732.00,,,,,,
14278,2017-12-31T05:53:41Z,-34.48216667,148.70738333,1733.00,,,,,,
14279,2017-12-31T05:53:42Z,-34.48228333,148.70755000,1734.00,,,,,,
14280,2017-12-31T05:53:43Z,-34.48241667,148.70765000,1734.00,,,,,,
14281,2017-12-31T05:53:44Z,-34.48255000,148.70771667,1733.00,,,,,,
14282,2017-12-31T05:53:45Z,-34.48258333,148.70785000,1734.00,,,,,,
14283,2017-12-31T05:53:46Z,-34.48263333,148.70798333,1737.00,,,,,,
14284,2017-12-31T05:53:47Z,-34.48261667,148.70815000,1738.00,,,,,,
14285,2017-12-31T05:53:48Z,-34.48255000,148.70835000,1737.00,,,,,,
14286,2017-12-31T05:53:49Z,-34.48246667,148.70855000,1736.00,,,,,,
14287,2017-12-31T05:53:50Z,-34.48223333,148.70880000,1737.00,,,,,,
14288,2017-12-31T05:53:51Z,-34.48210000,148.70895000,1739.00,,,,,,
14289,2017-12-31T05:53:52Z,-34.48195000,148.70906667,1740.00,,,,,,
14290,2017-12-31T05:53:53Z,-34.48176667,148.70921667,1742.00,,,,,,
14291,2017-12-31T05:53:54Z,-34.48163333,148.70931667,1744.00,,,,,,
14292,2017-12-31T05:53:55Z,-34.48143333,148.70946667,1745.00,,,,,,
14293,2017-12-31T05:53:56Z,-34.48131667,148.70955000,1746.00,,,,,,
14294,2017-12-31T05:53:57Z,-34.48118333,148.70963333,1747.00,,,,,,
14295,2017-12-31T05:53:58Z,-34.48105000,148.70971667,1748.00,,,,,,
14296,2017-12-31T05:53:59Z,-34.48093333,148.70978333,1749.00,,,,,,
14297,2017-12-31T05:54:00Z,-34.48080000,148.70986667,1750.00,,,,,,
14298,2017-12-31T05:54:01Z,-34.48068333,148.70991667,1750.00,,,,,,
14299,2017-12-31T05:54:02Z,-34.48056667,148.70996667,1750.00,,,,,,
14300,2017-12-31T05:54:03Z,-34.48046667,148.70998333,1751.00,,,,,,
14301,2017-12-31T05:54:04Z,-34.48036667,148.70996667,1750.00,,,,,,
14302,2017-12-31T05:54:05Z,-34.48028333,148.70995000,1750.00,,,,,,
14303,2017-12-31T05:54:06Z,-34.48020000,148.70990000,1751.00,,,,,,
14304,2017-12-31T05:54:07Z,-34.48013333,148.70985000,1752.00,,,,,,
14305,2017-12-31T05:54:08Z,-34.48008333,148.70980000,1753.00,,,,,,
14306,2017-12-31T05:54:09Z,-34.48003333,148.70971667,1755.00,,,,,,
14307,2017-12-31T05:54:10Z,-34.47990000,148.70956667,1755.00,,,,,,
14308,2017-12-31T05:54:11Z,-34.47988333,148.70950000,1754.00,,,,,,
14309,2017-12-31T05:54:12Z,-34.47988333,148.70945000,1751.00,,,,,,
14310,2017-12-31T05:54:13Z,-34.47986667,148.70940000,1746.00,,,,,,
14311,2017-12-31T05:54:14Z,-34.47986667,148.70935000,1740.00,,,,,,
14312,2017-12-31T05:54:15Z,-34.47986667,148.70931667,1739.00,,,,,,
14313,2017-12-31T05:54:16Z,-34.47991667,148.70930000,1740.00,,,,,,
14314,2017-12-31T05:54:17Z,-34.48000000,148.70935000,1741.00,,,,,,
14315,2017-12-31T05:54:18Z,-34.48013333,148.70938333,1743.00,,,,,,
14316,2017-12-31T05:54:19Z,-34.48028333,148.70940000,1745.00,,,,,,
14317,2017-12-31T05:54:20Z,-34.48050000,148.70943333,1746.00,,,,,,
14318,2017-12-31T05:54:21Z,-34.48066667,148.70946667,1747.00,,,,,,
14319,2017-12-31T05:54:22Z,-34.48081667,148.70948333,1748.00,,,,,,
14320,2017-12-31T05:54:23Z,-34.48098333,148.70950000,1747.00,,,,,,
14321,2017-12-31T05:54:24Z,-34.48111667,148.70950000,1748.00,,,,,,
14322,2017-12-31T05:54:25Z,-34.48131667,148.70951667,1749.00,,,,,,
14323,2017-12-31T05:54:26Z,-34.48146667,148.70953333,1751.00,,,,,,
14324,2017-12-31T05:54:27Z,-34.48163333,148.70955000,1752.00,,,,,,
14325,2017-12-31T05:54:28Z,-34.48180000,148.70956667,1753.00,,,,,,
14326,2017-12-31T05:54:29Z,-34.48195000,148.70956667,1754.00,,,,,,
14327,2017-12-31T05:54:30Z,-34.48210000,148.70956667,1756.00,,,,,,
14328,2017-12-31T05:54:31Z,-34.48223333,148.70955000,1755.00,,,,,,
14329,2017-12-31T05:54:32Z,-34.48250000,148.70958333,1754.00,,,,,,
14330,2017-12-31T05:54:33Z,-34.48263333,148.70955000,1754.00,,,,,,
14331,2017-12-31T05:54:34Z,-34.48276667,148.70951667,1756.00,,,,,,
14332,2017-12-31T05:54:35Z,-34.48291667,148.70940000,1756.00,,,,,,
14333,2017-12-31T05:54:36Z,-34.48303333,148.70931667,1758.00,,,,,,
14334,2017-12-31T05:54:37Z,-34.48315000,148.70925000,1759.00,,,,,,
14335,2017-12-31T05:54:38Z,-34.48326667,148.70918333,1762.00,,,,,,
14336,2017-12-31T05:54:39Z,-34.48340000,148.70910000,1766.00,,,,,,
14337,2017-12-31T05:54:40Z,-34.48353333,148.70901667,1769.00,,,,,,
14338,2017-12-31T05:54:41Z,-34.48366667,148.70895000,1771.00,,,,,,
14339,2017-12-31T05:54:42Z,-34.48378333,148.70886667,1774.00,,,,,,
14340,2017-12-31T05:54:43Z,-34.48391667,148.70880000,1777.00,,,,,,
14341,2017-12-31T05:54:44Z,-34.48401667,148.70871667,1780.00,,,,,,
14342,2017-12-31T05:54:45Z,-34.48408333,148.70863333,1782.00,,,,,,
14343,2017-12-31T05:54:46Z,-34.48411667,148.70850000,1785.00,,,,,,
14344,2017-12-31T05:54:47Z,-34.48411667,148.70843333,1788.00,,,,,,
14345,2017-12-31T05:54:48Z,-34.48405000,148.70835000,1790.00,,,,,,
14346,2017-12-31T05:54:49Z,-34.48395000,148.70830000,1794.00,,,,,,
14347,2017-12-31T05:54:50Z,-34.48376667,148.70828333,1793.00,,,,,,
14348,2017-12-31T05:54:51Z,-34.48365000,148.70831667,1794.00,,,,,,
14349,2017-12-31T05:54:52Z,-34.48355000,148.70843333,1796.00,,,,,,
14350,2017-12-31T05:54:53Z,-34.48348333,148.70858333,1797.00,,,,,,
14351,2017-12-31T05:54:54Z,-34.48345000,148.70875000,1800.00,,,,,,
14352,2017-12-31T05:54:55Z,-34.48345000,148.70890000,1802.00,,,,,,
14353,2017-12-31T05:54:56Z,-34.48348333,148.70906667,1805.00,,,,,,
14354,2017-12-31T05:54:57Z,-34.48356667,148.70921667,1805.00,,,,,,
14355,2017-12-31T05:54:58Z,-34.48366667,148.70935000,1804.00,,,,,,
14356,2017-12-31T05:54:59Z,-34.48380000,148.70946667,1805.00,,,,,,
14357,2017-12-31T05:55:00Z,-34.48395000,148.70950000,1807.00,,,,,,
14358,2017-12-31T05:55:01Z,-34.48411667,148.70953333,1811.00,,,,,,
14359,2017-12-31T05:55:02Z,-34.48425000,148.70956667,1815.00,,,,,,
14360,2017-12-31T05:55:03Z,-34.48438333,148.70958333,1818.00,,,,,,
14361,2017-12-31T05:55:04Z,-34.48450000,148.70958333,1819.00,,,,,,
14362,2017-12-31T05:55:05Z,-34.48460000,148.70956667,1819.00,,,,,,
14363,2017-12-31T05:55:06Z,-34.48468333,148.70955000,1820.00,,,,,,
14364,2017-12-31T05:55:07Z,-34.48478333,148.70951667,1821.00,,,,,,
14365,2017-12-31T05:55:08Z,-34.48486667,148.70950000,1822.00,,,,,,
14366,2017-12-31T05:55:09Z,-34.48495000,148.70945000,1825.00,,,,,,
14367,2017-12-31T05:55:10Z,-34.48503333,148.70940000,1826.00,,,,,,
14368,2017-12-31T05:55:11Z,-34.48510000,148.70936667,1828.00,,,,,,
14369,2017-12-31T05:55:12Z,-34.48518333,148.70931667,1829.00,,,,,,
14370,2017-12-31T05:55:13Z,-34.48525000,148.70925000,1829.00,,,,,,
14371,2017-12-31T05:55:14Z,-34.48531667,148.70918333,1830.00,,,,,,
14372,2017-12-31T05:55:15Z,-34.48533333,148.70906667,1831.00,,,,,,
14373,2017-12-31T05:55:16Z,-34.48535000,148.70895000,1834.00,,,,,,
14374,2017-12-31T05:55:17Z,-34.48533333,148.70886667,1840.00,,,,,,
14375,2017-12-31T05:55:18Z,-34.48523333,148.70881667,1843.00,,,,,,
14376,2017-12-31T05:55:19Z,-34.48513333,148.70875000,1848.00,,,,,,
14377,2017-12-31T05:55:20Z,-34.48503333,148.70875000,1850.00,,,,,,
14378,2017-12-31T05:55:21Z,-34.48491667,148.70880000,1853.00,,,,,,
14379,2017-12-31T05:55:22Z,-34.48480000,148.70888333,1859.00,,,,,,
14380,2017-12-31T05:55:23Z,-34.48471667,148.70901667,1864.00,,,,,,
14381,2017-12-31T05:55:24Z,-34.48466667,148.70920000,1864.00,,,,,,
14382,2017-12-31T05:55:25Z,-34.48465000,148.70936667,1865.00,,,,,,
14383,2017-12-31T05:55:26Z,-34.48470000,148.70955000,1867.00,,,,,,
14384,2017-12-31T05:55:27Z,-34.48480000,148.70968333,1871.00,,,,,,
14385,2017-12-31T05:55:28Z,-34.48491667,148.70980000,1875.00,,,,,,
14386,2017-12-31T05:55:29Z,-34.48501667,148.70988333,1879.00,,,,,,
14387,2017-12-31T05:55:30Z,-34.48510000,148.70986667,1878.00,,,,,,
14388,2017-12-31T05:55:31Z,-34.48521667,148.70995000,1877.00,,,,,,
14389,2017-12-31T05:55:32Z,-34.48531667,148.71001667,1878.00,,,,,,
14390,2017-12-31T05:55:33Z,-34.48540000,148.71008333,1879.00,,,,,,
14391,2017-12-31T05:55:34Z,-34.48550000,148.71015000,1878.00,,,,,,
14392,2017-12-31T05:55:35Z,-34.48555000,148.71015000,1881.00,,,,,,
14393,2017-12-31T05:55:36Z,-34.48561667,148.71020000,1886.00,,,,,,
14394,2017-12-31T05:55:37Z,-34.48566667,148.71021667,1891.00,,,,,,
14395,2017-12-31T05:55:38Z,-34.48568333,148.71015000,1892.00,,,,,,
14396,2017-12-31T05:55:39Z,-34.48566667,148.71003333,1892.00,,,,,,
14397,2017-12-31T05:55:40Z,-34.48550000,148.70986667,1895.00,,,,,,
14398,2017-12-31T05:55:41Z,-34.48541667,148.70985000,1899.00,,,,,,
14399,2017-12-31T05:55:42Z,-34.48530000,148.70980000,1904.00,,,,,,
14400,2017-12-31T05:55:43Z,-34.48520000,148.70975000,1907.00,,,,,,
14401,2017-12-31T05:55:44Z,-34.48515000,148.70970000,1910.00,,,,,,
14402,2017-12-31T05:55:45Z,-34.48518333,148.70953333,1910.00,,,,,,
14403,2017-12-31T05:55:46Z,-34.48521667,148.70946667,1911.00,,,,,,
14404,2017-12-31T05:55:47Z,-34.48525000,148.70940000,1911.00,,,,,,
14405,2017-12-31T05:55:48Z,-34.48538333,148.70938333,1910.00,,,,,,
14406,2017-12-31T05:55:49Z,-34.48555000,148.70940000,1910.00,,,,,,
14407,2017-12-31T05:55:50Z,-34.48570000,148.70940000,1909.00,,,,,,
14408,2017-12-31T05:55:51Z,-34.48585000,148.70948333,1908.00,,,,,,
14409,2017-12-31T05:55:52Z,-34.48598333,148.70963333,1910.00,,,,,,
14410,2017-12-31T05:55:53Z,-34.48610000,148.70983333,1915.00,,,,,,
14411,2017-12-31T05:55:54Z,-34.48620000,148.71001667,1919.00,,,,,,
14412,2017-12-31T05:55:55Z,-34.48625000,148.71020000,1920.00,,,,,,
14413,2017-12-31T05:55:56Z,-34.48631667,148.71038333,1923.00,,,,,,
14414,2017-12-31T05:55:57Z,-34.48636667,148.71056667,1925.00,,,,,,
14415,2017-12-31T05:55:58Z,-34.48640000,148.71075000,1927.00,,,,,,
14416,2017-12-31T05:55:59Z,-34.48641667,148.71093333,1929.00,,,,,,
14417,2017-12-31T05:56:00Z,-34.48630000,148.71121667,1930.00,,,,,,
14418,2017-12-31T05:56:01Z,-34.48626667,148.71140000,1932.00,,,,,,
14419,2017-12-31T05:56:02Z,-34.48620000,148.71156667,1935.00,,,,,,
14420,2017-12-31T05:56:03Z,-34.48611667,148.71171667,1938.00,,,,,,
14421,2017-12-31T05:56:04Z,-34.48603333,148.71183333,1942.00,,,,,,
14422,2017-12-31T05:56:05Z,-34.48581667,148.71205000,1944.00,,,,,,
14423,2017-12-31T05:56:06Z,-34.48570000,148.71215000,1947.00,,,,,,
14424,2017-12-31T05:56:07Z,-34.48556667,148.71223333,1949.00,,,,,,
14425,2017-12-31T05:56:08Z,-34.48541667,148.71228333,1950.00,,,,,,
14426,2017-12-31T05:56:09Z,-34.48531667,148.71235000,1955.00,,,,,,
14427,2017-12-31T05:56:10Z,-34.48520000,148.71223333,1957.00,,,,,,
14428,2017-12-31T05:56:11Z,-34.48511667,148.71220000,1958.00,,,,,,
14429,2017-12-31T05:56:12Z,-34.48505000,148.71220000,1960.00,,,,,,
14430,2017-12-31T05:56:13Z,-34.48501667,148.71218333,1962.00,,,,,,
14431,2017-12-31T05:56:14Z,-34.48500000,148.71215000,1965.00,,,,,,
14432,2017-12-31T05:56:15Z,-34.48513333,148.71203333,1965.00,,,,,,
14433,2017-12-31T05:56:16Z,-34.48523333,148.71198333,1965.00,,,,,,
14434,2017-12-31T05:56:17Z,-34.48536667,148.71198333,1963.00,,,,,,
14435,2017-12-31T05:56:18Z,-34.48551667,148.71200000,1962.00,,,,,,
14436,2017-12-31T05:56:19Z,-34.48565000,148.71201667,1966.00,,,,,,
14437,2017-12-31T05:56:20Z,-34.48580000,148.71210000,1970.00,,,,,,
14438,2017-12-31T05:56:21Z,-34.48595000,148.71213333,1972.00,,,,,,
14439,2017-12-31T05:56:22Z,-34.48610000,148.71218333,1975.00,,,,,,
14440,2017-12-31T05:56:23Z,-34.48620000,148.71226667,1977.00,,,,,,
14441,2017-12-31T05:56:24Z,-34.48631667,148.71236667,1979.00,,,,,,
14442,2017-12-31T05:56:25Z,-34.48633333,148.71255000,1980.00,,,,,,
14443,2017-12-31T05:56:26Z,-34.48641667,148.71261667,1980.00,,,,,,
14444,2017-12-31T05:56:27Z,-34.48603333,148.71321667,1981.00,,,,,,
14445,2017-12-31T05:56:28Z,-34.48593333,148.71341667,1985.00,,,,,,
14446,2017-12-31T05:56:29Z,-34.48581667,148.71356667,1990.00,,,,,,
14447,2017-12-31T05:56:30Z,-34.48571667,148.71375000,1992.00,,,,,,
14448,2017-12-31T05:56:31Z,-34.48561667,148.71385000,1992.00,,,,,,
14449,2017-12-31T05:56:32Z,-34.48550000,148.71396667,1992.00,,,,,,
14450,2017-12-31T05:56:33Z,-34.48538333,148.71408333,1992.00,,,,,,
14451,2017-12-31T05:56:34Z,-34.48526667,148.71416667,1995.00,,,,,,
14452,2017-12-31T05:56:35Z,-34.48513333,148.71418333,1997.00,,,,,,
14453,2017-12-31T05:56:36Z,-34.48501667,148.71418333,2001.00,,,,,,
14454,2017-12-31T05:56:37Z,-34.48493333,148.71420000,2002.00,,,,,,
14455,2017-12-31T05:56:38Z,-34.48485000,148.71421667,2004.00,,,,,,
14456,2017-12-31T05:56:39Z,-34.48478333,148.71423333,2004.00,,,,,,
14457,2017-12-31T05:56:40Z,-34.48475000,148.71428333,2005.00,,,,,,
14458,2017-12-31T05:56:41Z,-34.48473333,148.71433333,2006.00,,,,,,
14459,2017-12-31T05:56:42Z,-34.48471667,148.71455000,2007.00,,,,,,
14460,2017-12-31T05:56:43Z,-34.48478333,148.71458333,2010.00,,,,,,
14461,2017-12-31T05:56:44Z,-34.48491667,148.71455000,2016.00,,,,,,
14462,2017-12-31T05:56:45Z,-34.48628333,148.71473333,2020.00,,,,,,
14463,2017-12-31T05:56:46Z,-34.48631667,148.71481667,2022.00,,,,,,
14464,2017-12-31T05:56:48Z,-34.48630000,148.71216667,2021.00,,,,,,
14465,2017-12-31T05:56:49Z,-34.48620000,148.71226667,2020.00,,,,,,
14466,2017-12-31T05:56:50Z,-34.48636667,148.71236667,2020.00,,,,,,
14467,2017-12-31T05:56:51Z,-34.48648333,148.71250000,2022.00,,,,,,
14468,2017-12-31T05:56:52Z,-34.48658333,148.71266667,2026.00,,,,,,
14469,2017-12-31T05:56:53Z,-34.48660000,148.71286667,2030.00,,,,,,
14470,2017-12-31T05:56:54Z,-34.48660000,148.71306667,2033.00,,,,,,
14471,2017-12-31T05:56:55Z,-34.48658333,148.71326667,2033.00,,,,,,
14472,2017-12-31T05:56:56Z,-34.48656667,148.71341667,2033.00,,,,,,
14473,2017-12-31T05:56:57Z,-34.48651667,148.71363333,2034.00,,,,,,
14474,2017-12-31T05:56:58Z,-34.48646667,148.71378333,2036.00,,,,,,
14475,2017-12-31T05:56:59Z,-34.48638333,148.71395000,2038.00,,,,,,
14476,2017-12-31T05:57:00Z,-34.48625000,148.71411667,2039.00,,,,,,
14477,2017-12-31T05:57:01Z,-34.48616667,148.71421667,2039.00,,,,,,
14478,2017-12-31T05:57:02Z,-34.48605000,148.71430000,2040.00,,,,,,
14479,2017-12-31T05:57:03Z,-34.48593333,148.71435000,2043.00,,,,,,
14480,2017-12-31T05:57:04Z,-34.48581667,148.71438333,2045.00,,,,,,
14481,2017-12-31T05:57:05Z,-34.48566667,148.71436667,2046.00,,,,,,
14482,2017-12-31T05:57:06Z,-34.48556667,148.71435000,2048.00,,,,,,
14483,2017-12-31T05:57:07Z,-34.48546667,148.71433333,2049.00,,,,,,
14484,2017-12-31T05:57:08Z,-34.48538333,148.71430000,2051.00,,,,,,
14485,2017-12-31T05:57:09Z,-34.48530000,148.71425000,2055.00,,,,,,
14486,2017-12-31T05:57:10Z,-34.48525000,148.71418333,2055.00,,,,,,
14487,2017-12-31T05:57:11Z,-34.48521667,148.71410000,2056.00,,,,,,
14488,2017-12-31T05:57:12Z,-34.48520000,148.71403333,2059.00,,,,,,
14489,2017-12-31T05:57:13Z,-34.48521667,148.71395000,2060.00,,,,,,
14490,2017-12-31T05:57:14Z,-34.48523333,148.71385000,2063.00,,,,,,
14491,2017-12-31T05:57:15Z,-34.48525000,148.71375000,2066.00,,,,,,
14492,2017-12-31T05:57:16Z,-34.48528333,148.71365000,2068.00,,,,,,
14493,2017-12-31T05:57:17Z,-34.48530000,148.71353333,2066.00,,,,,,
14494,2017-12-31T05:57:18Z,-34.48531667,148.71341667,2063.00,,,,,,
14495,2017-12-31T05:57:19Z,-34.48531667,148.71331667,2063.00,,,,,,
14496,2017-12-31T05:57:20Z,-34.48528333,148.71325000,2064.00,,,,,,
14497,2017-12-31T05:57:21Z,-34.48528333,148.71315000,2066.00,,,,,,
14498,2017-12-31T05:57:22Z,-34.48530000,148.71303333,2068.00,,,,,,
14499,2017-12-31T05:57:23Z,-34.48530000,148.71293333,2067.00,,,,,,
14500,2017-12-31T05:57:24Z,-34.48535000,148.71281667,2066.00,,,,,,
14501,2017-12-31T05:57:25Z,-34.48541667,148.71268333,2065.00,,,,,,
14502,2017-12-31T05:57:26Z,-34.48546667,148.71256667,2065.00,,,,,,
14503,2017-12-31T05:57:27Z,-34.48556667,148.71245000,2065.00,,,,,,
14504,2017-12-31T05:57:28Z,-34.48565000,148.71236667,2065.00,,,,,,
14505,2017-12-31T05:57:29Z,-34.48575000,148.71226667,2067.00,,,,,,
14506,2017-12-31T05:57:30Z,-34.48585000,148.71226667,2068.00,,,,,,
14507,2017-12-31T05:57:31Z,-34.48596667,148.71216667,2070.00,,,,,,
14508,2017-12-31T05:57:32Z,-34.48608333,148.71208333,2071.00,,,,,,
14509,2017-12-31T05:57:33Z,-34.48618333,148.71200000,2071.00,,,,,,
14510,2017-12-31T05:57:34Z,-34.48630000,148.71195000,2071.00,,,,,,
14511,2017-12-31T05:57:35Z,-34.48641667,148.71191667,2070.00,,,,,,
14512,2017-12-31T05:57:36Z,-34.48653333,148.71183333,2067.00,,,,,,
14513,2017-12-31T05:57:37Z,-34.48666667,148.71176667,2066.00,,,,,,
14514,2017-12-31T05:57:38Z,-34.48681667,148.71170000,2066.00,,,,,,
14515,2017-12-31T05:57:39Z,-34.48695000,148.71161667,2067.00,,,,,,
14516,2017-12-31T05:57:40Z,-34.48705000,148.71155000,2068.00,,,,,,
14517,2017-12-31T05:57:41Z,-34.48718333,148.71148333,2067.00,,,,,,
14518,2017-12-31T05:57:42Z,-34.48730000,148.71141667,2065.00,,,,,,
14519,2017-12-31T05:57:43Z,-34.48741667,148.71135000,2063.00,,,,,,
14520,2017-12-31T05:57:44Z,-34.48755000,148.71126667,2061.00,,,,,,
14521,2017-12-31T05:57:45Z,-34.48766667,148.71121667,2061.00,,,,,,
14522,2017-12-31T05:57:46Z,-34.48778333,148.71115000,2060.00,,,,,,
14523,2017-12-31T05:57:47Z,-34.48791667,148.71110000,2058.00,,,,,,
14524,2017-12-31T05:57:48Z,-34.48806667,148.71106667,2056.00,,,,,,
14525,2017-12-31T05:57:49Z,-34.48818333,148.71103333,2056.00,,,,,,
14526,2017-12-31T05:57:50Z,-34.48833333,148.71100000,2055.00,,,,,,
14527,2017-12-31T05:57:51Z,-34.48848333,148.71096667,2053.00,,,,,,
14528,2017-12-31T05:57:52Z,-34.48863333,148.71093333,2052.00,,,,,,
14529,2017-12-31T05:57:53Z,-34.48878333,148.71088333,2053.00,,,,,,
14530,2017-12-31T05:57:54Z,-34.48893333,148.71083333,2056.00,,,,,,
14531,2017-12-31T05:57:55Z,-34.48911667,148.71075000,2058.00,,,,,,
14532,2017-12-31T05:57:56Z,-34.48928333,148.71070000,2061.00,,,,,,
14533,2017-12-31T05:57:57Z,-34.48945000,148.71063333,2067.00,,,,,,
14534,2017-12-31T05:57:58Z,-34.48960000,148.71056667,2069.00,,,,,,
14535,2017-12-31T05:57:59Z,-34.48975000,148.71050000,2073.00,,,,,,
14536,2017-12-31T05:58:00Z,-34.48991667,148.71051667,2073.00,,,,,,
14537,2017-12-31T05:58:01Z,-34.49006667,148.71046667,2074.00,,,,,,
14538,2017-12-31T05:58:02Z,-34.49023333,148.71048333,2075.00,,,,,,
14539,2017-12-31T05:58:03Z,-34.49040000,148.71048333,2077.00,,,,,,
14540,2017-12-31T05:58:04Z,-34.49055000,148.71050000,2079.00,,,,,,
14541,2017-12-31T05:58:05Z,-34.49068333,148.71053333,2079.00,,,,,,
14542,2017-12-31T05:58:06Z,-34.49081667,148.71053333,2079.00,,,,,,
14543,2017-12-31T05:58:07Z,-34.49096667,148.71055000,2076.00,,,,,,
14544,2017-12-31T05:58:08Z,-34.49111667,148.71055000,2072.00,,,,,,
14545,2017-12-31T05:58:09Z,-34.49130000,148.71055000,2067.00,,,,,,
14546,2017-12-31T05:58:10Z,-34.49146667,148.71055000,2066.00,,,,,,
14547,2017-12-31T05:58:11Z,-34.49163333,148.71051667,2066.00,,,,,,
14548,2017-12-31T05:58:12Z,-34.49181667,148.71048333,2066.00,,,,,,
14549,2017-12-31T05:58:13Z,-34.49196667,148.71043333,2067.00,,,,,,
14550,2017-12-31T05:58:14Z,-34.49215000,148.71040000,2065.00,,,,,,
14551,2017-12-31T05:58:15Z,-34.49231667,148.71036667,2065.00,,,,,,
14552,2017-12-31T05:58:16Z,-34.49248333,148.71033333,2063.00,,,,,,
14553,2017-12-31T05:58:17Z,-34.49265000,148.71028333,2060.00,,,,,,
14554,2017-12-31T05:58:18Z,-34.49280000,148.71021667,2058.00,,,,,,
14555,2017-12-31T05:58:19Z,-34.49296667,148.71015000,2054.00,,,,,,
14556,2017-12-31T05:58:20Z,-34.49313333,148.71010000,2053.00,,,,,,
14557,2017-12-31T05:58:21Z,-34.49330000,148.71005000,2052.00,,,,,,
14558,2017-12-31T05:58:22Z,-34.49348333,148.70998333,2051.00,,,,,,
14559,2017-12-31T05:58:23Z,-34.49365000,148.70990000,2051.00,,,,,,
14560,2017-12-31T05:58:24Z,-34.49381667,148.70981667,2051.00,,,,,,
14561,2017-12-31T05:58:25Z,-34.49395000,148.70973333,2050.00,,,,,,
14562,2017-12-31T05:58:26Z,-34.49411667,148.70965000,2047.00,,,,,,
14563,2017-12-31T05:58:27Z,-34.49426667,148.70958333,2045.00,,,,,,
14564,2017-12-31T05:58:28Z,-34.49441667,148.70951667,2043.00,,,,,,
14565,2017-12-31T05:58:29Z,-34.49456667,148.70945000,2041.00,,,,,,
14566,2017-12-31T05:58:30Z,-34.49471667,148.70941667,2039.00,,,,,,
14567,2017-12-31T05:58:31Z,-34.49488333,148.70936667,2035.00,,,,,,
14568,2017-12-31T05:58:32Z,-34.49505000,148.70933333,2030.00,,,,,,
14569,2017-12-31T05:58:33Z,-34.49521667,148.70931667,2027.00,,,,,,
14570,2017-12-31T05:58:34Z,-34.49540000,148.70931667,2024.00,,,,,,
14571,2017-12-31T05:58:35Z,-34.49556667,148.70933333,2022.00,,,,,,
14572,2017-12-31T05:58:36Z,-34.49575000,148.70931667,2020.00,,,,,,
14573,2017-12-31T05:58:37Z,-34.49593333,148.70930000,2018.00,,,,,,
14574,2017-12-31T05:58:38Z,-34.49610000,148.70926667,2016.00,,,,,,
14575,2017-12-31T05:58:39Z,-34.49628333,148.70921667,2014.00,,,,,,
14576,2017-12-31T05:58:40Z,-34.49643333,148.70916667,2014.00,,,,,,
14577,2017-12-31T05:58:41Z,-34.49660000,148.70910000,2013.00,,,,,,
14578,2017-12-31T05:58:42Z,-34.49675000,148.70903333,2013.00,,,,,,
14579,2017-12-31T05:58:43Z,-34.49690000,148.70896667,2012.00,,,,,,
14580,2017-12-31T05:58:44Z,-34.49703333,148.70888333,2011.00,,,,,,
14581,2017-12-31T05:58:45Z,-34.49716667,148.70880000,2009.00,,,,,,
14582,2017-12-31T05:58:46Z,-34.49731667,148.70871667,2007.00,,,,,,
14583,2017-12-31T05:58:47Z,-34.49745000,148.70865000,2005.00,,,,,,
14584,2017-12-31T05:58:48Z,-34.49760000,148.70856667,2003.00,,,,,,
14585,2017-12-31T05:58:49Z,-34.49775000,148.70850000,2000.00,,,,,,
14586,2017-12-31T05:58:50Z,-34.49790000,148.70845000,1999.00,,,,,,
14587,2017-12-31T05:58:51Z,-34.49805000,148.70838333,1997.00,,,,,,
14588,2017-12-31T05:58:52Z,-34.49821667,148.70833333,1992.00,,,,,,
14589,2017-12-31T05:58:53Z,-34.49836667,148.70830000,1988.00,,,,,,
14590,2017-12-31T05:58:54Z,-34.49853333,148.70825000,1983.00,,,,,,
14591,2017-12-31T05:58:55Z,-34.49870000,148.70821667,1980.00,,,,,,
14592,2017-12-31T05:58:56Z,-34.49885000,148.70816667,1977.00,,,,,,
14593,2017-12-31T05:58:57Z,-34.49901667,148.70811667,1975.00,,,,,,
14594,2017-12-31T05:58:58Z,-34.49920000,148.70808333,1974.00,,,,,,
14595,2017-12-31T05:58:59Z,-34.49935000,148.70806667,1971.00,,,,,,
14596,2017-12-31T05:59:00Z,-34.49950000,148.70808333,1970.00,,,,,,
14597,2017-12-31T05:59:01Z,-34.49966667,148.70805000,1967.00,,,,,,
14598,2017-12-31T05:59:02Z,-34.49981667,148.70803333,1963.00,,,,,,
14599,2017-12-31T05:59:03Z,-34.49996667,148.70801667,1959.00,,,,,,
14600,2017-12-31T05:59:04Z,-34.50013333,148.70798333,1954.00,,,,,,
14601,2017-12-31T05:59:05Z,-34.50030000,148.70795000,1952.00,,,,,,
14602,2017-12-31T05:59:06Z,-34.50046667,148.70790000,1948.00,,,,,,
14603,2017-12-31T05:59:07Z,-34.50065000,148.70786667,1944.00,,,,,,
14604,2017-12-31T05:59:08Z,-34.50081667,148.70781667,1942.00,,,,,,
14605,2017-12-31T05:59:09Z,-34.50100000,148.70776667,1940.00,,,,,,
14606,2017-12-31T05:59:10Z,-34.50116667,148.70771667,1935.00,,,,,,
14607,2017-12-31T05:59:11Z,-34.50135000,148.70765000,1931.00,,,,,,
14608,2017-12-31T05:59:12Z,-34.50151667,148.70758333,1928.00,,,,,,
14609,2017-12-31T05:59:13Z,-34.50170000,148.70750000,1926.00,,,,,,
14610,2017-12-31T05:59:14Z,-34.50186667,148.70740000,1923.00,,,,,,
14611,2017-12-31T05:59:15Z,-34.50201667,148.70730000,1921.00,,,,,,
14612,2017-12-31T05:59:16Z,-34.50218333,148.70720000,1917.00,,,,,,
14613,2017-12-31T05:59:17Z,-34.50233333,148.70708333,1916.00,,,,,,
14614,2017-12-31T05:59:18Z,-34.50248333,148.70696667,1915.00,,,,,,
14615,2017-12-31T05:59:19Z,-34.50261667,148.70686667,1915.00,,,,,,
14616,2017-12-31T05:59:20Z,-34.50276667,148.70676667,1913.00,,,,,,
14617,2017-12-31T05:59:21Z,-34.50291667,148.70666667,1909.00,,,,,,
14618,2017-12-31T05:59:22Z,-34.50305000,148.70658333,1906.00,,,,,,
14619,2017-12-31T05:59:23Z,-34.50320000,148.70650000,1902.00,,,,,,
14620,2017-12-31T05:59:24Z,-34.50335000,148.70641667,1897.00,,,,,,
14621,2017-12-31T05:59:25Z,-34.50350000,148.70635000,1894.00,,,,,,
14622,2017-12-31T05:59:26Z,-34.50365000,148.70628333,1890.00,,,,,,
14623,2017-12-31T05:59:27Z,-34.50381667,148.70621667,1888.00,,,,,,
14624,2017-12-31T05:59:28Z,-34.50398333,148.70616667,1887.00,,,,,,
14625,2017-12-31T05:59:29Z,-34.50415000,148.70613333,1885.00,,,,,,
14626,2017-12-31T05:59:30Z,-34.50433333,148.70611667,1883.00,,,,,,
14627,2017-12-31T05:59:31Z,-34.50451667,148.70608333,1880.00,,,,,,
14628,2017-12-31T05:59:32Z,-34.50470000,148.70605000,1878.00,,,,,,
14629,2017-12-31T05:59:33Z,-34.50486667,148.70600000,1877.00,,,,,,
14630,2017-12-31T05:59:34Z,-34.50503333,148.70595000,1875.00,,,,,,
14631,2017-12-31T05:59:35Z,-34.50520000,148.70590000,1874.00,,,,,,
14632,2017-12-31T05:59:36Z,-34.50536667,148.70585000,1873.00,,,,,,
14633,2017-12-31T05:59:37Z,-34.50551667,148.70580000,1872.00,,,,,,
14634,2017-12-31T05:59:38Z,-34.50565000,148.70575000,1870.00,,,,,,
14635,2017-12-31T05:59:39Z,-34.50580000,148.70570000,1867.00,,,,,,
14636,2017-12-31T05:59:40Z,-34.50593333,148.70565000,1866.00,,,,,,
14637,2017-12-31T05:59:41Z,-34.50608333,148.70560000,1865.00,,,,,,
14638,2017-12-31T05:59:42Z,-34.50621667,148.70555000,1866.00,,,,,,
14639,2017-12-31T05:59:43Z,-34.50636667,148.70548333,1867.00,,,,,,
14640,2017-12-31T05:59:44Z,-34.50650000,148.70543333,1867.00,,,,,,
14641,2017-12-31T05:59:45Z,-34.50663333,148.70536667,1867.00,,,,,,
14642,2017-12-31T05:59:46Z,-34.50678333,148.70530000,1866.00,,,,,,
14643,2017-12-31T05:59:47Z,-34.50691667,148.70523333,1866.00,,,,,,
14644,2017-12-31T05:59:48Z,-34.50705000,148.70516667,1865.00,,,,,,
14645,2017-12-31T05:59:49Z,-34.50720000,148.70510000,1864.00,,,,,,
14646,2017-12-31T05:59:50Z,-34.50733333,148.70503333,1864.00,,,,,,
14647,2017-12-31T05:59:51Z,-34.50746667,148.70496667,1861.00,,,,,,
14648,2017-12-31T05:59:52Z,-34.50761667,148.70488333,1860.00,,,,,,
14649,2017-12-31T05:59:53Z,-34.50775000,148.70480000,1860.00,,,,,,
14650,2017-12-31T05:59:54Z,-34.50788333,148.70468333,1861.00,,,,,,
14651,2017-12-31T05:59:55Z,-34.50801667,148.70456667,1862.00,,,,,,
14652,2017-12-31T05:59:56Z,-34.50815000,148.70445000,1863.00,,,,,,
14653,2017-12-31T05:59:57Z,-34.50828333,148.70435000,1865.00,,,,,,
14654,2017-12-31T05:59:58Z,-34.50841667,148.70425000,1867.00,,,,,,
14655,2017-12-31T05:59:59Z,-34.50855000,148.70416667,1870.00,,,,,,
14656,2017-12-31T06:00:00Z,-34.50868333,148.70408333,1871.00,,,,,,
14657,2017-12-31T06:00:01Z,-34.50880000,148.70398333,1871.00,,,,,,
14658,2017-12-31T06:00:02Z,-34.50891667,148.70390000,1872.00,,,,,,
14659,2017-12-31T06:00:03Z,-34.50905000,148.70380000,1874.00,,,,,,
14660,2017-12-31T06:00:04Z,-34.50916667,148.70371667,1876.00,,,,,,
14661,2017-12-31T06:00:05Z,-34.50930000,148.70361667,1877.00,,,,,,
14662,2017-12-31T06:00:06Z,-34.50941667,148.70353333,1879.00,,,,,,
14663,2017-12-31T06:00:07Z,-34.50955000,148.70345000,1880.00,,,,,,
14664,2017-12-31T06:00:08Z,-34.50966667,148.70335000,1881.00,,,,,,
14665,2017-12-31T06:00:09Z,-34.50980000,148.70326667,1883.00,,,,,,
14666,2017-12-31T06:00:10Z,-34.50993333,148.70318333,1883.00,,,,,,
14667,2017-12-31T06:00:11Z,-34.51006667,148.70311667,1884.00,,,,,,
14668,2017-12-31T06:00:12Z,-34.51020000,148.70303333,1883.00,,,,,,
14669,2017-12-31T06:00:13Z,-34.51033333,148.70295000,1884.00,,,,,,
14670,2017-12-31T06:00:14Z,-34.51046667,148.70286667,1884.00,,,,,,
14671,2017-12-31T06:00:15Z,-34.51060000,148.70278333,1884.00,,,,,,
14672,2017-12-31T06:00:16Z,-34.51075000,148.70270000,1884.00,,,,,,
14673,2017-12-31T06:00:17Z,-34.51090000,148.70260000,1886.00,,,,,,
14674,2017-12-31T06:00:18Z,-34.51103333,148.70251667,1887.00,,,,,,
14675,2017-12-31T06:00:19Z,-34.51118333,148.70243333,1890.00,,,,,,
14676,2017-12-31T06:00:20Z,-34.51133333,148.70236667,1891.00,,,,,,
14677,2017-12-31T06:00:21Z,-34.51148333,148.70228333,1895.00,,,,,,
14678,2017-12-31T06:00:22Z,-34.51163333,148.70220000,1897.00,,,,,,
14679,2017-12-31T06:00:23Z,-34.51176667,148.70213333,1898.00,,,,,,
14680,2017-12-31T06:00:24Z,-34.51190000,148.70205000,1901.00,,,,,,
14681,2017-12-31T06:00:25Z,-34.51203333,148.70198333,1903.00,,,,,,
14682,2017-12-31T06:00:26Z,-34.51216667,148.70190000,1905.00,,,,,,
14683,2017-12-31T06:00:27Z,-34.51230000,148.70183333,1906.00,,,,,,
14684,2017-12-31T06:00:28Z,-34.51241667,148.70175000,1907.00,,,,,,
14685,2017-12-31T06:00:29Z,-34.51255000,148.70166667,1909.00,,,,,,
14686,2017-12-31T06:00:30Z,-34.51266667,148.70160000,1911.00,,,,,,
14687,2017-12-31T06:00:31Z,-34.51280000,148.70153333,1909.00,,,,,,
14688,2017-12-31T06:00:32Z,-34.51293333,148.70145000,1908.00,,,,,,
14689,2017-12-31T06:00:33Z,-34.51308333,148.70138333,1907.00,,,,,,
14690,2017-12-31T06:00:34Z,-34.51321667,148.70130000,1907.00,,,,,,
14691,2017-12-31T06:00:35Z,-34.51336667,148.70121667,1907.00,,,,,,
14692,2017-12-31T06:00:36Z,-34.51350000,148.70113333,1907.00,,,,,,
14693,2017-12-31T06:00:37Z,-34.51365000,148.70103333,1909.00,,,,,,
14694,2017-12-31T06:00:38Z,-34.51378333,148.70095000,1909.00,,,,,,
14695,2017-12-31T06:00:39Z,-34.51393333,148.70086667,1908.00,,,,,,
14696,2017-12-31T06:00:40Z,-34.51410000,148.70076667,1907.00,,,,,,
14697,2017-12-31T06:00:41Z,-34.51426667,148.70066667,1907.00,,,,,,
14698,2017-12-31T06:00:42Z,-34.51445000,148.70055000,1908.00,,,,,,
14699,2017-12-31T06:00:43Z,-34.51461667,148.70045000,1906.00,,,,,,
14700,2017-12-31T06:00:44Z,-34.51480000,148.70035000,1902.00,,,,,,
14701,2017-12-31T06:00:45Z,-34.51500000,148.70026667,1901.00,,,,,,
14702,2017-12-31T06:00:46Z,-34.51518333,148.70016667,1904.00,,,,,,
14703,2017-12-31T06:00:47Z,-34.51538333,148.70008333,1906.00,,,,,,
14704,2017-12-31T06:00:48Z,-34.51556667,148.70000000,1907.00,,,,,,
14705,2017-12-31T06:00:49Z,-34.51575000,148.69991667,1905.00,,,,,,
14706,2017-12-31T06:00:50Z,-34.51593333,148.69983333,1905.00,,,,,,
14707,2017-12-31T06:00:51Z,-34.51611667,148.69975000,1905.00,,,,,,
14708,2017-12-31T06:00:52Z,-34.51630000,148.69966667,1904.00,,,,,,
14709,2017-12-31T06:00:53Z,-34.51646667,148.69960000,1903.00,,,,,,
14710,2017-12-31T06:00:54Z,-34.51663333,148.69951667,1900.00,,,,,,
14711,2017-12-31T06:00:55Z,-34.51680000,148.69943333,1897.00,,,,,,
14712,2017-12-31T06:00:56Z,-34.51696667,148.69936667,1894.00,,,,,,
14713,2017-12-31T06:00:57Z,-34.51713333,148.69928333,1891.00,,,,,,
14714,2017-12-31T06:00:58Z,-34.51730000,148.69920000,1889.00,,,,,,
14715,2017-12-31T06:00:59Z,-34.51746667,148.69911667,1886.00,,,,,,
14716,2017-12-31T06:01:00Z,-34.51761667,148.69901667,1886.00,,,,,,
14717,2017-12-31T06:01:01Z,-34.51778333,148.69893333,1886.00,,,,,,
14718,2017-12-31T06:01:02Z,-34.51793333,148.69885000,1886.00,,,,,,
14719,2017-12-31T06:01:03Z,-34.51808333,148.69876667,1885.00,,,,,,
14720,2017-12-31T06:01:04Z,-34.51823333,148.69868333,1884.00,,,,,,
14721,2017-12-31T06:01:05Z,-34.51838333,148.69861667,1885.00,,,,,,
14722,2017-12-31T06:01:06Z,-34.51853333,148.69855000,1886.00,,,,,,
14723,2017-12-31T06:01:07Z,-34.51868333,148.69848333,1885.00,,,,,,
14724,2017-12-31T06:01:08Z,-34.51881667,148.69843333,1881.00,,,,,,
14725,2017-12-31T06:01:09Z,-34.51895000,148.69836667,1877.00,,,,,,
14726,2017-12-31T06:01:10Z,-34.51908333,148.69830000,1875.00,,,,,,
14727,2017-12-31T06:01:11Z,-34.51921667,148.69823333,1872.00,,,,,,
14728,2017-12-31T06:01:12Z,-34.51936667,148.69816667,1868.00,,,,,,
14729,2017-12-31T06:01:13Z,-34.51951667,148.69808333,1866.00,,,,,,
14730,2017-12-31T06:01:14Z,-34.51968333,148.69801667,1865.00,,,,,,
14731,2017-12-31T06:01:15Z,-34.51983333,148.69795000,1866.00,,,,,,
14732,2017-12-31T06:01:16Z,-34.51998333,148.69788333,1865.00,,,,,,
14733,2017-12-31T06:01:17Z,-34.52015000,148.69781667,1863.00,,,,,,
14734,2017-12-31T06:01:18Z,-34.52030000,148.69773333,1862.00,,,,,,
14735,2017-12-31T06:01:19Z,-34.52046667,148.69766667,1864.00,,,,,,
14736,2017-12-31T06:01:20Z,-34.52060000,148.69758333,1864.00,,,,,,
14737,2017-12-31T06:01:21Z,-34.52075000,148.69750000,1862.00,,,,,,
14738,2017-12-31T06:01:22Z,-34.52090000,148.69743333,1862.00,,,,,,
14739,2017-12-31T06:01:23Z,-34.52105000,148.69736667,1863.00,,,,,,
14740,2017-12-31T06:01:24Z,-34.52118333,148.69731667,1862.00,,,,,,
14741,2017-12-31T06:01:25Z,-34.52133333,148.69726667,1861.00,,,,,,
14742,2017-12-31T06:01:26Z,-34.52148333,148.69723333,1858.00,,,,,,
14743,2017-12-31T06:01:27Z,-34.52165000,148.69718333,1856.00,,,,,,
14744,2017-12-31T06:01:28Z,-34.52181667,148.69715000,1855.00,,,,,,
14745,2017-12-31T06:01:29Z,-34.52198333,148.69710000,1856.00,,,,,,
14746,2017-12-31T06:01:30Z,-34.52216667,148.69705000,1857.00,,,,,,
14747,2017-12-31T06:01:31Z,-34.52231667,148.69700000,1859.00,,,,,,
14748,2017-12-31T06:01:32Z,-34.52248333,148.69695000,1863.00,,,,,,
14749,2017-12-31T06:01:33Z,-34.52263333,148.69690000,1867.00,,,,,,
14750,2017-12-31T06:01:34Z,-34.52278333,148.69685000,1872.00,,,,,,
14751,2017-12-31T06:01:35Z,-34.52291667,148.69678333,1875.00,,,,,,
14752,2017-12-31T06:01:36Z,-34.52305000,148.69671667,1880.00,,,,,,
14753,2017-12-31T06:01:37Z,-34.52318333,148.69663333,1880.00,,,,,,
14754,2017-12-31T06:01:38Z,-34.52328333,148.69653333,1879.00,,,,,,
14755,2017-12-31T06:01:39Z,-34.52336667,148.69641667,1878.00,,,,,,
14756,2017-12-31T06:01:40Z,-34.52343333,148.69631667,1879.00,,,,,,
14757,2017-12-31T06:01:41Z,-34.52348333,148.69620000,1879.00,,,,,,
14758,2017-12-31T06:01:42Z,-34.52353333,148.69610000,1877.00,,,,,,
14759,2017-12-31T06:01:43Z,-34.52358333,148.69601667,1873.00,,,,,,
14760,2017-12-31T06:01:44Z,-34.52361667,148.69593333,1868.00,,,,,,
14761,2017-12-31T06:01:45Z,-34.52365000,148.69586667,1863.00,,,,,,
14762,2017-12-31T06:01:46Z,-34.52370000,148.69580000,1860.00,,,,,,
14763,2017-12-31T06:01:47Z,-34.52380000,148.69573333,1859.00,,,,,,
14764,2017-12-31T06:01:48Z,-34.52393333,148.69568333,1858.00,,,,,,
14765,2017-12-31T06:01:49Z,-34.52410000,148.69563333,1858.00,,,,,,
14766,2017-12-31T06:01:50Z,-34.52435000,148.69556667,1859.00,,,,,,
14767,2017-12-31T06:01:51Z,-34.52456667,148.69551667,1858.00,,,,,,
14768,2017-12-31T06:01:52Z,-34.52475000,148.69546667,1859.00,,,,,,
14769,2017-12-31T06:01:53Z,-34.52495000,148.69543333,1863.00,,,,,,
14770,2017-12-31T06:01:54Z,-34.52513333,148.69540000,1866.00,,,,,,
14771,2017-12-31T06:01:55Z,-34.52533333,148.69535000,1868.00,,,,,,
14772,2017-12-31T06:01:56Z,-34.52553333,148.69531667,1868.00,,,,,,
14773,2017-12-31T06:01:57Z,-34.52570000,148.69526667,1871.00,,,,,,
14774,2017-12-31T06:01:58Z,-34.52586667,148.69521667,1872.00,,,,,,
14775,2017-12-31T06:01:59Z,-34.52605000,148.69516667,1876.00,,,,,,
14776,2017-12-31T06:02:00Z,-34.52621667,148.69513333,1878.00,,,,,,
14777,2017-12-31T06:02:01Z,-34.52640000,148.69511667,1879.00,,,,,,
14778,2017-12-31T06:02:02Z,-34.52656667,148.69513333,1882.00,,,,,,
14779,2017-12-31T06:02:03Z,-34.52671667,148.69521667,1883.00,,,,,,
14780,2017-12-31T06:02:04Z,-34.52685000,148.69531667,1886.00,,,,,,
14781,2017-12-31T06:02:05Z,-34.52695000,148.69548333,1888.00,,,,,,
14782,2017-12-31T06:02:06Z,-34.52701667,148.69563333,1891.00,,,,,,
14783,2017-12-31T06:02:07Z,-34.52706667,148.69580000,1894.00,,,,,,
14784,2017-12-31T06:02:08Z,-34.52708333,148.69596667,1897.00,,,,,,
14785,2017-12-31T06:02:09Z,-34.52708333,148.69613333,1899.00,,,,,,
14786,2017-12-31T06:02:10Z,-34.52703333,148.69628333,1900.00,,,,,,
14787,2017-12-31T06:02:11Z,-34.52696667,148.69641667,1901.00,,,,,,
14788,2017-12-31T06:02:12Z,-34.52688333,148.69653333,1901.00,,,,,,
14789,2017-12-31T06:02:13Z,-34.52678333,148.69658333,1903.00,,,,,,
14790,2017-12-31T06:02:14Z,-34.52666667,148.69661667,1905.00,,,,,,
14791,2017-12-31T06:02:15Z,-34.52656667,148.69656667,1907.00,,,,,,
14792,2017-12-31T06:02:16Z,-34.52648333,148.69653333,1910.00,,,,,,
14793,2017-12-31T06:02:17Z,-34.52641667,148.69646667,1913.00,,,,,,
14794,2017-12-31T06:02:18Z,-34.52636667,148.69633333,1914.00,,,,,,
14795,2017-12-31T06:02:19Z,-34.52633333,148.69623333,1915.00,,,,,,
14796,2017-12-31T06:02:20Z,-34.52635000,148.69611667,1916.00,,,,,,
14797,2017-12-31T06:02:21Z,-34.52636667,148.69598333,1917.00,,,,,,
14798,2017-12-31T06:02:22Z,-34.52643333,148.69586667,1919.00,,,,,,
14799,2017-12-31T06:02:23Z,-34.52651667,148.69576667,1920.00,,,,,,
14800,2017-12-31T06:02:24Z,-34.52661667,148.69568333,1922.00,,,,,,
14801,2017-12-31T06:02:25Z,-34.52675000,148.69561667,1922.00,,,,,,
14802,2017-12-31T06:02:26Z,-34.52688333,148.69558333,1922.00,,,,,,
14803,2017-12-31T06:02:27Z,-34.52701667,148.69558333,1922.00,,,,,,
14804,2017-12-31T06:02:28Z,-34.52716667,148.69561667,1922.00,,,,,,
14805,2017-12-31T06:02:29Z,-34.52730000,148.69570000,1922.00,,,,,,
14806,2017-12-31T06:02:30Z,-34.52745000,148.69580000,1923.00,,,,,,
14807,2017-12-31T06:02:31Z,-34.52760000,148.69591667,1923.00,,,,,,
14808,2017-12-31T06:02:32Z,-34.52775000,148.69600000,1924.00,,,,,,
14809,2017-12-31T06:02:33Z,-34.52791667,148.69606667,1926.00,,,,,,
14810,2017-12-31T06:02:34Z,-34.52806667,148.69610000,1929.00,,,,,,
14811,2017-12-31T06:02:35Z,-34.52821667,148.69608333,1929.00,,,,,,
14812,2017-12-31T06:02:36Z,-34.52836667,148.69605000,1928.00,,,,,,
14813,2017-12-31T06:02:37Z,-34.52850000,148.69598333,1928.00,,,,,,
14814,2017-12-31T06:02:38Z,-34.52863333,148.69590000,1927.00,,,,,,
14815,2017-12-31T06:02:39Z,-34.52878333,148.69581667,1930.00,,,,,,
14816,2017-12-31T06:02:40Z,-34.52893333,148.69571667,1932.00,,,,,,
14817,2017-12-31T06:02:41Z,-34.52906667,148.69560000,1934.00,,,,,,
14818,2017-12-31T06:02:42Z,-34.52920000,148.69550000,1936.00,,,,,,
14819,2017-12-31T06:02:43Z,-34.52933333,148.69541667,1934.00,,,,,,
14820,2017-12-31T06:02:44Z,-34.52946667,148.69531667,1930.00,,,,,,
14821,2017-12-31T06:02:45Z,-34.52960000,148.69520000,1928.00,,,,,,
14822,2017-12-31T06:02:46Z,-34.52973333,148.69511667,1924.00,,,,,,
14823,2017-12-31T06:02:47Z,-34.52988333,148.69503333,1921.00,,,,,,
14824,2017-12-31T06:02:48Z,-34.53003333,148.69496667,1918.00,,,,,,
14825,2017-12-31T06:02:49Z,-34.53021667,148.69491667,1916.00,,,,,,
14826,2017-12-31T06:02:50Z,-34.53040000,148.69486667,1916.00,,,,,,
14827,2017-12-31T06:02:51Z,-34.53058333,148.69481667,1913.00,,,,,,
14828,2017-12-31T06:02:52Z,-34.53076667,148.69478333,1911.00,,,,,,
14829,2017-12-31T06:02:53Z,-34.53093333,148.69473333,1907.00,,,,,,
14830,2017-12-31T06:02:54Z,-34.53111667,148.69468333,1902.00,,,,,,
14831,2017-12-31T06:02:55Z,-34.53130000,148.69461667,1900.00,,,,,,
14832,2017-12-31T06:02:56Z,-34.53148333,148.69455000,1899.00,,,,,,
14833,2017-12-31T06:02:57Z,-34.53165000,148.69446667,1898.00,,,,,,
14834,2017-12-31T06:02:58Z,-34.53181667,148.69440000,1897.00,,,,,,
14835,2017-12-31T06:02:59Z,-34.53198333,148.69433333,1895.00,,,,,,
14836,2017-12-31T06:03:00Z,-34.53215000,148.69426667,1893.00,,,,,,
14837,2017-12-31T06:03:01Z,-34.53231667,148.69418333,1891.00,,,,,,
14838,2017-12-31T06:03:02Z,-34.53246667,148.69411667,1888.00,,,,,,
14839,2017-12-31T06:03:03Z,-34.53265000,148.69405000,1887.00,,,,,,
14840,2017-12-31T06:03:04Z,-34.53280000,148.69398333,1884.00,,,,,,
14841,2017-12-31T06:03:05Z,-34.53296667,148.69390000,1882.00,,,,,,
14842,2017-12-31T06:03:06Z,-34.53313333,148.69381667,1879.00,,,,,,
14843,2017-12-31T06:03:07Z,-34.53328333,148.69373333,1878.00,,,,,,
14844,2017-12-31T06:03:08Z,-34.53345000,148.69366667,1877.00,,,,,,
14845,2017-12-31T06:03:09Z,-34.53361667,148.69360000,1876.00,,,,,,
14846,2017-12-31T06:03:10Z,-34.53376667,148.69353333,1875.00,,,,,,
14847,2017-12-31T06:03:11Z,-34.53393333,148.69346667,1873.00,,,,,,
14848,2017-12-31T06:03:12Z,-34.53410000,148.69340000,1865.00,,,,,,
14849,2017-12-31T06:03:13Z,-34.53428333,148.69335000,1858.00,,,,,,
14850,2017-12-31T06:03:14Z,-34.53448333,148.69330000,1855.00,,,,,,
14851,2017-12-31T06:03:15Z,-34.53470000,148.69326667,1855.00,,,,,,
14852,2017-12-31T06:03:16Z,-34.53490000,148.69321667,1853.00,,,,,,
14853,2017-12-31T06:03:17Z,-34.53510000,148.69315000,1850.00,,,,,,
14854,2017-12-31T06:03:18Z,-34.53530000,148.69308333,1849.00,,,,,,
14855,2017-12-31T06:03:19Z,-34.53550000,148.69301667,1849.00,,,,,,
14856,2017-12-31T06:03:20Z,-34.53570000,148.69296667,1848.00,,,,,,
14857,2017-12-31T06:03:21Z,-34.53590000,148.69290000,1847.00,,,,,,
14858,2017-12-31T06:03:22Z,-34.53608333,148.69283333,1847.00,,,,,,
14859,2017-12-31T06:03:23Z,-34.53626667,148.69278333,1843.00,,,,,,
14860,2017-12-31T06:03:24Z,-34.53645000,148.69271667,1840.00,,,,,,
14861,2017-12-31T06:03:25Z,-34.53663333,148.69265000,1838.00,,,,,,
14862,2017-12-31T06:03:26Z,-34.53680000,148.69258333,1837.00,,,,,,
14863,2017-12-31T06:03:27Z,-34.53696667,148.69251667,1836.00,,,,,,
14864,2017-12-31T06:03:28Z,-34.53713333,148.69245000,1835.00,,,,,,
14865,2017-12-31T06:03:29Z,-34.53730000,148.69238333,1831.00,,,,,,
14866,2017-12-31T06:03:30Z,-34.53746667,148.69231667,1828.00,,,,,,
14867,2017-12-31T06:03:31Z,-34.53763333,148.69225000,1825.00,,,,,,
14868,2017-12-31T06:03:32Z,-34.53780000,148.69218333,1822.00,,,,,,
14869,2017-12-31T06:03:33Z,-34.53796667,148.69211667,1818.00,,,,,,
14870,2017-12-31T06:03:34Z,-34.53815000,148.69206667,1817.00,,,,,,
14871,2017-12-31T06:03:35Z,-34.53831667,148.69200000,1817.00,,,,,,
14872,2017-12-31T06:03:36Z,-34.53848333,148.69195000,1816.00,,,,,,
14873,2017-12-31T06:03:37Z,-34.53865000,148.69190000,1816.00,,,,,,
14874,2017-12-31T06:03:38Z,-34.53883333,148.69186667,1814.00,,,,,,
14875,2017-12-31T06:03:39Z,-34.53900000,148.69183333,1813.00,,,,,,
14876,2017-12-31T06:03:40Z,-34.53916667,148.69180000,1812.00,,,,,,
14877,2017-12-31T06:03:41Z,-34.53933333,148.69178333,1810.00,,,,,,
14878,2017-12-31T06:03:42Z,-34.53950000,148.69176667,1807.00,,,,,,
14879,2017-12-31T06:03:43Z,-34.53966667,148.69173333,1803.00,,,,,,
14880,2017-12-31T06:03:44Z,-34.53985000,148.69171667,1796.00,,,,,,
14881,2017-12-31T06:03:45Z,-34.54006667,148.69170000,1793.00,,,,,,
14882,2017-12-31T06:03:46Z,-34.54026667,148.69166667,1791.00,,,,,,
14883,2017-12-31T06:03:47Z,-34.54046667,148.69165000,1789.00,,,,,,
14884,2017-12-31T06:03:48Z,-34.54066667,148.69163333,1788.00,,,,,,
14885,2017-12-31T06:03:49Z,-34.54086667,148.69160000,1788.00,,,,,,
14886,2017-12-31T06:03:50Z,-34.54110000,148.69158333,1787.00,,,,,,
14887,2017-12-31T06:03:51Z,-34.54128333,148.69155000,1785.00,,,,,,
14888,2017-12-31T06:03:52Z,-34.54148333,148.69150000,1785.00,,,,,,
14889,2017-12-31T06:03:53Z,-34.54168333,148.69146667,1784.00,,,,,,
14890,2017-12-31T06:03:54Z,-34.54186667,148.69141667,1783.00,,,,,,
14891,2017-12-31T06:03:55Z,-34.54206667,148.69136667,1779.00,,,,,,
14892,2017-12-31T06:03:56Z,-34.54225000,148.69131667,1775.00,,,,,,
14893,2017-12-31T06:03:57Z,-34.54245000,148.69126667,1773.00,,,,,,
14894,2017-12-31T06:03:58Z,-34.54263333,148.69121667,1769.00,,,,,,
14895,2017-12-31T06:03:59Z,-34.54283333,148.69116667,1769.00,,,,,,
14896,2017-12-31T06:04:00Z,-34.54301667,148.69111667,1769.00,,,,,,
14897,2017-12-31T06:04:01Z,-34.54321667,148.69106667,1767.00,,,,,,
14898,2017-12-31T06:04:02Z,-34.54338333,148.69101667,1764.00,,,,,,
14899,2017-12-31T06:04:03Z,-34.54356667,148.69098333,1762.00,,,,,,
14900,2017-12-31T06:04:04Z,-34.54375000,148.69093333,1759.00,,,,,,
14901,2017-12-31T06:04:05Z,-34.54393333,148.69090000,1756.00,,,,,,
14902,2017-12-31T06:04:06Z,-34.54410000,148.69086667,1753.00,,,,,,
14903,2017-12-31T06:04:07Z,-34.54428333,148.69081667,1753.00,,,,,,
14904,2017-12-31T06:04:08Z,-34.54446667,148.69076667,1754.00,,,,,,
14905,2017-12-31T06:04:09Z,-34.54463333,148.69071667,1752.00,,,,,,
14906,2017-12-31T06:04:10Z,-34.54478333,148.69065000,1749.00,,,,,,
14907,2017-12-31T06:04:11Z,-34.54493333,148.69058333,1745.00,,,,,,
14908,2017-12-31T06:04:12Z,-34.54508333,148.69050000,1741.00,,,,,,
14909,2017-12-31T06:04:13Z,-34.54523333,148.69041667,1738.00,,,,,,
14910,2017-12-31T06:04:14Z,-34.54536667,148.69031667,1737.00,,,,,,
14911,2017-12-31T06:04:15Z,-34.54551667,148.69021667,1734.00,,,,,,
14912,2017-12-31T06:04:16Z,-34.54566667,148.69010000,1730.00,,,,,,
14913,2017-12-31T06:04:17Z,-34.54580000,148.68998333,1729.00,,,,,,
14914,2017-12-31T06:04:18Z,-34.54595000,148.68986667,1729.00,,,,,,
14915,2017-12-31T06:04:19Z,-34.54608333,148.68975000,1730.00,,,,,,
14916,2017-12-31T06:04:20Z,-34.54623333,148.68966667,1730.00,,,,,,
14917,2017-12-31T06:04:21Z,-34.54638333,148.68956667,1728.00,,,,,,
14918,2017-12-31T06:04:22Z,-34.54651667,148.68946667,1727.00,,,,,,
14919,2017-12-31T06:04:23Z,-34.54666667,148.68936667,1729.00,,,,,,
14920,2017-12-31T06:04:24Z,-34.54681667,148.68926667,1732.00,,,,,,
14921,2017-12-31T06:04:25Z,-34.54696667,148.68915000,1735.00,,,,,,
14922,2017-12-31T06:04:26Z,-34.54711667,148.68905000,1735.00,,,,,,
14923,2017-12-31T06:04:27Z,-34.54728333,148.68895000,1735.00,,,,,,
14924,2017-12-31T06:04:28Z,-34.54743333,148.68886667,1735.00,,,,,,
14925,2017-12-31T06:04:29Z,-34.54758333,148.68876667,1737.00,,,,,,
14926,2017-12-31T06:04:30Z,-34.54775000,148.68866667,1737.00,,,,,,
14927,2017-12-31T06:04:31Z,-34.54790000,148.68855000,1738.00,,,,,,
14928,2017-12-31T06:04:32Z,-34.54803333,148.68846667,1739.00,,,,,,
14929,2017-12-31T06:04:33Z,-34.54816667,148.68838333,1742.00,,,,,,
14930,2017-12-31T06:04:34Z,-34.54830000,148.68831667,1744.00,,,,,,
14931,2017-12-31T06:04:35Z,-34.54845000,148.68825000,1745.00,,,,,,
14932,2017-12-31T06:04:36Z,-34.54858333,148.68820000,1745.00,,,,,,
14933,2017-12-31T06:04:37Z,-34.54871667,148.68815000,1745.00,,,,,,
14934,2017-12-31T06:04:38Z,-34.54886667,148.68810000,1747.00,,,,,,
14935,2017-12-31T06:04:39Z,-34.54900000,148.68806667,1748.00,,,,,,
14936,2017-12-31T06:04:40Z,-34.54913333,148.68801667,1748.00,,,,,,
14937,2017-12-31T06:04:41Z,-34.54926667,148.68796667,1749.00,,,,,,
14938,2017-12-31T06:04:42Z,-34.54940000,148.68788333,1753.00,,,,,,
14939,2017-12-31T06:04:43Z,-34.54953333,148.68780000,1755.00,,,,,,
14940,2017-12-31T06:04:44Z,-34.54966667,148.68770000,1758.00,,,,,,
14941,2017-12-31T06:04:45Z,-34.54980000,148.68760000,1759.00,,,,,,
14942,2017-12-31T06:04:46Z,-34.54993333,148.68750000,1761.00,,,,,,
14943,2017-12-31T06:04:47Z,-34.55008333,148.68741667,1766.00,,,,,,
14944,2017-12-31T06:04:48Z,-34.55020000,148.68733333,1771.00,,,,,,
14945,2017-12-31T06:04:49Z,-34.55033333,148.68725000,1776.00,,,,,,
14946,2017-12-31T06:04:50Z,-34.55051667,148.68726667,1779.00,,,,,,
14947,2017-12-31T06:04:51Z,-34.55068333,148.68730000,1782.00,,,,,,
14948,2017-12-31T06:04:52Z,-34.55081667,148.68736667,1784.00,,,,,,
14949,2017-12-31T06:04:53Z,-34.55091667,148.68748333,1786.00,,,,,,
14950,2017-12-31T06:04:54Z,-34.55098333,148.68763333,1787.00,,,,,,
14951,2017-12-31T06:04:55Z,-34.55100000,148.68781667,1788.00,,,,,,
14952,2017-12-31T06:04:56Z,-34.55096667,148.68800000,1790.00,,,,,,
14953,2017-12-31T06:04:57Z,-34.55091667,148.68816667,1793.00,,,,,,
14954,2017-12-31T06:04:58Z,-34.55085000,148.68831667,1795.00,,,,,,
14955,2017-12-31T06:04:59Z,-34.55078333,148.68843333,1797.00,,,,,,
14956,2017-12-31T06:05:00Z,-34.55066667,148.68851667,1799.00,,,,,,
14957,2017-12-31T06:05:01Z,-34.55056667,148.68858333,1801.00,,,,,,
14958,2017-12-31T06:05:02Z,-34.55046667,148.68856667,1806.00,,,,,,
14959,2017-12-31T06:05:03Z,-34.55038333,148.68850000,1811.00,,,,,,
14960,2017-12-31T06:05:04Z,-34.55033333,148.68841667,1816.00,,,,,,
14961,2017-12-31T06:05:05Z,-34.55033333,148.68835000,1817.00,,,,,,
14962,2017-12-31T06:05:06Z,-34.55035000,148.68825000,1818.00,,,,,,
14963,2017-12-31T06:05:07Z,-34.55038333,148.68816667,1822.00,,,,,,
14964,2017-12-31T06:05:08Z,-34.55045000,148.68810000,1824.00,,,,,,
14965,2017-12-31T06:05:09Z,-34.55055000,148.68803333,1826.00,,,,,,
14966,2017-12-31T06:05:10Z,-34.55068333,148.68801667,1826.00,,,,,,
14967,2017-12-31T06:05:11Z,-34.55080000,148.68803333,1825.00,,,,,,
14968,2017-12-31T06:05:12Z,-34.55093333,148.68811667,1828.00,,,,,,
14969,2017-12-31T06:05:13Z,-34.55105000,148.68823333,1832.00,,,,,,
14970,2017-12-31T06:05:14Z,-34.55113333,148.68838333,1836.00,,,,,,
14971,2017-12-31T06:05:15Z,-34.55120000,148.68855000,1837.00,,,,,,
14972,2017-12-31T06:05:16Z,-34.55120000,148.68871667,1838.00,,,,,,
14973,2017-12-31T06:05:17Z,-34.55115000,148.68888333,1840.00,,,,,,
14974,2017-12-31T06:05:18Z,-34.55108333,148.68903333,1842.00,,,,,,
14975,2017-12-31T06:05:19Z,-34.55100000,148.68915000,1845.00,,,,,,
14976,2017-12-31T06:05:20Z,-34.55090000,148.68923333,1846.00,,,,,,
14977,2017-12-31T06:05:21Z,-34.55078333,148.68931667,1847.00,,,,,,
14978,2017-12-31T06:05:22Z,-34.55066667,148.68936667,1850.00,,,,,,
14979,2017-12-31T06:05:23Z,-34.55056667,148.68935000,1854.00,,,,,,
14980,2017-12-31T06:05:24Z,-34.55048333,148.68930000,1859.00,,,,,,
14981,2017-12-31T06:05:25Z,-34.55043333,148.68923333,1862.00,,,,,,
14982,2017-12-31T06:05:26Z,-34.55038333,148.68915000,1865.00,,,,,,
14983,2017-12-31T06:05:27Z,-34.55033333,148.68906667,1866.00,,,,,,
14984,2017-12-31T06:05:28Z,-34.55030000,148.68896667,1869.00,,,,,,
14985,2017-12-31T06:05:29Z,-34.55028333,148.68886667,1873.00,,,,,,
14986,2017-12-31T06:05:30Z,-34.55031667,148.68875000,1875.00,,,,,,
14987,2017-12-31T06:05:31Z,-34.55038333,148.68865000,1878.00,,,,,,
14988,2017-12-31T06:05:32Z,-34.55045000,148.68856667,1880.00,,,,,,
14989,2017-12-31T06:05:33Z,-34.55056667,148.68851667,1882.00,,,,,,
14990,2017-12-31T06:05:34Z,-34.55070000,148.68850000,1887.00,,,,,,
14991,2017-12-31T06:05:35Z,-34.55083333,148.68851667,1890.00,,,,,,
14992,2017-12-31T06:05:36Z,-34.55096667,148.68856667,1894.00,,,,,,
14993,2017-12-31T06:05:37Z,-34.55108333,148.68865000,1898.00,,,,,,
14994,2017-12-31T06:05:38Z,-34.55116667,148.68875000,1900.00,,,,,,
14995,2017-12-31T06:05:39Z,-34.55123333,148.68888333,1900.00,,,,,,
14996,2017-12-31T06:05:40Z,-34.55125000,148.68903333,1900.00,,,,,,
14997,2017-12-31T06:05:41Z,-34.55120000,148.68918333,1902.00,,,,,,
14998,2017-12-31T06:05:42Z,-34.55113333,148.68931667,1905.00,,,,,,
14999,2017-12-31T06:05:43Z,-34.55105000,148.68941667,1907.00,,,,,,
15000,2017-12-31T06:05:44Z,-34.55095000,148.68951667,1910.00,,,,,,
15001,2017-12-31T06:05:45Z,-34.55083333,148.68958333,1912.00,,,,,,
15002,2017-12-31T06:05:46Z,-34.55071667,148.68963333,1916.00,,,,,,
15003,2017-12-31T06:05:47Z,-34.55060000,148.68966667,1920.00,,,,,,
15004,2017-12-31T06:05:48Z,-34.55048333,148.68966667,1924.00,,,,,,
15005,2017-12-31T06:05:49Z,-34.55038333,148.68963333,1927.00,,,,,,
15006,2017-12-31T06:05:50Z,-34.55033333,148.68958333,1928.00,,,,,,
15007,2017-12-31T06:05:51Z,-34.55030000,148.68948333,1929.00,,,,,,
15008,2017-12-31T06:05:52Z,-34.55031667,148.68935000,1931.00,,,,,,
15009,2017-12-31T06:05:53Z,-34.55038333,148.68923333,1933.00,,,,,,
15010,2017-12-31T06:05:54Z,-34.55051667,148.68915000,1935.00,,,,,,
15011,2017-12-31T06:05:55Z,-34.55066667,148.68906667,1936.00,,,,,,
15012,2017-12-31T06:05:56Z,-34.55080000,148.68905000,1939.00,,,,,,
15013,2017-12-31T06:05:57Z,-34.55093333,148.68906667,1943.00,,,,,,
15014,2017-12-31T06:05:58Z,-34.55106667,148.68910000,1948.00,,,,,,
15015,2017-12-31T06:05:59Z,-34.55120000,148.68915000,1951.00,,,,,,
15016,2017-12-31T06:06:00Z,-34.55131667,148.68921667,1951.00,,,,,,
15017,2017-12-31T06:06:01Z,-34.55141667,148.68930000,1951.00,,,,,,
15018,2017-12-31T06:06:02Z,-34.55146667,148.68946667,1952.00,,,,,,
15019,2017-12-31T06:06:03Z,-34.55148333,148.68963333,1953.00,,,,,,
15020,2017-12-31T06:06:04Z,-34.55146667,148.68978333,1954.00,,,,,,
15021,2017-12-31T06:06:05Z,-34.55141667,148.68995000,1954.00,,,,,,
15022,2017-12-31T06:06:06Z,-34.55135000,148.69011667,1955.00,,,,,,
15023,2017-12-31T06:06:07Z,-34.55126667,148.69025000,1956.00,,,,,,
15024,2017-12-31T06:06:08Z,-34.55116667,148.69036667,1958.00,,,,,,
15025,2017-12-31T06:06:09Z,-34.55105000,148.69045000,1963.00,,,,,,
15026,2017-12-31T06:06:10Z,-34.55091667,148.69053333,1966.00,,,,,,
15027,2017-12-31T06:06:11Z,-34.55081667,148.69058333,1969.00,,,,,,
15028,2017-12-31T06:06:12Z,-34.55070000,148.69061667,1972.00,,,,,,
15029,2017-12-31T06:06:13Z,-34.55058333,148.69065000,1975.00,,,,,,
15030,2017-12-31T06:06:14Z,-34.55048333,148.69065000,1978.00,,,,,,
15031,2017-12-31T06:06:15Z,-34.55040000,148.69061667,1979.00,,,,,,
15032,2017-12-31T06:06:16Z,-34.55036667,148.69055000,1980.00,,,,,,
15033,2017-12-31T06:06:17Z,-34.55035000,148.69045000,1980.00,,,,,,
15034,2017-12-31T06:06:18Z,-34.55036667,148.69035000,1982.00,,,,,,
15035,2017-12-31T06:06:19Z,-34.55038333,148.69026667,1985.00,,,,,,
15036,2017-12-31T06:06:20Z,-34.55048333,148.69020000,1986.00,,,,,,
15037,2017-12-31T06:06:21Z,-34.55056667,148.69013333,1988.00,,,,,,
15038,2017-12-31T06:06:22Z,-34.55068333,148.69010000,1991.00,,,,,,
15039,2017-12-31T06:06:23Z,-34.55080000,148.69008333,1994.00,,,,,,
15040,2017-12-31T06:06:24Z,-34.55091667,148.69008333,1997.00,,,,,,
15041,2017-12-31T06:06:25Z,-34.55103333,148.69016667,1999.00,,,,,,
15042,2017-12-31T06:06:26Z,-34.55111667,148.69026667,2002.00,,,,,,
15043,2017-12-31T06:06:27Z,-34.55118333,148.69036667,2003.00,,,,,,
15044,2017-12-31T06:06:28Z,-34.55120000,148.69050000,2003.00,,,,,,
15045,2017-12-31T06:06:29Z,-34.55116667,148.69061667,2004.00,,,,,,
15046,2017-12-31T06:06:30Z,-34.55106667,148.69080000,2005.00,,,,,,
15047,2017-12-31T06:06:31Z,-34.55098333,148.69093333,2006.00,,,,,,
15048,2017-12-31T06:06:32Z,-34.55086667,148.69103333,2009.00,,,,,,
15049,2017-12-31T06:06:33Z,-34.55075000,148.69110000,2011.00,,,,,,
15050,2017-12-31T06:06:34Z,-34.55063333,148.69113333,2015.00,,,,,,
15051,2017-12-31T06:06:35Z,-34.55051667,148.69115000,2017.00,,,,,,
15052,2017-12-31T06:06:36Z,-34.55041667,148.69113333,2018.00,,,,,,
15053,2017-12-31T06:06:37Z,-34.55031667,148.69111667,2020.00,,,,,,
15054,2017-12-31T06:06:38Z,-34.55023333,148.69106667,2023.00,,,,,,
15055,2017-12-31T06:06:39Z,-34.55015000,148.69100000,2026.00,,,,,,
15056,2017-12-31T06:06:40Z,-34.55013333,148.69088333,2027.00,,,,,,
15057,2017-12-31T06:06:41Z,-34.55010000,148.69080000,2028.00,,,,,,
15058,2017-12-31T06:06:42Z,-34.55010000,148.69070000,2029.00,,,,,,
15059,2017-12-31T06:06:43Z,-34.55011667,148.69061667,2029.00,,,,,,
15060,2017-12-31T06:06:44Z,-34.55015000,148.69053333,2029.00,,,,,,
15061,2017-12-31T06:06:45Z,-34.55020000,148.69045000,2028.00,,,,,,
15062,2017-12-31T06:06:46Z,-34.55025000,148.69038333,2027.00,,,,,,
15063,2017-12-31T06:06:47Z,-34.55031667,148.69030000,2027.00,,,,,,
15064,2017-12-31T06:06:48Z,-34.55041667,148.69025000,2027.00,,,,,,
15065,2017-12-31T06:06:49Z,-34.55055000,148.69020000,2029.00,,,,,,
15066,2017-12-31T06:06:50Z,-34.55068333,148.69016667,2031.00,,,,,,
15067,2017-12-31T06:06:51Z,-34.55083333,148.69015000,2032.00,,,,,,
15068,2017-12-31T06:06:52Z,-34.55098333,148.69013333,2032.00,,,,,,
15069,2017-12-31T06:06:53Z,-34.55113333,148.69013333,2031.00,,,,,,
15070,2017-12-31T06:06:54Z,-34.55126667,148.69016667,2029.00,,,,,,
15071,2017-12-31T06:06:55Z,-34.55143333,148.69021667,2030.00,,,,,,
15072,2017-12-31T06:06:56Z,-34.55158333,148.69028333,2030.00,,,,,,
15073,2017-12-31T06:06:57Z,-34.55171667,148.69036667,2030.00,,,,,,
15074,2017-12-31T06:06:58Z,-34.55185000,148.69046667,2029.00,,,,,,
15075,2017-12-31T06:06:59Z,-34.55200000,148.69056667,2029.00,,,,,,
15076,2017-12-31T06:07:00Z,-34.55218333,148.69068333,2029.00,,,,,,
15077,2017-12-31T06:07:01Z,-34.55233333,148.69078333,2032.00,,,,,,
15078,2017-12-31T06:07:02Z,-34.55250000,148.69086667,2036.00,,,,,,
15079,2017-12-31T06:07:03Z,-34.55266667,148.69093333,2040.00,,,,,,
15080,2017-12-31T06:07:04Z,-34.55283333,148.69100000,2042.00,,,,,,
15081,2017-12-31T06:07:05Z,-34.55298333,148.69105000,2044.00,,,,,,
15082,2017-12-31T06:07:06Z,-34.55315000,148.69108333,2047.00,,,,,,
15083,2017-12-31T06:07:07Z,-34.55328333,148.69110000,2048.00,,,,,,
15084,2017-12-31T06:07:08Z,-34.55341667,148.69111667,2048.00,,,,,,
15085,2017-12-31T06:07:09Z,-34.55353333,148.69111667,2049.00,,,,,,
15086,2017-12-31T06:07:10Z,-34.55366667,148.69110000,2050.00,,,,,,
15087,2017-12-31T06:07:11Z,-34.55378333,148.69110000,2051.00,,,,,,
15088,2017-12-31T06:07:12Z,-34.55390000,148.69110000,2052.00,,,,,,
15089,2017-12-31T06:07:13Z,-34.55403333,148.69113333,2052.00,,,,,,
15090,2017-12-31T06:07:14Z,-34.55415000,148.69118333,2051.00,,,,,,
15091,2017-12-31T06:07:15Z,-34.55428333,148.69128333,2051.00,,,,,,
15092,2017-12-31T06:07:16Z,-34.55441667,148.69138333,2053.00,,,,,,
15093,2017-12-31T06:07:17Z,-34.55456667,148.69150000,2057.00,,,,,,
15094,2017-12-31T06:07:18Z,-34.55470000,148.69160000,2060.00,,,,,,
15095,2017-12-31T06:07:19Z,-34.55485000,148.69170000,2063.00,,,,,,
15096,2017-12-31T06:07:20Z,-34.55500000,148.69178333,2064.00,,,,,,
15097,2017-12-31T06:07:21Z,-34.55515000,148.69183333,2065.00,,,,,,
15098,2017-12-31T06:07:22Z,-34.55528333,148.69188333,2066.00,,,,,,
15099,2017-12-31T06:07:23Z,-34.55543333,148.69191667,2069.00,,,,,,
15100,2017-12-31T06:07:24Z,-34.55560000,148.69193333,2072.00,,,,,,
15101,2017-12-31T06:07:25Z,-34.55575000,148.69196667,2072.00,,,,,,
15102,2017-12-31T06:07:26Z,-34.55590000,148.69196667,2074.00,,,,,,
15103,2017-12-31T06:07:27Z,-34.55605000,148.69198333,2077.00,,,,,,
15104,2017-12-31T06:07:28Z,-34.55621667,148.69200000,2081.00,,,,,,
15105,2017-12-31T06:07:29Z,-34.55635000,148.69201667,2082.00,,,,,,
15106,2017-12-31T06:07:30Z,-34.55648333,148.69205000,2082.00,,,,,,
15107,2017-12-31T06:07:31Z,-34.55661667,148.69206667,2082.00,,,,,,
15108,2017-12-31T06:07:32Z,-34.55675000,148.69208333,2083.00,,,,,,
15109,2017-12-31T06:07:33Z,-34.55688333,148.69210000,2084.00,,,,,,
15110,2017-12-31T06:07:34Z,-34.55701667,148.69213333,2085.00,,,,,,
15111,2017-12-31T06:07:35Z,-34.55716667,148.69220000,2085.00,,,,,,
15112,2017-12-31T06:07:36Z,-34.55731667,148.69225000,2086.00,,,,,,
15113,2017-12-31T06:07:37Z,-34.55746667,148.69230000,2089.00,,,,,,
15114,2017-12-31T06:07:38Z,-34.55761667,148.69235000,2090.00,,,,,,
15115,2017-12-31T06:07:39Z,-34.55776667,148.69238333,2093.00,,,,,,
15116,2017-12-31T06:07:40Z,-34.55788333,148.69245000,2094.00,,,,,,
15117,2017-12-31T06:07:41Z,-34.55803333,148.69250000,2097.00,,,,,,
15118,2017-12-31T06:07:42Z,-34.55816667,148.69255000,2101.00,,,,,,
15119,2017-12-31T06:07:43Z,-34.55830000,148.69261667,2103.00,,,,,,
15120,2017-12-31T06:07:44Z,-34.55843333,148.69270000,2105.00,,,,,,
15121,2017-12-31T06:07:45Z,-34.55856667,148.69281667,2107.00,,,,,,
15122,2017-12-31T06:07:46Z,-34.55870000,148.69291667,2110.00,,,,,,
15123,2017-12-31T06:07:47Z,-34.55881667,148.69303333,2112.00,,,,,,
15124,2017-12-31T06:07:48Z,-34.55895000,148.69315000,2114.00,,,,,,
15125,2017-12-31T06:07:49Z,-34.55905000,148.69328333,2117.00,,,,,,
15126,2017-12-31T06:07:50Z,-34.55913333,148.69348333,2118.00,,,,,,
15127,2017-12-31T06:07:51Z,-34.55921667,148.69363333,2119.00,,,,,,
15128,2017-12-31T06:07:52Z,-34.55925000,148.69383333,2120.00,,,,,,
15129,2017-12-31T06:07:53Z,-34.55928333,148.69403333,2122.00,,,,,,
15130,2017-12-31T06:07:54Z,-34.55930000,148.69421667,2126.00,,,,,,
15131,2017-12-31T06:07:55Z,-34.55926667,148.69441667,2129.00,,,,,,
15132,2017-12-31T06:07:56Z,-34.55921667,148.69460000,2132.00,,,,,,
15133,2017-12-31T06:07:57Z,-34.55915000,148.69478333,2134.00,,,,,,
15134,2017-12-31T06:07:58Z,-34.55908333,148.69495000,2135.00,,,,,,
15135,2017-12-31T06:07:59Z,-34.55900000,148.69511667,2139.00,,,,,,
15136,2017-12-31T06:08:00Z,-34.55890000,148.69526667,2141.00,,,,,,
15137,2017-12-31T06:08:01Z,-34.55880000,148.69538333,2143.00,,,,,,
15138,2017-12-31T06:08:02Z,-34.55870000,148.69546667,2143.00,,,,,,
15139,2017-12-31T06:08:03Z,-34.55860000,148.69555000,2142.00,,,,,,
15140,2017-12-31T06:08:04Z,-34.55848333,148.69560000,2141.00,,,,,,
15141,2017-12-31T06:08:05Z,-34.55835000,148.69556667,2140.00,,,,,,
15142,2017-12-31T06:08:06Z,-34.55825000,148.69551667,2140.00,,,,,,
15143,2017-12-31T06:08:07Z,-34.55818333,148.69543333,2141.00,,,,,,
15144,2017-12-31T06:08:08Z,-34.55815000,148.69533333,2142.00,,,,,,
15145,2017-12-31T06:08:09Z,-34.55811667,148.69521667,2145.00,,,,,,
15146,2017-12-31T06:08:10Z,-34.55823333,148.69513333,2146.00,,,,,,
15147,2017-12-31T06:08:11Z,-34.55830000,148.69503333,2147.00,,,,,,
15148,2017-12-31T06:08:12Z,-34.55838333,148.69495000,2149.00,,,,,,
15149,2017-12-31T06:08:13Z,-34.55850000,148.69490000,2151.00,,,,,,
15150,2017-12-31T06:08:14Z,-34.55863333,148.69485000,2154.00,,,,,,
15151,2017-12-31T06:08:15Z,-34.55875000,148.69480000,2156.00,,,,,,
15152,2017-12-31T06:08:16Z,-34.55886667,148.69476667,2158.00,,,,,,
15153,2017-12-31T06:08:17Z,-34.55900000,148.69473333,2159.00,,,,,,
15154,2017-12-31T06:08:18Z,-34.55911667,148.69470000,2161.00,,,,,,
15155,2017-12-31T06:08:19Z,-34.55923333,148.69466667,2163.00,,,,,,
15156,2017-12-31T06:08:20Z,-34.55935000,148.69463333,2164.00,,,,,,
15157,2017-12-31T06:08:21Z,-34.55948333,148.69460000,2166.00,,,,,,
15158,2017-12-31T06:08:22Z,-34.55960000,148.69456667,2168.00,,,,,,
15159,2017-12-31T06:08:23Z,-34.55971667,148.69455000,2170.00,,,,,,
15160,2017-12-31T06:08:24Z,-34.55985000,148.69455000,2173.00,,,,,,
15161,2017-12-31T06:08:25Z,-34.55998333,148.69455000,2174.00,,,,,,
15162,2017-12-31T06:08:26Z,-34.56010000,148.69455000,2175.00,,,,,,
15163,2017-12-31T06:08:27Z,-34.56021667,148.69455000,2174.00,,,,,,
15164,2017-12-31T06:08:28Z,-34.56035000,148.69455000,2173.00,,,,,,
15165,2017-12-31T06:08:29Z,-34.56048333,148.69455000,2175.00,,,,,,
15166,2017-12-31T06:08:30Z,-34.56061667,148.69455000,2174.00,,,,,,
15167,2017-12-31T06:08:31Z,-34.56075000,148.69456667,2173.00,,,,,,
15168,2017-12-31T06:08:32Z,-34.56086667,148.69456667,2173.00,,,,,,
15169,2017-12-31T06:08:33Z,-34.56098333,148.69455000,2173.00,,,,,,
15170,2017-12-31T06:08:34Z,-34.56110000,148.69451667,2172.00,,,,,,
15171,2017-12-31T06:08:35Z,-34.56120000,148.69448333,2169.00,,,,,,
15172,2017-12-31T06:08:36Z,-34.56130000,148.69445000,2158.00,,,,,,
15173,2017-12-31T06:08:37Z,-34.56141667,148.69436667,2154.00,,,,,,
15174,2017-12-31T06:08:38Z,-34.56155000,148.69426667,2155.00,,,,,,
15175,2017-12-31T06:08:39Z,-34.56168333,148.69418333,2158.00,,,,,,
15176,2017-12-31T06:08:40Z,-34.56181667,148.69410000,2159.00,,,,,,
15177,2017-12-31T06:08:41Z,-34.56193333,148.69403333,2158.00,,,,,,
15178,2017-12-31T06:08:42Z,-34.56206667,148.69396667,2155.00,,,,,,
15179,2017-12-31T06:08:43Z,-34.56220000,148.69390000,2152.00,,,,,,
15180,2017-12-31T06:08:44Z,-34.56233333,148.69385000,2148.00,,,,,,
15181,2017-12-31T06:08:45Z,-34.56246667,148.69378333,2145.00,,,,,,
15182,2017-12-31T06:08:46Z,-34.56260000,148.69370000,2142.00,,,,,,
15183,2017-12-31T06:08:47Z,-34.56271667,148.69361667,2139.00,,,,,,
15184,2017-12-31T06:08:48Z,-34.56285000,148.69353333,2138.00,,,,,,
15185,2017-12-31T06:08:49Z,-34.56298333,148.69345000,2135.00,,,,,,
15186,2017-12-31T06:08:50Z,-34.56311667,148.69336667,2133.00,,,,,,
15187,2017-12-31T06:08:51Z,-34.56325000,148.69326667,2128.00,,,,,,
15188,2017-12-31T06:08:52Z,-34.56338333,148.69318333,2126.00,,,,,,
15189,2017-12-31T06:08:53Z,-34.56353333,148.69308333,2126.00,,,,,,
15190,2017-12-31T06:08:54Z,-34.56366667,148.69300000,2124.00,,,,,,
15191,2017-12-31T06:08:55Z,-34.56383333,148.69291667,2123.00,,,,,,
15192,2017-12-31T06:08:56Z,-34.56396667,148.69285000,2118.00,,,,,,
15193,2017-12-31T06:08:57Z,-34.56411667,148.69276667,2116.00,,,,,,
15194,2017-12-31T06:08:58Z,-34.56426667,148.69268333,2115.00,,,,,,
15195,2017-12-31T06:08:59Z,-34.56441667,148.69260000,2114.00,,,,,,
15196,2017-12-31T06:09:00Z,-34.56456667,148.69250000,2114.00,,,,,,
15197,2017-12-31T06:09:01Z,-34.56471667,148.69241667,2111.00,,,,,,
15198,2017-12-31T06:09:02Z,-34.56485000,148.69231667,2109.00,,,,,,
15199,2017-12-31T06:09:03Z,-34.56500000,148.69223333,2109.00,,,,,,
15200,2017-12-31T06:09:04Z,-34.56515000,148.69215000,2106.00,,,,,,
15201,2017-12-31T06:09:05Z,-34.56531667,148.69205000,2103.00,,,,,,
15202,2017-12-31T06:09:06Z,-34.56546667,148.69195000,2101.00,,,,,,
15203,2017-12-31T06:09:07Z,-34.56561667,148.69183333,2099.00,,,,,,
15204,2017-12-31T06:09:08Z,-34.56578333,148.69171667,2101.00,,,,,,
15205,2017-12-31T06:09:09Z,-34.56593333,148.69161667,2103.00,,,,,,
15206,2017-12-31T06:09:10Z,-34.56608333,148.69150000,2101.00,,,,,,
15207,2017-12-31T06:09:11Z,-34.56623333,148.69138333,2097.00,,,,,,
15208,2017-12-31T06:09:12Z,-34.56638333,148.69126667,2095.00,,,,,,
15209,2017-12-31T06:09:13Z,-34.56653333,148.69113333,2095.00,,,,,,
15210,2017-12-31T06:09:14Z,-34.56666667,148.69098333,2094.00,,,,,,
15211,2017-12-31T06:09:15Z,-34.56680000,148.69085000,2095.00,,,,,,
15212,2017-12-31T06:09:16Z,-34.56693333,148.69071667,2095.00,,,,,,
15213,2017-12-31T06:09:17Z,-34.56705000,148.69058333,2095.00,,,,,,
15214,2017-12-31T06:09:18Z,-34.56718333,148.69046667,2096.00,,,,,,
15215,2017-12-31T06:09:19Z,-34.56731667,148.69035000,2096.00,,,,,,
15216,2017-12-31T06:09:20Z,-34.56745000,148.69023333,2094.00,,,,,,
15217,2017-12-31T06:09:21Z,-34.56758333,148.69011667,2094.00,,,,,,
15218,2017-12-31T06:09:22Z,-34.56771667,148.69000000,2094.00,,,,,,
15219,2017-12-31T06:09:23Z,-34.56786667,148.68988333,2094.00,,,,,,
15220,2017-12-31T06:09:24Z,-34.56800000,148.68975000,2093.00,,,,,,
15221,2017-12-31T06:09:25Z,-34.56813333,148.68963333,2093.00,,,,,,
15222,2017-12-31T06:09:26Z,-34.56828333,148.68950000,2094.00,,,,,,
15223,2017-12-31T06:09:27Z,-34.56843333,148.68938333,2096.00,,,,,,
15224,2017-12-31T06:09:28Z,-34.56856667,148.68926667,2099.00,,,,,,
15225,2017-12-31T06:09:29Z,-34.56871667,148.68916667,2106.00,,,,,,
15226,2017-12-31T06:09:30Z,-34.56886667,148.68908333,2109.00,,,,,,
15227,2017-12-31T06:09:31Z,-34.56900000,148.68900000,2112.00,,,,,,
15228,2017-12-31T06:09:32Z,-34.56913333,148.68890000,2116.00,,,,,,
15229,2017-12-31T06:09:33Z,-34.56926667,148.68881667,2120.00,,,,,,
15230,2017-12-31T06:09:34Z,-34.56940000,148.68873333,2125.00,,,,,,
15231,2017-12-31T06:09:35Z,-34.56953333,148.68871667,2126.00,,,,,,
15232,2017-12-31T06:09:36Z,-34.56968333,148.68873333,2127.00,,,,,,
15233,2017-12-31T06:09:37Z,-34.56983333,148.68883333,2128.00,,,,,,
15234,2017-12-31T06:09:38Z,-34.56996667,148.68896667,2130.00,,,,,,
15235,2017-12-31T06:09:39Z,-34.57010000,148.68911667,2134.00,,,,,,
15236,2017-12-31T06:09:40Z,-34.57020000,148.68930000,2136.00,,,,,,
15237,2017-12-31T06:09:41Z,-34.57025000,148.68948333,2138.00,,,,,,
15238,2017-12-31T06:09:42Z,-34.57028333,148.68968333,2141.00,,,,,,
15239,2017-12-31T06:09:43Z,-34.57026667,148.68990000,2143.00,,,,,,
15240,2017-12-31T06:09:44Z,-34.57021667,148.69008333,2146.00,,,,,,
15241,2017-12-31T06:09:45Z,-34.57010000,148.69026667,2147.00,,,,,,
15242,2017-12-31T06:09:46Z,-34.57001667,148.69041667,2148.00,,,,,,
15243,2017-12-31T06:09:47Z,-34.56990000,148.69053333,2150.00,,,,,,
15244,2017-12-31T06:09:48Z,-34.56976667,148.69060000,2151.00,,,,,,
15245,2017-12-31T06:09:49Z,-34.56963333,148.69061667,2154.00,,,,,,
15246,2017-12-31T06:09:50Z,-34.56950000,148.69060000,2156.00,,,,,,
15247,2017-12-31T06:09:51Z,-34.56940000,148.69056667,2158.00,,,,,,
15248,2017-12-31T06:09:52Z,-34.56930000,148.69051667,2160.00,,,,,,
15249,2017-12-31T06:09:53Z,-34.56921667,148.69045000,2162.00,,,,,,
15250,2017-12-31T06:09:54Z,-34.56915000,148.69036667,2165.00,,,,,,
15251,2017-12-31T06:09:55Z,-34.56910000,148.69028333,2167.00,,,,,,
15252,2017-12-31T06:09:56Z,-34.56906667,148.69020000,2170.00,,,,,,
15253,2017-12-31T06:09:57Z,-34.56903333,148.69010000,2174.00,,,,,,
15254,2017-12-31T06:09:58Z,-34.56905000,148.69001667,2178.00,,,,,,
15255,2017-12-31T06:09:59Z,-34.56906667,148.68993333,2180.00,,,,,,
15256,2017-12-31T06:10:00Z,-34.56908333,148.68985000,2181.00,,,,,,
15257,2017-12-31T06:10:01Z,-34.56913333,148.68976667,2183.00,,,,,,
15258,2017-12-31T06:10:02Z,-34.56920000,148.68970000,2186.00,,,,,,
15259,2017-12-31T06:10:03Z,-34.56930000,148.68966667,2187.00,,,,,,
15260,2017-12-31T06:10:04Z,-34.56943333,148.68963333,2188.00,,,,,,
15261,2017-12-31T06:10:05Z,-34.56960000,148.68966667,2189.00,,,,,,
15262,2017-12-31T06:10:06Z,-34.56975000,148.68975000,2189.00,,,,,,
15263,2017-12-31T06:10:07Z,-34.56988333,148.68986667,2190.00,,,,,,
15264,2017-12-31T06:10:08Z,-34.57000000,148.69000000,2191.00,,,,,,
15265,2017-12-31T06:10:09Z,-34.57011667,148.69016667,2191.00,,,,,,
15266,2017-12-31T06:10:10Z,-34.57013333,148.69040000,2191.00,,,,,,
15267,2017-12-31T06:10:11Z,-34.57015000,148.69060000,2193.00,,,,,,
15268,2017-12-31T06:10:12Z,-34.57010000,148.69081667,2196.00,,,,,,
15269,2017-12-31T06:10:13Z,-34.57005000,148.69100000,2200.00,,,,,,
15270,2017-12-31T06:10:14Z,-34.56996667,148.69116667,2204.00,,,,,,
15271,2017-12-31T06:10:15Z,-34.56985000,148.69131667,2204.00,,,,,,
15272,2017-12-31T06:10:16Z,-34.56975000,148.69143333,2205.00,,,,,,
15273,2017-12-31T06:10:17Z,-34.56963333,148.69150000,2206.00,,,,,,
15274,2017-12-31T06:10:18Z,-34.56950000,148.69155000,2207.00,,,,,,
15275,2017-12-31T06:10:19Z,-34.56936667,148.69158333,2209.00,,,,,,
15276,2017-12-31T06:10:20Z,-34.56928333,148.69156667,2209.00,,,,,,
15277,2017-12-31T06:10:21Z,-34.56918333,148.69153333,2210.00,,,,,,
15278,2017-12-31T06:10:22Z,-34.56913333,148.69143333,2212.00,,,,,,
15279,2017-12-31T06:10:23Z,-34.56910000,148.69131667,2214.00,,,,,,
15280,2017-12-31T06:10:24Z,-34.56910000,148.69120000,2217.00,,,,,,
15281,2017-12-31T06:10:25Z,-34.56911667,148.69106667,2220.00,,,,,,
15282,2017-12-31T06:10:26Z,-34.56915000,148.69095000,2223.00,,,,,,
15283,2017-12-31T06:10:27Z,-34.56921667,148.69085000,2227.00,,,,,,
15284,2017-12-31T06:10:28Z,-34.56930000,148.69075000,2229.00,,,,,,
15285,2017-12-31T06:10:29Z,-34.56940000,148.69066667,2232.00,,,,,,
15286,2017-12-31T06:10:30Z,-34.56950000,148.69060000,2234.00,,,,,,
15287,2017-12-31T06:10:31Z,-34.56960000,148.69053333,2236.00,,,,,,
15288,2017-12-31T06:10:32Z,-34.56970000,148.69048333,2237.00,,,,,,
15289,2017-12-31T06:10:33Z,-34.56980000,148.69041667,2238.00,,,,,,
15290,2017-12-31T06:10:34Z,-34.56990000,148.69036667,2237.00,,,,,,
15291,2017-12-31T06:10:35Z,-34.57000000,148.69028333,2236.00,,,,,,
15292,2017-12-31T06:10:36Z,-34.57010000,148.69020000,2236.00,,,,,,
15293,2017-12-31T06:10:37Z,-34.57020000,148.69010000,2239.00,,,,,,
15294,2017-12-31T06:10:38Z,-34.57033333,148.69000000,2241.00,,,,,,
15295,2017-12-31T06:10:39Z,-34.57045000,148.68990000,2243.00,,,,,,
15296,2017-12-31T06:10:40Z,-34.57058333,148.68980000,2244.00,,,,,,
15297,2017-12-31T06:10:41Z,-34.57070000,148.68970000,2245.00,,,,,,
15298,2017-12-31T06:10:42Z,-34.57080000,148.68961667,2243.00,,,,,,
15299,2017-12-31T06:10:43Z,-34.57091667,148.68953333,2242.00,,,,,,
15300,2017-12-31T06:10:44Z,-34.57105000,148.68943333,2241.00,,,,,,
15301,2017-12-31T06:10:45Z,-34.57118333,148.68931667,2241.00,,,,,,
15302,2017-12-31T06:10:46Z,-34.57131667,148.68921667,2239.00,,,,,,
15303,2017-12-31T06:10:47Z,-34.57146667,148.68910000,2236.00,,,,,,
15304,2017-12-31T06:10:48Z,-34.57163333,148.68898333,2235.00,,,,,,
15305,2017-12-31T06:10:49Z,-34.57178333,148.68886667,2234.00,,,,,,
15306,2017-12-31T06:10:50Z,-34.57195000,148.68873333,2233.00,,,,,,
15307,2017-12-31T06:10:51Z,-34.57210000,148.68861667,2230.00,,,,,,
15308,2017-12-31T06:10:52Z,-34.57225000,148.68850000,2228.00,,,,,,
15309,2017-12-31T06:10:53Z,-34.57241667,148.68838333,2227.00,,,,,,
15310,2017-12-31T06:10:54Z,-34.57258333,148.68828333,2227.00,,,,,,
15311,2017-12-31T06:10:55Z,-34.57275000,148.68818333,2227.00,,,,,,
15312,2017-12-31T06:10:56Z,-34.57291667,148.68808333,2224.00,,,,,,
15313,2017-12-31T06:10:57Z,-34.57306667,148.68800000,2221.00,,,,,,
15314,2017-12-31T06:10:58Z,-34.57321667,148.68790000,2218.00,,,,,,
15315,2017-12-31T06:10:59Z,-34.57338333,148.68780000,2215.00,,,,,,
15316,2017-12-31T06:11:00Z,-34.57355000,148.68768333,2214.00,,,,,,
15317,2017-12-31T06:11:01Z,-34.57370000,148.68758333,2213.00,,,,,,
15318,2017-12-31T06:11:02Z,-34.57386667,148.68746667,2211.00,,,,,,
15319,2017-12-31T06:11:03Z,-34.57403333,148.68735000,2209.00,,,,,,
15320,2017-12-31T06:11:04Z,-34.57418333,148.68725000,2209.00,,,,,,
15321,2017-12-31T06:11:05Z,-34.57435000,148.68713333,2210.00,,,,,,
15322,2017-12-31T06:11:06Z,-34.57451667,148.68701667,2210.00,,,,,,
15323,2017-12-31T06:11:07Z,-34.57468333,148.68691667,2208.00,,,,,,
15324,2017-12-31T06:11:08Z,-34.57483333,148.68681667,2205.00,,,,,,
15325,2017-12-31T06:11:09Z,-34.57500000,148.68670000,2202.00,,,,,,
15326,2017-12-31T06:11:10Z,-34.57516667,148.68658333,2202.00,,,,,,
15327,2017-12-31T06:11:11Z,-34.57533333,148.68646667,2201.00,,,,,,
15328,2017-12-31T06:11:12Z,-34.57548333,148.68635000,2198.00,,,,,,
15329,2017-12-31T06:11:13Z,-34.57565000,148.68623333,2197.00,,,,,,
15330,2017-12-31T06:11:14Z,-34.57580000,148.68613333,2197.00,,,,,,
15331,2017-12-31T06:11:15Z,-34.57596667,148.68601667,2197.00,,,,,,
15332,2017-12-31T06:11:16Z,-34.57610000,148.68591667,2196.00,,,,,,
15333,2017-12-31T06:11:17Z,-34.57625000,148.68581667,2194.00,,,,,,
15334,2017-12-31T06:11:18Z,-34.57640000,148.68571667,2191.00,,,,,,
15335,2017-12-31T06:11:19Z,-34.57653333,148.68561667,2186.00,,,,,,
15336,2017-12-31T06:11:20Z,-34.57668333,148.68551667,2185.00,,,,,,
15337,2017-12-31T06:11:21Z,-34.57683333,148.68540000,2187.00,,,,,,
15338,2017-12-31T06:11:22Z,-34.57698333,148.68526667,2187.00,,,,,,
15339,2017-12-31T06:11:23Z,-34.57713333,148.68515000,2186.00,,,,,,
15340,2017-12-31T06:11:24Z,-34.57728333,148.68501667,2178.00,,,,,,
15341,2017-12-31T06:11:25Z,-34.57743333,148.68488333,2176.00,,,,,,
15342,2017-12-31T06:11:26Z,-34.57760000,148.68476667,2177.00,,,,,,
15343,2017-12-31T06:11:27Z,-34.57776667,148.68465000,2180.00,,,,,,
15344,2017-12-31T06:11:28Z,-34.57793333,148.68453333,2182.00,,,,,,
15345,2017-12-31T06:11:29Z,-34.57810000,148.68443333,2182.00,,,,,,
15346,2017-12-31T06:11:30Z,-34.57825000,148.68435000,2181.00,,,,,,
15347,2017-12-31T06:11:31Z,-34.57840000,148.68426667,2179.00,,,,,,
15348,2017-12-31T06:11:32Z,-34.57855000,148.68418333,2177.00,,,,,,
15349,2017-12-31T06:11:33Z,-34.57870000,148.68408333,2173.00,,,,,,
15350,2017-12-31T06:11:34Z,-34.57883333,148.68398333,2168.00,,,,,,
15351,2017-12-31T06:11:35Z,-34.57898333,148.68386667,2167.00,,,,,,
15352,2017-12-31T06:11:36Z,-34.57913333,148.68376667,2168.00,,,,,,
15353,2017-12-31T06:11:37Z,-34.57930000,148.68365000,2168.00,,,,,,
15354,2017-12-31T06:11:38Z,-34.57945000,148.68355000,2167.00,,,,,,
15355,2017-12-31T06:11:39Z,-34.57960000,148.68345000,2166.00,,,,,,
15356,2017-12-31T06:11:40Z,-34.57975000,148.68336667,2165.00,,,,,,
15357,2017-12-31T06:11:41Z,-34.57990000,148.68328333,2162.00,,,,,,
15358,2017-12-31T06:11:42Z,-34.58005000,148.68320000,2164.00,,,,,,
15359,2017-12-31T06:11:43Z,-34.58020000,148.68311667,2157.00,,,,,,
15360,2017-12-31T06:11:44Z,-34.58036667,148.68305000,2150.00,,,,,,
15361,2017-12-31T06:11:45Z,-34.58053333,148.68296667,2148.00,,,,,,
15362,2017-12-31T06:11:46Z,-34.58070000,148.68288333,2146.00,,,,,,
15363,2017-12-31T06:11:47Z,-34.58088333,148.68280000,2145.00,,,,,,
15364,2017-12-31T06:11:48Z,-34.58105000,148.68271667,2144.00,,,,,,
15365,2017-12-31T06:11:49Z,-34.58121667,148.68261667,2142.00,,,,,,
15366,2017-12-31T06:11:50Z,-34.58136667,148.68251667,2139.00,,,,,,
15367,2017-12-31T06:11:51Z,-34.58153333,148.68240000,2138.00,,,,,,
15368,2017-12-31T06:11:52Z,-34.58168333,148.68230000,2138.00,,,,,,
15369,2017-12-31T06:11:53Z,-34.58183333,148.68220000,2138.00,,,,,,
15370,2017-12-31T06:11:54Z,-34.58198333,148.68208333,2134.00,,,,,,
15371,2017-12-31T06:11:55Z,-34.58213333,148.68196667,2132.00,,,,,,
15372,2017-12-31T06:11:56Z,-34.58228333,148.68185000,2130.00,,,,,,
15373,2017-12-31T06:11:57Z,-34.58243333,148.68171667,2128.00,,,,,,
15374,2017-12-31T06:11:58Z,-34.58258333,148.68158333,2128.00,,,,,,
15375,2017-12-31T06:11:59Z,-34.58273333,148.68145000,2128.00,,,,,,
15376,2017-12-31T06:12:00Z,-34.58286667,148.68133333,2128.00,,,,,,
15377,2017-12-31T06:12:01Z,-34.58301667,148.68121667,2127.00,,,,,,
15378,2017-12-31T06:12:02Z,-34.58315000,148.68110000,2124.00,,,,,,
15379,2017-12-31T06:12:03Z,-34.58330000,148.68100000,2121.00,,,,,,
15380,2017-12-31T06:12:04Z,-34.58343333,148.68090000,2117.00,,,,,,
15381,2017-12-31T06:12:05Z,-34.58360000,148.68080000,2114.00,,,,,,
15382,2017-12-31T06:12:06Z,-34.58376667,148.68070000,2112.00,,,,,,
15383,2017-12-31T06:12:07Z,-34.58391667,148.68060000,2110.00,,,,,,
15384,2017-12-31T06:12:08Z,-34.58408333,148.68051667,2109.00,,,,,,
15385,2017-12-31T06:12:09Z,-34.58425000,148.68041667,2108.00,,,,,,
15386,2017-12-31T06:12:10Z,-34.58441667,148.68033333,2107.00,,,,,,
15387,2017-12-31T06:12:11Z,-34.58456667,148.68023333,2106.00,,,,,,
15388,2017-12-31T06:12:12Z,-34.58471667,148.68015000,2104.00,,,,,,
15389,2017-12-31T06:12:13Z,-34.58486667,148.68005000,2101.00,,,,,,
15390,2017-12-31T06:12:14Z,-34.58501667,148.67995000,2098.00,,,,,,
15391,2017-12-31T06:12:15Z,-34.58516667,148.67985000,2097.00,,,,,,
15392,2017-12-31T06:12:16Z,-34.58531667,148.67973333,2095.00,,,,,,
15393,2017-12-31T06:12:17Z,-34.58546667,148.67963333,2093.00,,,,,,
15394,2017-12-31T06:12:18Z,-34.58561667,148.67955000,2091.00,,,,,,
15395,2017-12-31T06:12:19Z,-34.58576667,148.67945000,2086.00,,,,,,
15396,2017-12-31T06:12:20Z,-34.58593333,148.67935000,2084.00,,,,,,
15397,2017-12-31T06:12:21Z,-34.58610000,148.67923333,2082.00,,,,,,
15398,2017-12-31T06:12:22Z,-34.58626667,148.67913333,2079.00,,,,,,
15399,2017-12-31T06:12:23Z,-34.58645000,148.67905000,2078.00,,,,,,
15400,2017-12-31T06:12:24Z,-34.58661667,148.67895000,2077.00,,,,,,
15401,2017-12-31T06:12:25Z,-34.58678333,148.67886667,2076.00,,,,,,
15402,2017-12-31T06:12:26Z,-34.58695000,148.67878333,2075.00,,,,,,
15403,2017-12-31T06:12:27Z,-34.58711667,148.67870000,2073.00,,,,,,
15404,2017-12-31T06:12:28Z,-34.58728333,148.67861667,2071.00,,,,,,
15405,2017-12-31T06:12:29Z,-34.58743333,148.67853333,2067.00,,,,,,
15406,2017-12-31T06:12:30Z,-34.58760000,148.67846667,2065.00,,,,,,
15407,2017-12-31T06:12:31Z,-34.58776667,148.67840000,2062.00,,,,,,
15408,2017-12-31T06:12:32Z,-34.58793333,148.67831667,2060.00,,,,,,
15409,2017-12-31T06:12:33Z,-34.58810000,148.67825000,2057.00,,,,,,
15410,2017-12-31T06:12:34Z,-34.58828333,148.67818333,2054.00,,,,,,
15411,2017-12-31T06:12:35Z,-34.58845000,148.67811667,2053.00,,,,,,
15412,2017-12-31T06:12:36Z,-34.58861667,148.67803333,2052.00,,,,,,
15413,2017-12-31T06:12:37Z,-34.58878333,148.67795000,2051.00,,,,,,
15414,2017-12-31T06:12:38Z,-34.58895000,148.67788333,2049.00,,,,,,
15415,2017-12-31T06:12:39Z,-34.58911667,148.67780000,2047.00,,,,,,
15416,2017-12-31T06:12:40Z,-34.58928333,148.67771667,2045.00,,,,,,
15417,2017-12-31T06:12:41Z,-34.58945000,148.67763333,2044.00,,,,,,
15418,2017-12-31T06:12:42Z,-34.58960000,148.67755000,2044.00,,,,,,
15419,2017-12-31T06:12:43Z,-34.58976667,148.67746667,2043.00,,,,,,
15420,2017-12-31T06:12:44Z,-34.58991667,148.67738333,2039.00,,,,,,
15421,2017-12-31T06:12:45Z,-34.59008333,148.67731667,2039.00,,,,,,
15422,2017-12-31T06:12:46Z,-34.59025000,148.67723333,2039.00,,,,,,
15423,2017-12-31T06:12:47Z,-34.59041667,148.67716667,2039.00,,,,,,
15424,2017-12-31T06:12:48Z,-34.59056667,148.67711667,2037.00,,,,,,
15425,2017-12-31T06:12:49Z,-34.59073333,148.67706667,2035.00,,,,,,
15426,2017-12-31T06:12:50Z,-34.59088333,148.67701667,2033.00,,,,,,
15427,2017-12-31T06:12:51Z,-34.59105000,148.67695000,2031.00,,,,,,
15428,2017-12-31T06:12:52Z,-34.59121667,148.67690000,2029.00,,,,,,
15429,2017-12-31T06:12:53Z,-34.59136667,148.67683333,2027.00,,,,,,
15430,2017-12-31T06:12:54Z,-34.59153333,148.67676667,2024.00,,,,,,
15431,2017-12-31T06:12:55Z,-34.59168333,148.67671667,2023.00,,,,,,
15432,2017-12-31T06:12:56Z,-34.59183333,148.67665000,2021.00,,,,,,
15433,2017-12-31T06:12:57Z,-34.59200000,148.67658333,2019.00,,,,,,
15434,2017-12-31T06:12:58Z,-34.59215000,148.67651667,2017.00,,,,,,
15435,2017-12-31T06:12:59Z,-34.59230000,148.67645000,2013.00,,,,,,
15436,2017-12-31T06:13:00Z,-34.59245000,148.67638333,2012.00,,,,,,
15437,2017-12-31T06:13:01Z,-34.59261667,148.67631667,2011.00,,,,,,
15438,2017-12-31T06:13:02Z,-34.59275000,148.67625000,2009.00,,,,,,
15439,2017-12-31T06:13:03Z,-34.59290000,148.67620000,2008.00,,,,,,
15440,2017-12-31T06:13:04Z,-34.59305000,148.67613333,2005.00,,,,,,
15441,2017-12-31T06:13:05Z,-34.59320000,148.67606667,2002.00,,,,,,
15442,2017-12-31T06:13:06Z,-34.59335000,148.67601667,1997.00,,,,,,
15443,2017-12-31T06:13:07Z,-34.59350000,148.67595000,1995.00,,,,,,
15444,2017-12-31T06:13:08Z,-34.59366667,148.67588333,1994.00,,,,,,
15445,2017-12-31T06:13:09Z,-34.59381667,148.67581667,1993.00,,,,,,
15446,2017-12-31T06:13:10Z,-34.59398333,148.67575000,1992.00,,,,,,
15447,2017-12-31T06:13:11Z,-34.59413333,148.67570000,1990.00,,,,,,
15448,2017-12-31T06:13:12Z,-34.59430000,148.67565000,1988.00,,,,,,
15449,2017-12-31T06:13:13Z,-34.59445000,148.67558333,1985.00,,,,,,
15450,2017-12-31T06:13:14Z,-34.59461667,148.67553333,1981.00,,,,,,
15451,2017-12-31T06:13:15Z,-34.59478333,148.67548333,1979.00,,,,,,
15452,2017-12-31T06:13:16Z,-34.59493333,148.67543333,1978.00,,,,,,
15453,2017-12-31T06:13:17Z,-34.59510000,148.67536667,1977.00,,,,,,
15454,2017-12-31T06:13:18Z,-34.59526667,148.67531667,1974.00,,,,,,
15455,2017-12-31T06:13:19Z,-34.59543333,148.67526667,1971.00,,,,,,
15456,2017-12-31T06:13:20Z,-34.59560000,148.67521667,1970.00,,,,,,
15457,2017-12-31T06:13:21Z,-34.59575000,148.67516667,1969.00,,,,,,
15458,2017-12-31T06:13:22Z,-34.59591667,148.67511667,1966.00,,,,,,
15459,2017-12-31T06:13:23Z,-34.59606667,148.67506667,1963.00,,,,,,
15460,2017-12-31T06:13:24Z,-34.59623333,148.67501667,1962.00,,,,,,
15461,2017-12-31T06:13:25Z,-34.59638333,148.67496667,1961.00,,,,,,
15462,2017-12-31T06:13:26Z,-34.59655000,148.67491667,1960.00,,,,,,
15463,2017-12-31T06:13:27Z,-34.59670000,148.67488333,1958.00,,,,,,
15464,2017-12-31T06:13:28Z,-34.59685000,148.67483333,1955.00,,,,,,
15465,2017-12-31T06:13:29Z,-34.59701667,148.67478333,1952.00,,,,,,
15466,2017-12-31T06:13:30Z,-34.59716667,148.67475000,1950.00,,,,,,
15467,2017-12-31T06:13:31Z,-34.59733333,148.67468333,1948.00,,,,,,
15468,2017-12-31T06:13:32Z,-34.59748333,148.67461667,1947.00,,,,,,
15469,2017-12-31T06:13:33Z,-34.59763333,148.67455000,1946.00,,,,,,
15470,2017-12-31T06:13:34Z,-34.59778333,148.67448333,1945.00,,,,,,
15471,2017-12-31T06:13:35Z,-34.59793333,148.67443333,1945.00,,,,,,
15472,2017-12-31T06:13:36Z,-34.59806667,148.67436667,1944.00,,,,,,
15473,2017-12-31T06:13:37Z,-34.59821667,148.67430000,1942.00,,,,,,
15474,2017-12-31T06:13:38Z,-34.59835000,148.67425000,1939.00,,,,,,
15475,2017-12-31T06:13:39Z,-34.59850000,148.67418333,1936.00,,,,,,
15476,2017-12-31T06:13:40Z,-34.59865000,148.67411667,1934.00,,,,,,
15477,2017-12-31T06:13:41Z,-34.59880000,148.67403333,1932.00,,,,,,
15478,2017-12-31T06:13:42Z,-34.59895000,148.67396667,1931.00,,,,,,
15479,2017-12-31T06:13:43Z,-34.59910000,148.67390000,1929.00,,,,,,
15480,2017-12-31T06:13:44Z,-34.59925000,148.67383333,1927.00,,,,,,
15481,2017-12-31T06:13:45Z,-34.59940000,148.67376667,1926.00,,,,,,
15482,2017-12-31T06:13:46Z,-34.59955000,148.67370000,1924.00,,,,,,
15483,2017-12-31T06:13:47Z,-34.59970000,148.67363333,1922.00,,,,,,
15484,2017-12-31T06:13:48Z,-34.59985000,148.67355000,1920.00,,,,,,
15485,2017-12-31T06:13:49Z,-34.60000000,148.67348333,1919.00,,,,,,
15486,2017-12-31T06:13:50Z,-34.60013333,148.67340000,1919.00,,,,,,
15487,2017-12-31T06:13:51Z,-34.60026667,148.67331667,1919.00,,,,,,
15488,2017-12-31T06:13:52Z,-34.60040000,148.67323333,1917.00,,,,,,
15489,2017-12-31T06:13:53Z,-34.60053333,148.67316667,1914.00,,,,,,
15490,2017-12-31T06:13:54Z,-34.60066667,148.67310000,1911.00,,,,,,
15491,2017-12-31T06:13:55Z,-34.60081667,148.67303333,1908.00,,,,,,
15492,2017-12-31T06:13:56Z,-34.60095000,148.67298333,1904.00,,,,,,
15493,2017-12-31T06:13:57Z,-34.60111667,148.67293333,1901.00,,,,,,
15494,2017-12-31T06:13:58Z,-34.60126667,148.67286667,1900.00,,,,,,
15495,2017-12-31T06:13:59Z,-34.60141667,148.67281667,1898.00,,,,,,
15496,2017-12-31T06:14:00Z,-34.60158333,148.67278333,1896.00,,,,,,
15497,2017-12-31T06:14:01Z,-34.60175000,148.67273333,1895.00,,,,,,
15498,2017-12-31T06:14:02Z,-34.60190000,148.67266667,1894.00,,,,,,
15499,2017-12-31T06:14:03Z,-34.60205000,148.67261667,1893.00,,,,,,
15500,2017-12-31T06:14:04Z,-34.60220000,148.67256667,1890.00,,,,,,
15501,2017-12-31T06:14:05Z,-34.60235000,148.67250000,1888.00,,,,,,
15502,2017-12-31T06:14:06Z,-34.60250000,148.67243333,1886.00,,,,,,
15503,2017-12-31T06:14:07Z,-34.60265000,148.67236667,1884.00,,,,,,
15504,2017-12-31T06:14:08Z,-34.60278333,148.67228333,1884.00,,,,,,
15505,2017-12-31T06:14:09Z,-34.60293333,148.67220000,1884.00,,,,,,
15506,2017-12-31T06:14:10Z,-34.60306667,148.67213333,1882.00,,,,,,
15507,2017-12-31T06:14:11Z,-34.60320000,148.67206667,1876.00,,,,,,
15508,2017-12-31T06:14:12Z,-34.60335000,148.67200000,1871.00,,,,,,
15509,2017-12-31T06:14:13Z,-34.60348333,148.67191667,1869.00,,,,,,
15510,2017-12-31T06:14:14Z,-34.60363333,148.67183333,1868.00,,,,,,
15511,2017-12-31T06:14:15Z,-34.60378333,148.67175000,1867.00,,,,,,
15512,2017-12-31T06:14:16Z,-34.60391667,148.67168333,1865.00,,,,,,
15513,2017-12-31T06:14:17Z,-34.60406667,148.67160000,1862.00,,,,,,
15514,2017-12-31T06:14:18Z,-34.60420000,148.67153333,1860.00,,,,,,
15515,2017-12-31T06:14:19Z,-34.60435000,148.67145000,1859.00,,,,,,
15516,2017-12-31T06:14:20Z,-34.60448333,148.67135000,1858.00,,,,,,
15517,2017-12-31T06:14:21Z,-34.60461667,148.67126667,1856.00,,,,,,
15518,2017-12-31T06:14:22Z,-34.60475000,148.67118333,1852.00,,,,,,
15519,2017-12-31T06:14:23Z,-34.60486667,148.67108333,1849.00,,,,,,
15520,2017-12-31T06:14:24Z,-34.60500000,148.67100000,1848.00,,,,,,
15521,2017-12-31T06:14:25Z,-34.60511667,148.67090000,1848.00,,,,,,
15522,2017-12-31T06:14:26Z,-34.60525000,148.67080000,1847.00,,,,,,
15523,2017-12-31T06:14:27Z,-34.60536667,148.67071667,1843.00,,,,,,
15524,2017-12-31T06:14:28Z,-34.60548333,148.67065000,1839.00,,,,,,
15525,2017-12-31T06:14:29Z,-34.60561667,148.67056667,1834.00,,,,,,
15526,2017-12-31T06:14:30Z,-34.60576667,148.67046667,1831.00,,,,,,
15527,2017-12-31T06:14:31Z,-34.60590000,148.67038333,1830.00,,,,,,
15528,2017-12-31T06:14:32Z,-34.60603333,148.67028333,1829.00,,,,,,
15529,2017-12-31T06:14:33Z,-34.60618333,148.67018333,1827.00,,,,,,
15530,2017-12-31T06:14:34Z,-34.60631667,148.67008333,1828.00,,,,,,
15531,2017-12-31T06:14:35Z,-34.60643333,148.67000000,1830.00,,,,,,
15532,2017-12-31T06:14:36Z,-34.60656667,148.66990000,1831.00,,,,,,
15533,2017-12-31T06:14:37Z,-34.60670000,148.66980000,1828.00,,,,,,
15534,2017-12-31T06:14:38Z,-34.60683333,148.66970000,1823.00,,,,,,
15535,2017-12-31T06:14:39Z,-34.60695000,148.66960000,1822.00,,,,,,
15536,2017-12-31T06:14:40Z,-34.60705000,148.66946667,1823.00,,,,,,
15537,2017-12-31T06:14:41Z,-34.60716667,148.66935000,1823.00,,,,,,
15538,2017-12-31T06:14:42Z,-34.60726667,148.66921667,1822.00,,,,,,
15539,2017-12-31T06:14:43Z,-34.60736667,148.66908333,1822.00,,,,,,
15540,2017-12-31T06:14:44Z,-34.60745000,148.66895000,1821.00,,,,,,
15541,2017-12-31T06:14:45Z,-34.60755000,148.66883333,1821.00,,,,,,
15542,2017-12-31T06:14:46Z,-34.60765000,148.66870000,1822.00,,,,,,
15543,2017-12-31T06:14:47Z,-34.60776667,148.66860000,1822.00,,,,,,
15544,2017-12-31T06:14:48Z,-34.60788333,148.66848333,1822.00,,,,,,
15545,2017-12-31T06:14:49Z,-34.60800000,148.66838333,1823.00,,,,,,
15546,2017-12-31T06:14:50Z,-34.60813333,148.66828333,1825.00,,,,,,
15547,2017-12-31T06:14:51Z,-34.60825000,148.66818333,1829.00,,,,,,
15548,2017-12-31T06:14:52Z,-34.60836667,148.66808333,1829.00,,,,,,
15549,2017-12-31T06:14:53Z,-34.60848333,148.66800000,1828.00,,,,,,
15550,2017-12-31T06:14:54Z,-34.60858333,148.66790000,1826.00,,,,,,
15551,2017-12-31T06:14:55Z,-34.60870000,148.66780000,1825.00,,,,,,
15552,2017-12-31T06:14:56Z,-34.60880000,148.66770000,1824.00,,,,,,
15553,2017-12-31T06:14:57Z,-34.60890000,148.66760000,1823.00,,,,,,
15554,2017-12-31T06:14:58Z,-34.60898333,148.66746667,1823.00,,,,,,
15555,2017-12-31T06:14:59Z,-34.60908333,148.66736667,1824.00,,,,,,
15556,2017-12-31T06:15:00Z,-34.60918333,148.66725000,1824.00,,,,,,
15557,2017-12-31T06:15:01Z,-34.60928333,148.66713333,1825.00,,,,,,
15558,2017-12-31T06:15:02Z,-34.60938333,148.66703333,1826.00,,,,,,
15559,2017-12-31T06:15:03Z,-34.60948333,148.66695000,1825.00,,,,,,
15560,2017-12-31T06:15:04Z,-34.60958333,148.66686667,1823.00,,,,,,
15561,2017-12-31T06:15:05Z,-34.60970000,148.66675000,1822.00,,,,,,
15562,2017-12-31T06:15:06Z,-34.60980000,148.66665000,1823.00,,,,,,
15563,2017-12-31T06:15:07Z,-34.60990000,148.66653333,1824.00,,,,,,
15564,2017-12-31T06:15:08Z,-34.61000000,148.66643333,1823.00,,,,,,
15565,2017-12-31T06:15:09Z,-34.61010000,148.66633333,1821.00,,,,,,
15566,2017-12-31T06:15:10Z,-34.61021667,148.66625000,1820.00,,,,,,
15567,2017-12-31T06:15:11Z,-34.61031667,148.66615000,1819.00,,,,,,
15568,2017-12-31T06:15:12Z,-34.61043333,148.66603333,1821.00,,,,,,
15569,2017-12-31T06:15:13Z,-34.61055000,148.66593333,1823.00,,,,,,
15570,2017-12-31T06:15:14Z,-34.61066667,148.66583333,1824.00,,,,,,
15571,2017-12-31T06:15:15Z,-34.61078333,148.66576667,1825.00,,,,,,
15572,2017-12-31T06:15:16Z,-34.61090000,148.66568333,1826.00,,,,,,
15573,2017-12-31T06:15:17Z,-34.61101667,148.66560000,1827.00,,,,,,
15574,2017-12-31T06:15:18Z,-34.61113333,148.66551667,1828.00,,,,,,
15575,2017-12-31T06:15:19Z,-34.61125000,148.66543333,1829.00,,,,,,
15576,2017-12-31T06:15:20Z,-34.61136667,148.66535000,1829.00,,,,,,
15577,2017-12-31T06:15:21Z,-34.61146667,148.66528333,1831.00,,,,,,
15578,2017-12-31T06:15:22Z,-34.61158333,148.66521667,1830.00,,,,,,
15579,2017-12-31T06:15:23Z,-34.61170000,148.66513333,1830.00,,,,,,
15580,2017-12-31T06:15:24Z,-34.61183333,148.66506667,1832.00,,,,,,
15581,2017-12-31T06:15:25Z,-34.61196667,148.66500000,1834.00,,,,,,
15582,2017-12-31T06:15:26Z,-34.61210000,148.66491667,1837.00,,,,,,
15583,2017-12-31T06:15:27Z,-34.61221667,148.66485000,1839.00,,,,,,
15584,2017-12-31T06:15:28Z,-34.61235000,148.66476667,1840.00,,,,,,
15585,2017-12-31T06:15:29Z,-34.61248333,148.66468333,1840.00,,,,,,
15586,2017-12-31T06:15:30Z,-34.61260000,148.66460000,1841.00,,,,,,
15587,2017-12-31T06:15:31Z,-34.61273333,148.66453333,1843.00,,,,,,
15588,2017-12-31T06:15:32Z,-34.61285000,148.66445000,1843.00,,,,,,
15589,2017-12-31T06:15:33Z,-34.61296667,148.66436667,1842.00,,,,,,
15590,2017-12-31T06:15:34Z,-34.61308333,148.66428333,1844.00,,,,,,
15591,2017-12-31T06:15:35Z,-34.61318333,148.66420000,1845.00,,,,,,
15592,2017-12-31T06:15:36Z,-34.61330000,148.66411667,1848.00,,,,,,
15593,2017-12-31T06:15:37Z,-34.61340000,148.66403333,1850.00,,,,,,
15594,2017-12-31T06:15:38Z,-34.61350000,148.66395000,1852.00,,,,,,
15595,2017-12-31T06:15:39Z,-34.61360000,148.66385000,1854.00,,,,,,
15596,2017-12-31T06:15:40Z,-34.61370000,148.66376667,1856.00,,,,,,
15597,2017-12-31T06:15:41Z,-34.61380000,148.66368333,1858.00,,,,,,
15598,2017-12-31T06:15:42Z,-34.61390000,148.66358333,1860.00,,,,,,
15599,2017-12-31T06:15:43Z,-34.61400000,148.66350000,1861.00,,,,,,
15600,2017-12-31T06:15:44Z,-34.61410000,148.66341667,1864.00,,,,,,
15601,2017-12-31T06:15:45Z,-34.61418333,148.66331667,1866.00,,,,,,
15602,2017-12-31T06:15:46Z,-34.61426667,148.66323333,1867.00,,,,,,
15603,2017-12-31T06:15:47Z,-34.61435000,148.66315000,1869.00,,,,,,
15604,2017-12-31T06:15:48Z,-34.61441667,148.66305000,1870.00,,,,,,
15605,2017-12-31T06:15:49Z,-34.61448333,148.66293333,1872.00,,,,,,
15606,2017-12-31T06:15:50Z,-34.61453333,148.66281667,1870.00,,,,,,
15607,2017-12-31T06:15:51Z,-34.61460000,148.66270000,1870.00,,,,,,
15608,2017-12-31T06:15:52Z,-34.61466667,148.66260000,1871.00,,,,,,
15609,2017-12-31T06:15:53Z,-34.61475000,148.66250000,1873.00,,,,,,
15610,2017-12-31T06:15:54Z,-34.61483333,148.66240000,1872.00,,,,,,
15611,2017-12-31T06:15:55Z,-34.61493333,148.66233333,1869.00,,,,,,
15612,2017-12-31T06:15:56Z,-34.61506667,148.66226667,1865.00,,,,,,
15613,2017-12-31T06:15:57Z,-34.61521667,148.66220000,1863.00,,,,,,
15614,2017-12-31T06:15:58Z,-34.61536667,148.66215000,1865.00,,,,,,
15615,2017-12-31T06:15:59Z,-34.61553333,148.66208333,1867.00,,,,,,
15616,2017-12-31T06:16:00Z,-34.61570000,148.66203333,1867.00,,,,,,
15617,2017-12-31T06:16:01Z,-34.61585000,148.66196667,1867.00,,,,,,
15618,2017-12-31T06:16:02Z,-34.61600000,148.66190000,1866.00,,,,,,
15619,2017-12-31T06:16:03Z,-34.61613333,148.66181667,1868.00,,,,,,
15620,2017-12-31T06:16:04Z,-34.61626667,148.66173333,1873.00,,,,,,
15621,2017-12-31T06:16:05Z,-34.61640000,148.66166667,1875.00,,,,,,
15622,2017-12-31T06:16:06Z,-34.61653333,148.66160000,1876.00,,,,,,
15623,2017-12-31T06:16:07Z,-34.61666667,148.66153333,1875.00,,,,,,
15624,2017-12-31T06:16:08Z,-34.61680000,148.66146667,1875.00,,,,,,
15625,2017-12-31T06:16:09Z,-34.61693333,148.66140000,1878.00,,,,,,
15626,2017-12-31T06:16:10Z,-34.61705000,148.66135000,1880.00,,,,,,
15627,2017-12-31T06:16:11Z,-34.61718333,148.66128333,1883.00,,,,,,
15628,2017-12-31T06:16:12Z,-34.61730000,148.66121667,1884.00,,,,,,
15629,2017-12-31T06:16:13Z,-34.61743333,148.66115000,1886.00,,,,,,
15630,2017-12-31T06:16:14Z,-34.61755000,148.66110000,1886.00,,,,,,
15631,2017-12-31T06:16:15Z,-34.61768333,148.66105000,1887.00,,,,,,
15632,2017-12-31T06:16:16Z,-34.61781667,148.66100000,1890.00,,,,,,
15633,2017-12-31T06:16:17Z,-34.61796667,148.66095000,1895.00,,,,,,
15634,2017-12-31T06:16:18Z,-34.61811667,148.66091667,1898.00,,,,,,
15635,2017-12-31T06:16:19Z,-34.61826667,148.66088333,1903.00,,,,,,
15636,2017-12-31T06:16:20Z,-34.61838333,148.66081667,1906.00,,,,,,
15637,2017-12-31T06:16:21Z,-34.61848333,148.66073333,1911.00,,,,,,
15638,2017-12-31T06:16:22Z,-34.61855000,148.66063333,1916.00,,,,,,
15639,2017-12-31T06:16:23Z,-34.61856667,148.66053333,1915.00,,,,,,
15640,2017-12-31T06:16:24Z,-34.61848333,148.66046667,1915.00,,,,,,
15641,2017-12-31T06:16:25Z,-34.61836667,148.66045000,1917.00,,,,,,
15642,2017-12-31T06:16:26Z,-34.61823333,148.66046667,1920.00,,,,,,
15643,2017-12-31T06:16:27Z,-34.61811667,148.66056667,1922.00,,,,,,
15644,2017-12-31T06:16:28Z,-34.61803333,148.66070000,1923.00,,,,,,
15645,2017-12-31T06:16:29Z,-34.61798333,148.66088333,1926.00,,,,,,
15646,2017-12-31T06:16:30Z,-34.61795000,148.66108333,1929.00,,,,,,
15647,2017-12-31T06:16:31Z,-34.61798333,148.66128333,1930.00,,,,,,
15648,2017-12-31T06:16:32Z,-34.61805000,148.66145000,1931.00,,,,,,
15649,2017-12-31T06:16:33Z,-34.61816667,148.66158333,1934.00,,,,,,
15650,2017-12-31T06:16:34Z,-34.61828333,148.66170000,1937.00,,,,,,
15651,2017-12-31T06:16:35Z,-34.61840000,148.66180000,1939.00,,,,,,
15652,2017-12-31T06:16:36Z,-34.61851667,148.66188333,1943.00,,,,,,
15653,2017-12-31T06:16:37Z,-34.61865000,148.66196667,1946.00,,,,,,
15654,2017-12-31T06:16:38Z,-34.61878333,148.66201667,1950.00,,,,,,
15655,2017-12-31T06:16:39Z,-34.61891667,148.66206667,1952.00,,,,,,
15656,2017-12-31T06:16:40Z,-34.61903333,148.66208333,1953.00,,,,,,
15657,2017-12-31T06:16:41Z,-34.61915000,148.66208333,1954.00,,,,,,
15658,2017-12-31T06:16:42Z,-34.61926667,148.66206667,1957.00,,,,,,
15659,2017-12-31T06:16:43Z,-34.61938333,148.66203333,1961.00,,,,,,
15660,2017-12-31T06:16:44Z,-34.61950000,148.66200000,1965.00,,,,,,
15661,2017-12-31T06:16:45Z,-34.61961667,148.66195000,1967.00,,,,,,
15662,2017-12-31T06:16:46Z,-34.61973333,148.66190000,1970.00,,,,,,
15663,2017-12-31T06:16:47Z,-34.61983333,148.66181667,1974.00,,,,,,
15664,2017-12-31T06:16:48Z,-34.61990000,148.66173333,1979.00,,,,,,
15665,2017-12-31T06:16:49Z,-34.61996667,148.66163333,1986.00,,,,,,
15666,2017-12-31T06:16:50Z,-34.62000000,148.66150000,1987.00,,,,,,
15667,2017-12-31T06:16:51Z,-34.62001667,148.66138333,1988.00,,,,,,
15668,2017-12-31T06:16:52Z,-34.61993333,148.66128333,1993.00,,,,,,
15669,2017-12-31T06:16:53Z,-34.61981667,148.66125000,1998.00,,,,,,
15670,2017-12-31T06:16:54Z,-34.61968333,148.66125000,1999.00,,,,,,
15671,2017-12-31T06:16:55Z,-34.61956667,148.66130000,2001.00,,,,,,
15672,2017-12-31T06:16:56Z,-34.61946667,148.66143333,2005.00,,,,,,
15673,2017-12-31T06:16:57Z,-34.61940000,148.66160000,2005.00,,,,,,
15674,2017-12-31T06:16:58Z,-34.61940000,148.66176667,2005.00,,,,,,
15675,2017-12-31T06:16:59Z,-34.61945000,148.66196667,2008.00,,,,,,
15676,2017-12-31T06:17:00Z,-34.61955000,148.66213333,2010.00,,,,,,
15677,2017-12-31T06:17:01Z,-34.61966667,148.66226667,2014.00,,,,,,
15678,2017-12-31T06:17:02Z,-34.61978333,148.66236667,2019.00,,,,,,
15679,2017-12-31T06:17:03Z,-34.61990000,148.66245000,2022.00,,,,,,
15680,2017-12-31T06:17:04Z,-34.62003333,148.66251667,2024.00,,,,,,
15681,2017-12-31T06:17:05Z,-34.62015000,148.66255000,2025.00,,,,,,
15682,2017-12-31T06:17:06Z,-34.62028333,148.66256667,2027.00,,,,,,
15683,2017-12-31T06:17:07Z,-34.62041667,148.66258333,2032.00,,,,,,
15684,2017-12-31T06:17:08Z,-34.62053333,148.66255000,2035.00,,,,,,
15685,2017-12-31T06:17:09Z,-34.62066667,148.66250000,2039.00,,,,,,
15686,2017-12-31T06:17:10Z,-34.62076667,148.66243333,2043.00,,,,,,
15687,2017-12-31T06:17:11Z,-34.62088333,148.66236667,2049.00,,,,,,
15688,2017-12-31T06:17:12Z,-34.62100000,148.66231667,2055.00,,,,,,
15689,2017-12-31T06:17:13Z,-34.62110000,148.66226667,2061.00,,,,,,
15690,2017-12-31T06:17:14Z,-34.62121667,148.66220000,2066.00,,,,,,
15691,2017-12-31T06:17:15Z,-34.62131667,148.66213333,2068.00,,,,,,
15692,2017-12-31T06:17:16Z,-34.62140000,148.66206667,2069.00,,,,,,
15693,2017-12-31T06:17:17Z,-34.62146667,148.66198333,2071.00,,,,,,
15694,2017-12-31T06:17:18Z,-34.62148333,148.66188333,2073.00,,,,,,
15695,2017-12-31T06:17:19Z,-34.62143333,148.66180000,2075.00,,,,,,
15696,2017-12-31T06:17:20Z,-34.62128333,148.66168333,2077.00,,,,,,
15697,2017-12-31T06:17:21Z,-34.62116667,148.66166667,2080.00,,,,,,
15698,2017-12-31T06:17:22Z,-34.62103333,148.66171667,2084.00,,,,,,
15699,2017-12-31T06:17:23Z,-34.62093333,148.66181667,2092.00,,,,,,
15700,2017-12-31T06:17:24Z,-34.62086667,148.66195000,2094.00,,,,,,
15701,2017-12-31T06:17:25Z,-34.62083333,148.66215000,2094.00,,,,,,
15702,2017-12-31T06:17:26Z,-34.62085000,148.66233333,2094.00,,,,,,
15703,2017-12-31T06:17:27Z,-34.62093333,148.66251667,2098.00,,,,,,
15704,2017-12-31T06:17:28Z,-34.62105000,148.66263333,2105.00,,,,,,
15705,2017-12-31T06:17:29Z,-34.62118333,148.66270000,2112.00,,,,,,
15706,2017-12-31T06:17:30Z,-34.62131667,148.66271667,2115.00,,,,,,
15707,2017-12-31T06:17:31Z,-34.62143333,148.66270000,2118.00,,,,,,
15708,2017-12-31T06:17:32Z,-34.62151667,148.66261667,2123.00,,,,,,
15709,2017-12-31T06:17:33Z,-34.62158333,148.66253333,2129.00,,,,,,
15710,2017-12-31T06:17:34Z,-34.62156667,148.66241667,2130.00,,,,,,
15711,2017-12-31T06:17:35Z,-34.62151667,148.66233333,2131.00,,,,,,
15712,2017-12-31T06:17:36Z,-34.62143333,148.66225000,2134.00,,,,,,
15713,2017-12-31T06:17:37Z,-34.62131667,148.66223333,2138.00,,,,,,
15714,2017-12-31T06:17:38Z,-34.62118333,148.66228333,2140.00,,,,,,
15715,2017-12-31T06:17:39Z,-34.62106667,148.66238333,2144.00,,,,,,
15716,2017-12-31T06:17:40Z,-34.62096667,148.66251667,2146.00,,,,,,
15717,2017-12-31T06:17:41Z,-34.62091667,148.66268333,2148.00,,,,,,
15718,2017-12-31T06:17:42Z,-34.62090000,148.66288333,2149.00,,,,,,
15719,2017-12-31T06:17:43Z,-34.62095000,148.66308333,2152.00,,,,,,
15720,2017-12-31T06:17:44Z,-34.62103333,148.66325000,2158.00,,,,,,
15721,2017-12-31T06:17:45Z,-34.62115000,148.66341667,2161.00,,,,,,
15722,2017-12-31T06:17:46Z,-34.62126667,148.66351667,2167.00,,,,,,
15723,2017-12-31T06:17:47Z,-34.62140000,148.66360000,2171.00,,,,,,
15724,2017-12-31T06:17:48Z,-34.62155000,148.66365000,2174.00,,,,,,
15725,2017-12-31T06:17:49Z,-34.62168333,148.66368333,2179.00,,,,,,
15726,2017-12-31T06:17:50Z,-34.62180000,148.66366667,2182.00,,,,,,
15727,2017-12-31T06:17:51Z,-34.62191667,148.66363333,2182.00,,,,,,
15728,2017-12-31T06:17:52Z,-34.62200000,148.66356667,2186.00,,,,,,
15729,2017-12-31T06:17:53Z,-34.62205000,148.66346667,2189.00,,,,,,
15730,2017-12-31T06:17:54Z,-34.62203333,148.66335000,2192.00,,,,,,
15731,2017-12-31T06:17:55Z,-34.62195000,148.66325000,2194.00,,,,,,
15732,2017-12-31T06:17:56Z,-34.62186667,148.66318333,2196.00,,,,,,
15733,2017-12-31T06:17:57Z,-34.62173333,148.66318333,2198.00,,,,,,
15734,2017-12-31T06:17:58Z,-34.62161667,148.66326667,2202.00,,,,,,
15735,2017-12-31T06:17:59Z,-34.62151667,148.66338333,2208.00,,,,,,
15736,2017-12-31T06:18:00Z,-34.62145000,148.66356667,2210.00,,,,,,
15737,2017-12-31T06:18:01Z,-34.62143333,148.66375000,2212.00,,,,,,
15738,2017-12-31T06:18:02Z,-34.62146667,148.66395000,2214.00,,,,,,
15739,2017-12-31T06:18:03Z,-34.62155000,148.66413333,2218.00,,,,,,
15740,2017-12-31T06:18:04Z,-34.62166667,148.66428333,2224.00,,,,,,
15741,2017-12-31T06:18:05Z,-34.62178333,148.66436667,2228.00,,,,,,
15742,2017-12-31T06:18:06Z,-34.62191667,148.66441667,2232.00,,,,,,
15743,2017-12-31T06:18:07Z,-34.62205000,148.66441667,2235.00,,,,,,
15744,2017-12-31T06:18:08Z,-34.62213333,148.66438333,2238.00,,,,,,
15745,2017-12-31T06:18:09Z,-34.62221667,148.66431667,2238.00,,,,,,
15746,2017-12-31T06:18:10Z,-34.62221667,148.66425000,2238.00,,,,,,
15747,2017-12-31T06:18:11Z,-34.62221667,148.66415000,2239.00,,,,,,
15748,2017-12-31T06:18:12Z,-34.62216667,148.66406667,2244.00,,,,,,
15749,2017-12-31T06:18:13Z,-34.62208333,148.66398333,2248.00,,,,,,
15750,2017-12-31T06:18:14Z,-34.62200000,148.66391667,2252.00,,,,,,
15751,2017-12-31T06:18:15Z,-34.62191667,148.66386667,2255.00,,,,,,
15752,2017-12-31T06:18:16Z,-34.62178333,148.66390000,2256.00,,,,,,
15753,2017-12-31T06:18:17Z,-34.62166667,148.66400000,2257.00,,,,,,
15754,2017-12-31T06:18:18Z,-34.62160000,148.66413333,2261.00,,,,,,
15755,2017-12-31T06:18:19Z,-34.62153333,148.66430000,2265.00,,,,,,
15756,2017-12-31T06:18:20Z,-34.62150000,148.66451667,2266.00,,,,,,
15757,2017-12-31T06:18:21Z,-34.62148333,148.66471667,2265.00,,,,,,
15758,2017-12-31T06:18:22Z,-34.62151667,148.66491667,2266.00,,,,,,
15759,2017-12-31T06:18:23Z,-34.62160000,148.66511667,2270.00,,,,,,
15760,2017-12-31T06:18:24Z,-34.62173333,148.66526667,2276.00,,,,,,
15761,2017-12-31T06:18:25Z,-34.62186667,148.66536667,2280.00,,,,,,
15762,2017-12-31T06:18:26Z,-34.62200000,148.66545000,2285.00,,,,,,
15763,2017-12-31T06:18:27Z,-34.62211667,148.66555000,2289.00,,,,,,
15764,2017-12-31T06:18:28Z,-34.62226667,148.66563333,2287.00,,,,,,
15765,2017-12-31T06:18:29Z,-34.62238333,148.66570000,2283.00,,,,,,
15766,2017-12-31T06:18:30Z,-34.62251667,148.66578333,2283.00,,,,,,
15767,2017-12-31T06:18:31Z,-34.62265000,148.66578333,2284.00,,,,,,
15768,2017-12-31T06:18:32Z,-34.62278333,148.66576667,2286.00,,,,,,
15769,2017-12-31T06:18:33Z,-34.62288333,148.66573333,2288.00,,,,,,
15770,2017-12-31T06:18:34Z,-34.62295000,148.66565000,2292.00,,,,,,
15771,2017-12-31T06:18:35Z,-34.62298333,148.66553333,2295.00,,,,,,
15772,2017-12-31T06:18:36Z,-34.62300000,148.66545000,2296.00,,,,,,
15773,2017-12-31T06:18:37Z,-34.62298333,148.66536667,2298.00,,,,,,
15774,2017-12-31T06:18:38Z,-34.62296667,148.66526667,2301.00,,,,,,
15775,2017-12-31T06:18:39Z,-34.62290000,148.66518333,2304.00,,,,,,
15776,2017-12-31T06:18:40Z,-34.62280000,148.66511667,2305.00,,,,,,
15777,2017-12-31T06:18:41Z,-34.62271667,148.66506667,2307.00,,,,,,
15778,2017-12-31T06:18:42Z,-34.62261667,148.66506667,2311.00,,,,,,
15779,2017-12-31T06:18:43Z,-34.62248333,148.66510000,2314.00,,,,,,
15780,2017-12-31T06:18:44Z,-34.62236667,148.66518333,2319.00,,,,,,
15781,2017-12-31T06:18:45Z,-34.62226667,148.66528333,2322.00,,,,,,
15782,2017-12-31T06:18:46Z,-34.62216667,148.66540000,2324.00,,,,,,
15783,2017-12-31T06:18:47Z,-34.62210000,148.66555000,2325.00,,,,,,
15784,2017-12-31T06:18:48Z,-34.62206667,148.66575000,2324.00,,,,,,
15785,2017-12-31T06:18:49Z,-34.62206667,148.66593333,2326.00,,,,,,
15786,2017-12-31T06:18:50Z,-34.62208333,148.66616667,2328.00,,,,,,
15787,2017-12-31T06:18:51Z,-34.62213333,148.66638333,2330.00,,,,,,
15788,2017-12-31T06:18:52Z,-34.62221667,148.66656667,2331.00,,,,,,
15789,2017-12-31T06:18:53Z,-34.62230000,148.66676667,2334.00,,,,,,
15790,2017-12-31T06:18:54Z,-34.62243333,148.66693333,2342.00,,,,,,
15791,2017-12-31T06:18:55Z,-34.62256667,148.66703333,2345.00,,,,,,
15792,2017-12-31T06:18:56Z,-34.62271667,148.66710000,2346.00,,,,,,
15793,2017-12-31T06:18:57Z,-34.62285000,148.66713333,2350.00,,,,,,
15794,2017-12-31T06:18:58Z,-34.62296667,148.66715000,2350.00,,,,,,
15795,2017-12-31T06:18:59Z,-34.62310000,148.66716667,2347.00,,,,,,
15796,2017-12-31T06:19:00Z,-34.62320000,148.66718333,2344.00,,,,,,
15797,2017-12-31T06:19:01Z,-34.62330000,148.66715000,2343.00,,,,,,
15798,2017-12-31T06:19:02Z,-34.62338333,148.66708333,2346.00,,,,,,
15799,2017-12-31T06:19:03Z,-34.62345000,148.66698333,2352.00,,,,,,
15800,2017-12-31T06:19:04Z,-34.62351667,148.66688333,2356.00,,,,,,
15801,2017-12-31T06:19:05Z,-34.62341667,148.66675000,2359.00,,,,,,
15802,2017-12-31T06:19:06Z,-34.62340000,148.66666667,2362.00,,,,,,
15803,2017-12-31T06:19:07Z,-34.62326667,148.66653333,2364.00,,,,,,
15804,2017-12-31T06:19:08Z,-34.62316667,148.66648333,2365.00,,,,,,
15805,2017-12-31T06:19:09Z,-34.62306667,148.66645000,2368.00,,,,,,
15806,2017-12-31T06:19:10Z,-34.62298333,148.66643333,2370.00,,,,,,
15807,2017-12-31T06:19:11Z,-34.62288333,148.66643333,2373.00,,,,,,
15808,2017-12-31T06:19:12Z,-34.62276667,148.66646667,2377.00,,,,,,
15809,2017-12-31T06:19:13Z,-34.62266667,148.66655000,2380.00,,,,,,
15810,2017-12-31T06:19:14Z,-34.62256667,148.66665000,2380.00,,,,,,
15811,2017-12-31T06:19:15Z,-34.62246667,148.66680000,2380.00,,,,,,
15812,2017-12-31T06:19:16Z,-34.62245000,148.66696667,2381.00,,,,,,
15813,2017-12-31T06:19:17Z,-34.62248333,148.66716667,2384.00,,,,,,
15814,2017-12-31T06:19:18Z,-34.62253333,148.66736667,2386.00,,,,,,
15815,2017-12-31T06:19:19Z,-34.62260000,148.66756667,2388.00,,,,,,
15816,2017-12-31T06:19:20Z,-34.62268333,148.66776667,2388.00,,,,,,
15817,2017-12-31T06:19:21Z,-34.62278333,148.66793333,2388.00,,,,,,
15818,2017-12-31T06:19:22Z,-34.62290000,148.66808333,2389.00,,,,,,
15819,2017-12-31T06:19:23Z,-34.62303333,148.66821667,2391.00,,,,,,
15820,2017-12-31T06:19:24Z,-34.62320000,148.66828333,2394.00,,,,,,
15821,2017-12-31T06:19:25Z,-34.62335000,148.66835000,2395.00,,,,,,
15822,2017-12-31T06:19:26Z,-34.62350000,148.66836667,2394.00,,,,,,
15823,2017-12-31T06:19:27Z,-34.62361667,148.66840000,2395.00,,,,,,
15824,2017-12-31T06:19:28Z,-34.62376667,148.66838333,2398.00,,,,,,
15825,2017-12-31T06:19:29Z,-34.62390000,148.66835000,2402.00,,,,,,
15826,2017-12-31T06:19:30Z,-34.62405000,148.66833333,2403.00,,,,,,
15827,2017-12-31T06:19:31Z,-34.62418333,148.66831667,2405.00,,,,,,
15828,2017-12-31T06:19:32Z,-34.62431667,148.66830000,2406.00,,,,,,
15829,2017-12-31T06:19:33Z,-34.62445000,148.66828333,2407.00,,,,,,
15830,2017-12-31T06:19:34Z,-34.62458333,148.66828333,2409.00,,,,,,
15831,2017-12-31T06:19:35Z,-34.62475000,148.66826667,2409.00,,,,,,
15832,2017-12-31T06:19:36Z,-34.62488333,148.66826667,2409.00,,,,,,
15833,2017-12-31T06:19:37Z,-34.62501667,148.66825000,2408.00,,,,,,
15834,2017-12-31T06:19:38Z,-34.62515000,148.66823333,2407.00,,,,,,
15835,2017-12-31T06:19:39Z,-34.62528333,148.66823333,2407.00,,,,,,
15836,2017-12-31T06:19:40Z,-34.62541667,148.66821667,2407.00,,,,,,
15837,2017-12-31T06:19:41Z,-34.62556667,148.66818333,2407.00,,,,,,
15838,2017-12-31T06:19:42Z,-34.62573333,148.66815000,2406.00,,,,,,
15839,2017-12-31T06:19:43Z,-34.62590000,148.66813333,2405.00,,,,,,
15840,2017-12-31T06:19:44Z,-34.62606667,148.66811667,2403.00,,,,,,
15841,2017-12-31T06:19:45Z,-34.62623333,148.66811667,2402.00,,,,,,
15842,2017-12-31T06:19:46Z,-34.62640000,148.66810000,2401.00,,,,,,
15843,2017-12-31T06:19:47Z,-34.62658333,148.66808333,2400.00,,,,,,
15844,2017-12-31T06:19:48Z,-34.62675000,148.66806667,2398.00,,,,,,
15845,2017-12-31T06:19:49Z,-34.62691667,148.66803333,2396.00,,,,,,
15846,2017-12-31T06:19:50Z,-34.62708333,148.66800000,2396.00,,,,,,
15847,2017-12-31T06:19:51Z,-34.62726667,148.66795000,2396.00,,,,,,
15848,2017-12-31T06:19:52Z,-34.62743333,148.66791667,2398.00,,,,,,
15849,2017-12-31T06:19:53Z,-34.62760000,148.66788333,2394.00,,,,,,
15850,2017-12-31T06:19:54Z,-34.62775000,148.66783333,2389.00,,,,,,
15851,2017-12-31T06:19:55Z,-34.62791667,148.66778333,2389.00,,,,,,
15852,2017-12-31T06:19:56Z,-34.62808333,148.66775000,2390.00,,,,,,
15853,2017-12-31T06:19:57Z,-34.62825000,148.66771667,2390.00,,,,,,
15854,2017-12-31T06:19:58Z,-34.62841667,148.66770000,2386.00,,,,,,
15855,2017-12-31T06:19:59Z,-34.62860000,148.66770000,2383.00,,,,,,
15856,2017-12-31T06:20:00Z,-34.62878333,148.66770000,2382.00,,,,,,
15857,2017-12-31T06:20:01Z,-34.62896667,148.66771667,2381.00,,,,,,
15858,2017-12-31T06:20:02Z,-34.62915000,148.66775000,2378.00,,,,,,
15859,2017-12-31T06:20:03Z,-34.62933333,148.66775000,2375.00,,,,,,
15860,2017-12-31T06:20:04Z,-34.62950000,148.66776667,2372.00,,,,,,
15861,2017-12-31T06:20:05Z,-34.62970000,148.66776667,2370.00,,,,,,
15862,2017-12-31T06:20:06Z,-34.62988333,148.66778333,2366.00,,,,,,
15863,2017-12-31T06:20:07Z,-34.63008333,148.66780000,2363.00,,,,,,
15864,2017-12-31T06:20:08Z,-34.63030000,148.66781667,2364.00,,,,,,
15865,2017-12-31T06:20:09Z,-34.63050000,148.66781667,2364.00,,,,,,
15866,2017-12-31T06:20:10Z,-34.63071667,148.66783333,2362.00,,,,,,
15867,2017-12-31T06:20:11Z,-34.63091667,148.66783333,2360.00,,,,,,
15868,2017-12-31T06:20:12Z,-34.63111667,148.66781667,2358.00,,,,,,
15869,2017-12-31T06:20:13Z,-34.63133333,148.66781667,2355.00,,,,,,
15870,2017-12-31T06:20:14Z,-34.63155000,148.66780000,2352.00,,,,,,
15871,2017-12-31T06:20:15Z,-34.63175000,148.66776667,2351.00,,,,,,
15872,2017-12-31T06:20:16Z,-34.63196667,148.66773333,2350.00,,,,,,
15873,2017-12-31T06:20:17Z,-34.63216667,148.66768333,2347.00,,,,,,
15874,2017-12-31T06:20:18Z,-34.63236667,148.66763333,2347.00,,,,,,
15875,2017-12-31T06:20:19Z,-34.63258333,148.66756667,2349.00,,,,,,
15876,2017-12-31T06:20:20Z,-34.63276667,148.66751667,2350.00,,,,,,
15877,2017-12-31T06:20:21Z,-34.63296667,148.66745000,2351.00,,,,,,
15878,2017-12-31T06:20:22Z,-34.63315000,148.66740000,2350.00,,,,,,
15879,2017-12-31T06:20:23Z,-34.63331667,148.66735000,2349.00,,,,,,
15880,2017-12-31T06:20:24Z,-34.63350000,148.66730000,2346.00,,,,,,
15881,2017-12-31T06:20:25Z,-34.63368333,148.66723333,2344.00,,,,,,
15882,2017-12-31T06:20:26Z,-34.63386667,148.66718333,2343.00,,,,,,
15883,2017-12-31T06:20:27Z,-34.63405000,148.66710000,2340.00,,,,,,
15884,2017-12-31T06:20:28Z,-34.63423333,148.66703333,2338.00,,,,,,
15885,2017-12-31T06:20:29Z,-34.63441667,148.66695000,2338.00,,,,,,
15886,2017-12-31T06:20:30Z,-34.63461667,148.66685000,2336.00,,,,,,
15887,2017-12-31T06:20:31Z,-34.63480000,148.66678333,2334.00,,,,,,
15888,2017-12-31T06:20:32Z,-34.63498333,148.66671667,2333.00,,,,,,
15889,2017-12-31T06:20:33Z,-34.63518333,148.66665000,2331.00,,,,,,
15890,2017-12-31T06:20:34Z,-34.63538333,148.66660000,2329.00,,,,,,
15891,2017-12-31T06:20:35Z,-34.63558333,148.66655000,2328.00,,,,,,
15892,2017-12-31T06:20:36Z,-34.63578333,148.66650000,2327.00,,,,,,
15893,2017-12-31T06:20:37Z,-34.63598333,148.66643333,2326.00,,,,,,
15894,2017-12-31T06:20:38Z,-34.63618333,148.66638333,2325.00,,,,,,
15895,2017-12-31T06:20:39Z,-34.63636667,148.66631667,2323.00,,,,,,
15896,2017-12-31T06:20:40Z,-34.63656667,148.66623333,2322.00,,,,,,
15897,2017-12-31T06:20:41Z,-34.63675000,148.66616667,2319.00,,,,,,
15898,2017-12-31T06:20:42Z,-34.63695000,148.66610000,2319.00,,,,,,
15899,2017-12-31T06:20:43Z,-34.63713333,148.66603333,2319.00,,,,,,
15900,2017-12-31T06:20:44Z,-34.63733333,148.66596667,2319.00,,,,,,
15901,2017-12-31T06:20:45Z,-34.63751667,148.66591667,2318.00,,,,,,
15902,2017-12-31T06:20:46Z,-34.63770000,148.66586667,2314.00,,,,,,
15903,2017-12-31T06:20:47Z,-34.63788333,148.66581667,2309.00,,,,,,
15904,2017-12-31T06:20:48Z,-34.63806667,148.66575000,2307.00,,,,,,
15905,2017-12-31T06:20:49Z,-34.63825000,148.66568333,2304.00,,,,,,
15906,2017-12-31T06:20:50Z,-34.63845000,148.66561667,2302.00,,,,,,
15907,2017-12-31T06:20:51Z,-34.63863333,148.66555000,2300.00,,,,,,
15908,2017-12-31T06:20:52Z,-34.63885000,148.66548333,2298.00,,,,,,
15909,2017-12-31T06:20:53Z,-34.63905000,148.66543333,2296.00,,,,,,
15910,2017-12-31T06:20:54Z,-34.63926667,148.66538333,2293.00,,,,,,
15911,2017-12-31T06:20:55Z,-34.63946667,148.66533333,2291.00,,,,,,
15912,2017-12-31T06:20:56Z,-34.63968333,148.66528333,2290.00,,,,,,
15913,2017-12-31T06:20:57Z,-34.63988333,148.66525000,2288.00,,,,,,
15914,2017-12-31T06:20:58Z,-34.64008333,148.66520000,2286.00,,,,,,
15915,2017-12-31T06:20:59Z,-34.64028333,148.66513333,2285.00,,,,,,
15916,2017-12-31T06:21:00Z,-34.64046667,148.66508333,2283.00,,,,,,
15917,2017-12-31T06:21:01Z,-34.64065000,148.66503333,2279.00,,,,,,
15918,2017-12-31T06:21:02Z,-34.64083333,148.66496667,2277.00,,,,,,
15919,2017-12-31T06:21:03Z,-34.64101667,148.66491667,2275.00,,,,,,
15920,2017-12-31T06:21:04Z,-34.64121667,148.66483333,2273.00,,,,,,
15921,2017-12-31T06:21:05Z,-34.64138333,148.66476667,2273.00,,,,,,
15922,2017-12-31T06:21:06Z,-34.64158333,148.66470000,2274.00,,,,,,
15923,2017-12-31T06:21:07Z,-34.64176667,148.66463333,2275.00,,,,,,
15924,2017-12-31T06:21:08Z,-34.64195000,148.66456667,2274.00,,,,,,
15925,2017-12-31T06:21:09Z,-34.64211667,148.66451667,2270.00,,,,,,
15926,2017-12-31T06:21:10Z,-34.64230000,148.66445000,2268.00,,,,,,
15927,2017-12-31T06:21:11Z,-34.64248333,148.66440000,2266.00,,,,,,
15928,2017-12-31T06:21:12Z,-34.64268333,148.66433333,2265.00,,,,,,
15929,2017-12-31T06:21:13Z,-34.64286667,148.66426667,2264.00,,,,,,
15930,2017-12-31T06:21:14Z,-34.64305000,148.66420000,2261.00,,,,,,
15931,2017-12-31T06:21:15Z,-34.64325000,148.66415000,2260.00,,,,,,
15932,2017-12-31T06:21:16Z,-34.64343333,148.66408333,2258.00,,,,,,
15933,2017-12-31T06:21:17Z,-34.64363333,148.66405000,2256.00,,,,,,
15934,2017-12-31T06:21:18Z,-34.64383333,148.66398333,2253.00,,,,,,
15935,2017-12-31T06:21:19Z,-34.64403333,148.66393333,2249.00,,,,,,
15936,2017-12-31T06:21:20Z,-34.64425000,148.66388333,2248.00,,,,,,
15937,2017-12-31T06:21:21Z,-34.64445000,148.66381667,2248.00,,,,,,
15938,2017-12-31T06:21:22Z,-34.64466667,148.66375000,2247.00,,,,,,
15939,2017-12-31T06:21:23Z,-34.64486667,148.66366667,2245.00,,,,,,
15940,2017-12-31T06:21:24Z,-34.64508333,148.66358333,2244.00,,,,,,
15941,2017-12-31T06:21:25Z,-34.64528333,148.66350000,2243.00,,,,,,
15942,2017-12-31T06:21:26Z,-34.64548333,148.66341667,2243.00,,,,,,
15943,2017-12-31T06:21:27Z,-34.64566667,148.66331667,2243.00,,,,,,
15944,2017-12-31T06:21:28Z,-34.64586667,148.66321667,2244.00,,,,,,
15945,2017-12-31T06:21:29Z,-34.64605000,148.66313333,2245.00,,,,,,
15946,2017-12-31T06:21:30Z,-34.64621667,148.66303333,2244.00,,,,,,
15947,2017-12-31T06:21:31Z,-34.64640000,148.66295000,2242.00,,,,,,
15948,2017-12-31T06:21:32Z,-34.64658333,148.66286667,2240.00,,,,,,
15949,2017-12-31T06:21:33Z,-34.64676667,148.66280000,2238.00,,,,,,
15950,2017-12-31T06:21:34Z,-34.64695000,148.66271667,2239.00,,,,,,
15951,2017-12-31T06:21:35Z,-34.64713333,148.66265000,2240.00,,,,,,
15952,2017-12-31T06:21:36Z,-34.64731667,148.66260000,2239.00,,,,,,
15953,2017-12-31T06:21:37Z,-34.64748333,148.66253333,2237.00,,,,,,
15954,2017-12-31T06:21:38Z,-34.64766667,148.66246667,2237.00,,,,,,
15955,2017-12-31T06:21:39Z,-34.64785000,148.66241667,2237.00,,,,,,
15956,2017-12-31T06:21:40Z,-34.64801667,148.66235000,2236.00,,,,,,
15957,2017-12-31T06:21:41Z,-34.64820000,148.66228333,2235.00,,,,,,
15958,2017-12-31T06:21:42Z,-34.64838333,148.66221667,2235.00,,,,,,
15959,2017-12-31T06:21:43Z,-34.64855000,148.66216667,2236.00,,,,,,
15960,2017-12-31T06:21:44Z,-34.64873333,148.66210000,2232.00,,,,,,
15961,2017-12-31T06:21:45Z,-34.64891667,148.66203333,2230.00,,,,,,
15962,2017-12-31T06:21:46Z,-34.64911667,148.66195000,2229.00,,,,,,
15963,2017-12-31T06:21:47Z,-34.64930000,148.66188333,2230.00,,,,,,
15964,2017-12-31T06:21:48Z,-34.64950000,148.66181667,2231.00,,,,,,
15965,2017-12-31T06:21:49Z,-34.64970000,148.66173333,2232.00,,,,,,
15966,2017-12-31T06:21:50Z,-34.64988333,148.66166667,2232.00,,,,,,
15967,2017-12-31T06:21:51Z,-34.65008333,148.66160000,2231.00,,,,,,
15968,2017-12-31T06:21:52Z,-34.65026667,148.66155000,2231.00,,,,,,
15969,2017-12-31T06:21:53Z,-34.65045000,148.66150000,2230.00,,,,,,
15970,2017-12-31T06:21:54Z,-34.65063333,148.66145000,2229.00,,,,,,
15971,2017-12-31T06:21:55Z,-34.65083333,148.66141667,2229.00,,,,,,
15972,2017-12-31T06:21:56Z,-34.65101667,148.66136667,2228.00,,,,,,
15973,2017-12-31T06:21:57Z,-34.65120000,148.66133333,2228.00,,,,,,
15974,2017-12-31T06:21:58Z,-34.65136667,148.66128333,2227.00,,,,,,
15975,2017-12-31T06:21:59Z,-34.65155000,148.66125000,2225.00,,,,,,
15976,2017-12-31T06:22:00Z,-34.65175000,148.66120000,2223.00,,,,,,
15977,2017-12-31T06:22:01Z,-34.65193333,148.66113333,2220.00,,,,,,
15978,2017-12-31T06:22:02Z,-34.65211667,148.66106667,2219.00,,,,,,
15979,2017-12-31T06:22:03Z,-34.65231667,148.66100000,2219.00,,,,,,
15980,2017-12-31T06:22:04Z,-34.65251667,148.66093333,2217.00,,,,,,
15981,2017-12-31T06:22:05Z,-34.65270000,148.66085000,2215.00,,,,,,
15982,2017-12-31T06:22:06Z,-34.65288333,148.66078333,2214.00,,,,,,
15983,2017-12-31T06:22:07Z,-34.65308333,148.66070000,2212.00,,,,,,
15984,2017-12-31T06:22:08Z,-34.65326667,148.66061667,2210.00,,,,,,
15985,2017-12-31T06:22:09Z,-34.65345000,148.66051667,2212.00,,,,,,
15986,2017-12-31T06:22:10Z,-34.65363333,148.66043333,2212.00,,,,,,
15987,2017-12-31T06:22:11Z,-34.65380000,148.66033333,2212.00,,,,,,
15988,2017-12-31T06:22:12Z,-34.65398333,148.66026667,2211.00,,,,,,
15989,2017-12-31T06:22:13Z,-34.65416667,148.66020000,2210.00,,,,,,
15990,2017-12-31T06:22:14Z,-34.65435000,148.66011667,2210.00,,,,,,
15991,2017-12-31T06:22:15Z,-34.65453333,148.66005000,2211.00,,,,,,
15992,2017-12-31T06:22:16Z,-34.65470000,148.65998333,2211.00,,,,,,
15993,2017-12-31T06:22:17Z,-34.65488333,148.65991667,2210.00,,,,,,
15994,2017-12-31T06:22:18Z,-34.65505000,148.65985000,2209.00,,,,,,
15995,2017-12-31T06:22:19Z,-34.65521667,148.65978333,2209.00,,,,,,
15996,2017-12-31T06:22:20Z,-34.65538333,148.65971667,2209.00,,,,,,
15997,2017-12-31T06:22:21Z,-34.65555000,148.65966667,2208.00,,,,,,
15998,2017-12-31T06:22:22Z,-34.65571667,148.65960000,2207.00,,,,,,
15999,2017-12-31T06:22:23Z,-34.65586667,148.65955000,2204.00,,,,,,
16000,2017-12-31T06:22:24Z,-34.65603333,148.65948333,2202.00,,,,,,
16001,2017-12-31T06:22:25Z,-34.65620000,148.65941667,2201.00,,,,,,
16002,2017-12-31T06:22:26Z,-34.65636667,148.65935000,2198.00,,,,,,
16003,2017-12-31T06:22:27Z,-34.65653333,148.65928333,2196.00,,,,,,
16004,2017-12-31T06:22:28Z,-34.65671667,148.65921667,2196.00,,,,,,
16005,2017-12-31T06:22:29Z,-34.65690000,148.65916667,2196.00,,,,,,
16006,2017-12-31T06:22:30Z,-34.65706667,148.65911667,2196.00,,,,,,
16007,2017-12-31T06:22:31Z,-34.65725000,148.65905000,2196.00,,,,,,
16008,2017-12-31T06:22:32Z,-34.65741667,148.65900000,2196.00,,,,,,
16009,2017-12-31T06:22:33Z,-34.65758333,148.65895000,2195.00,,,,,,
16010,2017-12-31T06:22:34Z,-34.65773333,148.65890000,2193.00,,,,,,
16011,2017-12-31T06:22:35Z,-34.65790000,148.65885000,2193.00,,,,,,
16012,2017-12-31T06:22:36Z,-34.65808333,148.65880000,2192.00,,,,,,
16013,2017-12-31T06:22:37Z,-34.65823333,148.65876667,2191.00,,,,,,
16014,2017-12-31T06:22:38Z,-34.65840000,148.65871667,2189.00,,,,,,
16015,2017-12-31T06:22:39Z,-34.65855000,148.65866667,2188.00,,,,,,
16016,2017-12-31T06:22:40Z,-34.65870000,148.65861667,2187.00,,,,,,
16017,2017-12-31T06:22:41Z,-34.65886667,148.65856667,2186.00,,,,,,
16018,2017-12-31T06:22:42Z,-34.65900000,148.65853333,2184.00,,,,,,
16019,2017-12-31T06:22:43Z,-34.65916667,148.65848333,2180.00,,,,,,
16020,2017-12-31T06:22:44Z,-34.65933333,148.65845000,2176.00,,,,,,
16021,2017-12-31T06:22:45Z,-34.65950000,148.65840000,2175.00,,,,,,
16022,2017-12-31T06:22:46Z,-34.65966667,148.65835000,2174.00,,,,,,
16023,2017-12-31T06:22:47Z,-34.65983333,148.65830000,2174.00,,,,,,
16024,2017-12-31T06:22:48Z,-34.66001667,148.65825000,2172.00,,,,,,
16025,2017-12-31T06:22:49Z,-34.66018333,148.65818333,2171.00,,,,,,
16026,2017-12-31T06:22:50Z,-34.66033333,148.65813333,2171.00,,,,,,
16027,2017-12-31T06:22:51Z,-34.66050000,148.65806667,2171.00,,,,,,
16028,2017-12-31T06:22:52Z,-34.66065000,148.65800000,2170.00,,,,,,
16029,2017-12-31T06:22:53Z,-34.66081667,148.65795000,2167.00,,,,,,
16030,2017-12-31T06:22:54Z,-34.66096667,148.65790000,2164.00,,,,,,
16031,2017-12-31T06:22:55Z,-34.66113333,148.65783333,2161.00,,,,,,
16032,2017-12-31T06:22:56Z,-34.66130000,148.65778333,2158.00,,,,,,
16033,2017-12-31T06:22:57Z,-34.66146667,148.65771667,2155.00,,,,,,
16034,2017-12-31T06:22:58Z,-34.66163333,148.65766667,2152.00,,,,,,
16035,2017-12-31T06:22:59Z,-34.66178333,148.65761667,2148.00,,,,,,
16036,2017-12-31T06:23:00Z,-34.66195000,148.65755000,2146.00,,,,,,
16037,2017-12-31T06:23:01Z,-34.66211667,148.65748333,2143.00,,,,,,
16038,2017-12-31T06:23:02Z,-34.66228333,148.65741667,2141.00,,,,,,
16039,2017-12-31T06:23:03Z,-34.66245000,148.65735000,2139.00,,,,,,
16040,2017-12-31T06:23:04Z,-34.66261667,148.65730000,2135.00,,,,,,
16041,2017-12-31T06:23:05Z,-34.66278333,148.65723333,2132.00,,,,,,
16042,2017-12-31T06:23:06Z,-34.66295000,148.65718333,2128.00,,,,,,
16043,2017-12-31T06:23:07Z,-34.66311667,148.65715000,2125.00,,,,,,
16044,2017-12-31T06:23:08Z,-34.66328333,148.65710000,2122.00,,,,,,
16045,2017-12-31T06:23:09Z,-34.66343333,148.65706667,2119.00,,,,,,
16046,2017-12-31T06:23:10Z,-34.66360000,148.65701667,2116.00,,,,,,
16047,2017-12-31T06:23:11Z,-34.66376667,148.65696667,2111.00,,,,,,
16048,2017-12-31T06:23:12Z,-34.66393333,148.65690000,2107.00,,,,,,
16049,2017-12-31T06:23:13Z,-34.66408333,148.65683333,2105.00,,,,,,
16050,2017-12-31T06:23:14Z,-34.66425000,148.65675000,2104.00,,,,,,
16051,2017-12-31T06:23:15Z,-34.66440000,148.65666667,2103.00,,,,,,
16052,2017-12-31T06:23:16Z,-34.66456667,148.65658333,2103.00,,,,,,
16053,2017-12-31T06:23:17Z,-34.66471667,148.65650000,2103.00,,,,,,
16054,2017-12-31T06:23:18Z,-34.66486667,148.65643333,2102.00,,,,,,
16055,2017-12-31T06:23:19Z,-34.66501667,148.65638333,2099.00,,,,,,
16056,2017-12-31T06:23:20Z,-34.66516667,148.65635000,2097.00,,,,,,
16057,2017-12-31T06:23:21Z,-34.66531667,148.65631667,2093.00,,,,,,
16058,2017-12-31T06:23:22Z,-34.66546667,148.65630000,2089.00,,,,,,
16059,2017-12-31T06:23:23Z,-34.66561667,148.65628333,2086.00,,,,,,
16060,2017-12-31T06:23:24Z,-34.66576667,148.65626667,2081.00,,,,,,
16061,2017-12-31T06:23:25Z,-34.66593333,148.65625000,2076.00,,,,,,
16062,2017-12-31T06:23:26Z,-34.66608333,148.65623333,2072.00,,,,,,
16063,2017-12-31T06:23:27Z,-34.66623333,148.65620000,2067.00,,,,,,
16064,2017-12-31T06:23:28Z,-34.66640000,148.65618333,2062.00,,,,,,
16065,2017-12-31T06:23:29Z,-34.66655000,148.65615000,2056.00,,,,,,
16066,2017-12-31T06:23:30Z,-34.66670000,148.65613333,2056.00,,,,,,
16067,2017-12-31T06:23:31Z,-34.66686667,148.65611667,2055.00,,,,,,
16068,2017-12-31T06:23:32Z,-34.66701667,148.65610000,2053.00,,,,,,
16069,2017-12-31T06:23:33Z,-34.66718333,148.65608333,2051.00,,,,,,
16070,2017-12-31T06:23:34Z,-34.66733333,148.65608333,2047.00,,,,,,
16071,2017-12-31T06:23:35Z,-34.66748333,148.65606667,2044.00,,,,,,
16072,2017-12-31T06:23:36Z,-34.66763333,148.65605000,2042.00,,,,,,
16073,2017-12-31T06:23:37Z,-34.66778333,148.65601667,2041.00,,,,,,
16074,2017-12-31T06:23:38Z,-34.66791667,148.65598333,2039.00,,,,,,
16075,2017-12-31T06:23:39Z,-34.66806667,148.65595000,2038.00,,,,,,
16076,2017-12-31T06:23:40Z,-34.66820000,148.65593333,2038.00,,,,,,
16077,2017-12-31T06:23:41Z,-34.66833333,148.65590000,2037.00,,,,,,
16078,2017-12-31T06:23:42Z,-34.66846667,148.65586667,2034.00,,,,,,
16079,2017-12-31T06:23:43Z,-34.66860000,148.65585000,2030.00,,,,,,
16080,2017-12-31T06:23:44Z,-34.66873333,148.65581667,2028.00,,,,,,
16081,2017-12-31T06:23:45Z,-34.66886667,148.65580000,2027.00,,,,,,
16082,2017-12-31T06:23:46Z,-34.66901667,148.65578333,2024.00,,,,,,
16083,2017-12-31T06:23:47Z,-34.66916667,148.65576667,2021.00,,,,,,
16084,2017-12-31T06:23:48Z,-34.66931667,148.65575000,2019.00,,,,,,
16085,2017-12-31T06:23:49Z,-34.66946667,148.65573333,2017.00,,,,,,
16086,2017-12-31T06:23:50Z,-34.66961667,148.65571667,2015.00,,,,,,
16087,2017-12-31T06:23:51Z,-34.66978333,148.65570000,2014.00,,,,,,
16088,2017-12-31T06:23:52Z,-34.66993333,148.65568333,2013.00,,,,,,
16089,2017-12-31T06:23:53Z,-34.67006667,148.65565000,2014.00,,,,,,
16090,2017-12-31T06:23:54Z,-34.67020000,148.65563333,2012.00,,,,,,
16091,2017-12-31T06:23:55Z,-34.67033333,148.65561667,2009.00,,,,,,
16092,2017-12-31T06:23:56Z,-34.67046667,148.65561667,2005.00,,,,,,
16093,2017-12-31T06:23:57Z,-34.67060000,148.65560000,2001.00,,,,,,
16094,2017-12-31T06:23:58Z,-34.67075000,148.65556667,1998.00,,,,,,
16095,2017-12-31T06:23:59Z,-34.67090000,148.65555000,1997.00,,,,,,
16096,2017-12-31T06:24:00Z,-34.67105000,148.65551667,1996.00,,,,,,
16097,2017-12-31T06:24:01Z,-34.67120000,148.65550000,1996.00,,,,,,
16098,2017-12-31T06:24:02Z,-34.67135000,148.65546667,1994.00,,,,,,
16099,2017-12-31T06:24:03Z,-34.67151667,148.65545000,1993.00,,,,,,
16100,2017-12-31T06:24:04Z,-34.67165000,148.65541667,1993.00,,,,,,
16101,2017-12-31T06:24:05Z,-34.67178333,148.65538333,1993.00,,,,,,
16102,2017-12-31T06:24:06Z,-34.67191667,148.65535000,1992.00,,,,,,
16103,2017-12-31T06:24:07Z,-34.67206667,148.65531667,1989.00,,,,,,
16104,2017-12-31T06:24:08Z,-34.67218333,148.65528333,1990.00,,,,,,
16105,2017-12-31T06:24:09Z,-34.67230000,148.65525000,1993.00,,,,,,
16106,2017-12-31T06:24:10Z,-34.67241667,148.65521667,1994.00,,,,,,
16107,2017-12-31T06:24:11Z,-34.67253333,148.65520000,1996.00,,,,,,
16108,2017-12-31T06:24:12Z,-34.67265000,148.65518333,1994.00,,,,,,
16109,2017-12-31T06:24:13Z,-34.67276667,148.65518333,1989.00,,,,,,
16110,2017-12-31T06:24:14Z,-34.67288333,148.65516667,1987.00,,,,,,
16111,2017-12-31T06:24:15Z,-34.67303333,148.65515000,1984.00,,,,,,
16112,2017-12-31T06:24:16Z,-34.67315000,148.65513333,1983.00,,,,,,
16113,2017-12-31T06:24:17Z,-34.67328333,148.65510000,1984.00,,,,,,
16114,2017-12-31T06:24:18Z,-34.67340000,148.65506667,1984.00,,,,,,
16115,2017-12-31T06:24:19Z,-34.67351667,148.65505000,1982.00,,,,,,
16116,2017-12-31T06:24:20Z,-34.67363333,148.65501667,1980.00,,,,,,
16117,2017-12-31T06:24:21Z,-34.67375000,148.65498333,1979.00,,,,,,
16118,2017-12-31T06:24:22Z,-34.67385000,148.65493333,1978.00,,,,,,
16119,2017-12-31T06:24:23Z,-34.67396667,148.65488333,1978.00,,,,,,
16120,2017-12-31T06:24:24Z,-34.67408333,148.65483333,1978.00,,,,,,
16121,2017-12-31T06:24:25Z,-34.67420000,148.65480000,1978.00,,,,,,
16122,2017-12-31T06:24:26Z,-34.67431667,148.65476667,1976.00,,,,,,
16123,2017-12-31T06:24:27Z,-34.67443333,148.65473333,1973.00,,,,,,
16124,2017-12-31T06:24:28Z,-34.67455000,148.65470000,1972.00,,,,,,
16125,2017-12-31T06:24:29Z,-34.67466667,148.65466667,1969.00,,,,,,
16126,2017-12-31T06:24:30Z,-34.67478333,148.65463333,1968.00,,,,,,
16127,2017-12-31T06:24:31Z,-34.67491667,148.65460000,1966.00,,,,,,
16128,2017-12-31T06:24:32Z,-34.67503333,148.65456667,1965.00,,,,,,
16129,2017-12-31T06:24:33Z,-34.67516667,148.65453333,1964.00,,,,,,
16130,2017-12-31T06:24:34Z,-34.67528333,148.65450000,1963.00,,,,,,
16131,2017-12-31T06:24:35Z,-34.67541667,148.65446667,1962.00,,,,,,
16132,2017-12-31T06:24:36Z,-34.67555000,148.65445000,1960.00,,,,,,
16133,2017-12-31T06:24:37Z,-34.67568333,148.65443333,1959.00,,,,,,
16134,2017-12-31T06:24:38Z,-34.67583333,148.65441667,1960.00,,,,,,
16135,2017-12-31T06:24:39Z,-34.67598333,148.65440000,1959.00,,,,,,
16136,2017-12-31T06:24:40Z,-34.67611667,148.65438333,1960.00,,,,,,
16137,2017-12-31T06:24:41Z,-34.67625000,148.65436667,1962.00,,,,,,
16138,2017-12-31T06:24:42Z,-34.67638333,148.65433333,1962.00,,,,,,
16139,2017-12-31T06:24:43Z,-34.67651667,148.65430000,1961.00,,,,,,
16140,2017-12-31T06:24:44Z,-34.67663333,148.65426667,1962.00,,,,,,
16141,2017-12-31T06:24:45Z,-34.67675000,148.65421667,1962.00,,,,,,
16142,2017-12-31T06:24:46Z,-34.67685000,148.65416667,1961.00,,,,,,
16143,2017-12-31T06:24:47Z,-34.67696667,148.65410000,1961.00,,,,,,
16144,2017-12-31T06:24:48Z,-34.67706667,148.65403333,1963.00,,,,,,
16145,2017-12-31T06:24:49Z,-34.67716667,148.65395000,1966.00,,,,,,
16146,2017-12-31T06:24:50Z,-34.67728333,148.65388333,1966.00,,,,,,
16147,2017-12-31T06:24:51Z,-34.67740000,148.65381667,1965.00,,,,,,
16148,2017-12-31T06:24:52Z,-34.67751667,148.65376667,1964.00,,,,,,
16149,2017-12-31T06:24:53Z,-34.67763333,148.65370000,1961.00,,,,,,
16150,2017-12-31T06:24:54Z,-34.67775000,148.65365000,1956.00,,,,,,
16151,2017-12-31T06:24:55Z,-34.67788333,148.65358333,1956.00,,,,,,
16152,2017-12-31T06:24:56Z,-34.67801667,148.65351667,1956.00,,,,,,
16153,2017-12-31T06:24:57Z,-34.67815000,148.65345000,1956.00,,,,,,
16154,2017-12-31T06:24:58Z,-34.67828333,148.65338333,1955.00,,,,,,
16155,2017-12-31T06:24:59Z,-34.67843333,148.65333333,1954.00,,,,,,
16156,2017-12-31T06:25:00Z,-34.67856667,148.65328333,1955.00,,,,,,
16157,2017-12-31T06:25:01Z,-34.67873333,148.65325000,1957.00,,,,,,
16158,2017-12-31T06:25:02Z,-34.67886667,148.65321667,1960.00,,,,,,
16159,2017-12-31T06:25:03Z,-34.67901667,148.65318333,1961.00,,,,,,
16160,2017-12-31T06:25:04Z,-34.67915000,148.65316667,1962.00,,,,,,
16161,2017-12-31T06:25:05Z,-34.67926667,148.65313333,1962.00,,,,,,
16162,2017-12-31T06:25:06Z,-34.67940000,148.65310000,1963.00,,,,,,
16163,2017-12-31T06:25:07Z,-34.67951667,148.65305000,1962.00,,,,,,
16164,2017-12-31T06:25:08Z,-34.67963333,148.65301667,1959.00,,,,,,
16165,2017-12-31T06:25:09Z,-34.67973333,148.65298333,1954.00,,,,,,
16166,2017-12-31T06:25:10Z,-34.67986667,148.65295000,1953.00,,,,,,
16167,2017-12-31T06:25:11Z,-34.67998333,148.65288333,1953.00,,,,,,
16168,2017-12-31T06:25:12Z,-34.68011667,148.65283333,1954.00,,,,,,
16169,2017-12-31T06:25:13Z,-34.68023333,148.65278333,1952.00,,,,,,
16170,2017-12-31T06:25:14Z,-34.68036667,148.65273333,1948.00,,,,,,
16171,2017-12-31T06:25:15Z,-34.68050000,148.65268333,1947.00,,,,,,
16172,2017-12-31T06:25:16Z,-34.68063333,148.65263333,1943.00,,,,,,
16173,2017-12-31T06:25:17Z,-34.68078333,148.65260000,1939.00,,,,,,
16174,2017-12-31T06:25:18Z,-34.68093333,148.65255000,1939.00,,,,,,
16175,2017-12-31T06:25:19Z,-34.68108333,148.65250000,1943.00,,,,,,
16176,2017-12-31T06:25:20Z,-34.68120000,148.65245000,1944.00,,,,,,
16177,2017-12-31T06:25:21Z,-34.68133333,148.65240000,1945.00,,,,,,
16178,2017-12-31T06:25:22Z,-34.68146667,148.65233333,1943.00,,,,,,
16179,2017-12-31T06:25:23Z,-34.68160000,148.65228333,1942.00,,,,,,
16180,2017-12-31T06:25:24Z,-34.68171667,148.65218333,1946.00,,,,,,
16181,2017-12-31T06:25:25Z,-34.68181667,148.65210000,1949.00,,,,,,
16182,2017-12-31T06:25:26Z,-34.68191667,148.65200000,1951.00,,,,,,
16183,2017-12-31T06:25:27Z,-34.68201667,148.65193333,1950.00,,,,,,
16184,2017-12-31T06:25:28Z,-34.68213333,148.65186667,1950.00,,,,,,
16185,2017-12-31T06:25:29Z,-34.68226667,148.65181667,1951.00,,,,,,
16186,2017-12-31T06:25:30Z,-34.68240000,148.65175000,1952.00,,,,,,
16187,2017-12-31T06:25:31Z,-34.68253333,148.65170000,1954.00,,,,,,
16188,2017-12-31T06:25:32Z,-34.68266667,148.65165000,1955.00,,,,,,
16189,2017-12-31T06:25:33Z,-34.68278333,148.65161667,1956.00,,,,,,
16190,2017-12-31T06:25:34Z,-34.68291667,148.65158333,1956.00,,,,,,
16191,2017-12-31T06:25:35Z,-34.68303333,148.65155000,1956.00,,,,,,
16192,2017-12-31T06:25:36Z,-34.68315000,148.65151667,1954.00,,,,,,
16193,2017-12-31T06:25:37Z,-34.68326667,148.65148333,1953.00,,,,,,
16194,2017-12-31T06:25:38Z,-34.68338333,148.65143333,1949.00,,,,,,
16195,2017-12-31T06:25:39Z,-34.68351667,148.65138333,1945.00,,,,,,
16196,2017-12-31T06:25:40Z,-34.68363333,148.65130000,1944.00,,,,,,
16197,2017-12-31T06:25:41Z,-34.68376667,148.65123333,1945.00,,,,,,
16198,2017-12-31T06:25:42Z,-34.68388333,148.65116667,1946.00,,,,,,
16199,2017-12-31T06:25:43Z,-34.68401667,148.65110000,1946.00,,,,,,
16200,2017-12-31T06:25:44Z,-34.68413333,148.65105000,1945.00,,,,,,
16201,2017-12-31T06:25:45Z,-34.68426667,148.65100000,1945.00,,,,,,
16202,2017-12-31T06:25:46Z,-34.68440000,148.65096667,1946.00,,,,,,
16203,2017-12-31T06:25:47Z,-34.68453333,148.65093333,1946.00,,,,,,
16204,2017-12-31T06:25:48Z,-34.68465000,148.65090000,1947.00,,,,,,
16205,2017-12-31T06:25:49Z,-34.68478333,148.65088333,1946.00,,,,,,
16206,2017-12-31T06:25:50Z,-34.68490000,148.65085000,1945.00,,,,,,
16207,2017-12-31T06:25:51Z,-34.68501667,148.65083333,1943.00,,,,,,
16208,2017-12-31T06:25:52Z,-34.68513333,148.65080000,1942.00,,,,,,
16209,2017-12-31T06:25:53Z,-34.68526667,148.65078333,1940.00,,,,,,
16210,2017-12-31T06:25:54Z,-34.68540000,148.65075000,1941.00,,,,,,
16211,2017-12-31T06:25:55Z,-34.68555000,148.65073333,1941.00,,,,,,
16212,2017-12-31T06:25:56Z,-34.68568333,148.65071667,1943.00,,,,,,
16213,2017-12-31T06:25:57Z,-34.68581667,148.65071667,1943.00,,,,,,
16214,2017-12-31T06:25:58Z,-34.68595000,148.65071667,1942.00,,,,,,
16215,2017-12-31T06:25:59Z,-34.68606667,148.65071667,1941.00,,,,,,
16216,2017-12-31T06:26:00Z,-34.68620000,148.65071667,1939.00,,,,,,
16217,2017-12-31T06:26:01Z,-34.68631667,148.65071667,1937.00,,,,,,
16218,2017-12-31T06:26:02Z,-34.68645000,148.65071667,1938.00,,,,,,
16219,2017-12-31T06:26:03Z,-34.68660000,148.65071667,1938.00,,,,,,
16220,2017-12-31T06:26:04Z,-34.68673333,148.65070000,1936.00,,,,,,
16221,2017-12-31T06:26:05Z,-34.68686667,148.65068333,1935.00,,,,,,
16222,2017-12-31T06:26:06Z,-34.68701667,148.65066667,1935.00,,,,,,
16223,2017-12-31T06:26:07Z,-34.68715000,148.65063333,1935.00,,,,,,
16224,2017-12-31T06:26:08Z,-34.68728333,148.65060000,1936.00,,,,,,
16225,2017-12-31T06:26:09Z,-34.68741667,148.65058333,1937.00,,,,,,
16226,2017-12-31T06:26:10Z,-34.68755000,148.65056667,1936.00,,,,,,
16227,2017-12-31T06:26:11Z,-34.68768333,148.65056667,1936.00,,,,,,
16228,2017-12-31T06:26:12Z,-34.68781667,148.65055000,1935.00,,,,,,
16229,2017-12-31T06:26:13Z,-34.68795000,148.65055000,1934.00,,,,,,
16230,2017-12-31T06:26:14Z,-34.68810000,148.65053333,1934.00,,,,,,
16231,2017-12-31T06:26:15Z,-34.68825000,148.65051667,1934.00,,,,,,
16232,2017-12-31T06:26:16Z,-34.68840000,148.65050000,1935.00,,,,,,
16233,2017-12-31T06:26:17Z,-34.68855000,148.65050000,1934.00,,,,,,
16234,2017-12-31T06:26:18Z,-34.68871667,148.65046667,1934.00,,,,,,
16235,2017-12-31T06:26:19Z,-34.68886667,148.65045000,1934.00,,,,,,
16236,2017-12-31T06:26:20Z,-34.68903333,148.65041667,1935.00,,,,,,
16237,2017-12-31T06:26:21Z,-34.68918333,148.65040000,1935.00,,,,,,
16238,2017-12-31T06:26:22Z,-34.68935000,148.65036667,1935.00,,,,,,
16239,2017-12-31T06:26:23Z,-34.68950000,148.65033333,1935.00,,,,,,
16240,2017-12-31T06:26:24Z,-34.68965000,148.65030000,1934.00,,,,,,
16241,2017-12-31T06:26:25Z,-34.68980000,148.65026667,1934.00,,,,,,
16242,2017-12-31T06:26:26Z,-34.68995000,148.65023333,1933.00,,,,,,
16243,2017-12-31T06:26:27Z,-34.69010000,148.65020000,1932.00,,,,,,
16244,2017-12-31T06:26:28Z,-34.69025000,148.65018333,1932.00,,,,,,
16245,2017-12-31T06:26:29Z,-34.69040000,148.65016667,1929.00,,,,,,
16246,2017-12-31T06:26:30Z,-34.69058333,148.65013333,1926.00,,,,,,
16247,2017-12-31T06:26:31Z,-34.69075000,148.65011667,1921.00,,,,,,
16248,2017-12-31T06:26:32Z,-34.69091667,148.65010000,1919.00,,,,,,
16249,2017-12-31T06:26:33Z,-34.69108333,148.65008333,1918.00,,,,,,
16250,2017-12-31T06:26:34Z,-34.69123333,148.65005000,1917.00,,,,,,
16251,2017-12-31T06:26:35Z,-34.69140000,148.65003333,1915.00,,,,,,
16252,2017-12-31T06:26:36Z,-34.69155000,148.65001667,1913.00,,,,,,
16253,2017-12-31T06:26:37Z,-34.69171667,148.64998333,1910.00,,,,,,
16254,2017-12-31T06:26:38Z,-34.69188333,148.64996667,1909.00,,,,,,
16255,2017-12-31T06:26:39Z,-34.69205000,148.64995000,1908.00,,,,,,
16256,2017-12-31T06:26:40Z,-34.69223333,148.64995000,1907.00,,,,,,
16257,2017-12-31T06:26:41Z,-34.69240000,148.64993333,1906.00,,,,,,
16258,2017-12-31T06:26:42Z,-34.69258333,148.64993333,1905.00,,,,,,
16259,2017-12-31T06:26:43Z,-34.69273333,148.64993333,1904.00,,,,,,
16260,2017-12-31T06:26:44Z,-34.69290000,148.64993333,1902.00,,,,,,
16261,2017-12-31T06:26:45Z,-34.69306667,148.64993333,1900.00,,,,,,
16262,2017-12-31T06:26:46Z,-34.69323333,148.64991667,1899.00,,,,,,
16263,2017-12-31T06:26:47Z,-34.69340000,148.64991667,1897.00,,,,,,
16264,2017-12-31T06:26:48Z,-34.69356667,148.64991667,1897.00,,,,,,
16265,2017-12-31T06:26:49Z,-34.69371667,148.64991667,1898.00,,,,,,
16266,2017-12-31T06:26:50Z,-34.69388333,148.64993333,1897.00,,,,,,
16267,2017-12-31T06:26:51Z,-34.69403333,148.64993333,1895.00,,,,,,
16268,2017-12-31T06:26:52Z,-34.69420000,148.64991667,1893.00,,,,,,
16269,2017-12-31T06:26:53Z,-34.69435000,148.64990000,1894.00,,,,,,
16270,2017-12-31T06:26:54Z,-34.69451667,148.64988333,1891.00,,,,,,
16271,2017-12-31T06:26:55Z,-34.69468333,148.64985000,1890.00,,,,,,
16272,2017-12-31T06:26:56Z,-34.69485000,148.64981667,1891.00,,,,,,
16273,2017-12-31T06:26:57Z,-34.69500000,148.64978333,1894.00,,,,,,
16274,2017-12-31T06:26:58Z,-34.69515000,148.64973333,1896.00,,,,,,
16275,2017-12-31T06:26:59Z,-34.69530000,148.64968333,1897.00,,,,,,
16276,2017-12-31T06:27:00Z,-34.69545000,148.64966667,1896.00,,,,,,
16277,2017-12-31T06:27:01Z,-34.69558333,148.64963333,1893.00,,,,,,
16278,2017-12-31T06:27:02Z,-34.69571667,148.64960000,1891.00,,,,,,
16279,2017-12-31T06:27:03Z,-34.69583333,148.64958333,1888.00,,,,,,
16280,2017-12-31T06:27:04Z,-34.69596667,148.64955000,1884.00,,,,,,
16281,2017-12-31T06:27:05Z,-34.69610000,148.64953333,1880.00,,,,,,
16282,2017-12-31T06:27:06Z,-34.69623333,148.64951667,1875.00,,,,,,
16283,2017-12-31T06:27:07Z,-34.69638333,148.64950000,1869.00,,,,,,
16284,2017-12-31T06:27:08Z,-34.69651667,148.64948333,1867.00,,,,,,
16285,2017-12-31T06:27:09Z,-34.69668333,148.64946667,1860.00,,,,,,
16286,2017-12-31T06:27:10Z,-34.69685000,148.64945000,1856.00,,,,,,
16287,2017-12-31T06:27:11Z,-34.69703333,148.64943333,1856.00,,,,,,
16288,2017-12-31T06:27:12Z,-34.69723333,148.64945000,1858.00,,,,,,
16289,2017-12-31T06:27:13Z,-34.69741667,148.64946667,1855.00,,,,,,
16290,2017-12-31T06:27:14Z,-34.69760000,148.64948333,1853.00,,,,,,
16291,2017-12-31T06:27:15Z,-34.69776667,148.64948333,1853.00,,,,,,
16292,2017-12-31T06:27:16Z,-34.69795000,148.64948333,1855.00,,,,,,
16293,2017-12-31T06:27:17Z,-34.69811667,148.64946667,1855.00,,,,,,
16294,2017-12-31T06:27:18Z,-34.69828333,148.64945000,1855.00,,,,,,
16295,2017-12-31T06:27:19Z,-34.69843333,148.64943333,1857.00,,,,,,
16296,2017-12-31T06:27:20Z,-34.69858333,148.64943333,1858.00,,,,,,
16297,2017-12-31T06:27:21Z,-34.69871667,148.64941667,1858.00,,,,,,
16298,2017-12-31T06:27:22Z,-34.69886667,148.64938333,1860.00,,,,,,
16299,2017-12-31T06:27:23Z,-34.69901667,148.64936667,1861.00,,,,,,
16300,2017-12-31T06:27:24Z,-34.69915000,148.64935000,1863.00,,,,,,
16301,2017-12-31T06:27:25Z,-34.69925000,148.64933333,1866.00,,,,,,
16302,2017-12-31T06:27:26Z,-34.69936667,148.64933333,1868.00,,,,,,
16303,2017-12-31T06:27:27Z,-34.69948333,148.64931667,1868.00,,,,,,
16304,2017-12-31T06:27:28Z,-34.69961667,148.64930000,1868.00,,,,,,
16305,2017-12-31T06:27:29Z,-34.69971667,148.64928333,1866.00,,,,,,
16306,2017-12-31T06:27:30Z,-34.69983333,148.64926667,1864.00,,,,,,
16307,2017-12-31T06:27:31Z,-34.69995000,148.64923333,1864.00,,,,,,
16308,2017-12-31T06:27:32Z,-34.70006667,148.64918333,1867.00,,,,,,
16309,2017-12-31T06:27:33Z,-34.70020000,148.64913333,1871.00,,,,,,
16310,2017-12-31T06:27:34Z,-34.70031667,148.64910000,1872.00,,,,,,
16311,2017-12-31T06:27:35Z,-34.70043333,148.64906667,1873.00,,,,,,
16312,2017-12-31T06:27:36Z,-34.70055000,148.64903333,1873.00,,,,,,
16313,2017-12-31T06:27:37Z,-34.70068333,148.64900000,1876.00,,,,,,
16314,2017-12-31T06:27:38Z,-34.70080000,148.64896667,1879.00,,,,,,
16315,2017-12-31T06:27:39Z,-34.70091667,148.64893333,1884.00,,,,,,
16316,2017-12-31T06:27:40Z,-34.70101667,148.64890000,1885.00,,,,,,
16317,2017-12-31T06:27:41Z,-34.70111667,148.64886667,1884.00,,,,,,
16318,2017-12-31T06:27:42Z,-34.70121667,148.64883333,1884.00,,,,,,
16319,2017-12-31T06:27:43Z,-34.70130000,148.64880000,1885.00,,,,,,
16320,2017-12-31T06:27:44Z,-34.70138333,148.64875000,1884.00,,,,,,
16321,2017-12-31T06:27:45Z,-34.70148333,148.64871667,1881.00,,,,,,
16322,2017-12-31T06:27:46Z,-34.70158333,148.64866667,1881.00,,,,,,
16323,2017-12-31T06:27:47Z,-34.70168333,148.64858333,1883.00,,,,,,
16324,2017-12-31T06:27:48Z,-34.70178333,148.64850000,1885.00,,,,,,
16325,2017-12-31T06:27:49Z,-34.70188333,148.64841667,1887.00,,,,,,
16326,2017-12-31T06:27:50Z,-34.70196667,148.64833333,1888.00,,,,,,
16327,2017-12-31T06:27:51Z,-34.70206667,148.64828333,1888.00,,,,,,
16328,2017-12-31T06:27:52Z,-34.70216667,148.64823333,1888.00,,,,,,
16329,2017-12-31T06:27:53Z,-34.70228333,148.64818333,1888.00,,,,,,
16330,2017-12-31T06:27:54Z,-34.70238333,148.64813333,1887.00,,,,,,
16331,2017-12-31T06:27:55Z,-34.70250000,148.64806667,1885.00,,,,,,
16332,2017-12-31T06:27:56Z,-34.70261667,148.64801667,1887.00,,,,,,
16333,2017-12-31T06:27:57Z,-34.70275000,148.64796667,1887.00,,,,,,
16334,2017-12-31T06:27:58Z,-34.70286667,148.64793333,1886.00,,,,,,
16335,2017-12-31T06:27:59Z,-34.70298333,148.64788333,1886.00,,,,,,
16336,2017-12-31T06:28:00Z,-34.70310000,148.64783333,1886.00,,,,,,
16337,2017-12-31T06:28:01Z,-34.70320000,148.64778333,1883.00,,,,,,
16338,2017-12-31T06:28:02Z,-34.70331667,148.64773333,1882.00,,,,,,
16339,2017-12-31T06:28:03Z,-34.70343333,148.64768333,1880.00,,,,,,
16340,2017-12-31T06:28:04Z,-34.70353333,148.64763333,1879.00,,,,,,
16341,2017-12-31T06:28:05Z,-34.70365000,148.64756667,1876.00,,,,,,
16342,2017-12-31T06:28:06Z,-34.70376667,148.64751667,1870.00,,,,,,
16343,2017-12-31T06:28:07Z,-34.70388333,148.64746667,1863.00,,,,,,
16344,2017-12-31T06:28:08Z,-34.70401667,148.64736667,1862.00,,,,,,
16345,2017-12-31T06:28:09Z,-34.70415000,148.64728333,1865.00,,,,,,
16346,2017-12-31T06:28:10Z,-34.70428333,148.64716667,1865.00,,,,,,
16347,2017-12-31T06:28:11Z,-34.70443333,148.64705000,1866.00,,,,,,
16348,2017-12-31T06:28:12Z,-34.70458333,148.64693333,1866.00,,,,,,
16349,2017-12-31T06:28:13Z,-34.70475000,148.64683333,1865.00,,,,,,
16350,2017-12-31T06:28:14Z,-34.70490000,148.64678333,1865.00,,,,,,
16351,2017-12-31T06:28:15Z,-34.70506667,148.64673333,1866.00,,,,,,
16352,2017-12-31T06:28:16Z,-34.70523333,148.64668333,1865.00,,,,,,
16353,2017-12-31T06:28:17Z,-34.70538333,148.64665000,1863.00,,,,,,
16354,2017-12-31T06:28:18Z,-34.70555000,148.64661667,1862.00,,,,,,
16355,2017-12-31T06:28:19Z,-34.70570000,148.64660000,1862.00,,,,,,
16356,2017-12-31T06:28:20Z,-34.70586667,148.64656667,1861.00,,,,,,
16357,2017-12-31T06:28:21Z,-34.70601667,148.64653333,1861.00,,,,,,
16358,2017-12-31T06:28:22Z,-34.70616667,148.64650000,1860.00,,,,,,
16359,2017-12-31T06:28:23Z,-34.70631667,148.64648333,1861.00,,,,,,
16360,2017-12-31T06:28:24Z,-34.70646667,148.64645000,1859.00,,,,,,
16361,2017-12-31T06:28:25Z,-34.70661667,148.64643333,1858.00,,,,,,
16362,2017-12-31T06:28:26Z,-34.70676667,148.64640000,1856.00,,,,,,
16363,2017-12-31T06:28:27Z,-34.70691667,148.64638333,1853.00,,,,,,
16364,2017-12-31T06:28:28Z,-34.70706667,148.64635000,1852.00,,,,,,
16365,2017-12-31T06:28:29Z,-34.70723333,148.64633333,1852.00,,,,,,
16366,2017-12-31T06:28:30Z,-34.70740000,148.64631667,1852.00,,,,,,
16367,2017-12-31T06:28:31Z,-34.70756667,148.64630000,1852.00,,,,,,
16368,2017-12-31T06:28:32Z,-34.70773333,148.64626667,1853.00,,,,,,
16369,2017-12-31T06:28:33Z,-34.70790000,148.64625000,1853.00,,,,,,
16370,2017-12-31T06:28:34Z,-34.70806667,148.64623333,1855.00,,,,,,
16371,2017-12-31T06:28:35Z,-34.70821667,148.64621667,1856.00,,,,,,
16372,2017-12-31T06:28:36Z,-34.70836667,148.64620000,1857.00,,,,,,
16373,2017-12-31T06:28:37Z,-34.70851667,148.64618333,1858.00,,,,,,
16374,2017-12-31T06:28:38Z,-34.70866667,148.64616667,1858.00,,,,,,
16375,2017-12-31T06:28:39Z,-34.70881667,148.64615000,1858.00,,,,,,
16376,2017-12-31T06:28:40Z,-34.70896667,148.64615000,1858.00,,,,,,
16377,2017-12-31T06:28:41Z,-34.70913333,148.64613333,1858.00,,,,,,
16378,2017-12-31T06:28:42Z,-34.70930000,148.64613333,1858.00,,,,,,
16379,2017-12-31T06:28:43Z,-34.70946667,148.64613333,1859.00,,,,,,
16380,2017-12-31T06:28:44Z,-34.70961667,148.64613333,1859.00,,,,,,
16381,2017-12-31T06:28:45Z,-34.70978333,148.64611667,1860.00,,,,,,
16382,2017-12-31T06:28:46Z,-34.70995000,148.64610000,1860.00,,,,,,
16383,2017-12-31T06:28:47Z,-34.71011667,148.64608333,1862.00,,,,,,
16384,2017-12-31T06:28:48Z,-34.71026667,148.64605000,1864.00,,,,,,
16385,2017-12-31T06:28:49Z,-34.71041667,148.64603333,1865.00,,,,,,
16386,2017-12-31T06:28:50Z,-34.71055000,148.64600000,1864.00,,,,,,
16387,2017-12-31T06:28:51Z,-34.71070000,148.64598333,1860.00,,,,,,
16388,2017-12-31T06:28:52Z,-34.71085000,148.64595000,1857.00,,,,,,
16389,2017-12-31T06:28:53Z,-34.71100000,148.64591667,1857.00,,,,,,
16390,2017-12-31T06:28:54Z,-34.71118333,148.64588333,1857.00,,,,,,
16391,2017-12-31T06:28:55Z,-34.71135000,148.64586667,1857.00,,,,,,
16392,2017-12-31T06:28:56Z,-34.71153333,148.64585000,1856.00,,,,,,
16393,2017-12-31T06:28:57Z,-34.71170000,148.64583333,1856.00,,,,,,
16394,2017-12-31T06:28:58Z,-34.71188333,148.64583333,1855.00,,,,,,
16395,2017-12-31T06:28:59Z,-34.71206667,148.64585000,1855.00,,,,,,
16396,2017-12-31T06:29:00Z,-34.71226667,148.64585000,1855.00,,,,,,
16397,2017-12-31T06:29:01Z,-34.71245000,148.64586667,1854.00,,,,,,
16398,2017-12-31T06:29:02Z,-34.71263333,148.64586667,1852.00,,,,,,
16399,2017-12-31T06:29:03Z,-34.71281667,148.64588333,1850.00,,,,,,
16400,2017-12-31T06:29:04Z,-34.71301667,148.64588333,1850.00,,,,,,
16401,2017-12-31T06:29:05Z,-34.71321667,148.64588333,1848.00,,,,,,
16402,2017-12-31T06:29:06Z,-34.71341667,148.64588333,1844.00,,,,,,
16403,2017-12-31T06:29:07Z,-34.71361667,148.64590000,1842.00,,,,,,
16404,2017-12-31T06:29:08Z,-34.71381667,148.64588333,1840.00,,,,,,
16405,2017-12-31T06:29:09Z,-34.71403333,148.64588333,1838.00,,,,,,
16406,2017-12-31T06:29:10Z,-34.71425000,148.64588333,1835.00,,,,,,
16407,2017-12-31T06:29:11Z,-34.71446667,148.64586667,1832.00,,,,,,
16408,2017-12-31T06:29:12Z,-34.71468333,148.64585000,1831.00,,,,,,
16409,2017-12-31T06:29:13Z,-34.71488333,148.64583333,1827.00,,,,,,
16410,2017-12-31T06:29:14Z,-34.71508333,148.64583333,1822.00,,,,,,
16411,2017-12-31T06:29:15Z,-34.71530000,148.64583333,1816.00,,,,,,
16412,2017-12-31T06:29:16Z,-34.71551667,148.64583333,1809.00,,,,,,
16413,2017-12-31T06:29:17Z,-34.71573333,148.64581667,1806.00,,,,,,
16414,2017-12-31T06:29:18Z,-34.71598333,148.64581667,1804.00,,,,,,
16415,2017-12-31T06:29:19Z,-34.71621667,148.64581667,1800.00,,,,,,
16416,2017-12-31T06:29:20Z,-34.71646667,148.64580000,1794.00,,,,,,
16417,2017-12-31T06:29:21Z,-34.71671667,148.64580000,1791.00,,,,,,
16418,2017-12-31T06:29:22Z,-34.71695000,148.64578333,1789.00,,,,,,
16419,2017-12-31T06:29:23Z,-34.71720000,148.64576667,1786.00,,,,,,
16420,2017-12-31T06:29:24Z,-34.71743333,148.64576667,1784.00,,,,,,
16421,2017-12-31T06:29:25Z,-34.71765000,148.64575000,1782.00,,,,,,
16422,2017-12-31T06:29:26Z,-34.71786667,148.64575000,1777.00,,,,,,
16423,2017-12-31T06:29:27Z,-34.71808333,148.64573333,1774.00,,,,,,
16424,2017-12-31T06:29:28Z,-34.71830000,148.64573333,1772.00,,,,,,
16425,2017-12-31T06:29:29Z,-34.71851667,148.64571667,1770.00,,,,,,
16426,2017-12-31T06:29:30Z,-34.71871667,148.64568333,1767.00,,,,,,
16427,2017-12-31T06:29:31Z,-34.71893333,148.64566667,1762.00,,,,,,
16428,2017-12-31T06:29:32Z,-34.71915000,148.64561667,1759.00,,,,,,
16429,2017-12-31T06:29:33Z,-34.71936667,148.64558333,1754.00,,,,,,
16430,2017-12-31T06:29:34Z,-34.71958333,148.64553333,1751.00,,,,,,
16431,2017-12-31T06:29:35Z,-34.71978333,148.64548333,1750.00,,,,,,
16432,2017-12-31T06:29:36Z,-34.72000000,148.64545000,1748.00,,,,,,
16433,2017-12-31T06:29:37Z,-34.72020000,148.64541667,1747.00,,,,,,
16434,2017-12-31T06:29:38Z,-34.72040000,148.64538333,1745.00,,,,,,
16435,2017-12-31T06:29:39Z,-34.72060000,148.64535000,1741.00,,,,,,
16436,2017-12-31T06:29:40Z,-34.72078333,148.64531667,1739.00,,,,,,
16437,2017-12-31T06:29:41Z,-34.72096667,148.64530000,1736.00,,,,,,
16438,2017-12-31T06:29:42Z,-34.72115000,148.64526667,1732.00,,,,,,
16439,2017-12-31T06:29:43Z,-34.72135000,148.64523333,1728.00,,,,,,
16440,2017-12-31T06:29:44Z,-34.72155000,148.64518333,1727.00,,,,,,
16441,2017-12-31T06:29:45Z,-34.72171667,148.64516667,1727.00,,,,,,
16442,2017-12-31T06:29:46Z,-34.72191667,148.64513333,1725.00,,,,,,
16443,2017-12-31T06:29:47Z,-34.72211667,148.64511667,1721.00,,,,,,
16444,2017-12-31T06:29:48Z,-34.72230000,148.64510000,1719.00,,,,,,
16445,2017-12-31T06:29:49Z,-34.72250000,148.64506667,1718.00,,,,,,
16446,2017-12-31T06:29:50Z,-34.72270000,148.64503333,1716.00,,,,,,
16447,2017-12-31T06:29:51Z,-34.72290000,148.64501667,1715.00,,,,,,
16448,2017-12-31T06:29:52Z,-34.72308333,148.64500000,1714.00,,,,,,
16449,2017-12-31T06:29:53Z,-34.72326667,148.64498333,1711.00,,,,,,
16450,2017-12-31T06:29:54Z,-34.72346667,148.64498333,1705.00,,,,,,
16451,2017-12-31T06:29:55Z,-34.72366667,148.64496667,1703.00,,,,,,
16452,2017-12-31T06:29:56Z,-34.72386667,148.64496667,1702.00,,,,,,
16453,2017-12-31T06:29:57Z,-34.72406667,148.64496667,1702.00,,,,,,
16454,2017-12-31T06:29:58Z,-34.72428333,148.64496667,1703.00,,,,,,
16455,2017-12-31T06:29:59Z,-34.72448333,148.64498333,1699.00,,,,,,
16456,2017-12-31T06:30:00Z,-34.72466667,148.64498333,1697.00,,,,,,
16457,2017-12-31T06:30:01Z,-34.72485000,148.64500000,1696.00,,,,,,
16458,2017-12-31T06:30:02Z,-34.72505000,148.64501667,1695.00,,,,,,
16459,2017-12-31T06:30:03Z,-34.72525000,148.64505000,1693.00,,,,,,
16460,2017-12-31T06:30:04Z,-34.72545000,148.64510000,1690.00,,,,,,
16461,2017-12-31T06:30:05Z,-34.72561667,148.64515000,1688.00,,,,,,
16462,2017-12-31T06:30:06Z,-34.72581667,148.64521667,1685.00,,,,,,
16463,2017-12-31T06:30:07Z,-34.72601667,148.64526667,1682.00,,,,,,
16464,2017-12-31T06:30:08Z,-34.72621667,148.64533333,1680.00,,,,,,
16465,2017-12-31T06:30:09Z,-34.72643333,148.64540000,1678.00,,,,,,
16466,2017-12-31T06:30:10Z,-34.72663333,148.64550000,1677.00,,,,,,
16467,2017-12-31T06:30:11Z,-34.72683333,148.64556667,1677.00,,,,,,
16468,2017-12-31T06:30:12Z,-34.72705000,148.64565000,1676.00,,,,,,
16469,2017-12-31T06:30:13Z,-34.72725000,148.64571667,1674.00,,,,,,
16470,2017-12-31T06:30:14Z,-34.72745000,148.64578333,1669.00,,,,,,
16471,2017-12-31T06:30:15Z,-34.72765000,148.64586667,1667.00,,,,,,
16472,2017-12-31T06:30:16Z,-34.72786667,148.64593333,1664.00,,,,,,
16473,2017-12-31T06:30:17Z,-34.72808333,148.64600000,1661.00,,,,,,
16474,2017-12-31T06:30:18Z,-34.72828333,148.64606667,1658.00,,,,,,
16475,2017-12-31T06:30:19Z,-34.72851667,148.64613333,1654.00,,,,,,
16476,2017-12-31T06:30:20Z,-34.72873333,148.64620000,1653.00,,,,,,
16477,2017-12-31T06:30:21Z,-34.72896667,148.64625000,1651.00,,,,,,
16478,2017-12-31T06:30:22Z,-34.72920000,148.64633333,1648.00,,,,,,
16479,2017-12-31T06:30:23Z,-34.72941667,148.64640000,1645.00,,,,,,
16480,2017-12-31T06:30:24Z,-34.72965000,148.64646667,1640.00,,,,,,
16481,2017-12-31T06:30:25Z,-34.72986667,148.64653333,1636.00,,,,,,
16482,2017-12-31T06:30:26Z,-34.73010000,148.64660000,1633.00,,,,,,
16483,2017-12-31T06:30:27Z,-34.73033333,148.64666667,1631.00,,,,,,
16484,2017-12-31T06:30:28Z,-34.73056667,148.64673333,1628.00,,,,,,
16485,2017-12-31T06:30:29Z,-34.73080000,148.64678333,1625.00,,,,,,
16486,2017-12-31T06:30:30Z,-34.73103333,148.64683333,1622.00,,,,,,
16487,2017-12-31T06:30:31Z,-34.73126667,148.64688333,1620.00,,,,,,
16488,2017-12-31T06:30:32Z,-34.73150000,148.64693333,1616.00,,,,,,
16489,2017-12-31T06:30:33Z,-34.73173333,148.64698333,1613.00,,,,,,
16490,2017-12-31T06:30:34Z,-34.73196667,148.64703333,1610.00,,,,,,
16491,2017-12-31T06:30:35Z,-34.73220000,148.64708333,1609.00,,,,,,
16492,2017-12-31T06:30:36Z,-34.73241667,148.64713333,1605.00,,,,,,
16493,2017-12-31T06:30:37Z,-34.73263333,148.64720000,1601.00,,,,,,
16494,2017-12-31T06:30:38Z,-34.73286667,148.64725000,1597.00,,,,,,
16495,2017-12-31T06:30:39Z,-34.73308333,148.64731667,1593.00,,,,,,
16496,2017-12-31T06:30:40Z,-34.73330000,148.64738333,1592.00,,,,,,
16497,2017-12-31T06:30:41Z,-34.73353333,148.64743333,1592.00,,,,,,
16498,2017-12-31T06:30:42Z,-34.73375000,148.64748333,1589.00,,,,,,
16499,2017-12-31T06:30:43Z,-34.73396667,148.64755000,1586.00,,,,,,
16500,2017-12-31T06:30:44Z,-34.73420000,148.64761667,1582.00,,,,,,
16501,2017-12-31T06:30:45Z,-34.73441667,148.64770000,1578.00,,,,,,
16502,2017-12-31T06:30:46Z,-34.73463333,148.64776667,1574.00,,,,,,
16503,2017-12-31T06:30:47Z,-34.73486667,148.64781667,1571.00,,,,,,
16504,2017-12-31T06:30:48Z,-34.73510000,148.64788333,1569.00,,,,,,
16505,2017-12-31T06:30:49Z,-34.73533333,148.64795000,1565.00,,,,,,
16506,2017-12-31T06:30:50Z,-34.73556667,148.64801667,1564.00,,,,,,
16507,2017-12-31T06:30:51Z,-34.73581667,148.64806667,1563.00,,,,,,
16508,2017-12-31T06:30:52Z,-34.73605000,148.64813333,1559.00,,,,,,
16509,2017-12-31T06:30:53Z,-34.73630000,148.64820000,1556.00,,,,,,
16510,2017-12-31T06:30:54Z,-34.73653333,148.64825000,1558.00,,,,,,
16511,2017-12-31T06:30:55Z,-34.73675000,148.64830000,1558.00,,,,,,
16512,2017-12-31T06:30:56Z,-34.73698333,148.64835000,1557.00,,,,,,
16513,2017-12-31T06:30:57Z,-34.73721667,148.64840000,1555.00,,,,,,
16514,2017-12-31T06:30:58Z,-34.73743333,148.64845000,1552.00,,,,,,
16515,2017-12-31T06:30:59Z,-34.73765000,148.64851667,1548.00,,,,,,
16516,2017-12-31T06:31:00Z,-34.73786667,148.64858333,1547.00,,,,,,
16517,2017-12-31T06:31:01Z,-34.73808333,148.64865000,1545.00,,,,,,
16518,2017-12-31T06:31:02Z,-34.73830000,148.64871667,1541.00,,,,,,
16519,2017-12-31T06:31:03Z,-34.73853333,148.64878333,1536.00,,,,,,
16520,2017-12-31T06:31:04Z,-34.73875000,148.64885000,1529.00,,,,,,
16521,2017-12-31T06:31:05Z,-34.73900000,148.64891667,1527.00,,,,,,
16522,2017-12-31T06:31:06Z,-34.73925000,148.64900000,1526.00,,,,,,
16523,2017-12-31T06:31:07Z,-34.73950000,148.64906667,1525.00,,,,,,
16524,2017-12-31T06:31:08Z,-34.73975000,148.64913333,1521.00,,,,,,
16525,2017-12-31T06:31:09Z,-34.74000000,148.64920000,1519.00,,,,,,
16526,2017-12-31T06:31:10Z,-34.74025000,148.64926667,1517.00,,,,,,
16527,2017-12-31T06:31:11Z,-34.74051667,148.64931667,1515.00,,,,,,
16528,2017-12-31T06:31:12Z,-34.74076667,148.64936667,1515.00,,,,,,
16529,2017-12-31T06:31:13Z,-34.74101667,148.64941667,1515.00,,,,,,
16530,2017-12-31T06:31:14Z,-34.74125000,148.64946667,1513.00,,,,,,
16531,2017-12-31T06:31:15Z,-34.74148333,148.64953333,1512.00,,,,,,
16532,2017-12-31T06:31:16Z,-34.74171667,148.64958333,1509.00,,,,,,
16533,2017-12-31T06:31:17Z,-34.74195000,148.64963333,1507.00,,,,,,
16534,2017-12-31T06:31:18Z,-34.74218333,148.64970000,1506.00,,,,,,
16535,2017-12-31T06:31:19Z,-34.74241667,148.64976667,1502.00,,,,,,
16536,2017-12-31T06:31:20Z,-34.74265000,148.64983333,1499.00,,,,,,
16537,2017-12-31T06:31:21Z,-34.74288333,148.64990000,1497.00,,,,,,
16538,2017-12-31T06:31:22Z,-34.74311667,148.64996667,1494.00,,,,,,
16539,2017-12-31T06:31:23Z,-34.74336667,148.65003333,1489.00,,,,,,
16540,2017-12-31T06:31:24Z,-34.74360000,148.65010000,1484.00,,,,,,
16541,2017-12-31T06:31:25Z,-34.74383333,148.65016667,1484.00,,,,,,
16542,2017-12-31T06:31:26Z,-34.74410000,148.65023333,1483.00,,,,,,
16543,2017-12-31T06:31:27Z,-34.74436667,148.65030000,1483.00,,,,,,
16544,2017-12-31T06:31:28Z,-34.74461667,148.65036667,1481.00,,,,,,
16545,2017-12-31T06:31:29Z,-34.74485000,148.65045000,1480.00,,,,,,
16546,2017-12-31T06:31:30Z,-34.74510000,148.65051667,1480.00,,,,,,
16547,2017-12-31T06:31:31Z,-34.74535000,148.65058333,1478.00,,,,,,
16548,2017-12-31T06:31:32Z,-34.74560000,148.65066667,1479.00,,,,,,
16549,2017-12-31T06:31:33Z,-34.74583333,148.65073333,1479.00,,,,,,
16550,2017-12-31T06:31:34Z,-34.74606667,148.65078333,1475.00,,,,,,
16551,2017-12-31T06:31:35Z,-34.74630000,148.65083333,1472.00,,,,,,
16552,2017-12-31T06:31:36Z,-34.74653333,148.65088333,1467.00,,,,,,
16553,2017-12-31T06:31:37Z,-34.74676667,148.65095000,1464.00,,,,,,
16554,2017-12-31T06:31:38Z,-34.74700000,148.65101667,1461.00,,,,,,
16555,2017-12-31T06:31:39Z,-34.74723333,148.65110000,1459.00,,,,,,
16556,2017-12-31T06:31:40Z,-34.74748333,148.65120000,1457.00,,,,,,
16557,2017-12-31T06:31:41Z,-34.74773333,148.65128333,1455.00,,,,,,
16558,2017-12-31T06:31:42Z,-34.74796667,148.65136667,1455.00,,,,,,
16559,2017-12-31T06:31:43Z,-34.74821667,148.65143333,1452.00,,,,,,
16560,2017-12-31T06:31:44Z,-34.74846667,148.65150000,1446.00,,,,,,
16561,2017-12-31T06:31:45Z,-34.74871667,148.65156667,1444.00,,,,,,
16562,2017-12-31T06:31:46Z,-34.74895000,148.65161667,1441.00,,,,,,
16563,2017-12-31T06:31:47Z,-34.74920000,148.65166667,1437.00,,,,,,
16564,2017-12-31T06:31:48Z,-34.74943333,148.65171667,1432.00,,,,,,
16565,2017-12-31T06:31:49Z,-34.74968333,148.65176667,1424.00,,,,,,
16566,2017-12-31T06:31:50Z,-34.74993333,148.65180000,1421.00,,,,,,
16567,2017-12-31T06:31:51Z,-34.75020000,148.65185000,1419.00,,,,,,
16568,2017-12-31T06:31:52Z,-34.75045000,148.65188333,1415.00,,,,,,
16569,2017-12-31T06:31:53Z,-34.75070000,148.65193333,1410.00,,,,,,
16570,2017-12-31T06:31:54Z,-34.75096667,148.65196667,1408.00,,,,,,
16571,2017-12-31T06:31:55Z,-34.75121667,148.65200000,1408.00,,,,,,
16572,2017-12-31T06:31:56Z,-34.75146667,148.65205000,1405.00,,,,,,
16573,2017-12-31T06:31:57Z,-34.75170000,148.65208333,1401.00,,,,,,
16574,2017-12-31T06:31:58Z,-34.75195000,148.65211667,1395.00,,,,,,
16575,2017-12-31T06:31:59Z,-34.75218333,148.65216667,1391.00,,,,,,
16576,2017-12-31T06:32:00Z,-34.75243333,148.65220000,1388.00,,,,,,
16577,2017-12-31T06:32:01Z,-34.75268333,148.65225000,1382.00,,,,,,
16578,2017-12-31T06:32:02Z,-34.75295000,148.65230000,1377.00,,,,,,
16579,2017-12-31T06:32:03Z,-34.75320000,148.65235000,1371.00,,,,,,
16580,2017-12-31T06:32:04Z,-34.75345000,148.65241667,1366.00,,,,,,
16581,2017-12-31T06:32:05Z,-34.75371667,148.65248333,1365.00,,,,,,
16582,2017-12-31T06:32:06Z,-34.75398333,148.65255000,1362.00,,,,,,
16583,2017-12-31T06:32:07Z,-34.75425000,148.65261667,1361.00,,,,,,
16584,2017-12-31T06:32:08Z,-34.75450000,148.65266667,1359.00,,,,,,
16585,2017-12-31T06:32:09Z,-34.75476667,148.65273333,1356.00,,,,,,
16586,2017-12-31T06:32:10Z,-34.75500000,148.65276667,1353.00,,,,,,
16587,2017-12-31T06:32:11Z,-34.75525000,148.65283333,1349.00,,,,,,
16588,2017-12-31T06:32:12Z,-34.75551667,148.65288333,1346.00,,,,,,
16589,2017-12-31T06:32:13Z,-34.75578333,148.65295000,1342.00,,,,,,
16590,2017-12-31T06:32:14Z,-34.75603333,148.65301667,1339.00,,,,,,
16591,2017-12-31T06:32:15Z,-34.75628333,148.65308333,1336.00,,,,,,
16592,2017-12-31T06:32:16Z,-34.75655000,148.65315000,1331.00,,,,,,
16593,2017-12-31T06:32:17Z,-34.75680000,148.65321667,1329.00,,,,,,
16594,2017-12-31T06:32:18Z,-34.75706667,148.65328333,1327.00,,,,,,
16595,2017-12-31T06:32:19Z,-34.75731667,148.65333333,1322.00,,,,,,
16596,2017-12-31T06:32:20Z,-34.75758333,148.65340000,1319.00,,,,,,
16597,2017-12-31T06:32:21Z,-34.75785000,148.65346667,1316.00,,,,,,
16598,2017-12-31T06:32:22Z,-34.75810000,148.65353333,1316.00,,,,,,
16599,2017-12-31T06:32:23Z,-34.75835000,148.65358333,1313.00,,,,,,
16600,2017-12-31T06:32:24Z,-34.75858333,148.65365000,1306.00,,,,,,
16601,2017-12-31T06:32:25Z,-34.75883333,148.65368333,1302.00,,,,,,
16602,2017-12-31T06:32:26Z,-34.75908333,148.65371667,1301.00,,,,,,
16603,2017-12-31T06:32:27Z,-34.75933333,148.65375000,1299.00,,,,,,
16604,2017-12-31T06:32:28Z,-34.75958333,148.65376667,1293.00,,,,,,
16605,2017-12-31T06:32:29Z,-34.75983333,148.65378333,1289.00,,,,,,
16606,2017-12-31T06:32:30Z,-34.76010000,148.65378333,1286.00,,,,,,
16607,2017-12-31T06:32:31Z,-34.76035000,148.65381667,1281.00,,,,,,
16608,2017-12-31T06:32:32Z,-34.76060000,148.65383333,1277.00,,,,,,
16609,2017-12-31T06:32:33Z,-34.76085000,148.65388333,1276.00,,,,,,
16610,2017-12-31T06:32:34Z,-34.76110000,148.65391667,1270.00,,,,,,
16611,2017-12-31T06:32:35Z,-34.76135000,148.65398333,1266.00,,,,,,
16612,2017-12-31T06:32:36Z,-34.76160000,148.65401667,1263.00,,,,,,
16613,2017-12-31T06:32:37Z,-34.76185000,148.65406667,1261.00,,,,,,
16614,2017-12-31T06:32:38Z,-34.76210000,148.65410000,1257.00,,,,,,
16615,2017-12-31T06:32:39Z,-34.76235000,148.65413333,1252.00,,,,,,
16616,2017-12-31T06:32:40Z,-34.76258333,148.65418333,1249.00,,,,,,
16617,2017-12-31T06:32:41Z,-34.76281667,148.65421667,1247.00,,,,,,
16618,2017-12-31T06:32:42Z,-34.76306667,148.65425000,1245.00,,,,,,
16619,2017-12-31T06:32:43Z,-34.76330000,148.65426667,1240.00,,,,,,
16620,2017-12-31T06:32:44Z,-34.76351667,148.65431667,1237.00,,,,,,
16621,2017-12-31T06:32:45Z,-34.76375000,148.65435000,1234.00,,,,,,
16622,2017-12-31T06:32:46Z,-34.76398333,148.65440000,1231.00,,,,,,
16623,2017-12-31T06:32:47Z,-34.76421667,148.65445000,1228.00,,,,,,
16624,2017-12-31T06:32:48Z,-34.76445000,148.65451667,1225.00,,,,,,
16625,2017-12-31T06:32:49Z,-34.76466667,148.65458333,1219.00,,,,,,
16626,2017-12-31T06:32:50Z,-34.76488333,148.65466667,1216.00,,,,,,
16627,2017-12-31T06:32:51Z,-34.76511667,148.65475000,1210.00,,,,,,
16628,2017-12-31T06:32:52Z,-34.76535000,148.65481667,1205.00,,,,,,
16629,2017-12-31T06:32:53Z,-34.76558333,148.65488333,1201.00,,,,,,
16630,2017-12-31T06:32:54Z,-34.76583333,148.65496667,1197.00,,,,,,
16631,2017-12-31T06:32:55Z,-34.76610000,148.65501667,1194.00,,,,,,
16632,2017-12-31T06:32:56Z,-34.76635000,148.65506667,1191.00,,,,,,
16633,2017-12-31T06:32:57Z,-34.76660000,148.65515000,1189.00,,,,,,
16634,2017-12-31T06:32:58Z,-34.76685000,148.65520000,1187.00,,,,,,
16635,2017-12-31T06:32:59Z,-34.76710000,148.65525000,1182.00,,,,,,
16636,2017-12-31T06:33:00Z,-34.76738333,148.65528333,1179.00,,,,,,
16637,2017-12-31T06:33:01Z,-34.76763333,148.65533333,1178.00,,,,,,
16638,2017-12-31T06:33:02Z,-34.76786667,148.65538333,1179.00,,,,,,
16639,2017-12-31T06:33:03Z,-34.76811667,148.65545000,1178.00,,,,,,
16640,2017-12-31T06:33:04Z,-34.76836667,148.65548333,1174.00,,,,,,
16641,2017-12-31T06:33:05Z,-34.76861667,148.65551667,1172.00,,,,,,
16642,2017-12-31T06:33:06Z,-34.76885000,148.65556667,1169.00,,,,,,
16643,2017-12-31T06:33:07Z,-34.76908333,148.65561667,1166.00,,,,,,
16644,2017-12-31T06:33:08Z,-34.76933333,148.65566667,1164.00,,,,,,
16645,2017-12-31T06:33:09Z,-34.76958333,148.65571667,1159.00,,,,,,
16646,2017-12-31T06:33:10Z,-34.76981667,148.65578333,1156.00,,,,,,
16647,2017-12-31T06:33:11Z,-34.77006667,148.65583333,1154.00,,,,,,
16648,2017-12-31T06:33:12Z,-34.77031667,148.65590000,1154.00,,,,,,
16649,2017-12-31T06:33:13Z,-34.77056667,148.65593333,1154.00,,,,,,
16650,2017-12-31T06:33:14Z,-34.77080000,148.65598333,1148.00,,,,,,
16651,2017-12-31T06:33:15Z,-34.77106667,148.65601667,1144.00,,,,,,
16652,2017-12-31T06:33:16Z,-34.77130000,148.65605000,1142.00,,,,,,
16653,2017-12-31T06:33:17Z,-34.77155000,148.65611667,1140.00,,,,,,
16654,2017-12-31T06:33:18Z,-34.77178333,148.65616667,1133.00,,,,,,
16655,2017-12-31T06:33:19Z,-34.77201667,148.65623333,1126.00,,,,,,
16656,2017-12-31T06:33:20Z,-34.77228333,148.65628333,1123.00,,,,,,
16657,2017-12-31T06:33:21Z,-34.77251667,148.65638333,1122.00,,,,,,
16658,2017-12-31T06:33:22Z,-34.77278333,148.65645000,1119.00,,,,,,
16659,2017-12-31T06:33:23Z,-34.77303333,148.65651667,1114.00,,,,,,
16660,2017-12-31T06:33:24Z,-34.77330000,148.65656667,1110.00,,,,,,
16661,2017-12-31T06:33:25Z,-34.77355000,148.65661667,1110.00,,,,,,
16662,2017-12-31T06:33:26Z,-34.77380000,148.65666667,1110.00,,,,,,
16663,2017-12-31T06:33:27Z,-34.77406667,148.65671667,1106.00,,,,,,
16664,2017-12-31T06:33:28Z,-34.77428333,148.65676667,1099.00,,,,,,
16665,2017-12-31T06:33:29Z,-34.77453333,148.65683333,1096.00,,,,,,
16666,2017-12-31T06:33:30Z,-34.77478333,148.65688333,1095.00,,,,,,
16667,2017-12-31T06:33:31Z,-34.77503333,148.65693333,1094.00,,,,,,
16668,2017-12-31T06:33:32Z,-34.77528333,148.65700000,1093.00,,,,,,
16669,2017-12-31T06:33:33Z,-34.77555000,148.65703333,1090.00,,,,,,
16670,2017-12-31T06:33:34Z,-34.77580000,148.65708333,1086.00,,,,,,
16671,2017-12-31T06:33:35Z,-34.77605000,148.65711667,1083.00,,,,,,
16672,2017-12-31T06:33:36Z,-34.77630000,148.65716667,1079.00,,,,,,
16673,2017-12-31T06:33:37Z,-34.77653333,148.65721667,1075.00,,,,,,
16674,2017-12-31T06:33:38Z,-34.77678333,148.65728333,1070.00,,,,,,
16675,2017-12-31T06:33:39Z,-34.77703333,148.65733333,1073.00,,,,,,
16676,2017-12-31T06:33:40Z,-34.77731667,148.65736667,1072.00,,,,,,
16677,2017-12-31T06:33:41Z,-34.77758333,148.65741667,1067.00,,,,,,
16678,2017-12-31T06:33:42Z,-34.77781667,148.65746667,1062.00,,,,,,
16679,2017-12-31T06:33:43Z,-34.77805000,148.65751667,1062.00,,,,,,
16680,2017-12-31T06:33:44Z,-34.77830000,148.65755000,1057.00,,,,,,
16681,2017-12-31T06:33:45Z,-34.77856667,148.65758333,1055.00,,,,,,
16682,2017-12-31T06:33:46Z,-34.77881667,148.65763333,1052.00,,,,,,
16683,2017-12-31T06:33:47Z,-34.77905000,148.65770000,1051.00,,,,,,
16684,2017-12-31T06:33:48Z,-34.77930000,148.65776667,1050.00,,,,,,
16685,2017-12-31T06:33:49Z,-34.77955000,148.65783333,1048.00,,,,,,
16686,2017-12-31T06:33:50Z,-34.77981667,148.65786667,1047.00,,,,,,
16687,2017-12-31T06:33:51Z,-34.78006667,148.65791667,1047.00,,,,,,
16688,2017-12-31T06:33:52Z,-34.78033333,148.65793333,1044.00,,,,,,
16689,2017-12-31T06:33:53Z,-34.78056667,148.65798333,1040.00,,,,,,
16690,2017-12-31T06:33:54Z,-34.78080000,148.65800000,1036.00,,,,,,
16691,2017-12-31T06:33:55Z,-34.78105000,148.65800000,1035.00,,,,,,
16692,2017-12-31T06:33:56Z,-34.78131667,148.65801667,1031.00,,,,,,
16693,2017-12-31T06:33:57Z,-34.78155000,148.65806667,1027.00,,,,,,
16694,2017-12-31T06:33:58Z,-34.78178333,148.65810000,1024.00,,,,,,
16695,2017-12-31T06:33:59Z,-34.78201667,148.65813333,1018.00,,,,,,
16696,2017-12-31T06:34:00Z,-34.78223333,148.65818333,1015.00,,,,,,
16697,2017-12-31T06:34:01Z,-34.78248333,148.65821667,1009.00,,,,,,
16698,2017-12-31T06:34:02Z,-34.78273333,148.65825000,1006.00,,,,,,
16699,2017-12-31T06:34:03Z,-34.78300000,148.65831667,1004.00,,,,,,
16700,2017-12-31T06:34:04Z,-34.78325000,148.65835000,997.00,,,,,,
16701,2017-12-31T06:34:05Z,-34.78350000,148.65840000,996.00,,,,,,
16702,2017-12-31T06:34:06Z,-34.78381667,148.65845000,998.00,,,,,,
16703,2017-12-31T06:34:07Z,-34.78408333,148.65851667,996.00,,,,,,
16704,2017-12-31T06:34:08Z,-34.78433333,148.65858333,995.00,,,,,,
16705,2017-12-31T06:34:09Z,-34.78458333,148.65865000,993.00,,,,,,
16706,2017-12-31T06:34:10Z,-34.78485000,148.65871667,992.00,,,,,,
16707,2017-12-31T06:34:11Z,-34.78510000,148.65875000,988.00,,,,,,
16708,2017-12-31T06:34:12Z,-34.78531667,148.65883333,987.00,,,,,,
16709,2017-12-31T06:34:13Z,-34.78556667,148.65888333,983.00,,,,,,
16710,2017-12-31T06:34:14Z,-34.78580000,148.65895000,977.00,,,,,,
16711,2017-12-31T06:34:15Z,-34.78608333,148.65901667,973.00,,,,,,
16712,2017-12-31T06:34:16Z,-34.78633333,148.65906667,968.00,,,,,,
16713,2017-12-31T06:34:17Z,-34.78656667,148.65915000,970.00,,,,,,
16714,2017-12-31T06:34:18Z,-34.78681667,148.65921667,968.00,,,,,,
16715,2017-12-31T06:34:19Z,-34.78705000,148.65928333,962.00,,,,,,
16716,2017-12-31T06:34:20Z,-34.78730000,148.65930000,959.00,,,,,,
16717,2017-12-31T06:34:21Z,-34.78751667,148.65940000,955.00,,,,,,
16718,2017-12-31T06:34:22Z,-34.78776667,148.65943333,956.00,,,,,,
16719,2017-12-31T06:34:23Z,-34.78801667,148.65950000,952.00,,,,,,
16720,2017-12-31T06:34:24Z,-34.78825000,148.65953333,945.00,,,,,,
16721,2017-12-31T06:34:25Z,-34.78848333,148.65951667,944.00,,,,,,
16722,2017-12-31T06:34:26Z,-34.78870000,148.65955000,944.00,,,,,,
16723,2017-12-31T06:34:27Z,-34.78893333,148.65958333,943.00,,,,,,
16724,2017-12-31T06:34:28Z,-34.78913333,148.65965000,940.00,,,,,,
16725,2017-12-31T06:34:29Z,-34.78933333,148.65970000,937.00,,,,,,
16726,2017-12-31T06:34:30Z,-34.78955000,148.65973333,935.00,,,,,,
16727,2017-12-31T06:34:31Z,-34.78976667,148.65980000,934.00,,,,,,
16728,2017-12-31T06:34:32Z,-34.78996667,148.65986667,932.00,,,,,,
16729,2017-12-31T06:34:33Z,-34.79016667,148.65993333,931.00,,,,,,
16730,2017-12-31T06:34:34Z,-34.79036667,148.66000000,931.00,,,,,,
16731,2017-12-31T06:34:35Z,-34.79058333,148.66001667,930.00,,,,,,
16732,2017-12-31T06:34:36Z,-34.79080000,148.66005000,927.00,,,,,,
16733,2017-12-31T06:34:37Z,-34.79101667,148.66008333,924.00,,,,,,
16734,2017-12-31T06:34:38Z,-34.79123333,148.66010000,923.00,,,,,,
16735,2017-12-31T06:34:39Z,-34.79143333,148.66015000,920.00,,,,,,
16736,2017-12-31T06:34:40Z,-34.79166667,148.66020000,920.00,,,,,,
16737,2017-12-31T06:34:41Z,-34.79190000,148.66025000,918.00,,,,,,
16738,2017-12-31T06:34:42Z,-34.79211667,148.66031667,915.00,,,,,,
16739,2017-12-31T06:34:43Z,-34.79233333,148.66040000,917.00,,,,,,
16740,2017-12-31T06:34:44Z,-34.79253333,148.66048333,917.00,,,,,,
16741,2017-12-31T06:34:45Z,-34.79276667,148.66050000,916.00,,,,,,
16742,2017-12-31T06:34:46Z,-34.79298333,148.66055000,913.00,,,,,,
16743,2017-12-31T06:34:47Z,-34.79318333,148.66060000,908.00,,,,,,
16744,2017-12-31T06:34:48Z,-34.79340000,148.66065000,904.00,,,,,,
16745,2017-12-31T06:34:49Z,-34.79360000,148.66070000,904.00,,,,,,
16746,2017-12-31T06:34:50Z,-34.79383333,148.66073333,902.00,,,,,,
16747,2017-12-31T06:34:51Z,-34.79406667,148.66076667,899.00,,,,,,
16748,2017-12-31T06:34:52Z,-34.79428333,148.66080000,896.00,,,,,,
16749,2017-12-31T06:34:53Z,-34.79450000,148.66083333,891.00,,,,,,
16750,2017-12-31T06:34:54Z,-34.79471667,148.66088333,890.00,,,,,,
16751,2017-12-31T06:34:55Z,-34.79495000,148.66090000,891.00,,,,,,
16752,2017-12-31T06:34:56Z,-34.79516667,148.66095000,889.00,,,,,,
16753,2017-12-31T06:34:57Z,-34.79538333,148.66101667,888.00,,,,,,
16754,2017-12-31T06:34:58Z,-34.79560000,148.66108333,888.00,,,,,,
16755,2017-12-31T06:34:59Z,-34.79580000,148.66115000,886.00,,,,,,
16756,2017-12-31T06:35:00Z,-34.79601667,148.66118333,881.00,,,,,,
16757,2017-12-31T06:35:01Z,-34.79623333,148.66125000,878.00,,,,,,
16758,2017-12-31T06:35:02Z,-34.79643333,148.66131667,875.00,,,,,,
16759,2017-12-31T06:35:03Z,-34.79663333,148.66138333,871.00,,,,,,
16760,2017-12-31T06:35:04Z,-34.79685000,148.66146667,870.00,,,,,,
16761,2017-12-31T06:35:05Z,-34.79710000,148.66148333,869.00,,,,,,
16762,2017-12-31T06:35:06Z,-34.79731667,148.66155000,869.00,,,,,,
16763,2017-12-31T06:35:07Z,-34.79753333,148.66160000,868.00,,,,,,
16764,2017-12-31T06:35:08Z,-34.79775000,148.66165000,869.00,,,,,,
16765,2017-12-31T06:35:09Z,-34.79795000,148.66171667,868.00,,,,,,
16766,2017-12-31T06:35:10Z,-34.79818333,148.66175000,867.00,,,,,,
16767,2017-12-31T06:35:11Z,-34.79838333,148.66181667,865.00,,,,,,
16768,2017-12-31T06:35:12Z,-34.79858333,148.66188333,865.00,,,,,,
16769,2017-12-31T06:35:13Z,-34.79880000,148.66193333,863.00,,,,,,
16770,2017-12-31T06:35:14Z,-34.79903333,148.66196667,862.00,,,,,,
16771,2017-12-31T06:35:15Z,-34.79925000,148.66200000,861.00,,,,,,
16772,2017-12-31T06:35:16Z,-34.79948333,148.66203333,859.00,,,,,,
16773,2017-12-31T06:35:17Z,-34.79970000,148.66208333,857.00,,,,,,
16774,2017-12-31T06:35:18Z,-34.79993333,148.66213333,855.00,,,,,,
16775,2017-12-31T06:35:19Z,-34.80015000,148.66220000,855.00,,,,,,
16776,2017-12-31T06:35:20Z,-34.80038333,148.66223333,855.00,,,,,,
16777,2017-12-31T06:35:21Z,-34.80061667,148.66228333,854.00,,,,,,
16778,2017-12-31T06:35:22Z,-34.80083333,148.66235000,854.00,,,,,,
16779,2017-12-31T06:35:23Z,-34.80105000,148.66240000,850.00,,,,,,
16780,2017-12-31T06:35:24Z,-34.80128333,148.66245000,851.00,,,,,,
16781,2017-12-31T06:35:25Z,-34.80151667,148.66250000,850.00,,,,,,
16782,2017-12-31T06:35:26Z,-34.80175000,148.66256667,848.00,,,,,,
16783,2017-12-31T06:35:27Z,-34.80198333,148.66263333,846.00,,,,,,
16784,2017-12-31T06:35:28Z,-34.80221667,148.66266667,847.00,,,,,,
16785,2017-12-31T06:35:29Z,-34.80243333,148.66271667,845.00,,,,,,
16786,2017-12-31T06:35:30Z,-34.80266667,148.66273333,842.00,,,,,,
16787,2017-12-31T06:35:31Z,-34.80290000,148.66276667,840.00,,,,,,
16788,2017-12-31T06:35:32Z,-34.80315000,148.66280000,839.00,,,,,,
16789,2017-12-31T06:35:33Z,-34.80338333,148.66286667,837.00,,,,,,
16790,2017-12-31T06:35:34Z,-34.80361667,148.66290000,833.00,,,,,,
16791,2017-12-31T06:35:35Z,-34.80388333,148.66293333,831.00,,,,,,
16792,2017-12-31T06:35:36Z,-34.80415000,148.66298333,829.00,,,,,,
16793,2017-12-31T06:35:37Z,-34.80440000,148.66303333,826.00,,,,,,
16794,2017-12-31T06:35:38Z,-34.80466667,148.66310000,824.00,,,,,,
16795,2017-12-31T06:35:39Z,-34.80491667,148.66318333,823.00,,,,,,
16796,2017-12-31T06:35:40Z,-34.80518333,148.66323333,820.00,,,,,,
16797,2017-12-31T06:35:41Z,-34.80541667,148.66330000,815.00,,,,,,
16798,2017-12-31T06:35:42Z,-34.80566667,148.66336667,809.00,,,,,,
16799,2017-12-31T06:35:43Z,-34.80590000,148.66343333,804.00,,,,,,
16800,2017-12-31T06:35:44Z,-34.80613333,148.66348333,799.00,,,,,,
16801,2017-12-31T06:35:45Z,-34.80638333,148.66353333,798.00,,,,,,
16802,2017-12-31T06:35:46Z,-34.80661667,148.66361667,794.00,,,,,,
16803,2017-12-31T06:35:47Z,-34.80688333,148.66366667,793.00,,,,,,
16804,2017-12-31T06:35:48Z,-34.80715000,148.66373333,792.00,,,,,,
16805,2017-12-31T06:35:49Z,-34.80741667,148.66380000,798.00,,,,,,
16806,2017-12-31T06:35:50Z,-34.80773333,148.66385000,801.00,,,,,,
16807,2017-12-31T06:35:51Z,-34.80801667,148.66391667,802.00,,,,,,
16808,2017-12-31T06:35:52Z,-34.80831667,148.66396667,807.00,,,,,,
16809,2017-12-31T06:35:53Z,-34.80856667,148.66401667,811.00,,,,,,
16810,2017-12-31T06:35:54Z,-34.80878333,148.66405000,810.00,,,,,,
16811,2017-12-31T06:35:55Z,-34.80900000,148.66406667,810.00,,,,,,
16812,2017-12-31T06:35:56Z,-34.80915000,148.66411667,809.00,,,,,,
16813,2017-12-31T06:35:57Z,-34.80930000,148.66416667,806.00,,,,,,
16814,2017-12-31T06:35:58Z,-34.80946667,148.66423333,805.00,,,,,,
16815,2017-12-31T06:35:59Z,-34.80966667,148.66430000,801.00,,,,,,
16816,2017-12-31T06:36:00Z,-34.80980000,148.66436667,798.00,,,,,,
16817,2017-12-31T06:36:01Z,-34.80996667,148.66446667,795.00,,,,,,
16818,2017-12-31T06:36:02Z,-34.81016667,148.66455000,794.00,,,,,,
16819,2017-12-31T06:36:03Z,-34.81038333,148.66465000,794.00,,,,,,
16820,2017-12-31T06:36:04Z,-34.81060000,148.66473333,791.00,,,,,,
16821,2017-12-31T06:36:05Z,-34.81078333,148.66480000,791.00,,,,,,
16822,2017-12-31T06:36:06Z,-34.81100000,148.66488333,791.00,,,,,,
16823,2017-12-31T06:36:07Z,-34.81120000,148.66496667,791.00,,,,,,
16824,2017-12-31T06:36:08Z,-34.81138333,148.66508333,790.00,,,,,,
16825,2017-12-31T06:36:09Z,-34.81155000,148.66515000,790.00,,,,,,
16826,2017-12-31T06:36:10Z,-34.81176667,148.66513333,790.00,,,,,,
16827,2017-12-31T06:36:11Z,-34.81196667,148.66518333,788.00,,,,,,
16828,2017-12-31T06:36:12Z,-34.81216667,148.66521667,788.00,,,,,,
16829,2017-12-31T06:36:13Z,-34.81236667,148.66526667,790.00,,,,,,
16830,2017-12-31T06:36:14Z,-34.81256667,148.66531667,793.00,,,,,,
16831,2017-12-31T06:36:15Z,-34.81276667,148.66535000,794.00,,,,,,
16832,2017-12-31T06:36:16Z,-34.81296667,148.66540000,795.00,,,,,,
16833,2017-12-31T06:36:17Z,-34.81313333,148.66545000,796.00,,,,,,
16834,2017-12-31T06:36:18Z,-34.81328333,148.66551667,797.00,,,,,,
16835,2017-12-31T06:36:19Z,-34.81345000,148.66555000,796.00,,,,,,
16836,2017-12-31T06:36:20Z,-34.81355000,148.66558333,794.00,,,,,,
16837,2017-12-31T06:36:21Z,-34.81368333,148.66561667,793.00,,,,,,
16838,2017-12-31T06:36:22Z,-34.81381667,148.66565000,791.00,,,,,,
16839,2017-12-31T06:36:23Z,-34.81396667,148.66571667,790.00,,,,,,
16840,2017-12-31T06:36:24Z,-34.81411667,148.66576667,789.00,,,,,,
16841,2017-12-31T06:36:25Z,-34.81425000,148.66583333,790.00,,,,,,
16842,2017-12-31T06:36:26Z,-34.81440000,148.66590000,792.00,,,,,,
16843,2017-12-31T06:36:27Z,-34.81455000,148.66596667,793.00,,,,,,
16844,2017-12-31T06:36:28Z,-34.81468333,148.66601667,794.00,,,,,,
16845,2017-12-31T06:36:29Z,-34.81481667,148.66606667,795.00,,,,,,
16846,2017-12-31T06:36:30Z,-34.81490000,148.66610000,796.00,,,,,,
16847,2017-12-31T06:36:31Z,-34.81503333,148.66613333,796.00,,,,,,
16848,2017-12-31T06:36:32Z,-34.81513333,148.66616667,796.00,,,,,,
16849,2017-12-31T06:36:33Z,-34.81526667,148.66620000,797.00,,,,,,
16850,2017-12-31T06:36:34Z,-34.81541667,148.66623333,801.00,,,,,,
16851,2017-12-31T06:36:35Z,-34.81555000,148.66626667,801.00,,,,,,
16852,2017-12-31T06:36:36Z,-34.81565000,148.66630000,801.00,,,,,,
16853,2017-12-31T06:36:37Z,-34.81573333,148.66635000,801.00,,,,,,
16854,2017-12-31T06:36:38Z,-34.81585000,148.66636667,802.00,,,,,,
16855,2017-12-31T06:36:39Z,-34.81593333,148.66640000,806.00,,,,,,
16856,2017-12-31T06:36:40Z,-34.81601667,148.66640000,808.00,,,,,,
16857,2017-12-31T06:36:41Z,-34.81611667,148.66640000,807.00,,,,,,
16858,2017-12-31T06:36:42Z,-34.81621667,148.66636667,805.00,,,,,,
16859,2017-12-31T06:36:43Z,-34.81625000,148.66636667,803.00,,,,,,
16860,2017-12-31T06:36:44Z,-34.81636667,148.66633333,804.00,,,,,,
16861,2017-12-31T06:36:45Z,-34.81646667,148.66626667,804.00,,,,,,
16862,2017-12-31T06:36:46Z,-34.81651667,148.66630000,803.00,,,,,,
16863,2017-12-31T06:36:47Z,-34.81665000,148.66628333,800.00,,,,,,
16864,2017-12-31T06:36:48Z,-34.81676667,148.66630000,798.00,,,,,,
16865,2017-12-31T06:36:49Z,-34.81690000,148.66633333,795.00,,,,,,
16866,2017-12-31T06:36:50Z,-34.81700000,148.66636667,795.00,,,,,,
16867,2017-12-31T06:36:51Z,-34.81711667,148.66641667,795.00,,,,,,
16868,2017-12-31T06:36:52Z,-34.81723333,148.66648333,795.00,,,,,,
16869,2017-12-31T06:36:53Z,-34.81733333,148.66655000,794.00,,,,,,
16870,2017-12-31T06:36:54Z,-34.81745000,148.66663333,793.00,,,,,,
16871,2017-12-31T06:36:55Z,-34.81748333,148.66671667,792.00,,,,,,
16872,2017-12-31T06:36:56Z,-34.81758333,148.66678333,790.00,,,,,,
16873,2017-12-31T06:36:57Z,-34.81770000,148.66685000,788.00,,,,,,
16874,2017-12-31T06:36:58Z,-34.81778333,148.66693333,787.00,,,,,,
16875,2017-12-31T06:36:59Z,-34.81790000,148.66700000,787.00,,,,,,
16876,2017-12-31T06:37:00Z,-34.81800000,148.66708333,787.00,,,,,,
16877,2017-12-31T06:37:01Z,-34.81810000,148.66716667,786.00,,,,,,
16878,2017-12-31T06:37:02Z,-34.81821667,148.66725000,783.00,,,,,,
16879,2017-12-31T06:37:03Z,-34.81830000,148.66738333,780.00,,,,,,
16880,2017-12-31T06:37:04Z,-34.81836667,148.66751667,778.00,,,,,,
16881,2017-12-31T06:37:05Z,-34.81845000,148.66766667,777.00,,,,,,
16882,2017-12-31T06:37:06Z,-34.81856667,148.66781667,776.00,,,,,,
16883,2017-12-31T06:37:07Z,-34.81866667,148.66796667,775.00,,,,,,
16884,2017-12-31T06:37:08Z,-34.81876667,148.66808333,772.00,,,,,,
16885,2017-12-31T06:37:09Z,-34.81888333,148.66820000,769.00,,,,,,
16886,2017-12-31T06:37:10Z,-34.81896667,148.66828333,767.00,,,,,,
16887,2017-12-31T06:37:11Z,-34.81908333,148.66838333,766.00,,,,,,
16888,2017-12-31T06:37:12Z,-34.81920000,148.66846667,764.00,,,,,,
16889,2017-12-31T06:37:13Z,-34.81931667,148.66856667,764.00,,,,,,
16890,2017-12-31T06:37:14Z,-34.81943333,148.66866667,764.00,,,,,,
16891,2017-12-31T06:37:15Z,-34.81951667,148.66875000,765.00,,,,,,
16892,2017-12-31T06:37:16Z,-34.81963333,148.66885000,765.00,,,,,,
16893,2017-12-31T06:37:17Z,-34.81971667,148.66898333,765.00,,,,,,
16894,2017-12-31T06:37:18Z,-34.81980000,148.66911667,763.00,,,,,,
16895,2017-12-31T06:37:19Z,-34.81986667,148.66925000,761.00,,,,,,
16896,2017-12-31T06:37:20Z,-34.81993333,148.66941667,759.00,,,,,,
16897,2017-12-31T06:37:21Z,-34.82000000,148.66956667,756.00,,,,,,
16898,2017-12-31T06:37:22Z,-34.82006667,148.66971667,754.00,,,,,,
16899,2017-12-31T06:37:23Z,-34.82013333,148.66988333,752.00,,,,,,
16900,2017-12-31T06:37:24Z,-34.82021667,148.67005000,749.00,,,,,,
16901,2017-12-31T06:37:25Z,-34.82026667,148.67020000,748.00,,,,,,
16902,2017-12-31T06:37:26Z,-34.82035000,148.67036667,747.00,,,,,,
16903,2017-12-31T06:37:27Z,-34.82045000,148.67051667,746.00,,,,,,
16904,2017-12-31T06:37:28Z,-34.82056667,148.67063333,744.00,,,,,,
16905,2017-12-31T06:37:29Z,-34.82070000,148.67068333,740.00,,,,,,
16906,2017-12-31T06:37:30Z,-34.82083333,148.67068333,738.00,,,,,,
16907,2017-12-31T06:37:31Z,-34.82096667,148.67071667,736.00,,,,,,
16908,2017-12-31T06:37:32Z,-34.82100000,148.67073333,735.00,,,,,,
16909,2017-12-31T06:37:33Z,-34.82113333,148.67070000,733.00,,,,,,
16910,2017-12-31T06:37:34Z,-34.82125000,148.67063333,731.00,,,,,,
16911,2017-12-31T06:37:35Z,-34.82126667,148.67056667,731.00,,,,,,
16912,2017-12-31T06:37:36Z,-34.82135000,148.67048333,731.00,,,,,,
16913,2017-12-31T06:37:37Z,-34.82143333,148.67040000,731.00,,,,,,
16914,2017-12-31T06:37:38Z,-34.82150000,148.67033333,729.00,,,,,,
16915,2017-12-31T06:37:39Z,-34.82156667,148.67026667,726.00,,,,,,
16916,2017-12-31T06:37:40Z,-34.82161667,148.67020000,724.00,,,,,,
16917,2017-12-31T06:37:41Z,-34.82165000,148.67011667,723.00,,,,,,
16918,2017-12-31T06:37:42Z,-34.82166667,148.67001667,723.00,,,,,,
16919,2017-12-31T06:37:43Z,-34.82170000,148.66993333,721.00,,,,,,
16920,2017-12-31T06:37:44Z,-34.82171667,148.66983333,719.00,,,,,,
16921,2017-12-31T06:37:45Z,-34.82173333,148.66976667,718.00,,,,,,
16922,2017-12-31T06:37:46Z,-34.82176667,148.66968333,717.00,,,,,,
16923,2017-12-31T06:37:47Z,-34.82180000,148.66960000,718.00,,,,,,
16924,2017-12-31T06:37:48Z,-34.82186667,148.66950000,718.00,,,,,,
16925,2017-12-31T06:37:49Z,-34.82195000,148.66941667,718.00,,,,,,
16926,2017-12-31T06:37:50Z,-34.82205000,148.66936667,717.00,,,,,,
16927,2017-12-31T06:37:51Z,-34.82215000,148.66935000,716.00,,,,,,
16928,2017-12-31T06:37:52Z,-34.82223333,148.66931667,716.00,,,,,,
16929,2017-12-31T06:37:53Z,-34.82231667,148.66930000,718.00,,,,,,
16930,2017-12-31T06:37:54Z,-34.82241667,148.66930000,720.00,,,,,,
16931,2017-12-31T06:37:55Z,-34.82258333,148.66941667,722.00,,,,,,
16932,2017-12-31T06:37:56Z,-34.82271667,148.66946667,723.00,,,,,,
16933,2017-12-31T06:37:57Z,-34.82285000,148.66956667,725.00,,,,,,
16934,2017-12-31T06:37:58Z,-34.82291667,148.66968333,727.00,,,,,,
16935,2017-12-31T06:37:59Z,-34.82301667,148.66985000,729.00,,,,,,
16936,2017-12-31T06:38:00Z,-34.82310000,148.67025000,731.00,,,,,,
16937,2017-12-31T06:38:01Z,-34.82306667,148.67056667,733.00,,,,,,
16938,2017-12-31T06:38:02Z,-34.82303333,148.67086667,733.00,,,,,,
16939,2017-12-31T06:38:03Z,-34.82298333,148.67111667,734.00,,,,,,
16940,2017-12-31T06:38:04Z,-34.82293333,148.67131667,734.00,,,,,,
16941,2017-12-31T06:38:05Z,-34.82286667,148.67151667,733.00,,,,,,
16942,2017-12-31T06:38:06Z,-34.82276667,148.67165000,733.00,,,,,,
16943,2017-12-31T06:38:07Z,-34.82263333,148.67178333,733.00,,,,,,
16944,2017-12-31T06:38:08Z,-34.82246667,148.67185000,733.00,,,,,,
16945,2017-12-31T06:38:09Z,-34.82233333,148.67195000,733.00,,,,,,
16946,2017-12-31T06:38:10Z,-34.82218333,148.67200000,733.00,,,,,,
16947,2017-12-31T06:38:11Z,-34.82203333,148.67205000,732.00,,,,,,
16948,2017-12-31T06:38:12Z,-34.82186667,148.67210000,730.00,,,,,,
16949,2017-12-31T06:38:13Z,-34.82170000,148.67213333,731.00,,,,,,
16950,2017-12-31T06:38:14Z,-34.82158333,148.67216667,731.00,,,,,,
16951,2017-12-31T06:38:15Z,-34.82148333,148.67213333,732.00,,,,,,
16952,2017-12-31T06:38:16Z,-34.82140000,148.67213333,731.00,,,,,,
16953,2017-12-31T06:38:17Z,-34.82135000,148.67206667,729.00,,,,,,
16954,2017-12-31T06:38:18Z,-34.82128333,148.67201667,727.00,,,,,,
16955,2017-12-31T06:38:19Z,-34.82120000,148.67198333,724.00,,,,,,
16956,2017-12-31T06:38:20Z,-34.82111667,148.67195000,724.00,,,,,,
16957,2017-12-31T06:38:21Z,-34.82103333,148.67191667,725.00,,,,,,
16958,2017-12-31T06:38:22Z,-34.82095000,148.67190000,725.00,,,,,,
16959,2017-12-31T06:38:23Z,-34.82085000,148.67185000,725.00,,,,,,
16960,2017-12-31T06:38:24Z,-34.82078333,148.67178333,723.00,,,,,,
16961,2017-12-31T06:38:25Z,-34.82070000,148.67175000,720.00,,,,,,
16962,2017-12-31T06:38:26Z,-34.82061667,148.67170000,718.00,,,,,,
16963,2017-12-31T06:38:27Z,-34.82056667,148.67163333,718.00,,,,,,
16964,2017-12-31T06:38:28Z,-34.82051667,148.67153333,717.00,,,,,,
16965,2017-12-31T06:38:29Z,-34.82043333,148.67150000,715.00,,,,,,
16966,2017-12-31T06:38:30Z,-34.82041667,148.67140000,713.00,,,,,,
16967,2017-12-31T06:38:31Z,-34.82035000,148.67133333,711.00,,,,,,
16968,2017-12-31T06:38:32Z,-34.82030000,148.67125000,710.00,,,,,,
16969,2017-12-31T06:38:33Z,-34.82025000,148.67118333,709.00,,,,,,
16970,2017-12-31T06:38:34Z,-34.82023333,148.67108333,707.00,,,,,,
16971,2017-12-31T06:38:35Z,-34.82023333,148.67096667,706.00,,,,,,
16972,2017-12-31T06:38:36Z,-34.82023333,148.67085000,704.00,,,,,,
16973,2017-12-31T06:38:37Z,-34.82021667,148.67075000,701.00,,,,,,
16974,2017-12-31T06:38:38Z,-34.82020000,148.67063333,699.00,,,,,,
16975,2017-12-31T06:38:39Z,-34.82016667,148.67053333,698.00,,,,,,
16976,2017-12-31T06:38:40Z,-34.82021667,148.67043333,698.00,,,,,,
16977,2017-12-31T06:38:41Z,-34.82018333,148.67033333,697.00,,,,,,
16978,2017-12-31T06:38:42Z,-34.82016667,148.67025000,694.00,,,,,,
16979,2017-12-31T06:38:43Z,-34.82011667,148.67018333,690.00,,,,,,
16980,2017-12-31T06:38:44Z,-34.82008333,148.67010000,686.00,,,,,,
16981,2017-12-31T06:38:45Z,-34.82005000,148.67001667,685.00,,,,,,
16982,2017-12-31T06:38:46Z,-34.82001667,148.66993333,685.00,,,,,,
16983,2017-12-31T06:38:47Z,-34.81998333,148.66985000,684.00,,,,,,
16984,2017-12-31T06:38:48Z,-34.81995000,148.66976667,682.00,,,,,,
16985,2017-12-31T06:38:49Z,-34.81993333,148.66966667,679.00,,,,,,
16986,2017-12-31T06:38:50Z,-34.81993333,148.66956667,677.00,,,,,,
16987,2017-12-31T06:38:51Z,-34.81991667,148.66946667,675.00,,,,,,
16988,2017-12-31T06:38:52Z,-34.81988333,148.66936667,674.00,,,,,,
16989,2017-12-31T06:38:53Z,-34.81985000,148.66926667,674.00,,,,,,
16990,2017-12-31T06:38:54Z,-34.81980000,148.66916667,671.00,,,,,,
16991,2017-12-31T06:38:55Z,-34.81976667,148.66908333,668.00,,,,,,
16992,2017-12-31T06:38:56Z,-34.81973333,148.66900000,664.00,,,,,,
16993,2017-12-31T06:38:57Z,-34.81970000,148.66890000,662.00,,,,,,
16994,2017-12-31T06:38:58Z,-34.81966667,148.66880000,663.00,,,,,,
16995,2017-12-31T06:38:59Z,-34.81965000,148.66870000,664.00,,,,,,
16996,2017-12-31T06:39:00Z,-34.81968333,148.66861667,665.00,,,,,,
16997,2017-12-31T06:39:01Z,-34.81968333,148.66851667,665.00,,,,,,
16998,2017-12-31T06:39:02Z,-34.81968333,148.66841667,665.00,,,,,,
16999,2017-12-31T06:39:03Z,-34.81966667,148.66831667,668.00,,,,,,
17000,2017-12-31T06:39:04Z,-34.81966667,148.66821667,670.00,,,,,,
17001,2017-12-31T06:39:05Z,-34.81966667,148.66813333,671.00,,,,,,
17002,2017-12-31T06:39:06Z,-34.81966667,148.66803333,671.00,,,,,,
17003,2017-12-31T06:39:07Z,-34.81968333,148.66795000,670.00,,,,,,
17004,2017-12-31T06:39:08Z,-34.81971667,148.66788333,669.00,,,,,,
17005,2017-12-31T06:39:09Z,-34.81976667,148.66781667,668.00,,,,,,
17006,2017-12-31T06:39:10Z,-34.81986667,148.66778333,667.00,,,,,,
17007,2017-12-31T06:39:11Z,-34.82001667,148.66785000,666.00,,,,,,
17008,2017-12-31T06:39:12Z,-34.82020000,148.66801667,666.00,,,,,,
17009,2017-12-31T06:39:13Z,-34.82031667,148.66818333,668.00,,,,,,
17010,2017-12-31T06:39:14Z,-34.82043333,148.66836667,671.00,,,,,,
17011,2017-12-31T06:39:15Z,-34.82055000,148.66856667,672.00,,,,,,
17012,2017-12-31T06:39:16Z,-34.82065000,148.66876667,675.00,,,,,,
17013,2017-12-31T06:39:17Z,-34.82073333,148.66896667,676.00,,,,,,
17014,2017-12-31T06:39:18Z,-34.82078333,148.66916667,675.00,,,,,,
17015,2017-12-31T06:39:19Z,-34.82081667,148.66936667,671.00,,,,,,
17016,2017-12-31T06:39:20Z,-34.82085000,148.66960000,667.00,,,,,,
17017,2017-12-31T06:39:21Z,-34.82086667,148.66983333,665.00,,,,,,
17018,2017-12-31T06:39:22Z,-34.82088333,148.67005000,664.00,,,,,,
17019,2017-12-31T06:39:23Z,-34.82091667,148.67028333,665.00,,,,,,
17020,2017-12-31T06:39:24Z,-34.82095000,148.67051667,665.00,,,,,,
17021,2017-12-31T06:39:25Z,-34.82101667,148.67071667,665.00,,,,,,
17022,2017-12-31T06:39:26Z,-34.82106667,148.67093333,664.00,,,,,,
17023,2017-12-31T06:39:27Z,-34.82111667,148.67113333,663.00,,,,,,
17024,2017-12-31T06:39:28Z,-34.82120000,148.67135000,662.00,,,,,,
17025,2017-12-31T06:39:29Z,-34.82128333,148.67153333,660.00,,,,,,
17026,2017-12-31T06:39:30Z,-34.82140000,148.67168333,658.00,,,,,,
17027,2017-12-31T06:39:31Z,-34.82156667,148.67171667,657.00,,,,,,
17028,2017-12-31T06:39:32Z,-34.82171667,148.67170000,657.00,,,,,,
17029,2017-12-31T06:39:33Z,-34.82183333,148.67168333,659.00,,,,,,
17030,2017-12-31T06:39:34Z,-34.82195000,148.67166667,661.00,,,,,,
17031,2017-12-31T06:39:35Z,-34.82203333,148.67161667,663.00,,,,,,
17032,2017-12-31T06:39:36Z,-34.82213333,148.67160000,662.00,,,,,,
17033,2017-12-31T06:39:37Z,-34.82223333,148.67160000,659.00,,,,,,
17034,2017-12-31T06:39:38Z,-34.82233333,148.67160000,656.00,,,,,,
17035,2017-12-31T06:39:39Z,-34.82245000,148.67158333,655.00,,,,,,
17036,2017-12-31T06:39:40Z,-34.82255000,148.67158333,656.00,,,,,,
17037,2017-12-31T06:39:41Z,-34.82268333,148.67161667,657.00,,,,,,
17038,2017-12-31T06:39:42Z,-34.82281667,148.67166667,658.00,,,,,,
17039,2017-12-31T06:39:43Z,-34.82293333,148.67176667,659.00,,,,,,
17040,2017-12-31T06:39:44Z,-34.82306667,148.67186667,660.00,,,,,,
17041,2017-12-31T06:39:45Z,-34.82320000,148.67198333,662.00,,,,,,
17042,2017-12-31T06:39:46Z,-34.82333333,148.67211667,662.00,,,,,,
17043,2017-12-31T06:39:47Z,-34.82346667,148.67225000,662.00,,,,,,
17044,2017-12-31T06:39:48Z,-34.82360000,148.67236667,662.00,,,,,,
17045,2017-12-31T06:39:49Z,-34.82373333,148.67246667,664.00,,,,,,
17046,2017-12-31T06:39:50Z,-34.82383333,148.67250000,665.00,,,,,,
17047,2017-12-31T06:39:51Z,-34.82395000,148.67250000,666.00,,,,,,
17048,2017-12-31T06:39:52Z,-34.82406667,148.67250000,664.00,,,,,,
17049,2017-12-31T06:39:53Z,-34.82415000,148.67248333,662.00,,,,,,
17050,2017-12-31T06:39:54Z,-34.82423333,148.67245000,660.00,,,,,,
17051,2017-12-31T06:39:55Z,-34.82421667,148.67235000,660.00,,,,,,
17052,2017-12-31T06:39:56Z,-34.82421667,148.67230000,661.00,,,,,,
17053,2017-12-31T06:39:57Z,-34.82415000,148.67226667,660.00,,,,,,
17054,2017-12-31T06:39:58Z,-34.82403333,148.67225000,656.00,,,,,,
17055,2017-12-31T06:39:59Z,-34.82388333,148.67221667,653.00,,,,,,
17056,2017-12-31T06:40:00Z,-34.82371667,148.67220000,652.00,,,,,,
17057,2017-12-31T06:40:01Z,-34.82356667,148.67218333,653.00,,,,,,
17058,2017-12-31T06:40:02Z,-34.82343333,148.67218333,653.00,,,,,,
17059,2017-12-31T06:40:03Z,-34.82330000,148.67218333,652.00,,,,,,
17060,2017-12-31T06:40:04Z,-34.82318333,148.67216667,652.00,,,,,,
17061,2017-12-31T06:40:05Z,-34.82306667,148.67213333,652.00,,,,,,
17062,2017-12-31T06:40:06Z,-34.82296667,148.67211667,652.00,,,,,,
17063,2017-12-31T06:40:07Z,-34.82286667,148.67210000,651.00,,,,,,
17064,2017-12-31T06:40:08Z,-34.82276667,148.67208333,648.00,,,,,,
17065,2017-12-31T06:40:09Z,-34.82265000,148.67208333,646.00,,,,,,
17066,2017-12-31T06:40:10Z,-34.82253333,148.67206667,646.00,,,,,,
17067,2017-12-31T06:40:11Z,-34.82243333,148.67206667,647.00,,,,,,
17068,2017-12-31T06:40:12Z,-34.82231667,148.67205000,647.00,,,,,,
17069,2017-12-31T06:40:13Z,-34.82220000,148.67205000,648.00,,,,,,
17070,2017-12-31T06:40:14Z,-34.82211667,148.67203333,646.00,,,,,,
17071,2017-12-31T06:40:15Z,-34.82203333,148.67201667,644.00,,,,,,
17072,2017-12-31T06:40:16Z,-34.82193333,148.67200000,643.00,,,,,,
17073,2017-12-31T06:40:17Z,-34.82183333,148.67200000,643.00,,,,,,
17074,2017-12-31T06:40:18Z,-34.82173333,148.67196667,643.00,,,,,,
17075,2017-12-31T06:40:19Z,-34.82163333,148.67195000,641.00,,,,,,
17076,2017-12-31T06:40:20Z,-34.82155000,148.67191667,640.00,,,,,,
17077,2017-12-31T06:40:21Z,-34.82146667,148.67188333,639.00,,,,,,
17078,2017-12-31T06:40:22Z,-34.82138333,148.67186667,638.00,,,,,,
17079,2017-12-31T06:40:23Z,-34.82130000,148.67183333,637.00,,,,,,
17080,2017-12-31T06:40:24Z,-34.82121667,148.67180000,636.00,,,,,,
17081,2017-12-31T06:40:25Z,-34.82113333,148.67175000,636.00,,,,,,
17082,2017-12-31T06:40:26Z,-34.82106667,148.67170000,634.00,,,,,,
17083,2017-12-31T06:40:27Z,-34.82098333,148.67165000,634.00,,,,,,
17084,2017-12-31T06:40:28Z,-34.82091667,148.67160000,633.00,,,,,,
17085,2017-12-31T06:40:29Z,-34.82086667,148.67155000,630.00,,,,,,
17086,2017-12-31T06:40:30Z,-34.82081667,148.67148333,628.00,,,,,,
17087,2017-12-31T06:40:31Z,-34.82076667,148.67143333,626.00,,,,,,
17088,2017-12-31T06:40:32Z,-34.82070000,148.67138333,623.00,,,,,,
17089,2017-12-31T06:40:33Z,-34.82065000,148.67131667,620.00,,,,,,
17090,2017-12-31T06:40:34Z,-34.82056667,148.67126667,617.00,,,,,,
17091,2017-12-31T06:40:35Z,-34.82050000,148.67120000,616.00,,,,,,
17092,2017-12-31T06:40:36Z,-34.82041667,148.67115000,615.00,,,,,,
17093,2017-12-31T06:40:37Z,-34.82033333,148.67110000,614.00,,,,,,
17094,2017-12-31T06:40:38Z,-34.82026667,148.67103333,613.00,,,,,,
17095,2017-12-31T06:40:39Z,-34.82020000,148.67096667,610.00,,,,,,
17096,2017-12-31T06:40:40Z,-34.82015000,148.67090000,609.00,,,,,,
17097,2017-12-31T06:40:41Z,-34.82008333,148.67083333,609.00,,,,,,
17098,2017-12-31T06:40:42Z,-34.82001667,148.67076667,610.00,,,,,,
17099,2017-12-31T06:40:43Z,-34.81996667,148.67068333,609.00,,,,,,
17100,2017-12-31T06:40:44Z,-34.81990000,148.67061667,607.00,,,,,,
17101,2017-12-31T06:40:45Z,-34.81986667,148.67053333,605.00,,,,,,
17102,2017-12-31T06:40:46Z,-34.81981667,148.67046667,603.00,,,,,,
17103,2017-12-31T06:40:47Z,-34.81976667,148.67040000,601.00,,,,,,
17104,2017-12-31T06:40:48Z,-34.81971667,148.67031667,600.00,,,,,,
17105,2017-12-31T06:40:49Z,-34.81968333,148.67025000,599.00,,,,,,
17106,2017-12-31T06:40:50Z,-34.81968333,148.67015000,597.00,,,,,,
17107,2017-12-31T06:40:51Z,-34.81966667,148.67008333,596.00,,,,,,
17108,2017-12-31T06:40:52Z,-34.81968333,148.67000000,595.00,,,,,,
17109,2017-12-31T06:40:53Z,-34.81970000,148.66993333,595.00,,,,,,
17110,2017-12-31T06:40:54Z,-34.81973333,148.66983333,594.00,,,,,,
17111,2017-12-31T06:40:55Z,-34.81983333,148.66975000,594.00,,,,,,
17112,2017-12-31T06:40:56Z,-34.81990000,148.66970000,593.00,,,,,,
17113,2017-12-31T06:40:57Z,-34.81996667,148.66968333,591.00,,,,,,
17114,2017-12-31T06:40:58Z,-34.82010000,148.66973333,589.00,,,,,,
17115,2017-12-31T06:40:59Z,-34.82021667,148.66976667,588.00,,,,,,
17116,2017-12-31T06:41:00Z,-34.82036667,148.66988333,587.00,,,,,,
17117,2017-12-31T06:41:01Z,-34.82048333,148.66995000,586.00,,,,,,
17118,2017-12-31T06:41:02Z,-34.82061667,148.67001667,583.00,,,,,,
17119,2017-12-31T06:41:03Z,-34.82073333,148.67005000,578.00,,,,,,
17120,2017-12-31T06:41:04Z,-34.82085000,148.67005000,573.00,,,,,,
17121,2017-12-31T06:41:05Z,-34.82093333,148.66998333,573.00,,,,,,
17122,2017-12-31T06:41:06Z,-34.82103333,148.66991667,571.00,,,,,,
17123,2017-12-31T06:41:07Z,-34.82108333,148.66980000,569.00,,,,,,
17124,2017-12-31T06:41:08Z,-34.82110000,148.66970000,567.00,,,,,,
17125,2017-12-31T06:41:09Z,-34.82106667,148.66958333,565.00,,,,,,
17126,2017-12-31T06:41:10Z,-34.82103333,148.66946667,565.00,,,,,,
17127,2017-12-31T06:41:11Z,-34.82101667,148.66938333,565.00,,,,,,
17128,2017-12-31T06:41:12Z,-34.82096667,148.66928333,564.00,,,,,,
17129,2017-12-31T06:41:13Z,-34.82093333,148.66920000,561.00,,,,,,
17130,2017-12-31T06:41:14Z,-34.82090000,148.66911667,557.00,,,,,,
17131,2017-12-31T06:41:15Z,-34.82088333,148.66901667,556.00,,,,,,
17132,2017-12-31T06:41:16Z,-34.82086667,148.66893333,555.00,,,,,,
17133,2017-12-31T06:41:17Z,-34.82085000,148.66883333,555.00,,,,,,
17134,2017-12-31T06:41:18Z,-34.82083333,148.66875000,555.00,,,,,,
17135,2017-12-31T06:41:19Z,-34.82083333,148.66866667,556.00,,,,,,
17136,2017-12-31T06:41:20Z,-34.82083333,148.66860000,556.00,,,,,,
17137,2017-12-31T06:41:21Z,-34.82083333,148.66855000,556.00,,,,,,
17138,2017-12-31T06:41:22Z,-34.82083333,148.66848333,556.00,,,,,,
17139,2017-12-31T06:41:23Z,-34.82083333,148.66845000,556.00,,,,,,
17140,2017-12-31T06:41:24Z,-34.82083333,148.66841667,556.00,,,,,,
17141,2017-12-31T06:41:25Z,-34.82083333,148.66840000,556.00,,,,,,
17142,2017-12-31T06:41:26Z,-34.82081667,148.66836667,556.00,,,,,,
17143,2017-12-31T06:41:27Z,-34.82083333,148.66836667,556.00,,,,,,
17144,2017-12-31T06:41:28Z,-34.82083333,148.66836667,555.00,,,,,,
17145,2017-12-31T06:41:29Z,-34.82083333,148.66836667,555.00,,,,,,
17146,2017-12-31T06:41:30Z,-34.82086667,148.66840000,555.00,,,,,,
17147,2017-12-31T06:41:31Z,-34.82086667,148.66838333,555.00,,,,,,
17148,2017-12-31T06:41:32Z,-34.82085000,148.66836667,555.00,,,,,,
17149,2017-12-31T06:41:33Z,-34.82083333,148.66835000,555.00,,,,,,
17150,2017-12-31T06:41:34Z,-34.82081667,148.66835000,555.00,,,,,,
17151,2017-12-31T06:41:35Z,-34.82081667,148.66835000,555.00,,,,,,
17152,2017-12-31T06:41:36Z,-34.82080000,148.66833333,555.00,,,,,,
17153,2017-12-31T06:41:37Z,-34.82083333,148.66838333,555.00,,,,,,
17154,2017-12-31T06:41:38Z,-34.82081667,148.66836667,555.00,,,,,,
17155,2017-12-31T06:41:39Z,-34.82081667,148.66835000,555.00,,,,,,
17156,2017-12-31T06:41:40Z,-34.82081667,148.66833333,555.00,,,,,,
17157,2017-12-31T06:41:41Z,-34.82080000,148.66831667,555.00,,,,,,
17158,2017-12-31T06:41:42Z,-34.82080000,148.66831667,555.00,,,,,,
17159,2017-12-31T06:41:43Z,-34.82078333,148.66830000,555.00,,,,,,
17160,2017-12-31T06:41:44Z,-34.82078333,148.66830000,555.00,,,,,,
17161,2017-12-31T06:41:45Z,-34.82080000,148.66828333,555.00,,,,,,
17162,2017-12-31T06:41:46Z,-34.82078333,148.66828333,554.00,,,,,,
17163,2017-12-31T06:41:47Z,-34.82078333,148.66826667,554.00,,,,,,
17164,2017-12-31T06:41:48Z,-34.82076667,148.66825000,554.00,,,,,,
17165,2017-12-31T06:41:49Z,-34.82076667,148.66826667,554.00,,,,,,
17166,2017-12-31T06:41:50Z,-34.82083333,148.66833333,554.00,,,,,,
17167,2017-12-31T06:41:51Z,-34.82081667,148.66833333,554.00,,,,,,
17168,2017-12-31T06:41:52Z,-34.82083333,148.66833333,554.00,,,,,,
17169,2017-12-31T06:41:53Z,-34.82083333,148.66835000,554.00,,,,,,
17170,2017-12-31T06:41:54Z,-34.82083333,148.66835000,554.00,,,,,,
17171,2017-12-31T06:41:55Z,-34.82085000,148.66836667,554.00,,,,,,
17172,2017-12-31T06:41:56Z,-34.82083333,148.66836667,553.00,,,,,,
17173,2017-12-31T06:41:57Z,-34.82083333,148.66835000,553.00,,,,,,
17174,2017-12-31T06:41:58Z,-34.82081667,148.66835000,553.00,,,,,,
17175,2017-12-31T06:41:59Z,-34.82081667,148.66835000,553.00,,,,,,
17176,2017-12-31T06:42:00Z,-34.82081667,148.66836667,553.00,,,,,,
17177,2017-12-31T06:42:01Z,-34.82081667,148.66835000,553.00,,,,,,
17178,2017-12-31T06:42:02Z,-34.82080000,148.66835000,553.00,,,,,,
17179,2017-12-31T06:42:03Z,-34.82078333,148.66835000,553.00,,,,,,
17180,2017-12-31T06:42:04Z,-34.82078333,148.66835000,553.00,,,,,,
17181,2017-12-31T06:42:05Z,-34.82076667,148.66835000,553.00,,,,,,
17182,2017-12-31T06:42:06Z,-34.82076667,148.66833333,553.00,,,,,,
17183,2017-12-31T06:42:07Z,-34.82075000,148.66833333,553.00,,,,,,
17184,2017-12-31T06:42:08Z,-34.82075000,148.66833333,553.00,,,,,,
17185,2017-12-31T06:42:09Z,-34.82073333,148.66833333,552.00,,,,,,
17186,2017-12-31T06:42:10Z,-34.82073333,148.66831667,552.00,,,,,,
17187,2017-12-31T06:42:11Z,-34.82071667,148.66831667,552.00,,,,,,
17188,2017-12-31T06:42:12Z,-34.82071667,148.66831667,552.00,,,,,,
17189,2017-12-31T06:42:13Z,-34.82070000,148.66830000,552.00,,,,,,
17190,2017-12-31T06:42:14Z,-34.82070000,148.66830000,552.00,,,,,,
17191,2017-12-31T06:42:15Z,-34.82068333,148.66830000,552.00,,,,,,
17192,2017-12-31T06:42:16Z,-34.82066667,148.66828333,552.00,,,,,,
17193,2017-12-31T06:42:17Z,-34.82065000,148.66828333,552.00,,,,,,
